table_type,subset,cohort,window_type,window_value,definition,phase_mode,assumption_based_historical,n_windows,n_classifiable,positives,false_positive_rate,wilson95_low,wilson95_high,indeterminate_rate,p_prevalence_ge_39_1,p_prevalence_ge_44_2
window_false_positive,all,healthy_ovulatory,calendar,1,A_exact_any,strict_herzog,False,50,0,0.0,,,,1.0,,
window_false_positive,all,healthy_ovulatory,calendar,3,A_exact_any,strict_herzog,False,50,0,0.0,,,,1.0,,
window_false_positive,all,healthy_ovulatory,calendar,4,A_exact_any,strict_herzog,False,50,0,0.0,,,,1.0,,
window_false_positive,all,healthy_ovulatory,calendar,6,A_exact_any,strict_herzog,False,50,0,0.0,,,,1.0,,
window_false_positive,all,healthy_ovulatory,calendar,12,A_exact_any,strict_herzog,False,50,0,0.0,,,,1.0,,
window_false_positive,all,healthy_ovulatory,cycle,3,A_exact_any,strict_herzog,False,50,17,5.0,0.29411764705882354,0.1327998961029523,0.5313311006653985,0.6599999999999999,,
window_false_positive,all,healthy_ovulatory,cycle,6,A_exact_any,strict_herzog,False,50,0,0.0,,,,1.0,,
window_false_positive,all,healthy_ovulatory,cycle,12,A_exact_any,strict_herzog,False,50,0,0.0,,,,1.0,,
window_false_positive,all,healthy_ovulatory,full,full_diary,A_exact_any,strict_herzog,False,50,0,0.0,,,,1.0,,
window_false_positive,all,population,calendar,1,A_exact_any,strict_herzog,False,50,0,0.0,,,,1.0,,
window_false_positive,all,population,calendar,3,A_exact_any,strict_herzog,False,50,0,0.0,,,,1.0,,
window_false_positive,all,population,calendar,4,A_exact_any,strict_herzog,False,50,0,0.0,,,,1.0,,
window_false_positive,all,population,calendar,6,A_exact_any,strict_herzog,False,50,0,0.0,,,,1.0,,
window_false_positive,all,population,calendar,12,A_exact_any,strict_herzog,False,50,0,0.0,,,,1.0,,
window_false_positive,all,population,cycle,3,A_exact_any,strict_herzog,False,50,19,8.0,0.42105263157894735,0.23141891282454238,0.6372409646574496,0.62,,
window_false_positive,all,population,cycle,6,A_exact_any,strict_herzog,False,50,0,0.0,,,,1.0,,
window_false_positive,all,population,cycle,12,A_exact_any,strict_herzog,False,50,0,0.0,,,,1.0,,
window_false_positive,all,population,full,full_diary,A_exact_any,strict_herzog,False,50,0,0.0,,,,1.0,,
window_false_positive,all,healthy_ovulatory,calendar,1,A_windowed_any,strict_herzog,False,50,32,14.0,0.4375,0.2816533111504036,0.6067440886314801,0.36,,
window_false_positive,all,healthy_ovulatory,calendar,3,A_windowed_any,strict_herzog,False,50,40,15.0,0.375,0.2422297916723327,0.5296756086269889,0.19999999999999996,,
window_false_positive,all,healthy_ovulatory,calendar,4,A_windowed_any,strict_herzog,False,50,44,14.0,0.3181818181818182,0.19999307710853426,0.46556896062182235,0.12,,
window_false_positive,all,healthy_ovulatory,calendar,6,A_windowed_any,strict_herzog,False,50,45,15.0,0.3333333333333333,0.21358874934330035,0.47929511690099585,0.09999999999999998,,
window_false_positive,all,healthy_ovulatory,calendar,12,A_windowed_any,strict_herzog,False,50,0,0.0,,,,1.0,,
window_false_positive,all,healthy_ovulatory,cycle,3,A_windowed_any,strict_herzog,False,50,41,13.0,0.3170731707317073,0.19564613898988575,0.4698419964434429,0.18000000000000005,,
window_false_positive,all,healthy_ovulatory,cycle,6,A_windowed_any,strict_herzog,False,50,35,12.0,0.34285714285714286,0.20831694987048957,0.5084805048600374,0.30000000000000004,,
window_false_positive,all,healthy_ovulatory,cycle,12,A_windowed_any,strict_herzog,False,50,0,0.0,,,,1.0,,
window_false_positive,all,healthy_ovulatory,full,full_diary,A_windowed_any,strict_herzog,False,50,45,15.0,0.3333333333333333,0.21358874934330035,0.47929511690099585,0.09999999999999998,,
window_false_positive,all,population,calendar,1,A_windowed_any,strict_herzog,False,50,37,20.0,0.5405405405405406,0.3838404689217949,0.6896143019562697,0.26,,
window_false_positive,all,population,calendar,3,A_windowed_any,strict_herzog,False,50,45,24.0,0.5333333333333333,0.3907745474012537,0.670648679349887,0.09999999999999998,,
window_false_positive,all,population,calendar,4,A_windowed_any,strict_herzog,False,50,46,27.0,0.5869565217391305,0.44339497779846154,0.7171139677518723,0.07999999999999996,,
window_false_positive,all,population,calendar,6,A_windowed_any,strict_herzog,False,50,47,26.0,0.5531914893617021,0.41245459838218734,0.6858903373450472,0.06000000000000005,,
window_false_positive,all,population,calendar,12,A_windowed_any,strict_herzog,False,50,0,0.0,,,,1.0,,
window_false_positive,all,population,cycle,3,A_windowed_any,strict_herzog,False,50,44,28.0,0.6363636363636364,0.4886637687904344,0.762164702911798,0.12,,
window_false_positive,all,population,cycle,6,A_windowed_any,strict_herzog,False,50,18,12.0,0.6666666666666666,0.43749467295945105,0.837212252491663,0.64,,
window_false_positive,all,population,cycle,12,A_windowed_any,strict_herzog,False,50,0,0.0,,,,1.0,,
window_false_positive,all,population,full,full_diary,A_windowed_any,strict_herzog,False,50,47,26.0,0.5531914893617021,0.41245459838218734,0.6858903373450472,0.06000000000000005,,
window_false_positive,all,healthy_ovulatory,calendar,1,A_windowed_excluding_C3,strict_herzog,False,50,32,14.0,0.4375,0.2816533111504036,0.6067440886314801,0.36,,
window_false_positive,all,healthy_ovulatory,calendar,3,A_windowed_excluding_C3,strict_herzog,False,50,40,15.0,0.375,0.2422297916723327,0.5296756086269889,0.19999999999999996,,
window_false_positive,all,healthy_ovulatory,calendar,4,A_windowed_excluding_C3,strict_herzog,False,50,44,14.0,0.3181818181818182,0.19999307710853426,0.46556896062182235,0.12,,
window_false_positive,all,healthy_ovulatory,calendar,6,A_windowed_excluding_C3,strict_herzog,False,50,45,15.0,0.3333333333333333,0.21358874934330035,0.47929511690099585,0.09999999999999998,,
window_false_positive,all,healthy_ovulatory,calendar,12,A_windowed_excluding_C3,strict_herzog,False,50,0,0.0,,,,1.0,,
window_false_positive,all,healthy_ovulatory,cycle,3,A_windowed_excluding_C3,strict_herzog,False,50,41,13.0,0.3170731707317073,0.19564613898988575,0.4698419964434429,0.18000000000000005,,
window_false_positive,all,healthy_ovulatory,cycle,6,A_windowed_excluding_C3,strict_herzog,False,50,35,12.0,0.34285714285714286,0.20831694987048957,0.5084805048600374,0.30000000000000004,,
window_false_positive,all,healthy_ovulatory,cycle,12,A_windowed_excluding_C3,strict_herzog,False,50,0,0.0,,,,1.0,,
window_false_positive,all,healthy_ovulatory,full,full_diary,A_windowed_excluding_C3,strict_herzog,False,50,45,15.0,0.3333333333333333,0.21358874934330035,0.47929511690099585,0.09999999999999998,,
window_false_positive,all,population,calendar,1,A_windowed_excluding_C3,strict_herzog,False,50,37,18.0,0.4864864864864865,0.3344640430301664,0.6410510333438121,0.26,,
window_false_positive,all,population,calendar,3,A_windowed_excluding_C3,strict_herzog,False,50,45,21.0,0.4666666666666667,0.32935132065011297,0.6092254525987463,0.09999999999999998,,
window_false_positive,all,population,calendar,4,A_windowed_excluding_C3,strict_herzog,False,50,46,25.0,0.5434782608695652,0.4018018105980127,0.6784526621771542,0.07999999999999996,,
window_false_positive,all,population,calendar,6,A_windowed_excluding_C3,strict_herzog,False,50,47,23.0,0.48936170212765956,0.3527555503368215,0.6275754625177314,0.06000000000000005,,
window_false_positive,all,population,calendar,12,A_windowed_excluding_C3,strict_herzog,False,50,0,0.0,,,,1.0,,
window_false_positive,all,population,cycle,3,A_windowed_excluding_C3,strict_herzog,False,50,44,25.0,0.5681818181818182,0.4222414699362943,0.703172765914822,0.12,,
window_false_positive,all,population,cycle,6,A_windowed_excluding_C3,strict_herzog,False,50,18,11.0,0.6111111111111112,0.3861904160223791,0.7969475342783638,0.64,,
window_false_positive,all,population,cycle,12,A_windowed_excluding_C3,strict_herzog,False,50,0,0.0,,,,1.0,,
window_false_positive,all,population,full,full_diary,A_windowed_excluding_C3,strict_herzog,False,50,47,23.0,0.48936170212765956,0.3527555503368215,0.6275754625177314,0.06000000000000005,,
window_false_positive,all,healthy_ovulatory,calendar,1,A_windowed_C1_only,strict_herzog,False,50,28,8.0,0.2857142857142857,0.15253996056669092,0.4705928843329571,0.43999999999999995,,
window_false_positive,all,healthy_ovulatory,calendar,3,A_windowed_C1_only,strict_herzog,False,50,39,7.0,0.1794871794871795,0.08977265473219115,0.32668045661881623,0.21999999999999997,,
window_false_positive,all,healthy_ovulatory,calendar,4,A_windowed_C1_only,strict_herzog,False,50,41,9.0,0.21951219512195122,0.12003174778217568,0.3670500598822617,0.18000000000000005,,
window_false_positive,all,healthy_ovulatory,calendar,6,A_windowed_C1_only,strict_herzog,False,50,43,11.0,0.2558139534883721,0.14929517123808245,0.40238403498846675,0.14,,
window_false_positive,all,healthy_ovulatory,calendar,12,A_windowed_C1_only,strict_herzog,False,50,0,0.0,,,,1.0,,
window_false_positive,all,healthy_ovulatory,cycle,3,A_windowed_C1_only,strict_herzog,False,50,39,6.0,0.15384615384615385,0.07247472376982099,0.29729463648926696,0.21999999999999997,,
window_false_positive,all,healthy_ovulatory,cycle,6,A_windowed_C1_only,strict_herzog,False,50,34,7.0,0.20588235294117646,0.10349526899031913,0.36798388051163594,0.31999999999999995,,
window_false_positive,all,healthy_ovulatory,cycle,12,A_windowed_C1_only,strict_herzog,False,50,0,0.0,,,,1.0,,
window_false_positive,all,healthy_ovulatory,full,full_diary,A_windowed_C1_only,strict_herzog,False,50,43,11.0,0.2558139534883721,0.14929517123808245,0.40238403498846675,0.14,,
window_false_positive,all,population,calendar,1,A_windowed_C1_only,strict_herzog,False,50,29,7.0,0.2413793103448276,0.12218422442520091,0.4210760161781133,0.42000000000000004,,
window_false_positive,all,population,calendar,3,A_windowed_C1_only,strict_herzog,False,50,43,15.0,0.3488372093023256,0.22418589997352706,0.49828218007147956,0.14,,
window_false_positive,all,population,calendar,4,A_windowed_C1_only,strict_herzog,False,50,46,19.0,0.41304347826086957,0.2828860322481277,0.5566050222015385,0.07999999999999996,,
window_false_positive,all,population,calendar,6,A_windowed_C1_only,strict_herzog,False,50,47,17.0,0.3617021276595745,0.23966213245714152,0.5046410346520489,0.06000000000000005,,
window_false_positive,all,population,calendar,12,A_windowed_C1_only,strict_herzog,False,50,0,0.0,,,,1.0,,
window_false_positive,all,population,cycle,3,A_windowed_C1_only,strict_herzog,False,50,44,17.0,0.38636363636363635,0.2572120275052556,0.5337642460762172,0.12,,
window_false_positive,all,population,cycle,6,A_windowed_C1_only,strict_herzog,False,50,18,9.0,0.5,0.29031021505169974,0.7096897849483003,0.64,,
window_false_positive,all,population,cycle,12,A_windowed_C1_only,strict_herzog,False,50,0,0.0,,,,1.0,,
window_false_positive,all,population,full,full_diary,A_windowed_C1_only,strict_herzog,False,50,47,17.0,0.3617021276595745,0.23966213245714152,0.5046410346520489,0.06000000000000005,,
window_false_positive,all,healthy_ovulatory,calendar,1,A_windowed_C2_only,strict_herzog,False,50,31,9.0,0.2903225806451613,0.1609580015630062,0.46592329330749926,0.38,,
window_false_positive,all,healthy_ovulatory,calendar,3,A_windowed_C2_only,strict_herzog,False,50,40,10.0,0.25,0.14187118639096302,0.40193961420768026,0.19999999999999996,,
window_false_positive,all,healthy_ovulatory,calendar,4,A_windowed_C2_only,strict_herzog,False,50,43,7.0,0.16279069767441862,0.08116627347062008,0.29972405893747167,0.14,,
window_false_positive,all,healthy_ovulatory,calendar,6,A_windowed_C2_only,strict_herzog,False,50,45,7.0,0.15555555555555556,0.07745423484758268,0.2878390887239627,0.09999999999999998,,
window_false_positive,all,healthy_ovulatory,calendar,12,A_windowed_C2_only,strict_herzog,False,50,0,0.0,,,,1.0,,
window_false_positive,all,healthy_ovulatory,cycle,3,A_windowed_C2_only,strict_herzog,False,50,41,7.0,0.17073170731707318,0.08525251977594998,0.3126261240040417,0.18000000000000005,,
window_false_positive,all,healthy_ovulatory,cycle,6,A_windowed_C2_only,strict_herzog,False,50,35,6.0,0.17142857142857143,0.08102640053701589,0.3268228229904496,0.30000000000000004,,
window_false_positive,all,healthy_ovulatory,cycle,12,A_windowed_C2_only,strict_herzog,False,50,0,0.0,,,,1.0,,
window_false_positive,all,healthy_ovulatory,full,full_diary,A_windowed_C2_only,strict_herzog,False,50,45,7.0,0.15555555555555556,0.07745423484758268,0.2878390887239627,0.09999999999999998,,
window_false_positive,all,population,calendar,1,A_windowed_C2_only,strict_herzog,False,50,35,12.0,0.34285714285714286,0.20831694987048957,0.5084805048600374,0.30000000000000004,,
window_false_positive,all,population,calendar,3,A_windowed_C2_only,strict_herzog,False,50,43,12.0,0.27906976744186046,0.16746613786237488,0.42691028681878873,0.14,,
window_false_positive,all,population,calendar,4,A_windowed_C2_only,strict_herzog,False,50,45,16.0,0.35555555555555557,0.23219082604215877,0.5016418580362313,0.09999999999999998,,
window_false_positive,all,population,calendar,6,A_windowed_C2_only,strict_herzog,False,50,46,12.0,0.2608695652173913,0.156008864456426,0.4025915352801559,0.07999999999999996,,
window_false_positive,all,population,calendar,12,A_windowed_C2_only,strict_herzog,False,50,0,0.0,,,,1.0,,
window_false_positive,all,population,cycle,3,A_windowed_C2_only,strict_herzog,False,50,44,18.0,0.4090909090909091,0.2768785562754973,0.555902462589681,0.12,,
window_false_positive,all,population,cycle,6,A_windowed_C2_only,strict_herzog,False,50,17,4.0,0.23529411764705882,0.09555044322080117,0.4726179811956498,0.6599999999999999,,
window_false_positive,all,population,cycle,12,A_windowed_C2_only,strict_herzog,False,50,0,0.0,,,,1.0,,
window_false_positive,all,population,full,full_diary,A_windowed_C2_only,strict_herzog,False,50,46,12.0,0.2608695652173913,0.156008864456426,0.4025915352801559,0.07999999999999996,,
window_false_positive,all,healthy_ovulatory,calendar,1,A_windowed_C3_only,strict_herzog,False,50,0,0.0,,,,1.0,,
window_false_positive,all,healthy_ovulatory,calendar,3,A_windowed_C3_only,strict_herzog,False,50,0,0.0,,,,1.0,,
window_false_positive,all,healthy_ovulatory,calendar,4,A_windowed_C3_only,strict_herzog,False,50,0,0.0,,,,1.0,,
window_false_positive,all,healthy_ovulatory,calendar,6,A_windowed_C3_only,strict_herzog,False,50,0,0.0,,,,1.0,,
window_false_positive,all,healthy_ovulatory,calendar,12,A_windowed_C3_only,strict_herzog,False,50,0,0.0,,,,1.0,,
window_false_positive,all,healthy_ovulatory,cycle,3,A_windowed_C3_only,strict_herzog,False,50,0,0.0,,,,1.0,,
window_false_positive,all,healthy_ovulatory,cycle,6,A_windowed_C3_only,strict_herzog,False,50,0,0.0,,,,1.0,,
window_false_positive,all,healthy_ovulatory,cycle,12,A_windowed_C3_only,strict_herzog,False,50,0,0.0,,,,1.0,,
window_false_positive,all,healthy_ovulatory,full,full_diary,A_windowed_C3_only,strict_herzog,False,50,0,0.0,,,,1.0,,
window_false_positive,all,population,calendar,1,A_windowed_C3_only,strict_herzog,False,50,9,7.0,0.7777777777777778,0.45258896910698887,0.9367748928821533,0.8200000000000001,,
window_false_positive,all,population,calendar,3,A_windowed_C3_only,strict_herzog,False,50,17,7.0,0.4117647058823529,0.2161105679021481,0.6399455735700021,0.6599999999999999,,
window_false_positive,all,population,calendar,4,A_windowed_C3_only,strict_herzog,False,50,18,5.0,0.2777777777777778,0.12499753379553993,0.5087265656029746,0.64,,
window_false_positive,all,population,calendar,6,A_windowed_C3_only,strict_herzog,False,50,22,7.0,0.3181818181818182,0.1636059318135624,0.5268140225895723,0.56,,
window_false_positive,all,population,calendar,12,A_windowed_C3_only,strict_herzog,False,50,0,0.0,,,,1.0,,
window_false_positive,all,population,cycle,3,A_windowed_C3_only,strict_herzog,False,50,12,4.0,0.3333333333333333,0.13812009109121315,0.6093779111272004,0.76,,
window_false_positive,all,population,cycle,6,A_windowed_C3_only,strict_herzog,False,50,5,1.0,0.2,0.03622410863243014,0.6244653702374747,0.9,,
window_false_positive,all,population,cycle,12,A_windowed_C3_only,strict_herzog,False,50,0,0.0,,,,1.0,,
window_false_positive,all,population,full,full_diary,A_windowed_C3_only,strict_herzog,False,50,22,7.0,0.3181818181818182,0.1636059318135624,0.5268140225895723,0.56,,
window_false_positive,all,healthy_ovulatory,calendar,1,B_minimum_data_any,strict_herzog,False,50,0,0.0,,,,1.0,,
window_false_positive,all,healthy_ovulatory,calendar,3,B_minimum_data_any,strict_herzog,False,50,0,0.0,,,,1.0,,
window_false_positive,all,healthy_ovulatory,calendar,4,B_minimum_data_any,strict_herzog,False,50,33,9.0,0.2727272727272727,0.1506744088542064,0.44217559002872625,0.33999999999999997,,
window_false_positive,all,healthy_ovulatory,calendar,6,B_minimum_data_any,strict_herzog,False,50,36,10.0,0.2777777777777778,0.1584833794013461,0.43992489997397105,0.28,,
window_false_positive,all,healthy_ovulatory,calendar,12,B_minimum_data_any,strict_herzog,False,50,0,0.0,,,,1.0,,
window_false_positive,all,healthy_ovulatory,cycle,3,B_minimum_data_any,strict_herzog,False,50,0,0.0,,,,1.0,,
window_false_positive,all,healthy_ovulatory,cycle,6,B_minimum_data_any,strict_herzog,False,50,29,9.0,0.3103448275862069,0.17275616744483216,0.4923013423309317,0.42000000000000004,,
window_false_positive,all,healthy_ovulatory,cycle,12,B_minimum_data_any,strict_herzog,False,50,0,0.0,,,,1.0,,
window_false_positive,all,healthy_ovulatory,full,full_diary,B_minimum_data_any,strict_herzog,False,50,36,10.0,0.2777777777777778,0.1584833794013461,0.43992489997397105,0.28,,
window_false_positive,all,population,calendar,1,B_minimum_data_any,strict_herzog,False,50,0,0.0,,,,1.0,,
window_false_positive,all,population,calendar,3,B_minimum_data_any,strict_herzog,False,50,0,0.0,,,,1.0,,
window_false_positive,all,population,calendar,4,B_minimum_data_any,strict_herzog,False,50,40,23.0,0.575,0.42195068541991065,0.7149060744004962,0.19999999999999996,,
window_false_positive,all,population,calendar,6,B_minimum_data_any,strict_herzog,False,50,44,24.0,0.5454545454545454,0.40066183198961974,0.6829476585777909,0.12,,
window_false_positive,all,population,calendar,12,B_minimum_data_any,strict_herzog,False,50,0,0.0,,,,1.0,,
window_false_positive,all,population,cycle,3,B_minimum_data_any,strict_herzog,False,50,2,2.0,1.0,0.34238022750665303,1.0,0.96,,
window_false_positive,all,population,cycle,6,B_minimum_data_any,strict_herzog,False,50,16,10.0,0.625,0.38641040545502714,0.8151876744113636,0.6799999999999999,,
window_false_positive,all,population,cycle,12,B_minimum_data_any,strict_herzog,False,50,0,0.0,,,,1.0,,
window_false_positive,all,population,full,full_diary,B_minimum_data_any,strict_herzog,False,50,44,24.0,0.5454545454545454,0.40066183198961974,0.6829476585777909,0.12,,
window_false_positive,all,healthy_ovulatory,calendar,1,B_minimum_data_excluding_C3,strict_herzog,False,50,0,0.0,,,,1.0,,
window_false_positive,all,healthy_ovulatory,calendar,3,B_minimum_data_excluding_C3,strict_herzog,False,50,0,0.0,,,,1.0,,
window_false_positive,all,healthy_ovulatory,calendar,4,B_minimum_data_excluding_C3,strict_herzog,False,50,33,9.0,0.2727272727272727,0.1506744088542064,0.44217559002872625,0.33999999999999997,,
window_false_positive,all,healthy_ovulatory,calendar,6,B_minimum_data_excluding_C3,strict_herzog,False,50,36,10.0,0.2777777777777778,0.1584833794013461,0.43992489997397105,0.28,,
window_false_positive,all,healthy_ovulatory,calendar,12,B_minimum_data_excluding_C3,strict_herzog,False,50,0,0.0,,,,1.0,,
window_false_positive,all,healthy_ovulatory,cycle,3,B_minimum_data_excluding_C3,strict_herzog,False,50,0,0.0,,,,1.0,,
window_false_positive,all,healthy_ovulatory,cycle,6,B_minimum_data_excluding_C3,strict_herzog,False,50,29,9.0,0.3103448275862069,0.17275616744483216,0.4923013423309317,0.42000000000000004,,
window_false_positive,all,healthy_ovulatory,cycle,12,B_minimum_data_excluding_C3,strict_herzog,False,50,0,0.0,,,,1.0,,
window_false_positive,all,healthy_ovulatory,full,full_diary,B_minimum_data_excluding_C3,strict_herzog,False,50,36,10.0,0.2777777777777778,0.1584833794013461,0.43992489997397105,0.28,,
window_false_positive,all,population,calendar,1,B_minimum_data_excluding_C3,strict_herzog,False,50,0,0.0,,,,1.0,,
window_false_positive,all,population,calendar,3,B_minimum_data_excluding_C3,strict_herzog,False,50,0,0.0,,,,1.0,,
window_false_positive,all,population,calendar,4,B_minimum_data_excluding_C3,strict_herzog,False,50,40,22.0,0.55,0.39829091798932054,0.6929469218909508,0.19999999999999996,,
window_false_positive,all,population,calendar,6,B_minimum_data_excluding_C3,strict_herzog,False,50,44,21.0,0.4772727272727273,0.337549910322511,0.6206453443937836,0.12,,
window_false_positive,all,population,calendar,12,B_minimum_data_excluding_C3,strict_herzog,False,50,0,0.0,,,,1.0,,
window_false_positive,all,population,cycle,3,B_minimum_data_excluding_C3,strict_herzog,False,50,2,2.0,1.0,0.34238022750665303,1.0,0.96,,
window_false_positive,all,population,cycle,6,B_minimum_data_excluding_C3,strict_herzog,False,50,16,9.0,0.5625,0.331785563988119,0.7690134759450765,0.6799999999999999,,
window_false_positive,all,population,cycle,12,B_minimum_data_excluding_C3,strict_herzog,False,50,0,0.0,,,,1.0,,
window_false_positive,all,population,full,full_diary,B_minimum_data_excluding_C3,strict_herzog,False,50,44,21.0,0.4772727272727273,0.337549910322511,0.6206453443937836,0.12,,
window_false_positive,all,healthy_ovulatory,calendar,1,C_reproducibility_any,strict_herzog,False,50,0,0.0,,,,1.0,,
window_false_positive,all,healthy_ovulatory,calendar,3,C_reproducibility_any,strict_herzog,False,50,0,0.0,,,,1.0,,
window_false_positive,all,healthy_ovulatory,calendar,4,C_reproducibility_any,strict_herzog,False,50,0,0.0,,,,1.0,,
window_false_positive,all,healthy_ovulatory,calendar,6,C_reproducibility_any,strict_herzog,False,50,14,2.0,0.14285714285714285,0.040093921271464966,0.39941379496970353,0.72,,
window_false_positive,all,healthy_ovulatory,calendar,12,C_reproducibility_any,strict_herzog,False,50,0,0.0,,,,1.0,,
window_false_positive,all,healthy_ovulatory,cycle,3,C_reproducibility_any,strict_herzog,False,50,0,0.0,,,,1.0,,
window_false_positive,all,healthy_ovulatory,cycle,6,C_reproducibility_any,strict_herzog,False,50,14,2.0,0.14285714285714285,0.040093921271464966,0.39941379496970353,0.72,,
window_false_positive,all,healthy_ovulatory,cycle,12,C_reproducibility_any,strict_herzog,False,50,0,0.0,,,,1.0,,
window_false_positive,all,healthy_ovulatory,full,full_diary,C_reproducibility_any,strict_herzog,False,50,14,2.0,0.14285714285714285,0.040093921271464966,0.39941379496970353,0.72,,
window_false_positive,all,population,calendar,1,C_reproducibility_any,strict_herzog,False,50,0,0.0,,,,1.0,,
window_false_positive,all,population,calendar,3,C_reproducibility_any,strict_herzog,False,50,0,0.0,,,,1.0,,
window_false_positive,all,population,calendar,4,C_reproducibility_any,strict_herzog,False,50,0,0.0,,,,1.0,,
window_false_positive,all,population,calendar,6,C_reproducibility_any,strict_herzog,False,50,9,1.0,0.1111111111111111,0.019890887638544907,0.434999705576656,0.8200000000000001,,
window_false_positive,all,population,calendar,12,C_reproducibility_any,strict_herzog,False,50,0,0.0,,,,1.0,,
window_false_positive,all,population,cycle,3,C_reproducibility_any,strict_herzog,False,50,0,0.0,,,,1.0,,
window_false_positive,all,population,cycle,6,C_reproducibility_any,strict_herzog,False,50,9,1.0,0.1111111111111111,0.019890887638544907,0.434999705576656,0.8200000000000001,,
window_false_positive,all,population,cycle,12,C_reproducibility_any,strict_herzog,False,50,0,0.0,,,,1.0,,
window_false_positive,all,population,full,full_diary,C_reproducibility_any,strict_herzog,False,50,9,1.0,0.1111111111111111,0.019890887638544907,0.434999705576656,0.8200000000000001,,
window_false_positive,all,healthy_ovulatory,calendar,1,C_reproducibility_12cycle_any,strict_herzog,False,50,0,0.0,,,,1.0,,
window_false_positive,all,healthy_ovulatory,calendar,3,C_reproducibility_12cycle_any,strict_herzog,False,50,0,0.0,,,,1.0,,
window_false_positive,all,healthy_ovulatory,calendar,4,C_reproducibility_12cycle_any,strict_herzog,False,50,0,0.0,,,,1.0,,
window_false_positive,all,healthy_ovulatory,calendar,6,C_reproducibility_12cycle_any,strict_herzog,False,50,0,0.0,,,,1.0,,
window_false_positive,all,healthy_ovulatory,calendar,12,C_reproducibility_12cycle_any,strict_herzog,False,50,0,0.0,,,,1.0,,
window_false_positive,all,healthy_ovulatory,cycle,3,C_reproducibility_12cycle_any,strict_herzog,False,50,0,0.0,,,,1.0,,
window_false_positive,all,healthy_ovulatory,cycle,6,C_reproducibility_12cycle_any,strict_herzog,False,50,0,0.0,,,,1.0,,
window_false_positive,all,healthy_ovulatory,cycle,12,C_reproducibility_12cycle_any,strict_herzog,False,50,0,0.0,,,,1.0,,
window_false_positive,all,healthy_ovulatory,full,full_diary,C_reproducibility_12cycle_any,strict_herzog,False,50,0,0.0,,,,1.0,,
window_false_positive,all,population,calendar,1,C_reproducibility_12cycle_any,strict_herzog,False,50,0,0.0,,,,1.0,,
window_false_positive,all,population,calendar,3,C_reproducibility_12cycle_any,strict_herzog,False,50,0,0.0,,,,1.0,,
window_false_positive,all,population,calendar,4,C_reproducibility_12cycle_any,strict_herzog,False,50,0,0.0,,,,1.0,,
window_false_positive,all,population,calendar,6,C_reproducibility_12cycle_any,strict_herzog,False,50,0,0.0,,,,1.0,,
window_false_positive,all,population,calendar,12,C_reproducibility_12cycle_any,strict_herzog,False,50,0,0.0,,,,1.0,,
window_false_positive,all,population,cycle,3,C_reproducibility_12cycle_any,strict_herzog,False,50,0,0.0,,,,1.0,,
window_false_positive,all,population,cycle,6,C_reproducibility_12cycle_any,strict_herzog,False,50,0,0.0,,,,1.0,,
window_false_positive,all,population,cycle,12,C_reproducibility_12cycle_any,strict_herzog,False,50,0,0.0,,,,1.0,,
window_false_positive,all,population,full,full_diary,C_reproducibility_12cycle_any,strict_herzog,False,50,0,0.0,,,,1.0,,
window_false_positive,all,healthy_ovulatory,calendar,1,D_nb_regression_any,strict_herzog,False,50,0,0.0,,,,1.0,,
window_false_positive,all,healthy_ovulatory,calendar,3,D_nb_regression_any,strict_herzog,False,50,0,0.0,,,,1.0,,
window_false_positive,all,healthy_ovulatory,calendar,4,D_nb_regression_any,strict_herzog,False,50,33,1.0,0.030303030303030304,0.00536941053687183,0.1531872538211892,0.33999999999999997,,
window_false_positive,all,healthy_ovulatory,calendar,6,D_nb_regression_any,strict_herzog,False,50,36,1.0,0.027777777777777776,0.0049204071398104565,0.14169718653273855,0.28,,
window_false_positive,all,healthy_ovulatory,calendar,12,D_nb_regression_any,strict_herzog,False,50,0,0.0,,,,1.0,,
window_false_positive,all,healthy_ovulatory,cycle,3,D_nb_regression_any,strict_herzog,False,50,0,0.0,,,,1.0,,
window_false_positive,all,healthy_ovulatory,cycle,6,D_nb_regression_any,strict_herzog,False,50,29,1.0,0.034482758620689655,0.006113214292762667,0.17175521879320288,0.42000000000000004,,
window_false_positive,all,healthy_ovulatory,cycle,12,D_nb_regression_any,strict_herzog,False,50,0,0.0,,,,1.0,,
window_false_positive,all,healthy_ovulatory,full,full_diary,D_nb_regression_any,strict_herzog,False,50,36,1.0,0.027777777777777776,0.0049204071398104565,0.14169718653273855,0.28,,
window_false_positive,all,population,calendar,1,D_nb_regression_any,strict_herzog,False,50,0,0.0,,,,1.0,,
window_false_positive,all,population,calendar,3,D_nb_regression_any,strict_herzog,False,50,0,0.0,,,,1.0,,
window_false_positive,all,population,calendar,4,D_nb_regression_any,strict_herzog,False,50,40,0.0,0.0,0.0,0.08762160119728664,0.19999999999999996,,
window_false_positive,all,population,calendar,6,D_nb_regression_any,strict_herzog,False,50,44,3.0,0.06818181818181818,0.023459395907381622,0.18225044370221527,0.12,,
window_false_positive,all,population,calendar,12,D_nb_regression_any,strict_herzog,False,50,0,0.0,,,,1.0,,
window_false_positive,all,population,cycle,3,D_nb_regression_any,strict_herzog,False,50,2,0.0,0.0,0.0,0.6576197724933469,0.96,,
window_false_positive,all,population,cycle,6,D_nb_regression_any,strict_herzog,False,50,16,0.0,0.0,0.0,0.1936076805344365,0.6799999999999999,,
window_false_positive,all,population,cycle,12,D_nb_regression_any,strict_herzog,False,50,0,0.0,,,,1.0,,
window_false_positive,all,population,full,full_diary,D_nb_regression_any,strict_herzog,False,50,44,3.0,0.06818181818181818,0.023459395907381622,0.18225044370221527,0.12,,
window_false_positive,all,healthy_ovulatory,calendar,1,D_nb_regression_window_alpha_any,strict_herzog,False,50,0,0.0,,,,1.0,,
window_false_positive,all,healthy_ovulatory,calendar,3,D_nb_regression_window_alpha_any,strict_herzog,False,50,0,0.0,,,,1.0,,
window_false_positive,all,healthy_ovulatory,calendar,4,D_nb_regression_window_alpha_any,strict_herzog,False,50,0,0.0,,,,1.0,,
window_false_positive,all,healthy_ovulatory,calendar,6,D_nb_regression_window_alpha_any,strict_herzog,False,50,0,0.0,,,,1.0,,
window_false_positive,all,healthy_ovulatory,calendar,12,D_nb_regression_window_alpha_any,strict_herzog,False,50,0,0.0,,,,1.0,,
window_false_positive,all,healthy_ovulatory,cycle,3,D_nb_regression_window_alpha_any,strict_herzog,False,50,0,0.0,,,,1.0,,
window_false_positive,all,healthy_ovulatory,cycle,6,D_nb_regression_window_alpha_any,strict_herzog,False,50,0,0.0,,,,1.0,,
window_false_positive,all,healthy_ovulatory,cycle,12,D_nb_regression_window_alpha_any,strict_herzog,False,50,0,0.0,,,,1.0,,
window_false_positive,all,healthy_ovulatory,full,full_diary,D_nb_regression_window_alpha_any,strict_herzog,False,50,36,1.0,0.027777777777777776,0.0049204071398104565,0.14169718653273855,0.28,,
window_false_positive,all,population,calendar,1,D_nb_regression_window_alpha_any,strict_herzog,False,50,0,0.0,,,,1.0,,
window_false_positive,all,population,calendar,3,D_nb_regression_window_alpha_any,strict_herzog,False,50,0,0.0,,,,1.0,,
window_false_positive,all,population,calendar,4,D_nb_regression_window_alpha_any,strict_herzog,False,50,0,0.0,,,,1.0,,
window_false_positive,all,population,calendar,6,D_nb_regression_window_alpha_any,strict_herzog,False,50,0,0.0,,,,1.0,,
window_false_positive,all,population,calendar,12,D_nb_regression_window_alpha_any,strict_herzog,False,50,0,0.0,,,,1.0,,
window_false_positive,all,population,cycle,3,D_nb_regression_window_alpha_any,strict_herzog,False,50,0,0.0,,,,1.0,,
window_false_positive,all,population,cycle,6,D_nb_regression_window_alpha_any,strict_herzog,False,50,0,0.0,,,,1.0,,
window_false_positive,all,population,cycle,12,D_nb_regression_window_alpha_any,strict_herzog,False,50,0,0.0,,,,1.0,,
window_false_positive,all,population,full,full_diary,D_nb_regression_window_alpha_any,strict_herzog,False,50,44,3.0,0.06818181818181818,0.023459395907381622,0.18225044370221527,0.12,,
window_false_positive,all,healthy_ovulatory,calendar,1,H1_newmark_penry_any,strict_herzog,True,50,32,3.0,0.09375,0.032401551298366194,0.24218154728387864,0.36,,
window_false_positive,all,healthy_ovulatory,calendar,3,H1_newmark_penry_any,strict_herzog,True,50,40,3.0,0.075,0.025836025774588198,0.19864233524310543,0.19999999999999996,,
window_false_positive,all,healthy_ovulatory,calendar,4,H1_newmark_penry_any,strict_herzog,True,50,44,2.0,0.045454545454545456,0.012555109949594967,0.15134998437629657,0.12,,
window_false_positive,all,healthy_ovulatory,calendar,6,H1_newmark_penry_any,strict_herzog,True,50,45,0.0,0.0,0.0,0.07865159873288836,0.09999999999999998,,
window_false_positive,all,healthy_ovulatory,calendar,12,H1_newmark_penry_any,strict_herzog,True,50,0,0.0,,,,1.0,,
window_false_positive,all,healthy_ovulatory,cycle,3,H1_newmark_penry_any,strict_herzog,True,50,41,3.0,0.07317073170731707,0.02519783063390993,0.19427448537719041,0.18000000000000005,,
window_false_positive,all,healthy_ovulatory,cycle,6,H1_newmark_penry_any,strict_herzog,True,50,35,0.0,0.0,6.938893903907228e-18,0.09890099232440402,0.30000000000000004,,
window_false_positive,all,healthy_ovulatory,cycle,12,H1_newmark_penry_any,strict_herzog,True,50,0,0.0,,,,1.0,,
window_false_positive,all,healthy_ovulatory,full,full_diary,H1_newmark_penry_any,strict_herzog,True,50,45,0.0,0.0,0.0,0.07865159873288836,0.09999999999999998,,
window_false_positive,all,population,calendar,1,H1_newmark_penry_any,strict_herzog,True,50,37,6.0,0.16216216216216217,0.07651207234011151,0.3113648370093497,0.26,,
window_false_positive,all,population,calendar,3,H1_newmark_penry_any,strict_herzog,True,50,45,5.0,0.1111111111111111,0.04840471794567186,0.2349909699576858,0.09999999999999998,,
window_false_positive,all,population,calendar,4,H1_newmark_penry_any,strict_herzog,True,50,46,5.0,0.10869565217391304,0.04733145858098943,0.2303782864425083,0.07999999999999996,,
window_false_positive,all,population,calendar,6,H1_newmark_penry_any,strict_herzog,True,50,47,5.0,0.10638297872340426,0.04630478218108157,0.22594269343738355,0.06000000000000005,,
window_false_positive,all,population,calendar,12,H1_newmark_penry_any,strict_herzog,True,50,0,0.0,,,,1.0,,
window_false_positive,all,population,cycle,3,H1_newmark_penry_any,strict_herzog,True,50,44,6.0,0.13636363636363635,0.06402954497555872,0.2670945304851544,0.12,,
window_false_positive,all,population,cycle,6,H1_newmark_penry_any,strict_herzog,True,50,18,4.0,0.2222222222222222,0.09000928108601694,0.45214584316212625,0.64,,
window_false_positive,all,population,cycle,12,H1_newmark_penry_any,strict_herzog,True,50,0,0.0,,,,1.0,,
window_false_positive,all,population,full,full_diary,H1_newmark_penry_any,strict_herzog,True,50,47,5.0,0.10638297872340426,0.04630478218108157,0.22594269343738355,0.06000000000000005,,
window_false_positive,all,healthy_ovulatory,calendar,1,H1_newmark_penry_66_7_any,strict_herzog,True,50,32,2.0,0.0625,0.017310567031640967,0.2014712314415458,0.36,,
window_false_positive,all,healthy_ovulatory,calendar,3,H1_newmark_penry_66_7_any,strict_herzog,True,50,40,0.0,0.0,0.0,0.08762160119728664,0.19999999999999996,,
window_false_positive,all,healthy_ovulatory,calendar,4,H1_newmark_penry_66_7_any,strict_herzog,True,50,44,1.0,0.022727272727272728,0.004023252060053224,0.11807709698213287,0.12,,
window_false_positive,all,healthy_ovulatory,calendar,6,H1_newmark_penry_66_7_any,strict_herzog,True,50,45,0.0,0.0,0.0,0.07865159873288836,0.09999999999999998,,
window_false_positive,all,healthy_ovulatory,calendar,12,H1_newmark_penry_66_7_any,strict_herzog,True,50,0,0.0,,,,1.0,,
window_false_positive,all,healthy_ovulatory,cycle,3,H1_newmark_penry_66_7_any,strict_herzog,True,50,41,0.0,0.0,0.0,0.08566757018443186,0.18000000000000005,,
window_false_positive,all,healthy_ovulatory,cycle,6,H1_newmark_penry_66_7_any,strict_herzog,True,50,35,0.0,0.0,6.938893903907228e-18,0.09890099232440402,0.30000000000000004,,
window_false_positive,all,healthy_ovulatory,cycle,12,H1_newmark_penry_66_7_any,strict_herzog,True,50,0,0.0,,,,1.0,,
window_false_positive,all,healthy_ovulatory,full,full_diary,H1_newmark_penry_66_7_any,strict_herzog,True,50,45,0.0,0.0,0.0,0.07865159873288836,0.09999999999999998,,
window_false_positive,all,population,calendar,1,H1_newmark_penry_66_7_any,strict_herzog,True,50,37,2.0,0.05405405405405406,0.014950976833157673,0.17704654350813104,0.26,,
window_false_positive,all,population,calendar,3,H1_newmark_penry_66_7_any,strict_herzog,True,50,45,4.0,0.08888888888888889,0.03511111672637024,0.20733575334289356,0.09999999999999998,,
window_false_positive,all,population,calendar,4,H1_newmark_penry_66_7_any,strict_herzog,True,50,46,1.0,0.021739130434782608,0.0038478542580502872,0.11335294521511355,0.07999999999999996,,
window_false_positive,all,population,calendar,6,H1_newmark_penry_66_7_any,strict_herzog,True,50,47,2.0,0.0425531914893617,0.011748275966789345,0.1424852767789945,0.06000000000000005,,
window_false_positive,all,population,calendar,12,H1_newmark_penry_66_7_any,strict_herzog,True,50,0,0.0,,,,1.0,,
window_false_positive,all,population,cycle,3,H1_newmark_penry_66_7_any,strict_herzog,True,50,44,1.0,0.022727272727272728,0.004023252060053224,0.11807709698213287,0.12,,
window_false_positive,all,population,cycle,6,H1_newmark_penry_66_7_any,strict_herzog,True,50,18,3.0,0.16666666666666666,0.05836576805861446,0.39222038103915724,0.64,,
window_false_positive,all,population,cycle,12,H1_newmark_penry_66_7_any,strict_herzog,True,50,0,0.0,,,,1.0,,
window_false_positive,all,population,full,full_diary,H1_newmark_penry_66_7_any,strict_herzog,True,50,47,2.0,0.0425531914893617,0.011748275966789345,0.1424852767789945,0.06000000000000005,,
window_false_positive,all,healthy_ovulatory,calendar,1,H2_duncan1993_any,strict_herzog,True,50,32,6.0,0.1875,0.08889544689565954,0.3530915520137596,0.36,,
window_false_positive,all,healthy_ovulatory,calendar,3,H2_duncan1993_any,strict_herzog,True,50,40,1.0,0.025,0.0044268315026814095,0.1288136896347409,0.19999999999999996,,
window_false_positive,all,healthy_ovulatory,calendar,4,H2_duncan1993_any,strict_herzog,True,50,44,2.0,0.045454545454545456,0.012555109949594967,0.15134998437629657,0.12,,
window_false_positive,all,healthy_ovulatory,calendar,6,H2_duncan1993_any,strict_herzog,True,50,45,1.0,0.022222222222222223,0.003933598882833428,0.1156668176841488,0.09999999999999998,,
window_false_positive,all,healthy_ovulatory,calendar,12,H2_duncan1993_any,strict_herzog,True,50,0,0.0,,,,1.0,,
window_false_positive,all,healthy_ovulatory,cycle,3,H2_duncan1993_any,strict_herzog,True,50,41,3.0,0.07317073170731707,0.02519783063390993,0.19427448537719041,0.18000000000000005,,
window_false_positive,all,healthy_ovulatory,cycle,6,H2_duncan1993_any,strict_herzog,True,50,35,1.0,0.02857142857142857,0.005061491855444203,0.14533087233613673,0.30000000000000004,,
window_false_positive,all,healthy_ovulatory,cycle,12,H2_duncan1993_any,strict_herzog,True,50,0,0.0,,,,1.0,,
window_false_positive,all,healthy_ovulatory,full,full_diary,H2_duncan1993_any,strict_herzog,True,50,45,1.0,0.022222222222222223,0.003933598882833428,0.1156668176841488,0.09999999999999998,,
window_false_positive,all,population,calendar,1,H2_duncan1993_any,strict_herzog,True,50,37,2.0,0.05405405405405406,0.014950976833157673,0.17704654350813104,0.26,,
window_false_positive,all,population,calendar,3,H2_duncan1993_any,strict_herzog,True,50,45,5.0,0.1111111111111111,0.04840471794567186,0.2349909699576858,0.09999999999999998,,
window_false_positive,all,population,calendar,4,H2_duncan1993_any,strict_herzog,True,50,46,3.0,0.06521739130434782,0.022427861429288584,0.17502741081904216,0.07999999999999996,,
window_false_positive,all,population,calendar,6,H2_duncan1993_any,strict_herzog,True,50,47,3.0,0.06382978723404255,0.021945385205433238,0.17162614183124436,0.06000000000000005,,
window_false_positive,all,population,calendar,12,H2_duncan1993_any,strict_herzog,True,50,0,0.0,,,,1.0,,
window_false_positive,all,population,cycle,3,H2_duncan1993_any,strict_herzog,True,50,44,1.0,0.022727272727272728,0.004023252060053224,0.11807709698213287,0.12,,
window_false_positive,all,population,cycle,6,H2_duncan1993_any,strict_herzog,True,50,18,4.0,0.2222222222222222,0.09000928108601694,0.45214584316212625,0.64,,
window_false_positive,all,population,cycle,12,H2_duncan1993_any,strict_herzog,True,50,0,0.0,,,,1.0,,
window_false_positive,all,population,full,full_diary,H2_duncan1993_any,strict_herzog,True,50,47,3.0,0.06382978723404255,0.021945385205433238,0.17162614183124436,0.06000000000000005,,
window_false_positive,all,healthy_ovulatory,calendar,1,H3_herzog1997_twofold_any,strict_herzog,True,50,32,14.0,0.4375,0.2816533111504036,0.6067440886314801,0.36,,
window_false_positive,all,healthy_ovulatory,calendar,3,H3_herzog1997_twofold_any,strict_herzog,True,50,40,14.0,0.35,0.2213452887317629,0.5049411916274231,0.19999999999999996,,
window_false_positive,all,healthy_ovulatory,calendar,4,H3_herzog1997_twofold_any,strict_herzog,True,50,44,10.0,0.22727272727272727,0.12841947594917147,0.3699235806463634,0.12,,
window_false_positive,all,healthy_ovulatory,calendar,6,H3_herzog1997_twofold_any,strict_herzog,True,50,45,11.0,0.24444444444444444,0.1423547943377172,0.3867338005702035,0.09999999999999998,,
window_false_positive,all,healthy_ovulatory,calendar,12,H3_herzog1997_twofold_any,strict_herzog,True,50,0,0.0,,,,1.0,,
window_false_positive,all,healthy_ovulatory,cycle,3,H3_herzog1997_twofold_any,strict_herzog,True,50,41,10.0,0.24390243902439024,0.13825002738090333,0.39343336222575687,0.18000000000000005,,
window_false_positive,all,healthy_ovulatory,cycle,6,H3_herzog1997_twofold_any,strict_herzog,True,50,35,10.0,0.2857142857142857,0.16326536236434688,0.45054934863182616,0.30000000000000004,,
window_false_positive,all,healthy_ovulatory,cycle,12,H3_herzog1997_twofold_any,strict_herzog,True,50,0,0.0,,,,1.0,,
window_false_positive,all,healthy_ovulatory,full,full_diary,H3_herzog1997_twofold_any,strict_herzog,True,50,45,11.0,0.24444444444444444,0.1423547943377172,0.3867338005702035,0.09999999999999998,,
window_false_positive,all,population,calendar,1,H3_herzog1997_twofold_any,strict_herzog,True,50,37,20.0,0.5405405405405406,0.3838404689217949,0.6896143019562697,0.26,,
window_false_positive,all,population,calendar,3,H3_herzog1997_twofold_any,strict_herzog,True,50,45,23.0,0.5111111111111111,0.3700446464458318,0.650429762471215,0.09999999999999998,,
window_false_positive,all,population,calendar,4,H3_herzog1997_twofold_any,strict_herzog,True,50,46,25.0,0.5434782608695652,0.4018018105980127,0.6784526621771542,0.07999999999999996,,
window_false_positive,all,population,calendar,6,H3_herzog1997_twofold_any,strict_herzog,True,50,47,24.0,0.5106382978723404,0.3724245374822684,0.6472444496631784,0.06000000000000005,,
window_false_positive,all,population,calendar,12,H3_herzog1997_twofold_any,strict_herzog,True,50,0,0.0,,,,1.0,,
window_false_positive,all,population,cycle,3,H3_herzog1997_twofold_any,strict_herzog,True,50,44,26.0,0.5909090909090909,0.444097537410319,0.7231214437245027,0.12,,
window_false_positive,all,population,cycle,6,H3_herzog1997_twofold_any,strict_herzog,True,50,18,10.0,0.5555555555555556,0.33716415642042774,0.7544048187299437,0.64,,
window_false_positive,all,population,cycle,12,H3_herzog1997_twofold_any,strict_herzog,True,50,0,0.0,,,,1.0,,
window_false_positive,all,population,full,full_diary,H3_herzog1997_twofold_any,strict_herzog,True,50,47,24.0,0.5106382978723404,0.3724245374822684,0.6472444496631784,0.06000000000000005,,
window_false_positive,all,healthy_ovulatory,calendar,1,H4_reddy2007_any_phase2x_any,strict_herzog,True,50,32,29.0,0.90625,0.7578184527161212,0.9675984487016337,0.36,,
window_false_positive,all,healthy_ovulatory,calendar,3,H4_reddy2007_any_phase2x_any,strict_herzog,True,50,40,29.0,0.725,0.5716504419378943,0.8389198375233267,0.19999999999999996,,
window_false_positive,all,healthy_ovulatory,calendar,4,H4_reddy2007_any_phase2x_any,strict_herzog,True,50,44,33.0,0.75,0.6055943364104086,0.8542578617103511,0.12,,
window_false_positive,all,healthy_ovulatory,calendar,6,H4_reddy2007_any_phase2x_any,strict_herzog,True,50,45,23.0,0.5111111111111111,0.3700446464458318,0.650429762471215,0.09999999999999998,,
window_false_positive,all,healthy_ovulatory,calendar,12,H4_reddy2007_any_phase2x_any,strict_herzog,True,50,0,0.0,,,,1.0,,
window_false_positive,all,healthy_ovulatory,cycle,3,H4_reddy2007_any_phase2x_any,strict_herzog,True,50,41,33.0,0.8048780487804879,0.6598641481293658,0.8976556261484198,0.18000000000000005,,
window_false_positive,all,healthy_ovulatory,cycle,6,H4_reddy2007_any_phase2x_any,strict_herzog,True,50,35,21.0,0.6,0.435727090128925,0.7444927114061941,0.30000000000000004,,
window_false_positive,all,healthy_ovulatory,cycle,12,H4_reddy2007_any_phase2x_any,strict_herzog,True,50,0,0.0,,,,1.0,,
window_false_positive,all,healthy_ovulatory,full,full_diary,H4_reddy2007_any_phase2x_any,strict_herzog,True,50,45,23.0,0.5111111111111111,0.3700446464458318,0.650429762471215,0.09999999999999998,,
window_false_positive,all,population,calendar,1,H4_reddy2007_any_phase2x_any,strict_herzog,True,50,37,35.0,0.9459459459459459,0.822953456491869,0.9850490231668423,0.26,,
window_false_positive,all,population,calendar,3,H4_reddy2007_any_phase2x_any,strict_herzog,True,50,45,34.0,0.7555555555555555,0.6132661994297965,0.8576452056622828,0.09999999999999998,,
window_false_positive,all,population,calendar,4,H4_reddy2007_any_phase2x_any,strict_herzog,True,50,46,33.0,0.717391304347826,0.574514387694541,0.8267579761812937,0.07999999999999996,,
window_false_positive,all,population,calendar,6,H4_reddy2007_any_phase2x_any,strict_herzog,True,50,47,24.0,0.5106382978723404,0.3724245374822684,0.6472444496631784,0.06000000000000005,,
window_false_positive,all,population,calendar,12,H4_reddy2007_any_phase2x_any,strict_herzog,True,50,0,0.0,,,,1.0,,
window_false_positive,all,population,cycle,3,H4_reddy2007_any_phase2x_any,strict_herzog,True,50,44,35.0,0.7954545454545454,0.6549942193889834,0.8884674692991871,0.12,,
window_false_positive,all,population,cycle,6,H4_reddy2007_any_phase2x_any,strict_herzog,True,50,18,11.0,0.6111111111111112,0.3861904160223791,0.7969475342783638,0.64,,
window_false_positive,all,population,cycle,12,H4_reddy2007_any_phase2x_any,strict_herzog,True,50,0,0.0,,,,1.0,,
window_false_positive,all,population,full,full_diary,H4_reddy2007_any_phase2x_any,strict_herzog,True,50,47,24.0,0.5106382978723404,0.3724245374822684,0.6472444496631784,0.06000000000000005,,
window_false_positive,ge_1_seizure_day_per_month,healthy_ovulatory,calendar,1,A_exact_any,strict_herzog,False,32,0,0.0,,,,1.0,,
window_false_positive,ge_1_seizure_day_per_month,healthy_ovulatory,calendar,3,A_exact_any,strict_herzog,False,34,0,0.0,,,,1.0,,
window_false_positive,ge_1_seizure_day_per_month,healthy_ovulatory,calendar,4,A_exact_any,strict_herzog,False,33,0,0.0,,,,1.0,,
window_false_positive,ge_1_seizure_day_per_month,healthy_ovulatory,calendar,6,A_exact_any,strict_herzog,False,33,0,0.0,,,,1.0,,
window_false_positive,ge_1_seizure_day_per_month,healthy_ovulatory,cycle,3,A_exact_any,strict_herzog,False,31,17,5.0,0.29411764705882354,0.1327998961029523,0.5313311006653985,0.4516129032258065,,
window_false_positive,ge_1_seizure_day_per_month,healthy_ovulatory,cycle,6,A_exact_any,strict_herzog,False,25,0,0.0,,,,1.0,,
window_false_positive,ge_1_seizure_day_per_month,healthy_ovulatory,full,full_diary,A_exact_any,strict_herzog,False,33,0,0.0,,,,1.0,,
window_false_positive,ge_1_seizure_day_per_month,population,calendar,1,A_exact_any,strict_herzog,False,37,0,0.0,,,,1.0,,
window_false_positive,ge_1_seizure_day_per_month,population,calendar,3,A_exact_any,strict_herzog,False,37,0,0.0,,,,1.0,,
window_false_positive,ge_1_seizure_day_per_month,population,calendar,4,A_exact_any,strict_herzog,False,40,0,0.0,,,,1.0,,
window_false_positive,ge_1_seizure_day_per_month,population,calendar,6,A_exact_any,strict_herzog,False,40,0,0.0,,,,1.0,,
window_false_positive,ge_1_seizure_day_per_month,population,cycle,3,A_exact_any,strict_herzog,False,42,19,8.0,0.42105263157894735,0.23141891282454238,0.6372409646574496,0.5476190476190477,,
window_false_positive,ge_1_seizure_day_per_month,population,cycle,6,A_exact_any,strict_herzog,False,13,0,0.0,,,,1.0,,
window_false_positive,ge_1_seizure_day_per_month,population,full,full_diary,A_exact_any,strict_herzog,False,40,0,0.0,,,,1.0,,
window_false_positive,ge_1_seizure_day_per_month,healthy_ovulatory,calendar,1,A_windowed_any,strict_herzog,False,32,32,14.0,0.4375,0.2816533111504036,0.6067440886314801,0.0,,
window_false_positive,ge_1_seizure_day_per_month,healthy_ovulatory,calendar,3,A_windowed_any,strict_herzog,False,34,34,13.0,0.38235294117647056,0.23900183324508897,0.549589826555693,0.0,,
window_false_positive,ge_1_seizure_day_per_month,healthy_ovulatory,calendar,4,A_windowed_any,strict_herzog,False,33,33,9.0,0.2727272727272727,0.1506744088542064,0.44217559002872625,0.0,,
window_false_positive,ge_1_seizure_day_per_month,healthy_ovulatory,calendar,6,A_windowed_any,strict_herzog,False,33,33,10.0,0.30303030303030304,0.17375531424053606,0.47338135145800575,0.0,,
window_false_positive,ge_1_seizure_day_per_month,healthy_ovulatory,cycle,3,A_windowed_any,strict_herzog,False,31,31,11.0,0.3548387096774194,0.21116659093865403,0.5305204593563113,0.0,,
window_false_positive,ge_1_seizure_day_per_month,healthy_ovulatory,cycle,6,A_windowed_any,strict_herzog,False,25,25,9.0,0.36,0.20247880774458224,0.5548150225183514,0.0,,
window_false_positive,ge_1_seizure_day_per_month,healthy_ovulatory,full,full_diary,A_windowed_any,strict_herzog,False,33,33,10.0,0.30303030303030304,0.17375531424053606,0.47338135145800575,0.0,,
window_false_positive,ge_1_seizure_day_per_month,population,calendar,1,A_windowed_any,strict_herzog,False,37,37,20.0,0.5405405405405406,0.3838404689217949,0.6896143019562697,0.0,,
window_false_positive,ge_1_seizure_day_per_month,population,calendar,3,A_windowed_any,strict_herzog,False,37,37,18.0,0.4864864864864865,0.3344640430301664,0.6410510333438121,0.0,,
window_false_positive,ge_1_seizure_day_per_month,population,calendar,4,A_windowed_any,strict_herzog,False,40,40,23.0,0.575,0.42195068541991065,0.7149060744004962,0.0,,
window_false_positive,ge_1_seizure_day_per_month,population,calendar,6,A_windowed_any,strict_herzog,False,40,40,21.0,0.525,0.3749736210669248,0.670645298873211,0.0,,
window_false_positive,ge_1_seizure_day_per_month,population,cycle,3,A_windowed_any,strict_herzog,False,42,42,27.0,0.6428571428571429,0.4916636571945582,0.7701081168438123,0.0,,
window_false_positive,ge_1_seizure_day_per_month,population,cycle,6,A_windowed_any,strict_herzog,False,13,13,7.0,0.5384615384615384,0.29143795714506004,0.7679393219046169,0.0,,
window_false_positive,ge_1_seizure_day_per_month,population,full,full_diary,A_windowed_any,strict_herzog,False,40,40,21.0,0.525,0.3749736210669248,0.670645298873211,0.0,,
window_false_positive,ge_1_seizure_day_per_month,healthy_ovulatory,calendar,1,A_windowed_excluding_C3,strict_herzog,False,32,32,14.0,0.4375,0.2816533111504036,0.6067440886314801,0.0,,
window_false_positive,ge_1_seizure_day_per_month,healthy_ovulatory,calendar,3,A_windowed_excluding_C3,strict_herzog,False,34,34,13.0,0.38235294117647056,0.23900183324508897,0.549589826555693,0.0,,
window_false_positive,ge_1_seizure_day_per_month,healthy_ovulatory,calendar,4,A_windowed_excluding_C3,strict_herzog,False,33,33,9.0,0.2727272727272727,0.1506744088542064,0.44217559002872625,0.0,,
window_false_positive,ge_1_seizure_day_per_month,healthy_ovulatory,calendar,6,A_windowed_excluding_C3,strict_herzog,False,33,33,10.0,0.30303030303030304,0.17375531424053606,0.47338135145800575,0.0,,
window_false_positive,ge_1_seizure_day_per_month,healthy_ovulatory,cycle,3,A_windowed_excluding_C3,strict_herzog,False,31,31,11.0,0.3548387096774194,0.21116659093865403,0.5305204593563113,0.0,,
window_false_positive,ge_1_seizure_day_per_month,healthy_ovulatory,cycle,6,A_windowed_excluding_C3,strict_herzog,False,25,25,9.0,0.36,0.20247880774458224,0.5548150225183514,0.0,,
window_false_positive,ge_1_seizure_day_per_month,healthy_ovulatory,full,full_diary,A_windowed_excluding_C3,strict_herzog,False,33,33,10.0,0.30303030303030304,0.17375531424053606,0.47338135145800575,0.0,,
window_false_positive,ge_1_seizure_day_per_month,population,calendar,1,A_windowed_excluding_C3,strict_herzog,False,37,37,18.0,0.4864864864864865,0.3344640430301664,0.6410510333438121,0.0,,
window_false_positive,ge_1_seizure_day_per_month,population,calendar,3,A_windowed_excluding_C3,strict_herzog,False,37,37,15.0,0.40540540540540543,0.26346518192014284,0.5651403526977063,0.0,,
window_false_positive,ge_1_seizure_day_per_month,population,calendar,4,A_windowed_excluding_C3,strict_herzog,False,40,40,22.0,0.55,0.39829091798932054,0.6929469218909508,0.0,,
window_false_positive,ge_1_seizure_day_per_month,population,calendar,6,A_windowed_excluding_C3,strict_herzog,False,40,40,18.0,0.45,0.3070530781090492,0.6017090820106794,0.0,,
window_false_positive,ge_1_seizure_day_per_month,population,cycle,3,A_windowed_excluding_C3,strict_herzog,False,42,42,24.0,0.5714285714285714,0.4220623987810458,0.7088234882381393,0.0,,
window_false_positive,ge_1_seizure_day_per_month,population,cycle,6,A_windowed_excluding_C3,strict_herzog,False,13,13,6.0,0.46153846153846156,0.23206067809538303,0.7085620428549398,0.0,,
window_false_positive,ge_1_seizure_day_per_month,population,full,full_diary,A_windowed_excluding_C3,strict_herzog,False,40,40,18.0,0.45,0.3070530781090492,0.6017090820106794,0.0,,
window_false_positive,ge_1_seizure_day_per_month,healthy_ovulatory,calendar,1,A_windowed_C1_only,strict_herzog,False,32,28,8.0,0.2857142857142857,0.15253996056669092,0.4705928843329571,0.125,,
window_false_positive,ge_1_seizure_day_per_month,healthy_ovulatory,calendar,3,A_windowed_C1_only,strict_herzog,False,34,34,7.0,0.20588235294117646,0.10349526899031913,0.36798388051163594,0.0,,
window_false_positive,ge_1_seizure_day_per_month,healthy_ovulatory,calendar,4,A_windowed_C1_only,strict_herzog,False,33,33,7.0,0.21212121212121213,0.10676021533020799,0.3775164499215069,0.0,,
window_false_positive,ge_1_seizure_day_per_month,healthy_ovulatory,calendar,6,A_windowed_C1_only,strict_herzog,False,33,33,8.0,0.24242424242424243,0.1283171337717501,0.4102461982955736,0.0,,
window_false_positive,ge_1_seizure_day_per_month,healthy_ovulatory,cycle,3,A_windowed_C1_only,strict_herzog,False,31,31,6.0,0.1935483870967742,0.09187008361586096,0.36280257811795463,0.0,,
window_false_positive,ge_1_seizure_day_per_month,healthy_ovulatory,cycle,6,A_windowed_C1_only,strict_herzog,False,25,25,5.0,0.2,0.08860584686802572,0.3913095036954033,0.0,,
window_false_positive,ge_1_seizure_day_per_month,healthy_ovulatory,full,full_diary,A_windowed_C1_only,strict_herzog,False,33,33,8.0,0.24242424242424243,0.1283171337717501,0.4102461982955736,0.0,,
window_false_positive,ge_1_seizure_day_per_month,population,calendar,1,A_windowed_C1_only,strict_herzog,False,37,29,7.0,0.2413793103448276,0.12218422442520091,0.4210760161781133,0.21621621621621623,,
window_false_positive,ge_1_seizure_day_per_month,population,calendar,3,A_windowed_C1_only,strict_herzog,False,37,37,11.0,0.2972972972972973,0.17489478649832016,0.45783135911135664,0.0,,
window_false_positive,ge_1_seizure_day_per_month,population,calendar,4,A_windowed_C1_only,strict_herzog,False,40,40,17.0,0.425,0.28509392559950375,0.5780493145800892,0.0,,
window_false_positive,ge_1_seizure_day_per_month,population,calendar,6,A_windowed_C1_only,strict_herzog,False,40,40,13.0,0.325,0.200845022317827,0.47982253810122333,0.0,,
window_false_positive,ge_1_seizure_day_per_month,population,cycle,3,A_windowed_C1_only,strict_herzog,False,42,42,16.0,0.38095238095238093,0.24999725763955144,0.5318595973284732,0.0,,
window_false_positive,ge_1_seizure_day_per_month,population,cycle,6,A_windowed_C1_only,strict_herzog,False,13,13,4.0,0.3076923076923077,0.12680703655710515,0.5763065681945096,0.0,,
window_false_positive,ge_1_seizure_day_per_month,population,full,full_diary,A_windowed_C1_only,strict_herzog,False,40,40,13.0,0.325,0.200845022317827,0.47982253810122333,0.0,,
window_false_positive,ge_1_seizure_day_per_month,healthy_ovulatory,calendar,1,A_windowed_C2_only,strict_herzog,False,32,31,9.0,0.2903225806451613,0.1609580015630062,0.46592329330749926,0.03125,,
window_false_positive,ge_1_seizure_day_per_month,healthy_ovulatory,calendar,3,A_windowed_C2_only,strict_herzog,False,34,34,8.0,0.23529411764705882,0.12436985532639575,0.3999613792253638,0.0,,
window_false_positive,ge_1_seizure_day_per_month,healthy_ovulatory,calendar,4,A_windowed_C2_only,strict_herzog,False,33,33,3.0,0.09090909090909091,0.03140394152458165,0.2357260564646973,0.0,,
window_false_positive,ge_1_seizure_day_per_month,healthy_ovulatory,calendar,6,A_windowed_C2_only,strict_herzog,False,33,33,4.0,0.12121212121212122,0.04816161309413555,0.2732550517107524,0.0,,
window_false_positive,ge_1_seizure_day_per_month,healthy_ovulatory,cycle,3,A_windowed_C2_only,strict_herzog,False,31,31,5.0,0.16129032258064516,0.070926244433653,0.3263435395879326,0.0,,
window_false_positive,ge_1_seizure_day_per_month,healthy_ovulatory,cycle,6,A_windowed_C2_only,strict_herzog,False,25,25,5.0,0.2,0.08860584686802572,0.3913095036954033,0.0,,
window_false_positive,ge_1_seizure_day_per_month,healthy_ovulatory,full,full_diary,A_windowed_C2_only,strict_herzog,False,33,33,4.0,0.12121212121212122,0.04816161309413555,0.2732550517107524,0.0,,
window_false_positive,ge_1_seizure_day_per_month,population,calendar,1,A_windowed_C2_only,strict_herzog,False,37,35,12.0,0.34285714285714286,0.20831694987048957,0.5084805048600374,0.05405405405405406,,
window_false_positive,ge_1_seizure_day_per_month,population,calendar,3,A_windowed_C2_only,strict_herzog,False,37,37,10.0,0.2702702702702703,0.15397461511049093,0.4297816832471427,0.0,,
window_false_positive,ge_1_seizure_day_per_month,population,calendar,4,A_windowed_C2_only,strict_herzog,False,40,40,15.0,0.375,0.2422297916723327,0.5296756086269889,0.0,,
window_false_positive,ge_1_seizure_day_per_month,population,calendar,6,A_windowed_C2_only,strict_herzog,False,40,40,10.0,0.25,0.14187118639096302,0.40193961420768026,0.0,,
window_false_positive,ge_1_seizure_day_per_month,population,cycle,3,A_windowed_C2_only,strict_herzog,False,42,42,17.0,0.40476190476190477,0.27042861147481323,0.5550568724996064,0.0,,
window_false_positive,ge_1_seizure_day_per_month,population,cycle,6,A_windowed_C2_only,strict_herzog,False,13,13,3.0,0.23076923076923078,0.08179528718498569,0.5025637594672749,0.0,,
window_false_positive,ge_1_seizure_day_per_month,population,full,full_diary,A_windowed_C2_only,strict_herzog,False,40,40,10.0,0.25,0.14187118639096302,0.40193961420768026,0.0,,
window_false_positive,ge_1_seizure_day_per_month,healthy_ovulatory,calendar,1,A_windowed_C3_only,strict_herzog,False,32,0,0.0,,,,1.0,,
window_false_positive,ge_1_seizure_day_per_month,healthy_ovulatory,calendar,3,A_windowed_C3_only,strict_herzog,False,34,0,0.0,,,,1.0,,
window_false_positive,ge_1_seizure_day_per_month,healthy_ovulatory,calendar,4,A_windowed_C3_only,strict_herzog,False,33,0,0.0,,,,1.0,,
window_false_positive,ge_1_seizure_day_per_month,healthy_ovulatory,calendar,6,A_windowed_C3_only,strict_herzog,False,33,0,0.0,,,,1.0,,
window_false_positive,ge_1_seizure_day_per_month,healthy_ovulatory,cycle,3,A_windowed_C3_only,strict_herzog,False,31,0,0.0,,,,1.0,,
window_false_positive,ge_1_seizure_day_per_month,healthy_ovulatory,cycle,6,A_windowed_C3_only,strict_herzog,False,25,0,0.0,,,,1.0,,
window_false_positive,ge_1_seizure_day_per_month,healthy_ovulatory,full,full_diary,A_windowed_C3_only,strict_herzog,False,33,0,0.0,,,,1.0,,
window_false_positive,ge_1_seizure_day_per_month,population,calendar,1,A_windowed_C3_only,strict_herzog,False,37,9,7.0,0.7777777777777778,0.45258896910698887,0.9367748928821533,0.7567567567567568,,
window_false_positive,ge_1_seizure_day_per_month,population,calendar,3,A_windowed_C3_only,strict_herzog,False,37,16,7.0,0.4375,0.23098652405492354,0.6682144360118811,0.5675675675675675,,
window_false_positive,ge_1_seizure_day_per_month,population,calendar,4,A_windowed_C3_only,strict_herzog,False,40,16,4.0,0.25,0.10182067491213048,0.49498316535508774,0.6,,
window_false_positive,ge_1_seizure_day_per_month,population,calendar,6,A_windowed_C3_only,strict_herzog,False,40,20,7.0,0.35,0.1811918241010821,0.5671457233147637,0.5,,
window_false_positive,ge_1_seizure_day_per_month,population,cycle,3,A_windowed_C3_only,strict_herzog,False,42,12,4.0,0.3333333333333333,0.13812009109121315,0.6093779111272004,0.7142857142857143,,
window_false_positive,ge_1_seizure_day_per_month,population,cycle,6,A_windowed_C3_only,strict_herzog,False,13,4,1.0,0.25,0.04558726080970055,0.6993581574175981,0.6923076923076923,,
window_false_positive,ge_1_seizure_day_per_month,population,full,full_diary,A_windowed_C3_only,strict_herzog,False,40,20,7.0,0.35,0.1811918241010821,0.5671457233147637,0.5,,
window_false_positive,ge_1_seizure_day_per_month,healthy_ovulatory,calendar,1,B_minimum_data_any,strict_herzog,False,32,0,0.0,,,,1.0,,
window_false_positive,ge_1_seizure_day_per_month,healthy_ovulatory,calendar,3,B_minimum_data_any,strict_herzog,False,34,0,0.0,,,,1.0,,
window_false_positive,ge_1_seizure_day_per_month,healthy_ovulatory,calendar,4,B_minimum_data_any,strict_herzog,False,33,33,9.0,0.2727272727272727,0.1506744088542064,0.44217559002872625,0.0,,
window_false_positive,ge_1_seizure_day_per_month,healthy_ovulatory,calendar,6,B_minimum_data_any,strict_herzog,False,33,33,10.0,0.30303030303030304,0.17375531424053606,0.47338135145800575,0.0,,
window_false_positive,ge_1_seizure_day_per_month,healthy_ovulatory,cycle,3,B_minimum_data_any,strict_herzog,False,31,0,0.0,,,,1.0,,
window_false_positive,ge_1_seizure_day_per_month,healthy_ovulatory,cycle,6,B_minimum_data_any,strict_herzog,False,25,25,9.0,0.36,0.20247880774458224,0.5548150225183514,0.0,,
window_false_positive,ge_1_seizure_day_per_month,healthy_ovulatory,full,full_diary,B_minimum_data_any,strict_herzog,False,33,33,10.0,0.30303030303030304,0.17375531424053606,0.47338135145800575,0.0,,
window_false_positive,ge_1_seizure_day_per_month,population,calendar,1,B_minimum_data_any,strict_herzog,False,37,0,0.0,,,,1.0,,
window_false_positive,ge_1_seizure_day_per_month,population,calendar,3,B_minimum_data_any,strict_herzog,False,37,0,0.0,,,,1.0,,
window_false_positive,ge_1_seizure_day_per_month,population,calendar,4,B_minimum_data_any,strict_herzog,False,40,40,23.0,0.575,0.42195068541991065,0.7149060744004962,0.0,,
window_false_positive,ge_1_seizure_day_per_month,population,calendar,6,B_minimum_data_any,strict_herzog,False,40,40,21.0,0.525,0.3749736210669248,0.670645298873211,0.0,,
window_false_positive,ge_1_seizure_day_per_month,population,cycle,3,B_minimum_data_any,strict_herzog,False,42,2,2.0,1.0,0.34238022750665303,1.0,0.9523809523809523,,
window_false_positive,ge_1_seizure_day_per_month,population,cycle,6,B_minimum_data_any,strict_herzog,False,13,13,7.0,0.5384615384615384,0.29143795714506004,0.7679393219046169,0.0,,
window_false_positive,ge_1_seizure_day_per_month,population,full,full_diary,B_minimum_data_any,strict_herzog,False,40,40,21.0,0.525,0.3749736210669248,0.670645298873211,0.0,,
window_false_positive,ge_1_seizure_day_per_month,healthy_ovulatory,calendar,1,B_minimum_data_excluding_C3,strict_herzog,False,32,0,0.0,,,,1.0,,
window_false_positive,ge_1_seizure_day_per_month,healthy_ovulatory,calendar,3,B_minimum_data_excluding_C3,strict_herzog,False,34,0,0.0,,,,1.0,,
window_false_positive,ge_1_seizure_day_per_month,healthy_ovulatory,calendar,4,B_minimum_data_excluding_C3,strict_herzog,False,33,33,9.0,0.2727272727272727,0.1506744088542064,0.44217559002872625,0.0,,
window_false_positive,ge_1_seizure_day_per_month,healthy_ovulatory,calendar,6,B_minimum_data_excluding_C3,strict_herzog,False,33,33,10.0,0.30303030303030304,0.17375531424053606,0.47338135145800575,0.0,,
window_false_positive,ge_1_seizure_day_per_month,healthy_ovulatory,cycle,3,B_minimum_data_excluding_C3,strict_herzog,False,31,0,0.0,,,,1.0,,
window_false_positive,ge_1_seizure_day_per_month,healthy_ovulatory,cycle,6,B_minimum_data_excluding_C3,strict_herzog,False,25,25,9.0,0.36,0.20247880774458224,0.5548150225183514,0.0,,
window_false_positive,ge_1_seizure_day_per_month,healthy_ovulatory,full,full_diary,B_minimum_data_excluding_C3,strict_herzog,False,33,33,10.0,0.30303030303030304,0.17375531424053606,0.47338135145800575,0.0,,
window_false_positive,ge_1_seizure_day_per_month,population,calendar,1,B_minimum_data_excluding_C3,strict_herzog,False,37,0,0.0,,,,1.0,,
window_false_positive,ge_1_seizure_day_per_month,population,calendar,3,B_minimum_data_excluding_C3,strict_herzog,False,37,0,0.0,,,,1.0,,
window_false_positive,ge_1_seizure_day_per_month,population,calendar,4,B_minimum_data_excluding_C3,strict_herzog,False,40,40,22.0,0.55,0.39829091798932054,0.6929469218909508,0.0,,
window_false_positive,ge_1_seizure_day_per_month,population,calendar,6,B_minimum_data_excluding_C3,strict_herzog,False,40,40,18.0,0.45,0.3070530781090492,0.6017090820106794,0.0,,
window_false_positive,ge_1_seizure_day_per_month,population,cycle,3,B_minimum_data_excluding_C3,strict_herzog,False,42,2,2.0,1.0,0.34238022750665303,1.0,0.9523809523809523,,
window_false_positive,ge_1_seizure_day_per_month,population,cycle,6,B_minimum_data_excluding_C3,strict_herzog,False,13,13,6.0,0.46153846153846156,0.23206067809538303,0.7085620428549398,0.0,,
window_false_positive,ge_1_seizure_day_per_month,population,full,full_diary,B_minimum_data_excluding_C3,strict_herzog,False,40,40,18.0,0.45,0.3070530781090492,0.6017090820106794,0.0,,
window_false_positive,ge_1_seizure_day_per_month,healthy_ovulatory,calendar,1,C_reproducibility_any,strict_herzog,False,32,0,0.0,,,,1.0,,
window_false_positive,ge_1_seizure_day_per_month,healthy_ovulatory,calendar,3,C_reproducibility_any,strict_herzog,False,34,0,0.0,,,,1.0,,
window_false_positive,ge_1_seizure_day_per_month,healthy_ovulatory,calendar,4,C_reproducibility_any,strict_herzog,False,33,0,0.0,,,,1.0,,
window_false_positive,ge_1_seizure_day_per_month,healthy_ovulatory,calendar,6,C_reproducibility_any,strict_herzog,False,33,14,2.0,0.14285714285714285,0.040093921271464966,0.39941379496970353,0.5757575757575757,,
window_false_positive,ge_1_seizure_day_per_month,healthy_ovulatory,cycle,3,C_reproducibility_any,strict_herzog,False,31,0,0.0,,,,1.0,,
window_false_positive,ge_1_seizure_day_per_month,healthy_ovulatory,cycle,6,C_reproducibility_any,strict_herzog,False,25,14,2.0,0.14285714285714285,0.040093921271464966,0.39941379496970353,0.43999999999999995,,
window_false_positive,ge_1_seizure_day_per_month,healthy_ovulatory,full,full_diary,C_reproducibility_any,strict_herzog,False,33,14,2.0,0.14285714285714285,0.040093921271464966,0.39941379496970353,0.5757575757575757,,
window_false_positive,ge_1_seizure_day_per_month,population,calendar,1,C_reproducibility_any,strict_herzog,False,37,0,0.0,,,,1.0,,
window_false_positive,ge_1_seizure_day_per_month,population,calendar,3,C_reproducibility_any,strict_herzog,False,37,0,0.0,,,,1.0,,
window_false_positive,ge_1_seizure_day_per_month,population,calendar,4,C_reproducibility_any,strict_herzog,False,40,0,0.0,,,,1.0,,
window_false_positive,ge_1_seizure_day_per_month,population,calendar,6,C_reproducibility_any,strict_herzog,False,40,9,1.0,0.1111111111111111,0.019890887638544907,0.434999705576656,0.775,,
window_false_positive,ge_1_seizure_day_per_month,population,cycle,3,C_reproducibility_any,strict_herzog,False,42,0,0.0,,,,1.0,,
window_false_positive,ge_1_seizure_day_per_month,population,cycle,6,C_reproducibility_any,strict_herzog,False,13,9,1.0,0.1111111111111111,0.019890887638544907,0.434999705576656,0.3076923076923077,,
window_false_positive,ge_1_seizure_day_per_month,population,full,full_diary,C_reproducibility_any,strict_herzog,False,40,9,1.0,0.1111111111111111,0.019890887638544907,0.434999705576656,0.775,,
window_false_positive,ge_1_seizure_day_per_month,healthy_ovulatory,calendar,1,C_reproducibility_12cycle_any,strict_herzog,False,32,0,0.0,,,,1.0,,
window_false_positive,ge_1_seizure_day_per_month,healthy_ovulatory,calendar,3,C_reproducibility_12cycle_any,strict_herzog,False,34,0,0.0,,,,1.0,,
window_false_positive,ge_1_seizure_day_per_month,healthy_ovulatory,calendar,4,C_reproducibility_12cycle_any,strict_herzog,False,33,0,0.0,,,,1.0,,
window_false_positive,ge_1_seizure_day_per_month,healthy_ovulatory,calendar,6,C_reproducibility_12cycle_any,strict_herzog,False,33,0,0.0,,,,1.0,,
window_false_positive,ge_1_seizure_day_per_month,healthy_ovulatory,cycle,3,C_reproducibility_12cycle_any,strict_herzog,False,31,0,0.0,,,,1.0,,
window_false_positive,ge_1_seizure_day_per_month,healthy_ovulatory,cycle,6,C_reproducibility_12cycle_any,strict_herzog,False,25,0,0.0,,,,1.0,,
window_false_positive,ge_1_seizure_day_per_month,healthy_ovulatory,full,full_diary,C_reproducibility_12cycle_any,strict_herzog,False,33,0,0.0,,,,1.0,,
window_false_positive,ge_1_seizure_day_per_month,population,calendar,1,C_reproducibility_12cycle_any,strict_herzog,False,37,0,0.0,,,,1.0,,
window_false_positive,ge_1_seizure_day_per_month,population,calendar,3,C_reproducibility_12cycle_any,strict_herzog,False,37,0,0.0,,,,1.0,,
window_false_positive,ge_1_seizure_day_per_month,population,calendar,4,C_reproducibility_12cycle_any,strict_herzog,False,40,0,0.0,,,,1.0,,
window_false_positive,ge_1_seizure_day_per_month,population,calendar,6,C_reproducibility_12cycle_any,strict_herzog,False,40,0,0.0,,,,1.0,,
window_false_positive,ge_1_seizure_day_per_month,population,cycle,3,C_reproducibility_12cycle_any,strict_herzog,False,42,0,0.0,,,,1.0,,
window_false_positive,ge_1_seizure_day_per_month,population,cycle,6,C_reproducibility_12cycle_any,strict_herzog,False,13,0,0.0,,,,1.0,,
window_false_positive,ge_1_seizure_day_per_month,population,full,full_diary,C_reproducibility_12cycle_any,strict_herzog,False,40,0,0.0,,,,1.0,,
window_false_positive,ge_1_seizure_day_per_month,healthy_ovulatory,calendar,1,D_nb_regression_any,strict_herzog,False,32,0,0.0,,,,1.0,,
window_false_positive,ge_1_seizure_day_per_month,healthy_ovulatory,calendar,3,D_nb_regression_any,strict_herzog,False,34,0,0.0,,,,1.0,,
window_false_positive,ge_1_seizure_day_per_month,healthy_ovulatory,calendar,4,D_nb_regression_any,strict_herzog,False,33,33,1.0,0.030303030303030304,0.00536941053687183,0.1531872538211892,0.0,,
window_false_positive,ge_1_seizure_day_per_month,healthy_ovulatory,calendar,6,D_nb_regression_any,strict_herzog,False,33,33,1.0,0.030303030303030304,0.00536941053687183,0.1531872538211892,0.0,,
window_false_positive,ge_1_seizure_day_per_month,healthy_ovulatory,cycle,3,D_nb_regression_any,strict_herzog,False,31,0,0.0,,,,1.0,,
window_false_positive,ge_1_seizure_day_per_month,healthy_ovulatory,cycle,6,D_nb_regression_any,strict_herzog,False,25,25,1.0,0.04,0.007096233501987265,0.19544063736193734,0.0,,
window_false_positive,ge_1_seizure_day_per_month,healthy_ovulatory,full,full_diary,D_nb_regression_any,strict_herzog,False,33,33,1.0,0.030303030303030304,0.00536941053687183,0.1531872538211892,0.0,,
window_false_positive,ge_1_seizure_day_per_month,population,calendar,1,D_nb_regression_any,strict_herzog,False,37,0,0.0,,,,1.0,,
window_false_positive,ge_1_seizure_day_per_month,population,calendar,3,D_nb_regression_any,strict_herzog,False,37,0,0.0,,,,1.0,,
window_false_positive,ge_1_seizure_day_per_month,population,calendar,4,D_nb_regression_any,strict_herzog,False,40,40,0.0,0.0,0.0,0.08762160119728664,0.0,,
window_false_positive,ge_1_seizure_day_per_month,population,calendar,6,D_nb_regression_any,strict_herzog,False,40,40,3.0,0.075,0.025836025774588198,0.19864233524310543,0.0,,
window_false_positive,ge_1_seizure_day_per_month,population,cycle,3,D_nb_regression_any,strict_herzog,False,42,2,0.0,0.0,0.0,0.6576197724933469,0.9523809523809523,,
window_false_positive,ge_1_seizure_day_per_month,population,cycle,6,D_nb_regression_any,strict_herzog,False,13,13,0.0,0.0,0.0,0.22809537235419838,0.0,,
window_false_positive,ge_1_seizure_day_per_month,population,full,full_diary,D_nb_regression_any,strict_herzog,False,40,40,3.0,0.075,0.025836025774588198,0.19864233524310543,0.0,,
window_false_positive,ge_1_seizure_day_per_month,healthy_ovulatory,calendar,1,D_nb_regression_window_alpha_any,strict_herzog,False,32,0,0.0,,,,1.0,,
window_false_positive,ge_1_seizure_day_per_month,healthy_ovulatory,calendar,3,D_nb_regression_window_alpha_any,strict_herzog,False,34,0,0.0,,,,1.0,,
window_false_positive,ge_1_seizure_day_per_month,healthy_ovulatory,calendar,4,D_nb_regression_window_alpha_any,strict_herzog,False,33,0,0.0,,,,1.0,,
window_false_positive,ge_1_seizure_day_per_month,healthy_ovulatory,calendar,6,D_nb_regression_window_alpha_any,strict_herzog,False,33,0,0.0,,,,1.0,,
window_false_positive,ge_1_seizure_day_per_month,healthy_ovulatory,cycle,3,D_nb_regression_window_alpha_any,strict_herzog,False,31,0,0.0,,,,1.0,,
window_false_positive,ge_1_seizure_day_per_month,healthy_ovulatory,cycle,6,D_nb_regression_window_alpha_any,strict_herzog,False,25,0,0.0,,,,1.0,,
window_false_positive,ge_1_seizure_day_per_month,healthy_ovulatory,full,full_diary,D_nb_regression_window_alpha_any,strict_herzog,False,33,33,1.0,0.030303030303030304,0.00536941053687183,0.1531872538211892,0.0,,
window_false_positive,ge_1_seizure_day_per_month,population,calendar,1,D_nb_regression_window_alpha_any,strict_herzog,False,37,0,0.0,,,,1.0,,
window_false_positive,ge_1_seizure_day_per_month,population,calendar,3,D_nb_regression_window_alpha_any,strict_herzog,False,37,0,0.0,,,,1.0,,
window_false_positive,ge_1_seizure_day_per_month,population,calendar,4,D_nb_regression_window_alpha_any,strict_herzog,False,40,0,0.0,,,,1.0,,
window_false_positive,ge_1_seizure_day_per_month,population,calendar,6,D_nb_regression_window_alpha_any,strict_herzog,False,40,0,0.0,,,,1.0,,
window_false_positive,ge_1_seizure_day_per_month,population,cycle,3,D_nb_regression_window_alpha_any,strict_herzog,False,42,0,0.0,,,,1.0,,
window_false_positive,ge_1_seizure_day_per_month,population,cycle,6,D_nb_regression_window_alpha_any,strict_herzog,False,13,0,0.0,,,,1.0,,
window_false_positive,ge_1_seizure_day_per_month,population,full,full_diary,D_nb_regression_window_alpha_any,strict_herzog,False,40,40,3.0,0.075,0.025836025774588198,0.19864233524310543,0.0,,
window_false_positive,ge_1_seizure_day_per_month,healthy_ovulatory,calendar,1,H1_newmark_penry_any,strict_herzog,True,32,32,3.0,0.09375,0.032401551298366194,0.24218154728387864,0.0,,
window_false_positive,ge_1_seizure_day_per_month,healthy_ovulatory,calendar,3,H1_newmark_penry_any,strict_herzog,True,34,34,3.0,0.08823529411764706,0.030465943674648555,0.22960486562808868,0.0,,
window_false_positive,ge_1_seizure_day_per_month,healthy_ovulatory,calendar,4,H1_newmark_penry_any,strict_herzog,True,33,33,1.0,0.030303030303030304,0.00536941053687183,0.1531872538211892,0.0,,
window_false_positive,ge_1_seizure_day_per_month,healthy_ovulatory,calendar,6,H1_newmark_penry_any,strict_herzog,True,33,33,0.0,0.0,0.0,0.10426999754245206,0.0,,
window_false_positive,ge_1_seizure_day_per_month,healthy_ovulatory,cycle,3,H1_newmark_penry_any,strict_herzog,True,31,31,3.0,0.0967741935483871,0.033464644163197374,0.24899938443392833,0.0,,
window_false_positive,ge_1_seizure_day_per_month,healthy_ovulatory,cycle,6,H1_newmark_penry_any,strict_herzog,True,25,25,0.0,0.0,1.3877787807814457e-17,0.13319225093904846,0.0,,
window_false_positive,ge_1_seizure_day_per_month,healthy_ovulatory,full,full_diary,H1_newmark_penry_any,strict_herzog,True,33,33,0.0,0.0,0.0,0.10426999754245206,0.0,,
window_false_positive,ge_1_seizure_day_per_month,population,calendar,1,H1_newmark_penry_any,strict_herzog,True,37,37,6.0,0.16216216216216217,0.07651207234011151,0.3113648370093497,0.0,,
window_false_positive,ge_1_seizure_day_per_month,population,calendar,3,H1_newmark_penry_any,strict_herzog,True,37,37,2.0,0.05405405405405406,0.014950976833157673,0.17704654350813104,0.0,,
window_false_positive,ge_1_seizure_day_per_month,population,calendar,4,H1_newmark_penry_any,strict_herzog,True,40,40,4.0,0.1,0.03957952868260638,0.23051775227522298,0.0,,
window_false_positive,ge_1_seizure_day_per_month,population,calendar,6,H1_newmark_penry_any,strict_herzog,True,40,40,3.0,0.075,0.025836025774588198,0.19864233524310543,0.0,,
window_false_positive,ge_1_seizure_day_per_month,population,cycle,3,H1_newmark_penry_any,strict_herzog,True,42,42,6.0,0.14285714285714285,0.06715967015962647,0.27841089474444775,0.0,,
window_false_positive,ge_1_seizure_day_per_month,population,cycle,6,H1_newmark_penry_any,strict_herzog,True,13,13,0.0,0.0,0.0,0.22809537235419838,0.0,,
window_false_positive,ge_1_seizure_day_per_month,population,full,full_diary,H1_newmark_penry_any,strict_herzog,True,40,40,3.0,0.075,0.025836025774588198,0.19864233524310543,0.0,,
window_false_positive,ge_1_seizure_day_per_month,healthy_ovulatory,calendar,1,H1_newmark_penry_66_7_any,strict_herzog,True,32,32,2.0,0.0625,0.017310567031640967,0.2014712314415458,0.0,,
window_false_positive,ge_1_seizure_day_per_month,healthy_ovulatory,calendar,3,H1_newmark_penry_66_7_any,strict_herzog,True,34,34,0.0,0.0,0.0,0.10151455415332376,0.0,,
window_false_positive,ge_1_seizure_day_per_month,healthy_ovulatory,calendar,4,H1_newmark_penry_66_7_any,strict_herzog,True,33,33,0.0,0.0,0.0,0.10426999754245206,0.0,,
window_false_positive,ge_1_seizure_day_per_month,healthy_ovulatory,calendar,6,H1_newmark_penry_66_7_any,strict_herzog,True,33,33,0.0,0.0,0.0,0.10426999754245206,0.0,,
window_false_positive,ge_1_seizure_day_per_month,healthy_ovulatory,cycle,3,H1_newmark_penry_66_7_any,strict_herzog,True,31,31,0.0,0.0,0.0,0.11025539546043596,0.0,,
window_false_positive,ge_1_seizure_day_per_month,healthy_ovulatory,cycle,6,H1_newmark_penry_66_7_any,strict_herzog,True,25,25,0.0,0.0,1.3877787807814457e-17,0.13319225093904846,0.0,,
window_false_positive,ge_1_seizure_day_per_month,healthy_ovulatory,full,full_diary,H1_newmark_penry_66_7_any,strict_herzog,True,33,33,0.0,0.0,0.0,0.10426999754245206,0.0,,
window_false_positive,ge_1_seizure_day_per_month,population,calendar,1,H1_newmark_penry_66_7_any,strict_herzog,True,37,37,2.0,0.05405405405405406,0.014950976833157673,0.17704654350813104,0.0,,
window_false_positive,ge_1_seizure_day_per_month,population,calendar,3,H1_newmark_penry_66_7_any,strict_herzog,True,37,37,1.0,0.02702702702702703,0.004786974451940429,0.13824069863730518,0.0,,
window_false_positive,ge_1_seizure_day_per_month,population,calendar,4,H1_newmark_penry_66_7_any,strict_herzog,True,40,40,0.0,0.0,0.0,0.08762160119728664,0.0,,
window_false_positive,ge_1_seizure_day_per_month,population,calendar,6,H1_newmark_penry_66_7_any,strict_herzog,True,40,40,0.0,0.0,0.0,0.08762160119728664,0.0,,
window_false_positive,ge_1_seizure_day_per_month,population,cycle,3,H1_newmark_penry_66_7_any,strict_herzog,True,42,42,1.0,0.023809523809523808,0.004215404134432499,0.12321201573766646,0.0,,
window_false_positive,ge_1_seizure_day_per_month,population,cycle,6,H1_newmark_penry_66_7_any,strict_herzog,True,13,13,0.0,0.0,0.0,0.22809537235419838,0.0,,
window_false_positive,ge_1_seizure_day_per_month,population,full,full_diary,H1_newmark_penry_66_7_any,strict_herzog,True,40,40,0.0,0.0,0.0,0.08762160119728664,0.0,,
window_false_positive,ge_1_seizure_day_per_month,healthy_ovulatory,calendar,1,H2_duncan1993_any,strict_herzog,True,32,32,6.0,0.1875,0.08889544689565954,0.3530915520137596,0.0,,
window_false_positive,ge_1_seizure_day_per_month,healthy_ovulatory,calendar,3,H2_duncan1993_any,strict_herzog,True,34,34,0.0,0.0,0.0,0.10151455415332376,0.0,,
window_false_positive,ge_1_seizure_day_per_month,healthy_ovulatory,calendar,4,H2_duncan1993_any,strict_herzog,True,33,33,0.0,0.0,0.0,0.10426999754245206,0.0,,
window_false_positive,ge_1_seizure_day_per_month,healthy_ovulatory,calendar,6,H2_duncan1993_any,strict_herzog,True,33,33,0.0,0.0,0.0,0.10426999754245206,0.0,,
window_false_positive,ge_1_seizure_day_per_month,healthy_ovulatory,cycle,3,H2_duncan1993_any,strict_herzog,True,31,31,1.0,0.03225806451612903,0.005717221525416816,0.16194105164724906,0.0,,
window_false_positive,ge_1_seizure_day_per_month,healthy_ovulatory,cycle,6,H2_duncan1993_any,strict_herzog,True,25,25,0.0,0.0,1.3877787807814457e-17,0.13319225093904846,0.0,,
window_false_positive,ge_1_seizure_day_per_month,healthy_ovulatory,full,full_diary,H2_duncan1993_any,strict_herzog,True,33,33,0.0,0.0,0.0,0.10426999754245206,0.0,,
window_false_positive,ge_1_seizure_day_per_month,population,calendar,1,H2_duncan1993_any,strict_herzog,True,37,37,2.0,0.05405405405405406,0.014950976833157673,0.17704654350813104,0.0,,
window_false_positive,ge_1_seizure_day_per_month,population,calendar,3,H2_duncan1993_any,strict_herzog,True,37,37,1.0,0.02702702702702703,0.004786974451940429,0.13824069863730518,0.0,,
window_false_positive,ge_1_seizure_day_per_month,population,calendar,4,H2_duncan1993_any,strict_herzog,True,40,40,1.0,0.025,0.0044268315026814095,0.1288136896347409,0.0,,
window_false_positive,ge_1_seizure_day_per_month,population,calendar,6,H2_duncan1993_any,strict_herzog,True,40,40,0.0,0.0,0.0,0.08762160119728664,0.0,,
window_false_positive,ge_1_seizure_day_per_month,population,cycle,3,H2_duncan1993_any,strict_herzog,True,42,42,1.0,0.023809523809523808,0.004215404134432499,0.12321201573766646,0.0,,
window_false_positive,ge_1_seizure_day_per_month,population,cycle,6,H2_duncan1993_any,strict_herzog,True,13,13,0.0,0.0,0.0,0.22809537235419838,0.0,,
window_false_positive,ge_1_seizure_day_per_month,population,full,full_diary,H2_duncan1993_any,strict_herzog,True,40,40,0.0,0.0,0.0,0.08762160119728664,0.0,,
window_false_positive,ge_1_seizure_day_per_month,healthy_ovulatory,calendar,1,H3_herzog1997_twofold_any,strict_herzog,True,32,32,14.0,0.4375,0.2816533111504036,0.6067440886314801,0.0,,
window_false_positive,ge_1_seizure_day_per_month,healthy_ovulatory,calendar,3,H3_herzog1997_twofold_any,strict_herzog,True,34,34,12.0,0.35294117647058826,0.21487920594879492,0.5208603688021826,0.0,,
window_false_positive,ge_1_seizure_day_per_month,healthy_ovulatory,calendar,4,H3_herzog1997_twofold_any,strict_herzog,True,33,33,5.0,0.15151515151515152,0.06650457281607568,0.3091987588044212,0.0,,
window_false_positive,ge_1_seizure_day_per_month,healthy_ovulatory,calendar,6,H3_herzog1997_twofold_any,strict_herzog,True,33,33,6.0,0.18181818181818182,0.08610768208940667,0.3438823163466992,0.0,,
window_false_positive,ge_1_seizure_day_per_month,healthy_ovulatory,cycle,3,H3_herzog1997_twofold_any,strict_herzog,True,31,31,8.0,0.25806451612903225,0.13701705906393744,0.43246135809433794,0.0,,
window_false_positive,ge_1_seizure_day_per_month,healthy_ovulatory,cycle,6,H3_herzog1997_twofold_any,strict_herzog,True,25,25,7.0,0.28,0.14283853850956563,0.47576605190361576,0.0,,
window_false_positive,ge_1_seizure_day_per_month,healthy_ovulatory,full,full_diary,H3_herzog1997_twofold_any,strict_herzog,True,33,33,6.0,0.18181818181818182,0.08610768208940667,0.3438823163466992,0.0,,
window_false_positive,ge_1_seizure_day_per_month,population,calendar,1,H3_herzog1997_twofold_any,strict_herzog,True,37,37,20.0,0.5405405405405406,0.3838404689217949,0.6896143019562697,0.0,,
window_false_positive,ge_1_seizure_day_per_month,population,calendar,3,H3_herzog1997_twofold_any,strict_herzog,True,37,37,17.0,0.4594594594594595,0.3103856980437303,0.6161595310782052,0.0,,
window_false_positive,ge_1_seizure_day_per_month,population,calendar,4,H3_herzog1997_twofold_any,strict_herzog,True,40,40,22.0,0.55,0.39829091798932054,0.6929469218909508,0.0,,
window_false_positive,ge_1_seizure_day_per_month,population,calendar,6,H3_herzog1997_twofold_any,strict_herzog,True,40,40,19.0,0.475,0.329354701126789,0.6250263789330753,0.0,,
window_false_positive,ge_1_seizure_day_per_month,population,cycle,3,H3_herzog1997_twofold_any,strict_herzog,True,42,42,25.0,0.5952380952380952,0.44494312750039344,0.7295713885251867,0.0,,
window_false_positive,ge_1_seizure_day_per_month,population,cycle,6,H3_herzog1997_twofold_any,strict_herzog,True,13,13,5.0,0.38461538461538464,0.17709707797762575,0.6447710848733431,0.0,,
window_false_positive,ge_1_seizure_day_per_month,population,full,full_diary,H3_herzog1997_twofold_any,strict_herzog,True,40,40,19.0,0.475,0.329354701126789,0.6250263789330753,0.0,,
window_false_positive,ge_1_seizure_day_per_month,healthy_ovulatory,calendar,1,H4_reddy2007_any_phase2x_any,strict_herzog,True,32,32,29.0,0.90625,0.7578184527161212,0.9675984487016337,0.0,,
window_false_positive,ge_1_seizure_day_per_month,healthy_ovulatory,calendar,3,H4_reddy2007_any_phase2x_any,strict_herzog,True,34,34,23.0,0.6764705882352942,0.508428945939082,0.808683564359745,0.0,,
window_false_positive,ge_1_seizure_day_per_month,healthy_ovulatory,calendar,4,H4_reddy2007_any_phase2x_any,strict_herzog,True,33,33,22.0,0.6666666666666666,0.4960789442780561,0.8024977232077931,0.0,,
window_false_positive,ge_1_seizure_day_per_month,healthy_ovulatory,calendar,6,H4_reddy2007_any_phase2x_any,strict_herzog,True,33,33,13.0,0.3939393939393939,0.2468310743447709,0.5631655918005977,0.0,,
window_false_positive,ge_1_seizure_day_per_month,healthy_ovulatory,cycle,3,H4_reddy2007_any_phase2x_any,strict_herzog,True,31,31,23.0,0.7419354838709677,0.5675386419056621,0.8629829409360625,0.0,,
window_false_positive,ge_1_seizure_day_per_month,healthy_ovulatory,cycle,6,H4_reddy2007_any_phase2x_any,strict_herzog,True,25,25,13.0,0.52,0.3349851695035678,0.6996871404588704,0.0,,
window_false_positive,ge_1_seizure_day_per_month,healthy_ovulatory,full,full_diary,H4_reddy2007_any_phase2x_any,strict_herzog,True,33,33,13.0,0.3939393939393939,0.2468310743447709,0.5631655918005977,0.0,,
window_false_positive,ge_1_seizure_day_per_month,population,calendar,1,H4_reddy2007_any_phase2x_any,strict_herzog,True,37,37,35.0,0.9459459459459459,0.822953456491869,0.9850490231668423,0.0,,
window_false_positive,ge_1_seizure_day_per_month,population,calendar,3,H4_reddy2007_any_phase2x_any,strict_herzog,True,37,37,26.0,0.7027027027027027,0.5421686408886435,0.8251052135016799,0.0,,
window_false_positive,ge_1_seizure_day_per_month,population,calendar,4,H4_reddy2007_any_phase2x_any,strict_herzog,True,40,40,27.0,0.675,0.5201774618987768,0.799154977682173,0.0,,
window_false_positive,ge_1_seizure_day_per_month,population,calendar,6,H4_reddy2007_any_phase2x_any,strict_herzog,True,40,40,17.0,0.425,0.28509392559950375,0.5780493145800892,0.0,,
window_false_positive,ge_1_seizure_day_per_month,population,cycle,3,H4_reddy2007_any_phase2x_any,strict_herzog,True,42,42,33.0,0.7857142857142857,0.640601546836771,0.8829420012399696,0.0,,
window_false_positive,ge_1_seizure_day_per_month,population,cycle,6,H4_reddy2007_any_phase2x_any,strict_herzog,True,13,13,6.0,0.46153846153846156,0.23206067809538303,0.7085620428549398,0.0,,
window_false_positive,ge_1_seizure_day_per_month,population,full,full_diary,H4_reddy2007_any_phase2x_any,strict_herzog,True,40,40,17.0,0.425,0.28509392559950375,0.5780493145800892,0.0,,
window_false_positive,ge_2_seizures_per_month,healthy_ovulatory,calendar,1,A_exact_any,strict_herzog,False,26,0,0.0,,,,1.0,,
window_false_positive,ge_2_seizures_per_month,healthy_ovulatory,calendar,3,A_exact_any,strict_herzog,False,27,0,0.0,,,,1.0,,
window_false_positive,ge_2_seizures_per_month,healthy_ovulatory,calendar,4,A_exact_any,strict_herzog,False,26,0,0.0,,,,1.0,,
window_false_positive,ge_2_seizures_per_month,healthy_ovulatory,calendar,6,A_exact_any,strict_herzog,False,26,0,0.0,,,,1.0,,
window_false_positive,ge_2_seizures_per_month,healthy_ovulatory,cycle,3,A_exact_any,strict_herzog,False,24,16,4.0,0.25,0.10182067491213048,0.49498316535508774,0.33333333333333337,,
window_false_positive,ge_2_seizures_per_month,healthy_ovulatory,cycle,6,A_exact_any,strict_herzog,False,19,0,0.0,,,,1.0,,
window_false_positive,ge_2_seizures_per_month,healthy_ovulatory,full,full_diary,A_exact_any,strict_herzog,False,26,0,0.0,,,,1.0,,
window_false_positive,ge_2_seizures_per_month,population,calendar,1,A_exact_any,strict_herzog,False,30,0,0.0,,,,1.0,,
window_false_positive,ge_2_seizures_per_month,population,calendar,3,A_exact_any,strict_herzog,False,28,0,0.0,,,,1.0,,
window_false_positive,ge_2_seizures_per_month,population,calendar,4,A_exact_any,strict_herzog,False,30,0,0.0,,,,1.0,,
window_false_positive,ge_2_seizures_per_month,population,calendar,6,A_exact_any,strict_herzog,False,29,0,0.0,,,,1.0,,
window_false_positive,ge_2_seizures_per_month,population,cycle,3,A_exact_any,strict_herzog,False,32,16,6.0,0.375,0.18481232558863633,0.6135895945449727,0.5,,
window_false_positive,ge_2_seizures_per_month,population,cycle,6,A_exact_any,strict_herzog,False,10,0,0.0,,,,1.0,,
window_false_positive,ge_2_seizures_per_month,population,full,full_diary,A_exact_any,strict_herzog,False,29,0,0.0,,,,1.0,,
window_false_positive,ge_2_seizures_per_month,healthy_ovulatory,calendar,1,A_windowed_any,strict_herzog,False,26,26,11.0,0.4230769230769231,0.2554444331365656,0.6105138625340828,0.0,,
window_false_positive,ge_2_seizures_per_month,healthy_ovulatory,calendar,3,A_windowed_any,strict_herzog,False,27,27,12.0,0.4444444444444444,0.27585858177023004,0.6268697548677552,0.0,,
window_false_positive,ge_2_seizures_per_month,healthy_ovulatory,calendar,4,A_windowed_any,strict_herzog,False,26,26,7.0,0.2692307692307692,0.13704448322018375,0.4608304037917617,0.0,,
window_false_positive,ge_2_seizures_per_month,healthy_ovulatory,calendar,6,A_windowed_any,strict_herzog,False,26,26,7.0,0.2692307692307692,0.13704448322018375,0.4608304037917617,0.0,,
window_false_positive,ge_2_seizures_per_month,healthy_ovulatory,cycle,3,A_windowed_any,strict_herzog,False,24,24,8.0,0.3333333333333333,0.1797219032729775,0.5329368316186824,0.0,,
window_false_positive,ge_2_seizures_per_month,healthy_ovulatory,cycle,6,A_windowed_any,strict_herzog,False,19,19,6.0,0.3157894736842105,0.1536437908779228,0.5398959232467253,0.0,,
window_false_positive,ge_2_seizures_per_month,healthy_ovulatory,full,full_diary,A_windowed_any,strict_herzog,False,26,26,7.0,0.2692307692307692,0.13704448322018375,0.4608304037917617,0.0,,
window_false_positive,ge_2_seizures_per_month,population,calendar,1,A_windowed_any,strict_herzog,False,30,30,15.0,0.5,0.33154125640533766,0.6684587435946623,0.0,,
window_false_positive,ge_2_seizures_per_month,population,calendar,3,A_windowed_any,strict_herzog,False,28,28,12.0,0.42857142857142855,0.26508547124123694,0.6092921437253123,0.0,,
window_false_positive,ge_2_seizures_per_month,population,calendar,4,A_windowed_any,strict_herzog,False,30,30,15.0,0.5,0.33154125640533766,0.6684587435946623,0.0,,
window_false_positive,ge_2_seizures_per_month,population,calendar,6,A_windowed_any,strict_herzog,False,29,29,12.0,0.41379310344827586,0.255131773413224,0.5926216401212141,0.0,,
window_false_positive,ge_2_seizures_per_month,population,cycle,3,A_windowed_any,strict_herzog,False,32,32,19.0,0.59375,0.42260024875382873,0.7448036515733456,0.0,,
window_false_positive,ge_2_seizures_per_month,population,cycle,6,A_windowed_any,strict_herzog,False,10,10,4.0,0.4,0.16818032970623614,0.6873262302663417,0.0,,
window_false_positive,ge_2_seizures_per_month,population,full,full_diary,A_windowed_any,strict_herzog,False,29,29,12.0,0.41379310344827586,0.255131773413224,0.5926216401212141,0.0,,
window_false_positive,ge_2_seizures_per_month,healthy_ovulatory,calendar,1,A_windowed_excluding_C3,strict_herzog,False,26,26,11.0,0.4230769230769231,0.2554444331365656,0.6105138625340828,0.0,,
window_false_positive,ge_2_seizures_per_month,healthy_ovulatory,calendar,3,A_windowed_excluding_C3,strict_herzog,False,27,27,12.0,0.4444444444444444,0.27585858177023004,0.6268697548677552,0.0,,
window_false_positive,ge_2_seizures_per_month,healthy_ovulatory,calendar,4,A_windowed_excluding_C3,strict_herzog,False,26,26,7.0,0.2692307692307692,0.13704448322018375,0.4608304037917617,0.0,,
window_false_positive,ge_2_seizures_per_month,healthy_ovulatory,calendar,6,A_windowed_excluding_C3,strict_herzog,False,26,26,7.0,0.2692307692307692,0.13704448322018375,0.4608304037917617,0.0,,
window_false_positive,ge_2_seizures_per_month,healthy_ovulatory,cycle,3,A_windowed_excluding_C3,strict_herzog,False,24,24,8.0,0.3333333333333333,0.1797219032729775,0.5329368316186824,0.0,,
window_false_positive,ge_2_seizures_per_month,healthy_ovulatory,cycle,6,A_windowed_excluding_C3,strict_herzog,False,19,19,6.0,0.3157894736842105,0.1536437908779228,0.5398959232467253,0.0,,
window_false_positive,ge_2_seizures_per_month,healthy_ovulatory,full,full_diary,A_windowed_excluding_C3,strict_herzog,False,26,26,7.0,0.2692307692307692,0.13704448322018375,0.4608304037917617,0.0,,
window_false_positive,ge_2_seizures_per_month,population,calendar,1,A_windowed_excluding_C3,strict_herzog,False,30,30,14.0,0.4666666666666667,0.30232388907699753,0.638577003801267,0.0,,
window_false_positive,ge_2_seizures_per_month,population,calendar,3,A_windowed_excluding_C3,strict_herzog,False,28,28,10.0,0.35714285714285715,0.2070582950773768,0.5416969348557219,0.0,,
window_false_positive,ge_2_seizures_per_month,population,calendar,4,A_windowed_excluding_C3,strict_herzog,False,30,30,15.0,0.5,0.33154125640533766,0.6684587435946623,0.0,,
window_false_positive,ge_2_seizures_per_month,population,calendar,6,A_windowed_excluding_C3,strict_herzog,False,29,29,11.0,0.3793103448275862,0.2268802210080984,0.5599745579401147,0.0,,
window_false_positive,ge_2_seizures_per_month,population,cycle,3,A_windowed_excluding_C3,strict_herzog,False,32,32,17.0,0.53125,0.3644951711897464,0.6913061289193116,0.0,,
window_false_positive,ge_2_seizures_per_month,population,cycle,6,A_windowed_excluding_C3,strict_herzog,False,10,10,4.0,0.4,0.16818032970623614,0.6873262302663417,0.0,,
window_false_positive,ge_2_seizures_per_month,population,full,full_diary,A_windowed_excluding_C3,strict_herzog,False,29,29,11.0,0.3793103448275862,0.2268802210080984,0.5599745579401147,0.0,,
window_false_positive,ge_2_seizures_per_month,healthy_ovulatory,calendar,1,A_windowed_C1_only,strict_herzog,False,26,24,7.0,0.2916666666666667,0.14914648196960875,0.49167693664496637,0.07692307692307687,,
window_false_positive,ge_2_seizures_per_month,healthy_ovulatory,calendar,3,A_windowed_C1_only,strict_herzog,False,27,27,6.0,0.2222222222222222,0.10607239452360037,0.4075692886663257,0.0,,
window_false_positive,ge_2_seizures_per_month,healthy_ovulatory,calendar,4,A_windowed_C1_only,strict_herzog,False,26,26,6.0,0.23076923076923078,0.11033849405783291,0.42051554078943687,0.0,,
window_false_positive,ge_2_seizures_per_month,healthy_ovulatory,calendar,6,A_windowed_C1_only,strict_herzog,False,26,26,7.0,0.2692307692307692,0.13704448322018375,0.4608304037917617,0.0,,
window_false_positive,ge_2_seizures_per_month,healthy_ovulatory,cycle,3,A_windowed_C1_only,strict_herzog,False,24,24,5.0,0.20833333333333334,0.09244825352851857,0.40470453253188665,0.0,,
window_false_positive,ge_2_seizures_per_month,healthy_ovulatory,cycle,6,A_windowed_C1_only,strict_herzog,False,19,19,5.0,0.2631578947368421,0.11806412346782508,0.487915508978151,0.0,,
window_false_positive,ge_2_seizures_per_month,healthy_ovulatory,full,full_diary,A_windowed_C1_only,strict_herzog,False,26,26,7.0,0.2692307692307692,0.13704448322018375,0.4608304037917617,0.0,,
window_false_positive,ge_2_seizures_per_month,population,calendar,1,A_windowed_C1_only,strict_herzog,False,30,25,6.0,0.24,0.11496313693401444,0.4342968335542908,0.16666666666666663,,
window_false_positive,ge_2_seizures_per_month,population,calendar,3,A_windowed_C1_only,strict_herzog,False,28,28,7.0,0.25,0.12676494919293313,0.4335567031899896,0.0,,
window_false_positive,ge_2_seizures_per_month,population,calendar,4,A_windowed_C1_only,strict_herzog,False,30,30,11.0,0.36666666666666664,0.21873920806100708,0.5448643634520511,0.0,,
window_false_positive,ge_2_seizures_per_month,population,calendar,6,A_windowed_C1_only,strict_herzog,False,29,29,8.0,0.27586206896551724,0.14698755102087954,0.45717132416865935,0.0,,
window_false_positive,ge_2_seizures_per_month,population,cycle,3,A_windowed_C1_only,strict_herzog,False,32,32,12.0,0.375,0.22933887309454212,0.5474559264692255,0.0,,
window_false_positive,ge_2_seizures_per_month,population,cycle,6,A_windowed_C1_only,strict_herzog,False,10,10,2.0,0.2,0.05668215145437519,0.5098375284633583,0.0,,
window_false_positive,ge_2_seizures_per_month,population,full,full_diary,A_windowed_C1_only,strict_herzog,False,29,29,8.0,0.27586206896551724,0.14698755102087954,0.45717132416865935,0.0,,
window_false_positive,ge_2_seizures_per_month,healthy_ovulatory,calendar,1,A_windowed_C2_only,strict_herzog,False,26,26,7.0,0.2692307692307692,0.13704448322018375,0.4608304037917617,0.0,,
window_false_positive,ge_2_seizures_per_month,healthy_ovulatory,calendar,3,A_windowed_C2_only,strict_herzog,False,27,27,7.0,0.25925925925925924,0.1317037456190719,0.44678571314553067,0.0,,
window_false_positive,ge_2_seizures_per_month,healthy_ovulatory,calendar,4,A_windowed_C2_only,strict_herzog,False,26,26,2.0,0.07692307692307693,0.0213550884722762,0.2414155377162906,0.0,,
window_false_positive,ge_2_seizures_per_month,healthy_ovulatory,calendar,6,A_windowed_C2_only,strict_herzog,False,26,26,1.0,0.038461538461538464,0.006821984993543487,0.18892778903034757,0.0,,
window_false_positive,ge_2_seizures_per_month,healthy_ovulatory,cycle,3,A_windowed_C2_only,strict_herzog,False,24,24,3.0,0.125,0.04344334080123444,0.31003881270500067,0.0,,
window_false_positive,ge_2_seizures_per_month,healthy_ovulatory,cycle,6,A_windowed_C2_only,strict_herzog,False,19,19,2.0,0.10526315789473684,0.02935856029887013,0.31394082711109006,0.0,,
window_false_positive,ge_2_seizures_per_month,healthy_ovulatory,full,full_diary,A_windowed_C2_only,strict_herzog,False,26,26,1.0,0.038461538461538464,0.006821984993543487,0.18892778903034757,0.0,,
window_false_positive,ge_2_seizures_per_month,population,calendar,1,A_windowed_C2_only,strict_herzog,False,30,29,9.0,0.3103448275862069,0.17275616744483216,0.4923013423309317,0.033333333333333326,,
window_false_positive,ge_2_seizures_per_month,population,calendar,3,A_windowed_C2_only,strict_herzog,False,28,28,8.0,0.2857142857142857,0.15253996056669092,0.4705928843329571,0.0,,
window_false_positive,ge_2_seizures_per_month,population,calendar,4,A_windowed_C2_only,strict_herzog,False,30,30,10.0,0.3333333333333333,0.19230498083676134,0.5121994835545616,0.0,,
window_false_positive,ge_2_seizures_per_month,population,calendar,6,A_windowed_C2_only,strict_herzog,False,29,29,6.0,0.20689655172413793,0.09846070197841039,0.38390090403867905,0.0,,
window_false_positive,ge_2_seizures_per_month,population,cycle,3,A_windowed_C2_only,strict_herzog,False,32,32,11.0,0.34375,0.20410437924433172,0.5168891202103778,0.0,,
window_false_positive,ge_2_seizures_per_month,population,cycle,6,A_windowed_C2_only,strict_herzog,False,10,10,2.0,0.2,0.05668215145437519,0.5098375284633583,0.0,,
window_false_positive,ge_2_seizures_per_month,population,full,full_diary,A_windowed_C2_only,strict_herzog,False,29,29,6.0,0.20689655172413793,0.09846070197841039,0.38390090403867905,0.0,,
window_false_positive,ge_2_seizures_per_month,healthy_ovulatory,calendar,1,A_windowed_C3_only,strict_herzog,False,26,0,0.0,,,,1.0,,
window_false_positive,ge_2_seizures_per_month,healthy_ovulatory,calendar,3,A_windowed_C3_only,strict_herzog,False,27,0,0.0,,,,1.0,,
window_false_positive,ge_2_seizures_per_month,healthy_ovulatory,calendar,4,A_windowed_C3_only,strict_herzog,False,26,0,0.0,,,,1.0,,
window_false_positive,ge_2_seizures_per_month,healthy_ovulatory,calendar,6,A_windowed_C3_only,strict_herzog,False,26,0,0.0,,,,1.0,,
window_false_positive,ge_2_seizures_per_month,healthy_ovulatory,cycle,3,A_windowed_C3_only,strict_herzog,False,24,0,0.0,,,,1.0,,
window_false_positive,ge_2_seizures_per_month,healthy_ovulatory,cycle,6,A_windowed_C3_only,strict_herzog,False,19,0,0.0,,,,1.0,,
window_false_positive,ge_2_seizures_per_month,healthy_ovulatory,full,full_diary,A_windowed_C3_only,strict_herzog,False,26,0,0.0,,,,1.0,,
window_false_positive,ge_2_seizures_per_month,population,calendar,1,A_windowed_C3_only,strict_herzog,False,30,7,5.0,0.7142857142857143,0.35893445183261935,0.9177810759959433,0.7666666666666666,,
window_false_positive,ge_2_seizures_per_month,population,calendar,3,A_windowed_C3_only,strict_herzog,False,28,12,5.0,0.4166666666666667,0.19326031365875665,0.6804886874504503,0.5714285714285714,,
window_false_positive,ge_2_seizures_per_month,population,calendar,4,A_windowed_C3_only,strict_herzog,False,30,11,2.0,0.18181818181818182,0.05136768974608513,0.4769805619608442,0.6333333333333333,,
window_false_positive,ge_2_seizures_per_month,population,calendar,6,A_windowed_C3_only,strict_herzog,False,29,14,4.0,0.2857142857142857,0.11721378644576919,0.5464908432989318,0.5172413793103448,,
window_false_positive,ge_2_seizures_per_month,population,cycle,3,A_windowed_C3_only,strict_herzog,False,32,8,3.0,0.375,0.13684428582359742,0.6942576053973727,0.75,,
window_false_positive,ge_2_seizures_per_month,population,cycle,6,A_windowed_C3_only,strict_herzog,False,10,3,0.0,0.0,5.551115123125783e-17,0.5614970317550454,0.7,,
window_false_positive,ge_2_seizures_per_month,population,full,full_diary,A_windowed_C3_only,strict_herzog,False,29,14,4.0,0.2857142857142857,0.11721378644576919,0.5464908432989318,0.5172413793103448,,
window_false_positive,ge_2_seizures_per_month,healthy_ovulatory,calendar,1,B_minimum_data_any,strict_herzog,False,26,0,0.0,,,,1.0,,
window_false_positive,ge_2_seizures_per_month,healthy_ovulatory,calendar,3,B_minimum_data_any,strict_herzog,False,27,0,0.0,,,,1.0,,
window_false_positive,ge_2_seizures_per_month,healthy_ovulatory,calendar,4,B_minimum_data_any,strict_herzog,False,26,26,7.0,0.2692307692307692,0.13704448322018375,0.4608304037917617,0.0,,
window_false_positive,ge_2_seizures_per_month,healthy_ovulatory,calendar,6,B_minimum_data_any,strict_herzog,False,26,26,7.0,0.2692307692307692,0.13704448322018375,0.4608304037917617,0.0,,
window_false_positive,ge_2_seizures_per_month,healthy_ovulatory,cycle,3,B_minimum_data_any,strict_herzog,False,24,0,0.0,,,,1.0,,
window_false_positive,ge_2_seizures_per_month,healthy_ovulatory,cycle,6,B_minimum_data_any,strict_herzog,False,19,19,6.0,0.3157894736842105,0.1536437908779228,0.5398959232467253,0.0,,
window_false_positive,ge_2_seizures_per_month,healthy_ovulatory,full,full_diary,B_minimum_data_any,strict_herzog,False,26,26,7.0,0.2692307692307692,0.13704448322018375,0.4608304037917617,0.0,,
window_false_positive,ge_2_seizures_per_month,population,calendar,1,B_minimum_data_any,strict_herzog,False,30,0,0.0,,,,1.0,,
window_false_positive,ge_2_seizures_per_month,population,calendar,3,B_minimum_data_any,strict_herzog,False,28,0,0.0,,,,1.0,,
window_false_positive,ge_2_seizures_per_month,population,calendar,4,B_minimum_data_any,strict_herzog,False,30,30,15.0,0.5,0.33154125640533766,0.6684587435946623,0.0,,
window_false_positive,ge_2_seizures_per_month,population,calendar,6,B_minimum_data_any,strict_herzog,False,29,29,12.0,0.41379310344827586,0.255131773413224,0.5926216401212141,0.0,,
window_false_positive,ge_2_seizures_per_month,population,cycle,3,B_minimum_data_any,strict_herzog,False,32,1,1.0,1.0,0.20654931437723745,1.0,0.96875,,
window_false_positive,ge_2_seizures_per_month,population,cycle,6,B_minimum_data_any,strict_herzog,False,10,10,4.0,0.4,0.16818032970623614,0.6873262302663417,0.0,,
window_false_positive,ge_2_seizures_per_month,population,full,full_diary,B_minimum_data_any,strict_herzog,False,29,29,12.0,0.41379310344827586,0.255131773413224,0.5926216401212141,0.0,,
window_false_positive,ge_2_seizures_per_month,healthy_ovulatory,calendar,1,B_minimum_data_excluding_C3,strict_herzog,False,26,0,0.0,,,,1.0,,
window_false_positive,ge_2_seizures_per_month,healthy_ovulatory,calendar,3,B_minimum_data_excluding_C3,strict_herzog,False,27,0,0.0,,,,1.0,,
window_false_positive,ge_2_seizures_per_month,healthy_ovulatory,calendar,4,B_minimum_data_excluding_C3,strict_herzog,False,26,26,7.0,0.2692307692307692,0.13704448322018375,0.4608304037917617,0.0,,
window_false_positive,ge_2_seizures_per_month,healthy_ovulatory,calendar,6,B_minimum_data_excluding_C3,strict_herzog,False,26,26,7.0,0.2692307692307692,0.13704448322018375,0.4608304037917617,0.0,,
window_false_positive,ge_2_seizures_per_month,healthy_ovulatory,cycle,3,B_minimum_data_excluding_C3,strict_herzog,False,24,0,0.0,,,,1.0,,
window_false_positive,ge_2_seizures_per_month,healthy_ovulatory,cycle,6,B_minimum_data_excluding_C3,strict_herzog,False,19,19,6.0,0.3157894736842105,0.1536437908779228,0.5398959232467253,0.0,,
window_false_positive,ge_2_seizures_per_month,healthy_ovulatory,full,full_diary,B_minimum_data_excluding_C3,strict_herzog,False,26,26,7.0,0.2692307692307692,0.13704448322018375,0.4608304037917617,0.0,,
window_false_positive,ge_2_seizures_per_month,population,calendar,1,B_minimum_data_excluding_C3,strict_herzog,False,30,0,0.0,,,,1.0,,
window_false_positive,ge_2_seizures_per_month,population,calendar,3,B_minimum_data_excluding_C3,strict_herzog,False,28,0,0.0,,,,1.0,,
window_false_positive,ge_2_seizures_per_month,population,calendar,4,B_minimum_data_excluding_C3,strict_herzog,False,30,30,15.0,0.5,0.33154125640533766,0.6684587435946623,0.0,,
window_false_positive,ge_2_seizures_per_month,population,calendar,6,B_minimum_data_excluding_C3,strict_herzog,False,29,29,11.0,0.3793103448275862,0.2268802210080984,0.5599745579401147,0.0,,
window_false_positive,ge_2_seizures_per_month,population,cycle,3,B_minimum_data_excluding_C3,strict_herzog,False,32,1,1.0,1.0,0.20654931437723745,1.0,0.96875,,
window_false_positive,ge_2_seizures_per_month,population,cycle,6,B_minimum_data_excluding_C3,strict_herzog,False,10,10,4.0,0.4,0.16818032970623614,0.6873262302663417,0.0,,
window_false_positive,ge_2_seizures_per_month,population,full,full_diary,B_minimum_data_excluding_C3,strict_herzog,False,29,29,11.0,0.3793103448275862,0.2268802210080984,0.5599745579401147,0.0,,
window_false_positive,ge_2_seizures_per_month,healthy_ovulatory,calendar,1,C_reproducibility_any,strict_herzog,False,26,0,0.0,,,,1.0,,
window_false_positive,ge_2_seizures_per_month,healthy_ovulatory,calendar,3,C_reproducibility_any,strict_herzog,False,27,0,0.0,,,,1.0,,
window_false_positive,ge_2_seizures_per_month,healthy_ovulatory,calendar,4,C_reproducibility_any,strict_herzog,False,26,0,0.0,,,,1.0,,
window_false_positive,ge_2_seizures_per_month,healthy_ovulatory,calendar,6,C_reproducibility_any,strict_herzog,False,26,13,2.0,0.15384615384615385,0.043258178358081184,0.4223463101948254,0.5,,
window_false_positive,ge_2_seizures_per_month,healthy_ovulatory,cycle,3,C_reproducibility_any,strict_herzog,False,24,0,0.0,,,,1.0,,
window_false_positive,ge_2_seizures_per_month,healthy_ovulatory,cycle,6,C_reproducibility_any,strict_herzog,False,19,13,2.0,0.15384615384615385,0.043258178358081184,0.4223463101948254,0.3157894736842105,,
window_false_positive,ge_2_seizures_per_month,healthy_ovulatory,full,full_diary,C_reproducibility_any,strict_herzog,False,26,13,2.0,0.15384615384615385,0.043258178358081184,0.4223463101948254,0.5,,
window_false_positive,ge_2_seizures_per_month,population,calendar,1,C_reproducibility_any,strict_herzog,False,30,0,0.0,,,,1.0,,
window_false_positive,ge_2_seizures_per_month,population,calendar,3,C_reproducibility_any,strict_herzog,False,28,0,0.0,,,,1.0,,
window_false_positive,ge_2_seizures_per_month,population,calendar,4,C_reproducibility_any,strict_herzog,False,30,0,0.0,,,,1.0,,
window_false_positive,ge_2_seizures_per_month,population,calendar,6,C_reproducibility_any,strict_herzog,False,29,7,0.0,0.0,5.551115123125783e-17,0.35433043506668743,0.7586206896551724,,
window_false_positive,ge_2_seizures_per_month,population,cycle,3,C_reproducibility_any,strict_herzog,False,32,0,0.0,,,,1.0,,
window_false_positive,ge_2_seizures_per_month,population,cycle,6,C_reproducibility_any,strict_herzog,False,10,7,0.0,0.0,5.551115123125783e-17,0.35433043506668743,0.30000000000000004,,
window_false_positive,ge_2_seizures_per_month,population,full,full_diary,C_reproducibility_any,strict_herzog,False,29,7,0.0,0.0,5.551115123125783e-17,0.35433043506668743,0.7586206896551724,,
window_false_positive,ge_2_seizures_per_month,healthy_ovulatory,calendar,1,C_reproducibility_12cycle_any,strict_herzog,False,26,0,0.0,,,,1.0,,
window_false_positive,ge_2_seizures_per_month,healthy_ovulatory,calendar,3,C_reproducibility_12cycle_any,strict_herzog,False,27,0,0.0,,,,1.0,,
window_false_positive,ge_2_seizures_per_month,healthy_ovulatory,calendar,4,C_reproducibility_12cycle_any,strict_herzog,False,26,0,0.0,,,,1.0,,
window_false_positive,ge_2_seizures_per_month,healthy_ovulatory,calendar,6,C_reproducibility_12cycle_any,strict_herzog,False,26,0,0.0,,,,1.0,,
window_false_positive,ge_2_seizures_per_month,healthy_ovulatory,cycle,3,C_reproducibility_12cycle_any,strict_herzog,False,24,0,0.0,,,,1.0,,
window_false_positive,ge_2_seizures_per_month,healthy_ovulatory,cycle,6,C_reproducibility_12cycle_any,strict_herzog,False,19,0,0.0,,,,1.0,,
window_false_positive,ge_2_seizures_per_month,healthy_ovulatory,full,full_diary,C_reproducibility_12cycle_any,strict_herzog,False,26,0,0.0,,,,1.0,,
window_false_positive,ge_2_seizures_per_month,population,calendar,1,C_reproducibility_12cycle_any,strict_herzog,False,30,0,0.0,,,,1.0,,
window_false_positive,ge_2_seizures_per_month,population,calendar,3,C_reproducibility_12cycle_any,strict_herzog,False,28,0,0.0,,,,1.0,,
window_false_positive,ge_2_seizures_per_month,population,calendar,4,C_reproducibility_12cycle_any,strict_herzog,False,30,0,0.0,,,,1.0,,
window_false_positive,ge_2_seizures_per_month,population,calendar,6,C_reproducibility_12cycle_any,strict_herzog,False,29,0,0.0,,,,1.0,,
window_false_positive,ge_2_seizures_per_month,population,cycle,3,C_reproducibility_12cycle_any,strict_herzog,False,32,0,0.0,,,,1.0,,
window_false_positive,ge_2_seizures_per_month,population,cycle,6,C_reproducibility_12cycle_any,strict_herzog,False,10,0,0.0,,,,1.0,,
window_false_positive,ge_2_seizures_per_month,population,full,full_diary,C_reproducibility_12cycle_any,strict_herzog,False,29,0,0.0,,,,1.0,,
window_false_positive,ge_2_seizures_per_month,healthy_ovulatory,calendar,1,D_nb_regression_any,strict_herzog,False,26,0,0.0,,,,1.0,,
window_false_positive,ge_2_seizures_per_month,healthy_ovulatory,calendar,3,D_nb_regression_any,strict_herzog,False,27,0,0.0,,,,1.0,,
window_false_positive,ge_2_seizures_per_month,healthy_ovulatory,calendar,4,D_nb_regression_any,strict_herzog,False,26,26,1.0,0.038461538461538464,0.006821984993543487,0.18892778903034757,0.0,,
window_false_positive,ge_2_seizures_per_month,healthy_ovulatory,calendar,6,D_nb_regression_any,strict_herzog,False,26,26,1.0,0.038461538461538464,0.006821984993543487,0.18892778903034757,0.0,,
window_false_positive,ge_2_seizures_per_month,healthy_ovulatory,cycle,3,D_nb_regression_any,strict_herzog,False,24,0,0.0,,,,1.0,,
window_false_positive,ge_2_seizures_per_month,healthy_ovulatory,cycle,6,D_nb_regression_any,strict_herzog,False,19,19,1.0,0.05263157894736842,0.009351994062300362,0.24638731166898786,0.0,,
window_false_positive,ge_2_seizures_per_month,healthy_ovulatory,full,full_diary,D_nb_regression_any,strict_herzog,False,26,26,1.0,0.038461538461538464,0.006821984993543487,0.18892778903034757,0.0,,
window_false_positive,ge_2_seizures_per_month,population,calendar,1,D_nb_regression_any,strict_herzog,False,30,0,0.0,,,,1.0,,
window_false_positive,ge_2_seizures_per_month,population,calendar,3,D_nb_regression_any,strict_herzog,False,28,0,0.0,,,,1.0,,
window_false_positive,ge_2_seizures_per_month,population,calendar,4,D_nb_regression_any,strict_herzog,False,30,30,0.0,0.0,0.0,0.11351339317396876,0.0,,
window_false_positive,ge_2_seizures_per_month,population,calendar,6,D_nb_regression_any,strict_herzog,False,29,29,3.0,0.10344827586206896,0.03581489135067707,0.26385081090773804,0.0,,
window_false_positive,ge_2_seizures_per_month,population,cycle,3,D_nb_regression_any,strict_herzog,False,32,1,0.0,0.0,0.0,0.7934506856227626,0.96875,,
window_false_positive,ge_2_seizures_per_month,population,cycle,6,D_nb_regression_any,strict_herzog,False,10,10,0.0,0.0,0.0,0.2775327998628892,0.0,,
window_false_positive,ge_2_seizures_per_month,population,full,full_diary,D_nb_regression_any,strict_herzog,False,29,29,3.0,0.10344827586206896,0.03581489135067707,0.26385081090773804,0.0,,
window_false_positive,ge_2_seizures_per_month,healthy_ovulatory,calendar,1,D_nb_regression_window_alpha_any,strict_herzog,False,26,0,0.0,,,,1.0,,
window_false_positive,ge_2_seizures_per_month,healthy_ovulatory,calendar,3,D_nb_regression_window_alpha_any,strict_herzog,False,27,0,0.0,,,,1.0,,
window_false_positive,ge_2_seizures_per_month,healthy_ovulatory,calendar,4,D_nb_regression_window_alpha_any,strict_herzog,False,26,0,0.0,,,,1.0,,
window_false_positive,ge_2_seizures_per_month,healthy_ovulatory,calendar,6,D_nb_regression_window_alpha_any,strict_herzog,False,26,0,0.0,,,,1.0,,
window_false_positive,ge_2_seizures_per_month,healthy_ovulatory,cycle,3,D_nb_regression_window_alpha_any,strict_herzog,False,24,0,0.0,,,,1.0,,
window_false_positive,ge_2_seizures_per_month,healthy_ovulatory,cycle,6,D_nb_regression_window_alpha_any,strict_herzog,False,19,0,0.0,,,,1.0,,
window_false_positive,ge_2_seizures_per_month,healthy_ovulatory,full,full_diary,D_nb_regression_window_alpha_any,strict_herzog,False,26,26,1.0,0.038461538461538464,0.006821984993543487,0.18892778903034757,0.0,,
window_false_positive,ge_2_seizures_per_month,population,calendar,1,D_nb_regression_window_alpha_any,strict_herzog,False,30,0,0.0,,,,1.0,,
window_false_positive,ge_2_seizures_per_month,population,calendar,3,D_nb_regression_window_alpha_any,strict_herzog,False,28,0,0.0,,,,1.0,,
window_false_positive,ge_2_seizures_per_month,population,calendar,4,D_nb_regression_window_alpha_any,strict_herzog,False,30,0,0.0,,,,1.0,,
window_false_positive,ge_2_seizures_per_month,population,calendar,6,D_nb_regression_window_alpha_any,strict_herzog,False,29,0,0.0,,,,1.0,,
window_false_positive,ge_2_seizures_per_month,population,cycle,3,D_nb_regression_window_alpha_any,strict_herzog,False,32,0,0.0,,,,1.0,,
window_false_positive,ge_2_seizures_per_month,population,cycle,6,D_nb_regression_window_alpha_any,strict_herzog,False,10,0,0.0,,,,1.0,,
window_false_positive,ge_2_seizures_per_month,population,full,full_diary,D_nb_regression_window_alpha_any,strict_herzog,False,29,29,3.0,0.10344827586206896,0.03581489135067707,0.26385081090773804,0.0,,
window_false_positive,ge_2_seizures_per_month,healthy_ovulatory,calendar,1,H1_newmark_penry_any,strict_herzog,True,26,26,2.0,0.07692307692307693,0.0213550884722762,0.2414155377162906,0.0,,
window_false_positive,ge_2_seizures_per_month,healthy_ovulatory,calendar,3,H1_newmark_penry_any,strict_herzog,True,27,27,3.0,0.1111111111111111,0.038520348283098374,0.2805780081827982,0.0,,
window_false_positive,ge_2_seizures_per_month,healthy_ovulatory,calendar,4,H1_newmark_penry_any,strict_herzog,True,26,26,1.0,0.038461538461538464,0.006821984993543487,0.18892778903034757,0.0,,
window_false_positive,ge_2_seizures_per_month,healthy_ovulatory,calendar,6,H1_newmark_penry_any,strict_herzog,True,26,26,0.0,0.0,0.0,0.1287289218592153,0.0,,
window_false_positive,ge_2_seizures_per_month,healthy_ovulatory,cycle,3,H1_newmark_penry_any,strict_herzog,True,24,24,2.0,0.08333333333333333,0.023158815297043306,0.25848802193210685,0.0,,
window_false_positive,ge_2_seizures_per_month,healthy_ovulatory,cycle,6,H1_newmark_penry_any,strict_herzog,True,19,19,0.0,0.0,0.0,0.16817922405261626,0.0,,
window_false_positive,ge_2_seizures_per_month,healthy_ovulatory,full,full_diary,H1_newmark_penry_any,strict_herzog,True,26,26,0.0,0.0,0.0,0.1287289218592153,0.0,,
window_false_positive,ge_2_seizures_per_month,population,calendar,1,H1_newmark_penry_any,strict_herzog,True,30,30,5.0,0.16666666666666666,0.0733654237184855,0.3356435050641603,0.0,,
window_false_positive,ge_2_seizures_per_month,population,calendar,3,H1_newmark_penry_any,strict_herzog,True,28,28,2.0,0.07142857142857142,0.01981206411530574,0.22645362568399052,0.0,,
window_false_positive,ge_2_seizures_per_month,population,calendar,4,H1_newmark_penry_any,strict_herzog,True,30,30,2.0,0.06666666666666667,0.018477023791270378,0.2132345836261692,0.0,,
window_false_positive,ge_2_seizures_per_month,population,calendar,6,H1_newmark_penry_any,strict_herzog,True,29,29,2.0,0.06896551724137931,0.019121266169433354,0.21964580150275695,0.0,,
window_false_positive,ge_2_seizures_per_month,population,cycle,3,H1_newmark_penry_any,strict_herzog,True,32,32,5.0,0.15625,0.0686442028250571,0.3175414959753039,0.0,,
window_false_positive,ge_2_seizures_per_month,population,cycle,6,H1_newmark_penry_any,strict_herzog,True,10,10,0.0,0.0,0.0,0.2775327998628892,0.0,,
window_false_positive,ge_2_seizures_per_month,population,full,full_diary,H1_newmark_penry_any,strict_herzog,True,29,29,2.0,0.06896551724137931,0.019121266169433354,0.21964580150275695,0.0,,
window_false_positive,ge_2_seizures_per_month,healthy_ovulatory,calendar,1,H1_newmark_penry_66_7_any,strict_herzog,True,26,26,1.0,0.038461538461538464,0.006821984993543487,0.18892778903034757,0.0,,
window_false_positive,ge_2_seizures_per_month,healthy_ovulatory,calendar,3,H1_newmark_penry_66_7_any,strict_herzog,True,27,27,0.0,0.0,0.0,0.12455502974186705,0.0,,
window_false_positive,ge_2_seizures_per_month,healthy_ovulatory,calendar,4,H1_newmark_penry_66_7_any,strict_herzog,True,26,26,0.0,0.0,0.0,0.1287289218592153,0.0,,
window_false_positive,ge_2_seizures_per_month,healthy_ovulatory,calendar,6,H1_newmark_penry_66_7_any,strict_herzog,True,26,26,0.0,0.0,0.0,0.1287289218592153,0.0,,
window_false_positive,ge_2_seizures_per_month,healthy_ovulatory,cycle,3,H1_newmark_penry_66_7_any,strict_herzog,True,24,24,0.0,0.0,1.3877787807814457e-17,0.13797620467498017,0.0,,
window_false_positive,ge_2_seizures_per_month,healthy_ovulatory,cycle,6,H1_newmark_penry_66_7_any,strict_herzog,True,19,19,0.0,0.0,0.0,0.16817922405261626,0.0,,
window_false_positive,ge_2_seizures_per_month,healthy_ovulatory,full,full_diary,H1_newmark_penry_66_7_any,strict_herzog,True,26,26,0.0,0.0,0.0,0.1287289218592153,0.0,,
window_false_positive,ge_2_seizures_per_month,population,calendar,1,H1_newmark_penry_66_7_any,strict_herzog,True,30,30,1.0,0.03333333333333333,0.005908590381612455,0.16670390991409173,0.0,,
window_false_positive,ge_2_seizures_per_month,population,calendar,3,H1_newmark_penry_66_7_any,strict_herzog,True,28,28,1.0,0.03571428571428571,0.0063325198490377654,0.17712197743353317,0.0,,
window_false_positive,ge_2_seizures_per_month,population,calendar,4,H1_newmark_penry_66_7_any,strict_herzog,True,30,30,0.0,0.0,0.0,0.11351339317396876,0.0,,
window_false_positive,ge_2_seizures_per_month,population,calendar,6,H1_newmark_penry_66_7_any,strict_herzog,True,29,29,0.0,0.0,0.0,0.11696979849974075,0.0,,
window_false_positive,ge_2_seizures_per_month,population,cycle,3,H1_newmark_penry_66_7_any,strict_herzog,True,32,32,1.0,0.03125,0.005537860164003122,0.15744263820012558,0.0,,
window_false_positive,ge_2_seizures_per_month,population,cycle,6,H1_newmark_penry_66_7_any,strict_herzog,True,10,10,0.0,0.0,0.0,0.2775327998628892,0.0,,
window_false_positive,ge_2_seizures_per_month,population,full,full_diary,H1_newmark_penry_66_7_any,strict_herzog,True,29,29,0.0,0.0,0.0,0.11696979849974075,0.0,,
window_false_positive,ge_2_seizures_per_month,healthy_ovulatory,calendar,1,H2_duncan1993_any,strict_herzog,True,26,26,4.0,0.15384615384615385,0.06150033723578355,0.3353119932821348,0.0,,
window_false_positive,ge_2_seizures_per_month,healthy_ovulatory,calendar,3,H2_duncan1993_any,strict_herzog,True,27,27,0.0,0.0,0.0,0.12455502974186705,0.0,,
window_false_positive,ge_2_seizures_per_month,healthy_ovulatory,calendar,4,H2_duncan1993_any,strict_herzog,True,26,26,0.0,0.0,0.0,0.1287289218592153,0.0,,
window_false_positive,ge_2_seizures_per_month,healthy_ovulatory,calendar,6,H2_duncan1993_any,strict_herzog,True,26,26,0.0,0.0,0.0,0.1287289218592153,0.0,,
window_false_positive,ge_2_seizures_per_month,healthy_ovulatory,cycle,3,H2_duncan1993_any,strict_herzog,True,24,24,1.0,0.041666666666666664,0.0073934561655057685,0.20241806478655938,0.0,,
window_false_positive,ge_2_seizures_per_month,healthy_ovulatory,cycle,6,H2_duncan1993_any,strict_herzog,True,19,19,0.0,0.0,0.0,0.16817922405261626,0.0,,
window_false_positive,ge_2_seizures_per_month,healthy_ovulatory,full,full_diary,H2_duncan1993_any,strict_herzog,True,26,26,0.0,0.0,0.0,0.1287289218592153,0.0,,
window_false_positive,ge_2_seizures_per_month,population,calendar,1,H2_duncan1993_any,strict_herzog,True,30,30,1.0,0.03333333333333333,0.005908590381612455,0.16670390991409173,0.0,,
window_false_positive,ge_2_seizures_per_month,population,calendar,3,H2_duncan1993_any,strict_herzog,True,28,28,0.0,0.0,1.3877787807814457e-17,0.12064330476584563,0.0,,
window_false_positive,ge_2_seizures_per_month,population,calendar,4,H2_duncan1993_any,strict_herzog,True,30,30,0.0,0.0,0.0,0.11351339317396876,0.0,,
window_false_positive,ge_2_seizures_per_month,population,calendar,6,H2_duncan1993_any,strict_herzog,True,29,29,0.0,0.0,0.0,0.11696979849974075,0.0,,
window_false_positive,ge_2_seizures_per_month,population,cycle,3,H2_duncan1993_any,strict_herzog,True,32,32,1.0,0.03125,0.005537860164003122,0.15744263820012558,0.0,,
window_false_positive,ge_2_seizures_per_month,population,cycle,6,H2_duncan1993_any,strict_herzog,True,10,10,0.0,0.0,0.0,0.2775327998628892,0.0,,
window_false_positive,ge_2_seizures_per_month,population,full,full_diary,H2_duncan1993_any,strict_herzog,True,29,29,0.0,0.0,0.0,0.11696979849974075,0.0,,
window_false_positive,ge_2_seizures_per_month,healthy_ovulatory,calendar,1,H3_herzog1997_twofold_any,strict_herzog,True,26,26,11.0,0.4230769230769231,0.2554444331365656,0.6105138625340828,0.0,,
window_false_positive,ge_2_seizures_per_month,healthy_ovulatory,calendar,3,H3_herzog1997_twofold_any,strict_herzog,True,27,27,11.0,0.4074074074074074,0.24514757074395555,0.592732990319353,0.0,,
window_false_positive,ge_2_seizures_per_month,healthy_ovulatory,calendar,4,H3_herzog1997_twofold_any,strict_herzog,True,26,26,5.0,0.19230769230769232,0.0850706114894241,0.3787625711931699,0.0,,
window_false_positive,ge_2_seizures_per_month,healthy_ovulatory,calendar,6,H3_herzog1997_twofold_any,strict_herzog,True,26,26,3.0,0.11538461538461539,0.04003244623610615,0.2897590321171364,0.0,,
window_false_positive,ge_2_seizures_per_month,healthy_ovulatory,cycle,3,H3_herzog1997_twofold_any,strict_herzog,True,24,24,5.0,0.20833333333333334,0.09244825352851857,0.40470453253188665,0.0,,
window_false_positive,ge_2_seizures_per_month,healthy_ovulatory,cycle,6,H3_herzog1997_twofold_any,strict_herzog,True,19,19,4.0,0.21052631578947367,0.08507676632916253,0.43334278443814167,0.0,,
window_false_positive,ge_2_seizures_per_month,healthy_ovulatory,full,full_diary,H3_herzog1997_twofold_any,strict_herzog,True,26,26,3.0,0.11538461538461539,0.04003244623610615,0.2897590321171364,0.0,,
window_false_positive,ge_2_seizures_per_month,population,calendar,1,H3_herzog1997_twofold_any,strict_herzog,True,30,30,15.0,0.5,0.33154125640533766,0.6684587435946623,0.0,,
window_false_positive,ge_2_seizures_per_month,population,calendar,3,H3_herzog1997_twofold_any,strict_herzog,True,28,28,11.0,0.39285714285714285,0.2356568654157959,0.5759095570340281,0.0,,
window_false_positive,ge_2_seizures_per_month,population,calendar,4,H3_herzog1997_twofold_any,strict_herzog,True,30,30,14.0,0.4666666666666667,0.30232388907699753,0.638577003801267,0.0,,
window_false_positive,ge_2_seizures_per_month,population,calendar,6,H3_herzog1997_twofold_any,strict_herzog,True,29,29,11.0,0.3793103448275862,0.2268802210080984,0.5599745579401147,0.0,,
window_false_positive,ge_2_seizures_per_month,population,cycle,3,H3_herzog1997_twofold_any,strict_herzog,True,32,32,17.0,0.53125,0.3644951711897464,0.6913061289193116,0.0,,
window_false_positive,ge_2_seizures_per_month,population,cycle,6,H3_herzog1997_twofold_any,strict_herzog,True,10,10,2.0,0.2,0.05668215145437519,0.5098375284633583,0.0,,
window_false_positive,ge_2_seizures_per_month,population,full,full_diary,H3_herzog1997_twofold_any,strict_herzog,True,29,29,11.0,0.3793103448275862,0.2268802210080984,0.5599745579401147,0.0,,
window_false_positive,ge_2_seizures_per_month,healthy_ovulatory,calendar,1,H4_reddy2007_any_phase2x_any,strict_herzog,True,26,26,23.0,0.8846153846153846,0.7102409678828635,0.9599675537638938,0.0,,
window_false_positive,ge_2_seizures_per_month,healthy_ovulatory,calendar,3,H4_reddy2007_any_phase2x_any,strict_herzog,True,27,27,17.0,0.6296296296296297,0.4422923441210239,0.784674870390344,0.0,,
window_false_positive,ge_2_seizures_per_month,healthy_ovulatory,calendar,4,H4_reddy2007_any_phase2x_any,strict_herzog,True,26,26,18.0,0.6923076923076923,0.5001174167780164,0.8349868440453624,0.0,,
window_false_positive,ge_2_seizures_per_month,healthy_ovulatory,calendar,6,H4_reddy2007_any_phase2x_any,strict_herzog,True,26,26,9.0,0.34615384615384615,0.19412230322940519,0.5377942881118919,0.0,,
window_false_positive,ge_2_seizures_per_month,healthy_ovulatory,cycle,3,H4_reddy2007_any_phase2x_any,strict_herzog,True,24,24,17.0,0.7083333333333334,0.5083230633550337,0.8508535180303913,0.0,,
window_false_positive,ge_2_seizures_per_month,healthy_ovulatory,cycle,6,H4_reddy2007_any_phase2x_any,strict_herzog,True,19,19,9.0,0.47368421052631576,0.2732980516117956,0.6829219075488682,0.0,,
window_false_positive,ge_2_seizures_per_month,healthy_ovulatory,full,full_diary,H4_reddy2007_any_phase2x_any,strict_herzog,True,26,26,9.0,0.34615384615384615,0.19412230322940519,0.5377942881118919,0.0,,
window_false_positive,ge_2_seizures_per_month,population,calendar,1,H4_reddy2007_any_phase2x_any,strict_herzog,True,30,30,28.0,0.9333333333333333,0.7867654163738308,0.9815229762087295,0.0,,
window_false_positive,ge_2_seizures_per_month,population,calendar,3,H4_reddy2007_any_phase2x_any,strict_herzog,True,28,28,19.0,0.6785714285714286,0.49338843180857617,0.8206675307750504,0.0,,
window_false_positive,ge_2_seizures_per_month,population,calendar,4,H4_reddy2007_any_phase2x_any,strict_herzog,True,30,30,18.0,0.6,0.42320360253322475,0.7540937188319815,0.0,,
window_false_positive,ge_2_seizures_per_month,population,calendar,6,H4_reddy2007_any_phase2x_any,strict_herzog,True,29,29,11.0,0.3793103448275862,0.2268802210080984,0.5599745579401147,0.0,,
window_false_positive,ge_2_seizures_per_month,population,cycle,3,H4_reddy2007_any_phase2x_any,strict_herzog,True,32,32,25.0,0.78125,0.6124500635075647,0.8897616374739581,0.0,,
window_false_positive,ge_2_seizures_per_month,population,cycle,6,H4_reddy2007_any_phase2x_any,strict_herzog,True,10,10,4.0,0.4,0.16818032970623614,0.6873262302663417,0.0,,
window_false_positive,ge_2_seizures_per_month,population,full,full_diary,H4_reddy2007_any_phase2x_any,strict_herzog,True,29,29,11.0,0.3793103448275862,0.2268802210080984,0.5599745579401147,0.0,,
window_false_positive,strict_23_35_day_cycles_only,healthy_ovulatory,calendar,1,A_exact_any,strict_herzog,False,39,0,0.0,,,,1.0,,
window_false_positive,strict_23_35_day_cycles_only,healthy_ovulatory,calendar,3,A_exact_any,strict_herzog,False,28,0,0.0,,,,1.0,,
window_false_positive,strict_23_35_day_cycles_only,healthy_ovulatory,calendar,4,A_exact_any,strict_herzog,False,25,0,0.0,,,,1.0,,
window_false_positive,strict_23_35_day_cycles_only,healthy_ovulatory,calendar,6,A_exact_any,strict_herzog,False,21,0,0.0,,,,1.0,,
window_false_positive,strict_23_35_day_cycles_only,healthy_ovulatory,cycle,3,A_exact_any,strict_herzog,False,37,17,5.0,0.29411764705882354,0.1327998961029523,0.5313311006653985,0.5405405405405406,,
window_false_positive,strict_23_35_day_cycles_only,healthy_ovulatory,cycle,6,A_exact_any,strict_herzog,False,18,0,0.0,,,,1.0,,
window_false_positive,strict_23_35_day_cycles_only,healthy_ovulatory,full,full_diary,A_exact_any,strict_herzog,False,21,0,0.0,,,,1.0,,
window_false_positive,strict_23_35_day_cycles_only,population,calendar,1,A_exact_any,strict_herzog,False,27,0,0.0,,,,1.0,,
window_false_positive,strict_23_35_day_cycles_only,population,calendar,3,A_exact_any,strict_herzog,False,19,0,0.0,,,,1.0,,
window_false_positive,strict_23_35_day_cycles_only,population,calendar,4,A_exact_any,strict_herzog,False,15,0,0.0,,,,1.0,,
window_false_positive,strict_23_35_day_cycles_only,population,calendar,6,A_exact_any,strict_herzog,False,13,0,0.0,,,,1.0,,
window_false_positive,strict_23_35_day_cycles_only,population,cycle,3,A_exact_any,strict_herzog,False,21,19,8.0,0.42105263157894735,0.23141891282454238,0.6372409646574496,0.09523809523809523,,
window_false_positive,strict_23_35_day_cycles_only,population,cycle,6,A_exact_any,strict_herzog,False,9,0,0.0,,,,1.0,,
window_false_positive,strict_23_35_day_cycles_only,population,full,full_diary,A_exact_any,strict_herzog,False,13,0,0.0,,,,1.0,,
window_false_positive,strict_23_35_day_cycles_only,healthy_ovulatory,calendar,1,A_windowed_any,strict_herzog,False,39,24,12.0,0.5,0.3142742581957335,0.6857257418042665,0.3846153846153846,,
window_false_positive,strict_23_35_day_cycles_only,healthy_ovulatory,calendar,3,A_windowed_any,strict_herzog,False,28,22,9.0,0.4090909090909091,0.2325581619647187,0.6126518152368488,0.2142857142857143,,
window_false_positive,strict_23_35_day_cycles_only,healthy_ovulatory,calendar,4,A_windowed_any,strict_herzog,False,25,22,8.0,0.36363636363636365,0.19733204670366122,0.5704829190986899,0.12,,
window_false_positive,strict_23_35_day_cycles_only,healthy_ovulatory,calendar,6,A_windowed_any,strict_herzog,False,21,19,9.0,0.47368421052631576,0.2732980516117956,0.6829219075488682,0.09523809523809523,,
window_false_positive,strict_23_35_day_cycles_only,healthy_ovulatory,cycle,3,A_windowed_any,strict_herzog,False,37,30,9.0,0.3,0.16664748268243793,0.47875787458714947,0.18918918918918914,,
window_false_positive,strict_23_35_day_cycles_only,healthy_ovulatory,cycle,6,A_windowed_any,strict_herzog,False,18,17,7.0,0.4117647058823529,0.2161105679021481,0.6399455735700021,0.05555555555555558,,
window_false_positive,strict_23_35_day_cycles_only,healthy_ovulatory,full,full_diary,A_windowed_any,strict_herzog,False,21,19,9.0,0.47368421052631576,0.2732980516117956,0.6829219075488682,0.09523809523809523,,
window_false_positive,strict_23_35_day_cycles_only,population,calendar,1,A_windowed_any,strict_herzog,False,27,21,8.0,0.38095238095238093,0.20751011368564493,0.5912134622488425,0.2222222222222222,,
window_false_positive,strict_23_35_day_cycles_only,population,calendar,3,A_windowed_any,strict_herzog,False,19,19,5.0,0.2631578947368421,0.11806412346782508,0.487915508978151,0.0,,
window_false_positive,strict_23_35_day_cycles_only,population,calendar,4,A_windowed_any,strict_herzog,False,15,15,8.0,0.5333333333333333,0.30116980025498397,0.7519046463426261,0.0,,
window_false_positive,strict_23_35_day_cycles_only,population,calendar,6,A_windowed_any,strict_herzog,False,13,13,6.0,0.46153846153846156,0.23206067809538303,0.7085620428549398,0.0,,
window_false_positive,strict_23_35_day_cycles_only,population,cycle,3,A_windowed_any,strict_herzog,False,21,20,11.0,0.55,0.3420853424503424,0.7418021417443758,0.04761904761904767,,
window_false_positive,strict_23_35_day_cycles_only,population,cycle,6,A_windowed_any,strict_herzog,False,9,9,5.0,0.5555555555555556,0.26665129349549305,0.8112214789023355,0.0,,
window_false_positive,strict_23_35_day_cycles_only,population,full,full_diary,A_windowed_any,strict_herzog,False,13,13,6.0,0.46153846153846156,0.23206067809538303,0.7085620428549398,0.0,,
window_false_positive,strict_23_35_day_cycles_only,healthy_ovulatory,calendar,1,A_windowed_excluding_C3,strict_herzog,False,39,24,12.0,0.5,0.3142742581957335,0.6857257418042665,0.3846153846153846,,
window_false_positive,strict_23_35_day_cycles_only,healthy_ovulatory,calendar,3,A_windowed_excluding_C3,strict_herzog,False,28,22,9.0,0.4090909090909091,0.2325581619647187,0.6126518152368488,0.2142857142857143,,
window_false_positive,strict_23_35_day_cycles_only,healthy_ovulatory,calendar,4,A_windowed_excluding_C3,strict_herzog,False,25,22,8.0,0.36363636363636365,0.19733204670366122,0.5704829190986899,0.12,,
window_false_positive,strict_23_35_day_cycles_only,healthy_ovulatory,calendar,6,A_windowed_excluding_C3,strict_herzog,False,21,19,9.0,0.47368421052631576,0.2732980516117956,0.6829219075488682,0.09523809523809523,,
window_false_positive,strict_23_35_day_cycles_only,healthy_ovulatory,cycle,3,A_windowed_excluding_C3,strict_herzog,False,37,30,9.0,0.3,0.16664748268243793,0.47875787458714947,0.18918918918918914,,
window_false_positive,strict_23_35_day_cycles_only,healthy_ovulatory,cycle,6,A_windowed_excluding_C3,strict_herzog,False,18,17,7.0,0.4117647058823529,0.2161105679021481,0.6399455735700021,0.05555555555555558,,
window_false_positive,strict_23_35_day_cycles_only,healthy_ovulatory,full,full_diary,A_windowed_excluding_C3,strict_herzog,False,21,19,9.0,0.47368421052631576,0.2732980516117956,0.6829219075488682,0.09523809523809523,,
window_false_positive,strict_23_35_day_cycles_only,population,calendar,1,A_windowed_excluding_C3,strict_herzog,False,27,21,6.0,0.2857142857142857,0.1381386295212213,0.49956380716085597,0.2222222222222222,,
window_false_positive,strict_23_35_day_cycles_only,population,calendar,3,A_windowed_excluding_C3,strict_herzog,False,19,19,5.0,0.2631578947368421,0.11806412346782508,0.487915508978151,0.0,,
window_false_positive,strict_23_35_day_cycles_only,population,calendar,4,A_windowed_excluding_C3,strict_herzog,False,15,15,8.0,0.5333333333333333,0.30116980025498397,0.7519046463426261,0.0,,
window_false_positive,strict_23_35_day_cycles_only,population,calendar,6,A_windowed_excluding_C3,strict_herzog,False,13,13,6.0,0.46153846153846156,0.23206067809538303,0.7085620428549398,0.0,,
window_false_positive,strict_23_35_day_cycles_only,population,cycle,3,A_windowed_excluding_C3,strict_herzog,False,21,20,10.0,0.5,0.29929800819821234,0.7007019918017876,0.04761904761904767,,
window_false_positive,strict_23_35_day_cycles_only,population,cycle,6,A_windowed_excluding_C3,strict_herzog,False,9,9,5.0,0.5555555555555556,0.26665129349549305,0.8112214789023355,0.0,,
window_false_positive,strict_23_35_day_cycles_only,population,full,full_diary,A_windowed_excluding_C3,strict_herzog,False,13,13,6.0,0.46153846153846156,0.23206067809538303,0.7085620428549398,0.0,,
window_false_positive,strict_23_35_day_cycles_only,healthy_ovulatory,calendar,1,A_windowed_C1_only,strict_herzog,False,39,21,7.0,0.3333333333333333,0.17194752605083477,0.5462654802574476,0.46153846153846156,,
window_false_positive,strict_23_35_day_cycles_only,healthy_ovulatory,calendar,3,A_windowed_C1_only,strict_herzog,False,28,21,5.0,0.23809523809523808,0.10628013022636465,0.4509117368295076,0.25,,
window_false_positive,strict_23_35_day_cycles_only,healthy_ovulatory,calendar,4,A_windowed_C1_only,strict_herzog,False,25,19,4.0,0.21052631578947367,0.08507676632916253,0.43334278443814167,0.24,,
window_false_positive,strict_23_35_day_cycles_only,healthy_ovulatory,calendar,6,A_windowed_C1_only,strict_herzog,False,21,17,6.0,0.35294117647058826,0.17309720397243744,0.5869963651478132,0.19047619047619047,,
window_false_positive,strict_23_35_day_cycles_only,healthy_ovulatory,cycle,3,A_windowed_C1_only,strict_herzog,False,37,28,5.0,0.17857142857142858,0.07878501945604277,0.35591424789342946,0.2432432432432432,,
window_false_positive,strict_23_35_day_cycles_only,healthy_ovulatory,cycle,6,A_windowed_C1_only,strict_herzog,False,18,16,4.0,0.25,0.10182067491213048,0.49498316535508774,0.11111111111111116,,
window_false_positive,strict_23_35_day_cycles_only,healthy_ovulatory,full,full_diary,A_windowed_C1_only,strict_herzog,False,21,17,6.0,0.35294117647058826,0.17309720397243744,0.5869963651478132,0.19047619047619047,,
window_false_positive,strict_23_35_day_cycles_only,population,calendar,1,A_windowed_C1_only,strict_herzog,False,27,20,3.0,0.15,0.052368745896216595,0.36041886474075696,0.2592592592592593,,
window_false_positive,strict_23_35_day_cycles_only,population,calendar,3,A_windowed_C1_only,strict_herzog,False,19,19,5.0,0.2631578947368421,0.11806412346782508,0.487915508978151,0.0,,
window_false_positive,strict_23_35_day_cycles_only,population,calendar,4,A_windowed_C1_only,strict_herzog,False,15,15,6.0,0.4,0.1982449614134158,0.6425316987937539,0.0,,
window_false_positive,strict_23_35_day_cycles_only,population,calendar,6,A_windowed_C1_only,strict_herzog,False,13,13,3.0,0.23076923076923078,0.08179528718498569,0.5025637594672749,0.0,,
window_false_positive,strict_23_35_day_cycles_only,population,cycle,3,A_windowed_C1_only,strict_herzog,False,21,20,6.0,0.3,0.1454772448676043,0.5189728183535235,0.04761904761904767,,
window_false_positive,strict_23_35_day_cycles_only,population,cycle,6,A_windowed_C1_only,strict_herzog,False,9,9,4.0,0.4444444444444444,0.18877852109766452,0.733348706504507,0.0,,
window_false_positive,strict_23_35_day_cycles_only,population,full,full_diary,A_windowed_C1_only,strict_herzog,False,13,13,3.0,0.23076923076923078,0.08179528718498569,0.5025637594672749,0.0,,
window_false_positive,strict_23_35_day_cycles_only,healthy_ovulatory,calendar,1,A_windowed_C2_only,strict_herzog,False,39,23,7.0,0.30434782608695654,0.15604024453214022,0.508657562687592,0.41025641025641024,,
window_false_positive,strict_23_35_day_cycles_only,healthy_ovulatory,calendar,3,A_windowed_C2_only,strict_herzog,False,28,22,5.0,0.22727272727272727,0.10123039985248516,0.4343995317522171,0.2142857142857143,,
window_false_positive,strict_23_35_day_cycles_only,healthy_ovulatory,calendar,4,A_windowed_C2_only,strict_herzog,False,25,22,4.0,0.18181818181818182,0.07306884583422052,0.38516607437126543,0.12,,
window_false_positive,strict_23_35_day_cycles_only,healthy_ovulatory,calendar,6,A_windowed_C2_only,strict_herzog,False,21,19,6.0,0.3157894736842105,0.1536437908779228,0.5398959232467253,0.09523809523809523,,
window_false_positive,strict_23_35_day_cycles_only,healthy_ovulatory,cycle,3,A_windowed_C2_only,strict_herzog,False,37,30,4.0,0.13333333333333333,0.053096554840547455,0.296813266820363,0.18918918918918914,,
window_false_positive,strict_23_35_day_cycles_only,healthy_ovulatory,cycle,6,A_windowed_C2_only,strict_herzog,False,18,17,4.0,0.23529411764705882,0.09555044322080117,0.4726179811956498,0.05555555555555558,,
window_false_positive,strict_23_35_day_cycles_only,healthy_ovulatory,full,full_diary,A_windowed_C2_only,strict_herzog,False,21,19,6.0,0.3157894736842105,0.1536437908779228,0.5398959232467253,0.09523809523809523,,
window_false_positive,strict_23_35_day_cycles_only,population,calendar,1,A_windowed_C2_only,strict_herzog,False,27,20,4.0,0.2,0.08065766257979806,0.41601743225189364,0.2592592592592593,,
window_false_positive,strict_23_35_day_cycles_only,population,calendar,3,A_windowed_C2_only,strict_herzog,False,19,18,2.0,0.1111111111111111,0.03101952264561239,0.32799765130178804,0.052631578947368474,,
window_false_positive,strict_23_35_day_cycles_only,population,calendar,4,A_windowed_C2_only,strict_herzog,False,15,14,4.0,0.2857142857142857,0.11721378644576919,0.5464908432989318,0.06666666666666665,,
window_false_positive,strict_23_35_day_cycles_only,population,calendar,6,A_windowed_C2_only,strict_herzog,False,13,13,3.0,0.23076923076923078,0.08179528718498569,0.5025637594672749,0.0,,
window_false_positive,strict_23_35_day_cycles_only,population,cycle,3,A_windowed_C2_only,strict_herzog,False,21,20,6.0,0.3,0.1454772448676043,0.5189728183535235,0.04761904761904767,,
window_false_positive,strict_23_35_day_cycles_only,population,cycle,6,A_windowed_C2_only,strict_herzog,False,9,9,1.0,0.1111111111111111,0.019890887638544907,0.434999705576656,0.0,,
window_false_positive,strict_23_35_day_cycles_only,population,full,full_diary,A_windowed_C2_only,strict_herzog,False,13,13,3.0,0.23076923076923078,0.08179528718498569,0.5025637594672749,0.0,,
window_false_positive,strict_23_35_day_cycles_only,healthy_ovulatory,calendar,1,A_windowed_C3_only,strict_herzog,False,39,0,0.0,,,,1.0,,
window_false_positive,strict_23_35_day_cycles_only,healthy_ovulatory,calendar,3,A_windowed_C3_only,strict_herzog,False,28,0,0.0,,,,1.0,,
window_false_positive,strict_23_35_day_cycles_only,healthy_ovulatory,calendar,4,A_windowed_C3_only,strict_herzog,False,25,0,0.0,,,,1.0,,
window_false_positive,strict_23_35_day_cycles_only,healthy_ovulatory,calendar,6,A_windowed_C3_only,strict_herzog,False,21,0,0.0,,,,1.0,,
window_false_positive,strict_23_35_day_cycles_only,healthy_ovulatory,cycle,3,A_windowed_C3_only,strict_herzog,False,37,0,0.0,,,,1.0,,
window_false_positive,strict_23_35_day_cycles_only,healthy_ovulatory,cycle,6,A_windowed_C3_only,strict_herzog,False,18,0,0.0,,,,1.0,,
window_false_positive,strict_23_35_day_cycles_only,healthy_ovulatory,full,full_diary,A_windowed_C3_only,strict_herzog,False,21,0,0.0,,,,1.0,,
window_false_positive,strict_23_35_day_cycles_only,population,calendar,1,A_windowed_C3_only,strict_herzog,False,27,3,2.0,0.6666666666666666,0.2076596008020477,0.9385080552796037,0.8888888888888888,,
window_false_positive,strict_23_35_day_cycles_only,population,calendar,3,A_windowed_C3_only,strict_herzog,False,19,5,0.0,0.0,0.0,0.43448246478317476,0.736842105263158,,
window_false_positive,strict_23_35_day_cycles_only,population,calendar,4,A_windowed_C3_only,strict_herzog,False,15,2,0.0,0.0,0.0,0.6576197724933469,0.8666666666666667,,
window_false_positive,strict_23_35_day_cycles_only,population,calendar,6,A_windowed_C3_only,strict_herzog,False,13,2,0.0,0.0,0.0,0.6576197724933469,0.8461538461538461,,
window_false_positive,strict_23_35_day_cycles_only,population,cycle,3,A_windowed_C3_only,strict_herzog,False,21,3,1.0,0.3333333333333333,0.06149194472039621,0.7923403991979522,0.8571428571428572,,
window_false_positive,strict_23_35_day_cycles_only,population,cycle,6,A_windowed_C3_only,strict_herzog,False,9,2,0.0,0.0,0.0,0.6576197724933469,0.7777777777777778,,
window_false_positive,strict_23_35_day_cycles_only,population,full,full_diary,A_windowed_C3_only,strict_herzog,False,13,2,0.0,0.0,0.0,0.6576197724933469,0.8461538461538461,,
window_false_positive,strict_23_35_day_cycles_only,healthy_ovulatory,calendar,1,B_minimum_data_any,strict_herzog,False,39,0,0.0,,,,1.0,,
window_false_positive,strict_23_35_day_cycles_only,healthy_ovulatory,calendar,3,B_minimum_data_any,strict_herzog,False,28,0,0.0,,,,1.0,,
window_false_positive,strict_23_35_day_cycles_only,healthy_ovulatory,calendar,4,B_minimum_data_any,strict_herzog,False,25,16,5.0,0.3125,0.14164643854782039,0.5559564416525933,0.36,,
window_false_positive,strict_23_35_day_cycles_only,healthy_ovulatory,calendar,6,B_minimum_data_any,strict_herzog,False,21,13,5.0,0.38461538461538464,0.17709707797762575,0.6447710848733431,0.38095238095238093,,
window_false_positive,strict_23_35_day_cycles_only,healthy_ovulatory,cycle,3,B_minimum_data_any,strict_herzog,False,37,0,0.0,,,,1.0,,
window_false_positive,strict_23_35_day_cycles_only,healthy_ovulatory,cycle,6,B_minimum_data_any,strict_herzog,False,18,13,5.0,0.38461538461538464,0.17709707797762575,0.6447710848733431,0.2777777777777778,,
window_false_positive,strict_23_35_day_cycles_only,healthy_ovulatory,full,full_diary,B_minimum_data_any,strict_herzog,False,21,13,5.0,0.38461538461538464,0.17709707797762575,0.6447710848733431,0.38095238095238093,,
window_false_positive,strict_23_35_day_cycles_only,population,calendar,1,B_minimum_data_any,strict_herzog,False,27,0,0.0,,,,1.0,,
window_false_positive,strict_23_35_day_cycles_only,population,calendar,3,B_minimum_data_any,strict_herzog,False,19,0,0.0,,,,1.0,,
window_false_positive,strict_23_35_day_cycles_only,population,calendar,4,B_minimum_data_any,strict_herzog,False,15,13,7.0,0.5384615384615384,0.29143795714506004,0.7679393219046169,0.1333333333333333,,
window_false_positive,strict_23_35_day_cycles_only,population,calendar,6,B_minimum_data_any,strict_herzog,False,13,13,6.0,0.46153846153846156,0.23206067809538303,0.7085620428549398,0.0,,
window_false_positive,strict_23_35_day_cycles_only,population,cycle,3,B_minimum_data_any,strict_herzog,False,21,0,0.0,,,,1.0,,
window_false_positive,strict_23_35_day_cycles_only,population,cycle,6,B_minimum_data_any,strict_herzog,False,9,9,5.0,0.5555555555555556,0.26665129349549305,0.8112214789023355,0.0,,
window_false_positive,strict_23_35_day_cycles_only,population,full,full_diary,B_minimum_data_any,strict_herzog,False,13,13,6.0,0.46153846153846156,0.23206067809538303,0.7085620428549398,0.0,,
window_false_positive,strict_23_35_day_cycles_only,healthy_ovulatory,calendar,1,B_minimum_data_excluding_C3,strict_herzog,False,39,0,0.0,,,,1.0,,
window_false_positive,strict_23_35_day_cycles_only,healthy_ovulatory,calendar,3,B_minimum_data_excluding_C3,strict_herzog,False,28,0,0.0,,,,1.0,,
window_false_positive,strict_23_35_day_cycles_only,healthy_ovulatory,calendar,4,B_minimum_data_excluding_C3,strict_herzog,False,25,16,5.0,0.3125,0.14164643854782039,0.5559564416525933,0.36,,
window_false_positive,strict_23_35_day_cycles_only,healthy_ovulatory,calendar,6,B_minimum_data_excluding_C3,strict_herzog,False,21,13,5.0,0.38461538461538464,0.17709707797762575,0.6447710848733431,0.38095238095238093,,
window_false_positive,strict_23_35_day_cycles_only,healthy_ovulatory,cycle,3,B_minimum_data_excluding_C3,strict_herzog,False,37,0,0.0,,,,1.0,,
window_false_positive,strict_23_35_day_cycles_only,healthy_ovulatory,cycle,6,B_minimum_data_excluding_C3,strict_herzog,False,18,13,5.0,0.38461538461538464,0.17709707797762575,0.6447710848733431,0.2777777777777778,,
window_false_positive,strict_23_35_day_cycles_only,healthy_ovulatory,full,full_diary,B_minimum_data_excluding_C3,strict_herzog,False,21,13,5.0,0.38461538461538464,0.17709707797762575,0.6447710848733431,0.38095238095238093,,
window_false_positive,strict_23_35_day_cycles_only,population,calendar,1,B_minimum_data_excluding_C3,strict_herzog,False,27,0,0.0,,,,1.0,,
window_false_positive,strict_23_35_day_cycles_only,population,calendar,3,B_minimum_data_excluding_C3,strict_herzog,False,19,0,0.0,,,,1.0,,
window_false_positive,strict_23_35_day_cycles_only,population,calendar,4,B_minimum_data_excluding_C3,strict_herzog,False,15,13,7.0,0.5384615384615384,0.29143795714506004,0.7679393219046169,0.1333333333333333,,
window_false_positive,strict_23_35_day_cycles_only,population,calendar,6,B_minimum_data_excluding_C3,strict_herzog,False,13,13,6.0,0.46153846153846156,0.23206067809538303,0.7085620428549398,0.0,,
window_false_positive,strict_23_35_day_cycles_only,population,cycle,3,B_minimum_data_excluding_C3,strict_herzog,False,21,0,0.0,,,,1.0,,
window_false_positive,strict_23_35_day_cycles_only,population,cycle,6,B_minimum_data_excluding_C3,strict_herzog,False,9,9,5.0,0.5555555555555556,0.26665129349549305,0.8112214789023355,0.0,,
window_false_positive,strict_23_35_day_cycles_only,population,full,full_diary,B_minimum_data_excluding_C3,strict_herzog,False,13,13,6.0,0.46153846153846156,0.23206067809538303,0.7085620428549398,0.0,,
window_false_positive,strict_23_35_day_cycles_only,healthy_ovulatory,calendar,1,C_reproducibility_any,strict_herzog,False,39,0,0.0,,,,1.0,,
window_false_positive,strict_23_35_day_cycles_only,healthy_ovulatory,calendar,3,C_reproducibility_any,strict_herzog,False,28,0,0.0,,,,1.0,,
window_false_positive,strict_23_35_day_cycles_only,healthy_ovulatory,calendar,4,C_reproducibility_any,strict_herzog,False,25,0,0.0,,,,1.0,,
window_false_positive,strict_23_35_day_cycles_only,healthy_ovulatory,calendar,6,C_reproducibility_any,strict_herzog,False,21,8,2.0,0.25,0.071479212752109,0.5907245696898311,0.6190476190476191,,
window_false_positive,strict_23_35_day_cycles_only,healthy_ovulatory,cycle,3,C_reproducibility_any,strict_herzog,False,37,0,0.0,,,,1.0,,
window_false_positive,strict_23_35_day_cycles_only,healthy_ovulatory,cycle,6,C_reproducibility_any,strict_herzog,False,18,8,2.0,0.25,0.071479212752109,0.5907245696898311,0.5555555555555556,,
window_false_positive,strict_23_35_day_cycles_only,healthy_ovulatory,full,full_diary,C_reproducibility_any,strict_herzog,False,21,8,2.0,0.25,0.071479212752109,0.5907245696898311,0.6190476190476191,,
window_false_positive,strict_23_35_day_cycles_only,population,calendar,1,C_reproducibility_any,strict_herzog,False,27,0,0.0,,,,1.0,,
window_false_positive,strict_23_35_day_cycles_only,population,calendar,3,C_reproducibility_any,strict_herzog,False,19,0,0.0,,,,1.0,,
window_false_positive,strict_23_35_day_cycles_only,population,calendar,4,C_reproducibility_any,strict_herzog,False,15,0,0.0,,,,1.0,,
window_false_positive,strict_23_35_day_cycles_only,population,calendar,6,C_reproducibility_any,strict_herzog,False,13,4,0.0,0.0,0.0,0.4898908364545973,0.6923076923076923,,
window_false_positive,strict_23_35_day_cycles_only,population,cycle,3,C_reproducibility_any,strict_herzog,False,21,0,0.0,,,,1.0,,
window_false_positive,strict_23_35_day_cycles_only,population,cycle,6,C_reproducibility_any,strict_herzog,False,9,6,0.0,0.0,2.7755575615628914e-17,0.3903342879021653,0.33333333333333337,,
window_false_positive,strict_23_35_day_cycles_only,population,full,full_diary,C_reproducibility_any,strict_herzog,False,13,4,0.0,0.0,0.0,0.4898908364545973,0.6923076923076923,,
window_false_positive,strict_23_35_day_cycles_only,healthy_ovulatory,calendar,1,C_reproducibility_12cycle_any,strict_herzog,False,39,0,0.0,,,,1.0,,
window_false_positive,strict_23_35_day_cycles_only,healthy_ovulatory,calendar,3,C_reproducibility_12cycle_any,strict_herzog,False,28,0,0.0,,,,1.0,,
window_false_positive,strict_23_35_day_cycles_only,healthy_ovulatory,calendar,4,C_reproducibility_12cycle_any,strict_herzog,False,25,0,0.0,,,,1.0,,
window_false_positive,strict_23_35_day_cycles_only,healthy_ovulatory,calendar,6,C_reproducibility_12cycle_any,strict_herzog,False,21,0,0.0,,,,1.0,,
window_false_positive,strict_23_35_day_cycles_only,healthy_ovulatory,cycle,3,C_reproducibility_12cycle_any,strict_herzog,False,37,0,0.0,,,,1.0,,
window_false_positive,strict_23_35_day_cycles_only,healthy_ovulatory,cycle,6,C_reproducibility_12cycle_any,strict_herzog,False,18,0,0.0,,,,1.0,,
window_false_positive,strict_23_35_day_cycles_only,healthy_ovulatory,full,full_diary,C_reproducibility_12cycle_any,strict_herzog,False,21,0,0.0,,,,1.0,,
window_false_positive,strict_23_35_day_cycles_only,population,calendar,1,C_reproducibility_12cycle_any,strict_herzog,False,27,0,0.0,,,,1.0,,
window_false_positive,strict_23_35_day_cycles_only,population,calendar,3,C_reproducibility_12cycle_any,strict_herzog,False,19,0,0.0,,,,1.0,,
window_false_positive,strict_23_35_day_cycles_only,population,calendar,4,C_reproducibility_12cycle_any,strict_herzog,False,15,0,0.0,,,,1.0,,
window_false_positive,strict_23_35_day_cycles_only,population,calendar,6,C_reproducibility_12cycle_any,strict_herzog,False,13,0,0.0,,,,1.0,,
window_false_positive,strict_23_35_day_cycles_only,population,cycle,3,C_reproducibility_12cycle_any,strict_herzog,False,21,0,0.0,,,,1.0,,
window_false_positive,strict_23_35_day_cycles_only,population,cycle,6,C_reproducibility_12cycle_any,strict_herzog,False,9,0,0.0,,,,1.0,,
window_false_positive,strict_23_35_day_cycles_only,population,full,full_diary,C_reproducibility_12cycle_any,strict_herzog,False,13,0,0.0,,,,1.0,,
window_false_positive,strict_23_35_day_cycles_only,healthy_ovulatory,calendar,1,D_nb_regression_any,strict_herzog,False,39,0,0.0,,,,1.0,,
window_false_positive,strict_23_35_day_cycles_only,healthy_ovulatory,calendar,3,D_nb_regression_any,strict_herzog,False,28,0,0.0,,,,1.0,,
window_false_positive,strict_23_35_day_cycles_only,healthy_ovulatory,calendar,4,D_nb_regression_any,strict_herzog,False,25,16,1.0,0.0625,0.01111934476464252,0.28328737570298945,0.36,,
window_false_positive,strict_23_35_day_cycles_only,healthy_ovulatory,calendar,6,D_nb_regression_any,strict_herzog,False,21,13,1.0,0.07692307692307693,0.013710421242556586,0.3331395092109959,0.38095238095238093,,
window_false_positive,strict_23_35_day_cycles_only,healthy_ovulatory,cycle,3,D_nb_regression_any,strict_herzog,False,37,0,0.0,,,,1.0,,
window_false_positive,strict_23_35_day_cycles_only,healthy_ovulatory,cycle,6,D_nb_regression_any,strict_herzog,False,18,13,1.0,0.07692307692307693,0.013710421242556586,0.3331395092109959,0.2777777777777778,,
window_false_positive,strict_23_35_day_cycles_only,healthy_ovulatory,full,full_diary,D_nb_regression_any,strict_herzog,False,21,13,1.0,0.07692307692307693,0.013710421242556586,0.3331395092109959,0.38095238095238093,,
window_false_positive,strict_23_35_day_cycles_only,population,calendar,1,D_nb_regression_any,strict_herzog,False,27,0,0.0,,,,1.0,,
window_false_positive,strict_23_35_day_cycles_only,population,calendar,3,D_nb_regression_any,strict_herzog,False,19,0,0.0,,,,1.0,,
window_false_positive,strict_23_35_day_cycles_only,population,calendar,4,D_nb_regression_any,strict_herzog,False,15,13,0.0,0.0,0.0,0.22809537235419838,0.1333333333333333,,
window_false_positive,strict_23_35_day_cycles_only,population,calendar,6,D_nb_regression_any,strict_herzog,False,13,13,0.0,0.0,0.0,0.22809537235419838,0.0,,
window_false_positive,strict_23_35_day_cycles_only,population,cycle,3,D_nb_regression_any,strict_herzog,False,21,0,0.0,,,,1.0,,
window_false_positive,strict_23_35_day_cycles_only,population,cycle,6,D_nb_regression_any,strict_herzog,False,9,9,0.0,0.0,0.0,0.2991450484195441,0.0,,
window_false_positive,strict_23_35_day_cycles_only,population,full,full_diary,D_nb_regression_any,strict_herzog,False,13,13,0.0,0.0,0.0,0.22809537235419838,0.0,,
window_false_positive,strict_23_35_day_cycles_only,healthy_ovulatory,calendar,1,D_nb_regression_window_alpha_any,strict_herzog,False,39,0,0.0,,,,1.0,,
window_false_positive,strict_23_35_day_cycles_only,healthy_ovulatory,calendar,3,D_nb_regression_window_alpha_any,strict_herzog,False,28,0,0.0,,,,1.0,,
window_false_positive,strict_23_35_day_cycles_only,healthy_ovulatory,calendar,4,D_nb_regression_window_alpha_any,strict_herzog,False,25,0,0.0,,,,1.0,,
window_false_positive,strict_23_35_day_cycles_only,healthy_ovulatory,calendar,6,D_nb_regression_window_alpha_any,strict_herzog,False,21,0,0.0,,,,1.0,,
window_false_positive,strict_23_35_day_cycles_only,healthy_ovulatory,cycle,3,D_nb_regression_window_alpha_any,strict_herzog,False,37,0,0.0,,,,1.0,,
window_false_positive,strict_23_35_day_cycles_only,healthy_ovulatory,cycle,6,D_nb_regression_window_alpha_any,strict_herzog,False,18,0,0.0,,,,1.0,,
window_false_positive,strict_23_35_day_cycles_only,healthy_ovulatory,full,full_diary,D_nb_regression_window_alpha_any,strict_herzog,False,21,13,1.0,0.07692307692307693,0.013710421242556586,0.3331395092109959,0.38095238095238093,,
window_false_positive,strict_23_35_day_cycles_only,population,calendar,1,D_nb_regression_window_alpha_any,strict_herzog,False,27,0,0.0,,,,1.0,,
window_false_positive,strict_23_35_day_cycles_only,population,calendar,3,D_nb_regression_window_alpha_any,strict_herzog,False,19,0,0.0,,,,1.0,,
window_false_positive,strict_23_35_day_cycles_only,population,calendar,4,D_nb_regression_window_alpha_any,strict_herzog,False,15,0,0.0,,,,1.0,,
window_false_positive,strict_23_35_day_cycles_only,population,calendar,6,D_nb_regression_window_alpha_any,strict_herzog,False,13,0,0.0,,,,1.0,,
window_false_positive,strict_23_35_day_cycles_only,population,cycle,3,D_nb_regression_window_alpha_any,strict_herzog,False,21,0,0.0,,,,1.0,,
window_false_positive,strict_23_35_day_cycles_only,population,cycle,6,D_nb_regression_window_alpha_any,strict_herzog,False,9,0,0.0,,,,1.0,,
window_false_positive,strict_23_35_day_cycles_only,population,full,full_diary,D_nb_regression_window_alpha_any,strict_herzog,False,13,13,0.0,0.0,0.0,0.22809537235419838,0.0,,
window_false_positive,strict_23_35_day_cycles_only,healthy_ovulatory,calendar,1,H1_newmark_penry_any,strict_herzog,True,39,24,3.0,0.125,0.04344334080123444,0.31003881270500067,0.3846153846153846,,
window_false_positive,strict_23_35_day_cycles_only,healthy_ovulatory,calendar,3,H1_newmark_penry_any,strict_herzog,True,28,22,3.0,0.13636363636363635,0.04749003714055253,0.33334987166571717,0.2142857142857143,,
window_false_positive,strict_23_35_day_cycles_only,healthy_ovulatory,calendar,4,H1_newmark_penry_any,strict_herzog,True,25,22,1.0,0.045454545454545456,0.00806942762126385,0.21798045838657332,0.12,,
window_false_positive,strict_23_35_day_cycles_only,healthy_ovulatory,calendar,6,H1_newmark_penry_any,strict_herzog,True,21,19,0.0,0.0,0.0,0.16817922405261626,0.09523809523809523,,
window_false_positive,strict_23_35_day_cycles_only,healthy_ovulatory,cycle,3,H1_newmark_penry_any,strict_herzog,True,37,30,3.0,0.1,0.03459988874733419,0.25621082579184085,0.18918918918918914,,
window_false_positive,strict_23_35_day_cycles_only,healthy_ovulatory,cycle,6,H1_newmark_penry_any,strict_herzog,True,18,17,0.0,0.0,0.0,0.1843181350088518,0.05555555555555558,,
window_false_positive,strict_23_35_day_cycles_only,healthy_ovulatory,full,full_diary,H1_newmark_penry_any,strict_herzog,True,21,19,0.0,0.0,0.0,0.16817922405261626,0.09523809523809523,,
window_false_positive,strict_23_35_day_cycles_only,population,calendar,1,H1_newmark_penry_any,strict_herzog,True,27,21,3.0,0.14285714285714285,0.04981012499725268,0.34636060280620945,0.2222222222222222,,
window_false_positive,strict_23_35_day_cycles_only,population,calendar,3,H1_newmark_penry_any,strict_herzog,True,19,19,2.0,0.10526315789473684,0.02935856029887013,0.31394082711109006,0.0,,
window_false_positive,strict_23_35_day_cycles_only,population,calendar,4,H1_newmark_penry_any,strict_herzog,True,15,15,3.0,0.2,0.07047549346981563,0.45185448715169363,0.0,,
window_false_positive,strict_23_35_day_cycles_only,population,calendar,6,H1_newmark_penry_any,strict_herzog,True,13,13,1.0,0.07692307692307693,0.013710421242556586,0.3331395092109959,0.0,,
window_false_positive,strict_23_35_day_cycles_only,population,cycle,3,H1_newmark_penry_any,strict_herzog,True,21,20,2.0,0.1,0.027866481213768224,0.3010336452284873,0.04761904761904767,,
window_false_positive,strict_23_35_day_cycles_only,population,cycle,6,H1_newmark_penry_any,strict_herzog,True,9,9,1.0,0.1111111111111111,0.019890887638544907,0.434999705576656,0.0,,
window_false_positive,strict_23_35_day_cycles_only,population,full,full_diary,H1_newmark_penry_any,strict_herzog,True,13,13,1.0,0.07692307692307693,0.013710421242556586,0.3331395092109959,0.0,,
window_false_positive,strict_23_35_day_cycles_only,healthy_ovulatory,calendar,1,H1_newmark_penry_66_7_any,strict_herzog,True,39,24,2.0,0.08333333333333333,0.023158815297043306,0.25848802193210685,0.3846153846153846,,
window_false_positive,strict_23_35_day_cycles_only,healthy_ovulatory,calendar,3,H1_newmark_penry_66_7_any,strict_herzog,True,28,22,0.0,0.0,0.0,0.14865487460862087,0.2142857142857143,,
window_false_positive,strict_23_35_day_cycles_only,healthy_ovulatory,calendar,4,H1_newmark_penry_66_7_any,strict_herzog,True,25,22,0.0,0.0,0.0,0.14865487460862087,0.12,,
window_false_positive,strict_23_35_day_cycles_only,healthy_ovulatory,calendar,6,H1_newmark_penry_66_7_any,strict_herzog,True,21,19,0.0,0.0,0.0,0.16817922405261626,0.09523809523809523,,
window_false_positive,strict_23_35_day_cycles_only,healthy_ovulatory,cycle,3,H1_newmark_penry_66_7_any,strict_herzog,True,37,30,0.0,0.0,0.0,0.11351339317396876,0.18918918918918914,,
window_false_positive,strict_23_35_day_cycles_only,healthy_ovulatory,cycle,6,H1_newmark_penry_66_7_any,strict_herzog,True,18,17,0.0,0.0,0.0,0.1843181350088518,0.05555555555555558,,
window_false_positive,strict_23_35_day_cycles_only,healthy_ovulatory,full,full_diary,H1_newmark_penry_66_7_any,strict_herzog,True,21,19,0.0,0.0,0.0,0.16817922405261626,0.09523809523809523,,
window_false_positive,strict_23_35_day_cycles_only,population,calendar,1,H1_newmark_penry_66_7_any,strict_herzog,True,27,21,1.0,0.047619047619047616,0.008455987809826399,0.22669360074122563,0.2222222222222222,,
window_false_positive,strict_23_35_day_cycles_only,population,calendar,3,H1_newmark_penry_66_7_any,strict_herzog,True,19,19,1.0,0.05263157894736842,0.009351994062300362,0.24638731166898786,0.0,,
window_false_positive,strict_23_35_day_cycles_only,population,calendar,4,H1_newmark_penry_66_7_any,strict_herzog,True,15,15,1.0,0.06666666666666667,0.011866895493268553,0.2981652987378003,0.0,,
window_false_positive,strict_23_35_day_cycles_only,population,calendar,6,H1_newmark_penry_66_7_any,strict_herzog,True,13,13,1.0,0.07692307692307693,0.013710421242556586,0.3331395092109959,0.0,,
window_false_positive,strict_23_35_day_cycles_only,population,cycle,3,H1_newmark_penry_66_7_any,strict_herzog,True,21,20,0.0,0.0,0.0,0.16112515805281938,0.04761904761904767,,
window_false_positive,strict_23_35_day_cycles_only,population,cycle,6,H1_newmark_penry_66_7_any,strict_herzog,True,9,9,1.0,0.1111111111111111,0.019890887638544907,0.434999705576656,0.0,,
window_false_positive,strict_23_35_day_cycles_only,population,full,full_diary,H1_newmark_penry_66_7_any,strict_herzog,True,13,13,1.0,0.07692307692307693,0.013710421242556586,0.3331395092109959,0.0,,
window_false_positive,strict_23_35_day_cycles_only,healthy_ovulatory,calendar,1,H2_duncan1993_any,strict_herzog,True,39,24,6.0,0.25,0.11999366228595004,0.44899444005154004,0.3846153846153846,,
window_false_positive,strict_23_35_day_cycles_only,healthy_ovulatory,calendar,3,H2_duncan1993_any,strict_herzog,True,28,22,1.0,0.045454545454545456,0.00806942762126385,0.21798045838657332,0.2142857142857143,,
window_false_positive,strict_23_35_day_cycles_only,healthy_ovulatory,calendar,4,H2_duncan1993_any,strict_herzog,True,25,22,1.0,0.045454545454545456,0.00806942762126385,0.21798045838657332,0.12,,
window_false_positive,strict_23_35_day_cycles_only,healthy_ovulatory,calendar,6,H2_duncan1993_any,strict_herzog,True,21,19,1.0,0.05263157894736842,0.009351994062300362,0.24638731166898786,0.09523809523809523,,
window_false_positive,strict_23_35_day_cycles_only,healthy_ovulatory,cycle,3,H2_duncan1993_any,strict_herzog,True,37,30,2.0,0.06666666666666667,0.018477023791270378,0.2132345836261692,0.18918918918918914,,
window_false_positive,strict_23_35_day_cycles_only,healthy_ovulatory,cycle,6,H2_duncan1993_any,strict_herzog,True,18,17,1.0,0.058823529411764705,0.010460400984997564,0.26982030637575405,0.05555555555555558,,
window_false_positive,strict_23_35_day_cycles_only,healthy_ovulatory,full,full_diary,H2_duncan1993_any,strict_herzog,True,21,19,1.0,0.05263157894736842,0.009351994062300362,0.24638731166898786,0.09523809523809523,,
window_false_positive,strict_23_35_day_cycles_only,population,calendar,1,H2_duncan1993_any,strict_herzog,True,27,21,1.0,0.047619047619047616,0.008455987809826399,0.22669360074122563,0.2222222222222222,,
window_false_positive,strict_23_35_day_cycles_only,population,calendar,3,H2_duncan1993_any,strict_herzog,True,19,19,2.0,0.10526315789473684,0.02935856029887013,0.31394082711109006,0.0,,
window_false_positive,strict_23_35_day_cycles_only,population,calendar,4,H2_duncan1993_any,strict_herzog,True,15,15,2.0,0.13333333333333333,0.03736125910306537,0.37881982832322364,0.0,,
window_false_positive,strict_23_35_day_cycles_only,population,calendar,6,H2_duncan1993_any,strict_herzog,True,13,13,1.0,0.07692307692307693,0.013710421242556586,0.3331395092109959,0.0,,
window_false_positive,strict_23_35_day_cycles_only,population,cycle,3,H2_duncan1993_any,strict_herzog,True,21,20,0.0,0.0,0.0,0.16112515805281938,0.04761904761904767,,
window_false_positive,strict_23_35_day_cycles_only,population,cycle,6,H2_duncan1993_any,strict_herzog,True,9,9,1.0,0.1111111111111111,0.019890887638544907,0.434999705576656,0.0,,
window_false_positive,strict_23_35_day_cycles_only,population,full,full_diary,H2_duncan1993_any,strict_herzog,True,13,13,1.0,0.07692307692307693,0.013710421242556586,0.3331395092109959,0.0,,
window_false_positive,strict_23_35_day_cycles_only,healthy_ovulatory,calendar,1,H3_herzog1997_twofold_any,strict_herzog,True,39,24,12.0,0.5,0.3142742581957335,0.6857257418042665,0.3846153846153846,,
window_false_positive,strict_23_35_day_cycles_only,healthy_ovulatory,calendar,3,H3_herzog1997_twofold_any,strict_herzog,True,28,22,8.0,0.36363636363636365,0.19733204670366122,0.5704829190986899,0.2142857142857143,,
window_false_positive,strict_23_35_day_cycles_only,healthy_ovulatory,calendar,4,H3_herzog1997_twofold_any,strict_herzog,True,25,22,6.0,0.2727272727272727,0.1315076028798947,0.4815173401240238,0.12,,
window_false_positive,strict_23_35_day_cycles_only,healthy_ovulatory,calendar,6,H3_herzog1997_twofold_any,strict_herzog,True,21,19,9.0,0.47368421052631576,0.2732980516117956,0.6829219075488682,0.09523809523809523,,
window_false_positive,strict_23_35_day_cycles_only,healthy_ovulatory,cycle,3,H3_herzog1997_twofold_any,strict_herzog,True,37,30,8.0,0.26666666666666666,0.14182663319596317,0.4444796169518888,0.18918918918918914,,
window_false_positive,strict_23_35_day_cycles_only,healthy_ovulatory,cycle,6,H3_herzog1997_twofold_any,strict_herzog,True,18,17,7.0,0.4117647058823529,0.2161105679021481,0.6399455735700021,0.05555555555555558,,
window_false_positive,strict_23_35_day_cycles_only,healthy_ovulatory,full,full_diary,H3_herzog1997_twofold_any,strict_herzog,True,21,19,9.0,0.47368421052631576,0.2732980516117956,0.6829219075488682,0.09523809523809523,,
window_false_positive,strict_23_35_day_cycles_only,population,calendar,1,H3_herzog1997_twofold_any,strict_herzog,True,27,21,8.0,0.38095238095238093,0.20751011368564493,0.5912134622488425,0.2222222222222222,,
window_false_positive,strict_23_35_day_cycles_only,population,calendar,3,H3_herzog1997_twofold_any,strict_herzog,True,19,19,4.0,0.21052631578947367,0.08507676632916253,0.43334278443814167,0.0,,
window_false_positive,strict_23_35_day_cycles_only,population,calendar,4,H3_herzog1997_twofold_any,strict_herzog,True,15,15,7.0,0.4666666666666667,0.24809535365737387,0.698830199745016,0.0,,
window_false_positive,strict_23_35_day_cycles_only,population,calendar,6,H3_herzog1997_twofold_any,strict_herzog,True,13,13,4.0,0.3076923076923077,0.12680703655710515,0.5763065681945096,0.0,,
window_false_positive,strict_23_35_day_cycles_only,population,cycle,3,H3_herzog1997_twofold_any,strict_herzog,True,21,20,10.0,0.5,0.29929800819821234,0.7007019918017876,0.04761904761904767,,
window_false_positive,strict_23_35_day_cycles_only,population,cycle,6,H3_herzog1997_twofold_any,strict_herzog,True,9,9,4.0,0.4444444444444444,0.18877852109766452,0.733348706504507,0.0,,
window_false_positive,strict_23_35_day_cycles_only,population,full,full_diary,H3_herzog1997_twofold_any,strict_herzog,True,13,13,4.0,0.3076923076923077,0.12680703655710515,0.5763065681945096,0.0,,
window_false_positive,strict_23_35_day_cycles_only,healthy_ovulatory,calendar,1,H4_reddy2007_any_phase2x_any,strict_herzog,True,39,24,23.0,0.9583333333333334,0.7975819352134406,0.9926065438344942,0.3846153846153846,,
window_false_positive,strict_23_35_day_cycles_only,healthy_ovulatory,calendar,3,H4_reddy2007_any_phase2x_any,strict_herzog,True,28,22,15.0,0.6818181818181818,0.47318597741042745,0.8363940681864375,0.2142857142857143,,
window_false_positive,strict_23_35_day_cycles_only,healthy_ovulatory,calendar,4,H4_reddy2007_any_phase2x_any,strict_herzog,True,25,22,16.0,0.7272727272727273,0.5184826598759762,0.8684923971201053,0.12,,
window_false_positive,strict_23_35_day_cycles_only,healthy_ovulatory,calendar,6,H4_reddy2007_any_phase2x_any,strict_herzog,True,21,19,12.0,0.631578947368421,0.41039533164803066,0.8085048725486492,0.09523809523809523,,
window_false_positive,strict_23_35_day_cycles_only,healthy_ovulatory,cycle,3,H4_reddy2007_any_phase2x_any,strict_herzog,True,37,30,24.0,0.8,0.6269430358685175,0.9049489282271013,0.18918918918918914,,
window_false_positive,strict_23_35_day_cycles_only,healthy_ovulatory,cycle,6,H4_reddy2007_any_phase2x_any,strict_herzog,True,18,17,11.0,0.6470588235294118,0.41300363485218694,0.8269027960275627,0.05555555555555558,,
window_false_positive,strict_23_35_day_cycles_only,healthy_ovulatory,full,full_diary,H4_reddy2007_any_phase2x_any,strict_herzog,True,21,19,12.0,0.631578947368421,0.41039533164803066,0.8085048725486492,0.09523809523809523,,
window_false_positive,strict_23_35_day_cycles_only,population,calendar,1,H4_reddy2007_any_phase2x_any,strict_herzog,True,27,21,19.0,0.9047619047619048,0.7108586092608176,0.9734812325619255,0.2222222222222222,,
window_false_positive,strict_23_35_day_cycles_only,population,calendar,3,H4_reddy2007_any_phase2x_any,strict_herzog,True,19,19,11.0,0.5789473684210527,0.3627590353425504,0.7685810871754576,0.0,,
window_false_positive,strict_23_35_day_cycles_only,population,calendar,4,H4_reddy2007_any_phase2x_any,strict_herzog,True,15,15,9.0,0.6,0.357468301206246,0.8017550385865841,0.0,,
window_false_positive,strict_23_35_day_cycles_only,population,calendar,6,H4_reddy2007_any_phase2x_any,strict_herzog,True,13,13,3.0,0.23076923076923078,0.08179528718498569,0.5025637594672749,0.0,,
window_false_positive,strict_23_35_day_cycles_only,population,cycle,3,H4_reddy2007_any_phase2x_any,strict_herzog,True,21,20,16.0,0.8,0.5839825677481064,0.919342337420202,0.04761904761904767,,
window_false_positive,strict_23_35_day_cycles_only,population,cycle,6,H4_reddy2007_any_phase2x_any,strict_herzog,True,9,9,5.0,0.5555555555555556,0.26665129349549305,0.8112214789023355,0.0,,
window_false_positive,strict_23_35_day_cycles_only,population,full,full_diary,H4_reddy2007_any_phase2x_any,strict_herzog,True,13,13,3.0,0.23076923076923078,0.08179528718498569,0.5025637594672749,0.0,,
window_false_positive,common_classifiable_subset,healthy_ovulatory,calendar,6,A_exact_any,strict_herzog,False,14,0,0.0,,,,1.0,,
window_false_positive,common_classifiable_subset,healthy_ovulatory,cycle,6,A_exact_any,strict_herzog,False,14,0,0.0,,,,1.0,,
window_false_positive,common_classifiable_subset,healthy_ovulatory,full,full_diary,A_exact_any,strict_herzog,False,14,0,0.0,,,,1.0,,
window_false_positive,common_classifiable_subset,population,calendar,6,A_exact_any,strict_herzog,False,9,0,0.0,,,,1.0,,
window_false_positive,common_classifiable_subset,population,cycle,6,A_exact_any,strict_herzog,False,9,0,0.0,,,,1.0,,
window_false_positive,common_classifiable_subset,population,full,full_diary,A_exact_any,strict_herzog,False,9,0,0.0,,,,1.0,,
window_false_positive,common_classifiable_subset,healthy_ovulatory,calendar,6,A_windowed_any,strict_herzog,False,14,14,5.0,0.35714285714285715,0.1634473175355414,0.612355768960926,0.0,,
window_false_positive,common_classifiable_subset,healthy_ovulatory,cycle,6,A_windowed_any,strict_herzog,False,14,14,5.0,0.35714285714285715,0.1634473175355414,0.612355768960926,0.0,,
window_false_positive,common_classifiable_subset,healthy_ovulatory,full,full_diary,A_windowed_any,strict_herzog,False,14,14,5.0,0.35714285714285715,0.1634473175355414,0.612355768960926,0.0,,
window_false_positive,common_classifiable_subset,population,calendar,6,A_windowed_any,strict_herzog,False,9,9,5.0,0.5555555555555556,0.26665129349549305,0.8112214789023355,0.0,,
window_false_positive,common_classifiable_subset,population,cycle,6,A_windowed_any,strict_herzog,False,9,9,5.0,0.5555555555555556,0.26665129349549305,0.8112214789023355,0.0,,
window_false_positive,common_classifiable_subset,population,full,full_diary,A_windowed_any,strict_herzog,False,9,9,5.0,0.5555555555555556,0.26665129349549305,0.8112214789023355,0.0,,
window_false_positive,common_classifiable_subset,healthy_ovulatory,calendar,6,A_windowed_excluding_C3,strict_herzog,False,14,14,5.0,0.35714285714285715,0.1634473175355414,0.612355768960926,0.0,,
window_false_positive,common_classifiable_subset,healthy_ovulatory,cycle,6,A_windowed_excluding_C3,strict_herzog,False,14,14,5.0,0.35714285714285715,0.1634473175355414,0.612355768960926,0.0,,
window_false_positive,common_classifiable_subset,healthy_ovulatory,full,full_diary,A_windowed_excluding_C3,strict_herzog,False,14,14,5.0,0.35714285714285715,0.1634473175355414,0.612355768960926,0.0,,
window_false_positive,common_classifiable_subset,population,calendar,6,A_windowed_excluding_C3,strict_herzog,False,9,9,4.0,0.4444444444444444,0.18877852109766452,0.733348706504507,0.0,,
window_false_positive,common_classifiable_subset,population,cycle,6,A_windowed_excluding_C3,strict_herzog,False,9,9,4.0,0.4444444444444444,0.18877852109766452,0.733348706504507,0.0,,
window_false_positive,common_classifiable_subset,population,full,full_diary,A_windowed_excluding_C3,strict_herzog,False,9,9,4.0,0.4444444444444444,0.18877852109766452,0.733348706504507,0.0,,
window_false_positive,common_classifiable_subset,healthy_ovulatory,calendar,6,A_windowed_C1_only,strict_herzog,False,14,14,5.0,0.35714285714285715,0.1634473175355414,0.612355768960926,0.0,,
window_false_positive,common_classifiable_subset,healthy_ovulatory,cycle,6,A_windowed_C1_only,strict_herzog,False,14,14,4.0,0.2857142857142857,0.11721378644576919,0.5464908432989318,0.0,,
window_false_positive,common_classifiable_subset,healthy_ovulatory,full,full_diary,A_windowed_C1_only,strict_herzog,False,14,14,5.0,0.35714285714285715,0.1634473175355414,0.612355768960926,0.0,,
window_false_positive,common_classifiable_subset,population,calendar,6,A_windowed_C1_only,strict_herzog,False,9,9,3.0,0.3333333333333333,0.1205838183869109,0.6457978644196036,0.0,,
window_false_positive,common_classifiable_subset,population,cycle,6,A_windowed_C1_only,strict_herzog,False,9,9,3.0,0.3333333333333333,0.1205838183869109,0.6457978644196036,0.0,,
window_false_positive,common_classifiable_subset,population,full,full_diary,A_windowed_C1_only,strict_herzog,False,9,9,3.0,0.3333333333333333,0.1205838183869109,0.6457978644196036,0.0,,
window_false_positive,common_classifiable_subset,healthy_ovulatory,calendar,6,A_windowed_C2_only,strict_herzog,False,14,14,2.0,0.14285714285714285,0.040093921271464966,0.39941379496970353,0.0,,
window_false_positive,common_classifiable_subset,healthy_ovulatory,cycle,6,A_windowed_C2_only,strict_herzog,False,14,14,2.0,0.14285714285714285,0.040093921271464966,0.39941379496970353,0.0,,
window_false_positive,common_classifiable_subset,healthy_ovulatory,full,full_diary,A_windowed_C2_only,strict_herzog,False,14,14,2.0,0.14285714285714285,0.040093921271464966,0.39941379496970353,0.0,,
window_false_positive,common_classifiable_subset,population,calendar,6,A_windowed_C2_only,strict_herzog,False,9,9,2.0,0.2222222222222222,0.06322510711784671,0.5474110308930111,0.0,,
window_false_positive,common_classifiable_subset,population,cycle,6,A_windowed_C2_only,strict_herzog,False,9,9,2.0,0.2222222222222222,0.06322510711784671,0.5474110308930111,0.0,,
window_false_positive,common_classifiable_subset,population,full,full_diary,A_windowed_C2_only,strict_herzog,False,9,9,2.0,0.2222222222222222,0.06322510711784671,0.5474110308930111,0.0,,
window_false_positive,common_classifiable_subset,healthy_ovulatory,calendar,6,A_windowed_C3_only,strict_herzog,False,14,0,0.0,,,,1.0,,
window_false_positive,common_classifiable_subset,healthy_ovulatory,cycle,6,A_windowed_C3_only,strict_herzog,False,14,0,0.0,,,,1.0,,
window_false_positive,common_classifiable_subset,healthy_ovulatory,full,full_diary,A_windowed_C3_only,strict_herzog,False,14,0,0.0,,,,1.0,,
window_false_positive,common_classifiable_subset,population,calendar,6,A_windowed_C3_only,strict_herzog,False,9,3,1.0,0.3333333333333333,0.06149194472039621,0.7923403991979522,0.6666666666666667,,
window_false_positive,common_classifiable_subset,population,cycle,6,A_windowed_C3_only,strict_herzog,False,9,3,1.0,0.3333333333333333,0.06149194472039621,0.7923403991979522,0.6666666666666667,,
window_false_positive,common_classifiable_subset,population,full,full_diary,A_windowed_C3_only,strict_herzog,False,9,3,1.0,0.3333333333333333,0.06149194472039621,0.7923403991979522,0.6666666666666667,,
window_false_positive,common_classifiable_subset,healthy_ovulatory,calendar,6,B_minimum_data_any,strict_herzog,False,14,14,5.0,0.35714285714285715,0.1634473175355414,0.612355768960926,0.0,,
window_false_positive,common_classifiable_subset,healthy_ovulatory,cycle,6,B_minimum_data_any,strict_herzog,False,14,14,5.0,0.35714285714285715,0.1634473175355414,0.612355768960926,0.0,,
window_false_positive,common_classifiable_subset,healthy_ovulatory,full,full_diary,B_minimum_data_any,strict_herzog,False,14,14,5.0,0.35714285714285715,0.1634473175355414,0.612355768960926,0.0,,
window_false_positive,common_classifiable_subset,population,calendar,6,B_minimum_data_any,strict_herzog,False,9,9,5.0,0.5555555555555556,0.26665129349549305,0.8112214789023355,0.0,,
window_false_positive,common_classifiable_subset,population,cycle,6,B_minimum_data_any,strict_herzog,False,9,9,5.0,0.5555555555555556,0.26665129349549305,0.8112214789023355,0.0,,
window_false_positive,common_classifiable_subset,population,full,full_diary,B_minimum_data_any,strict_herzog,False,9,9,5.0,0.5555555555555556,0.26665129349549305,0.8112214789023355,0.0,,
window_false_positive,common_classifiable_subset,healthy_ovulatory,calendar,6,B_minimum_data_excluding_C3,strict_herzog,False,14,14,5.0,0.35714285714285715,0.1634473175355414,0.612355768960926,0.0,,
window_false_positive,common_classifiable_subset,healthy_ovulatory,cycle,6,B_minimum_data_excluding_C3,strict_herzog,False,14,14,5.0,0.35714285714285715,0.1634473175355414,0.612355768960926,0.0,,
window_false_positive,common_classifiable_subset,healthy_ovulatory,full,full_diary,B_minimum_data_excluding_C3,strict_herzog,False,14,14,5.0,0.35714285714285715,0.1634473175355414,0.612355768960926,0.0,,
window_false_positive,common_classifiable_subset,population,calendar,6,B_minimum_data_excluding_C3,strict_herzog,False,9,9,4.0,0.4444444444444444,0.18877852109766452,0.733348706504507,0.0,,
window_false_positive,common_classifiable_subset,population,cycle,6,B_minimum_data_excluding_C3,strict_herzog,False,9,9,4.0,0.4444444444444444,0.18877852109766452,0.733348706504507,0.0,,
window_false_positive,common_classifiable_subset,population,full,full_diary,B_minimum_data_excluding_C3,strict_herzog,False,9,9,4.0,0.4444444444444444,0.18877852109766452,0.733348706504507,0.0,,
window_false_positive,common_classifiable_subset,healthy_ovulatory,calendar,6,C_reproducibility_any,strict_herzog,False,14,14,2.0,0.14285714285714285,0.040093921271464966,0.39941379496970353,0.0,,
window_false_positive,common_classifiable_subset,healthy_ovulatory,cycle,6,C_reproducibility_any,strict_herzog,False,14,14,2.0,0.14285714285714285,0.040093921271464966,0.39941379496970353,0.0,,
window_false_positive,common_classifiable_subset,healthy_ovulatory,full,full_diary,C_reproducibility_any,strict_herzog,False,14,14,2.0,0.14285714285714285,0.040093921271464966,0.39941379496970353,0.0,,
window_false_positive,common_classifiable_subset,population,calendar,6,C_reproducibility_any,strict_herzog,False,9,9,1.0,0.1111111111111111,0.019890887638544907,0.434999705576656,0.0,,
window_false_positive,common_classifiable_subset,population,cycle,6,C_reproducibility_any,strict_herzog,False,9,9,1.0,0.1111111111111111,0.019890887638544907,0.434999705576656,0.0,,
window_false_positive,common_classifiable_subset,population,full,full_diary,C_reproducibility_any,strict_herzog,False,9,9,1.0,0.1111111111111111,0.019890887638544907,0.434999705576656,0.0,,
window_false_positive,common_classifiable_subset,healthy_ovulatory,calendar,6,C_reproducibility_12cycle_any,strict_herzog,False,14,0,0.0,,,,1.0,,
window_false_positive,common_classifiable_subset,healthy_ovulatory,cycle,6,C_reproducibility_12cycle_any,strict_herzog,False,14,0,0.0,,,,1.0,,
window_false_positive,common_classifiable_subset,healthy_ovulatory,full,full_diary,C_reproducibility_12cycle_any,strict_herzog,False,14,0,0.0,,,,1.0,,
window_false_positive,common_classifiable_subset,population,calendar,6,C_reproducibility_12cycle_any,strict_herzog,False,9,0,0.0,,,,1.0,,
window_false_positive,common_classifiable_subset,population,cycle,6,C_reproducibility_12cycle_any,strict_herzog,False,9,0,0.0,,,,1.0,,
window_false_positive,common_classifiable_subset,population,full,full_diary,C_reproducibility_12cycle_any,strict_herzog,False,9,0,0.0,,,,1.0,,
window_false_positive,common_classifiable_subset,healthy_ovulatory,calendar,6,D_nb_regression_any,strict_herzog,False,14,14,1.0,0.07142857142857142,0.012722215247890939,0.31468704424151117,0.0,,
window_false_positive,common_classifiable_subset,healthy_ovulatory,cycle,6,D_nb_regression_any,strict_herzog,False,14,14,1.0,0.07142857142857142,0.012722215247890939,0.31468704424151117,0.0,,
window_false_positive,common_classifiable_subset,healthy_ovulatory,full,full_diary,D_nb_regression_any,strict_herzog,False,14,14,1.0,0.07142857142857142,0.012722215247890939,0.31468704424151117,0.0,,
window_false_positive,common_classifiable_subset,population,calendar,6,D_nb_regression_any,strict_herzog,False,9,9,0.0,0.0,0.0,0.2991450484195441,0.0,,
window_false_positive,common_classifiable_subset,population,cycle,6,D_nb_regression_any,strict_herzog,False,9,9,0.0,0.0,0.0,0.2991450484195441,0.0,,
window_false_positive,common_classifiable_subset,population,full,full_diary,D_nb_regression_any,strict_herzog,False,9,9,0.0,0.0,0.0,0.2991450484195441,0.0,,
window_false_positive,common_classifiable_subset,healthy_ovulatory,calendar,6,D_nb_regression_window_alpha_any,strict_herzog,False,14,0,0.0,,,,1.0,,
window_false_positive,common_classifiable_subset,healthy_ovulatory,cycle,6,D_nb_regression_window_alpha_any,strict_herzog,False,14,0,0.0,,,,1.0,,
window_false_positive,common_classifiable_subset,healthy_ovulatory,full,full_diary,D_nb_regression_window_alpha_any,strict_herzog,False,14,14,1.0,0.07142857142857142,0.012722215247890939,0.31468704424151117,0.0,,
window_false_positive,common_classifiable_subset,population,calendar,6,D_nb_regression_window_alpha_any,strict_herzog,False,9,0,0.0,,,,1.0,,
window_false_positive,common_classifiable_subset,population,cycle,6,D_nb_regression_window_alpha_any,strict_herzog,False,9,0,0.0,,,,1.0,,
window_false_positive,common_classifiable_subset,population,full,full_diary,D_nb_regression_window_alpha_any,strict_herzog,False,9,9,0.0,0.0,0.0,0.2991450484195441,0.0,,
window_false_positive,common_classifiable_subset,healthy_ovulatory,calendar,6,H1_newmark_penry_any,strict_herzog,True,14,14,0.0,0.0,1.3877787807814457e-17,0.2153108027376358,0.0,,
window_false_positive,common_classifiable_subset,healthy_ovulatory,cycle,6,H1_newmark_penry_any,strict_herzog,True,14,14,0.0,0.0,1.3877787807814457e-17,0.2153108027376358,0.0,,
window_false_positive,common_classifiable_subset,healthy_ovulatory,full,full_diary,H1_newmark_penry_any,strict_herzog,True,14,14,0.0,0.0,1.3877787807814457e-17,0.2153108027376358,0.0,,
window_false_positive,common_classifiable_subset,population,calendar,6,H1_newmark_penry_any,strict_herzog,True,9,9,1.0,0.1111111111111111,0.019890887638544907,0.434999705576656,0.0,,
window_false_positive,common_classifiable_subset,population,cycle,6,H1_newmark_penry_any,strict_herzog,True,9,9,0.0,0.0,0.0,0.2991450484195441,0.0,,
window_false_positive,common_classifiable_subset,population,full,full_diary,H1_newmark_penry_any,strict_herzog,True,9,9,1.0,0.1111111111111111,0.019890887638544907,0.434999705576656,0.0,,
window_false_positive,common_classifiable_subset,healthy_ovulatory,calendar,6,H1_newmark_penry_66_7_any,strict_herzog,True,14,14,0.0,0.0,1.3877787807814457e-17,0.2153108027376358,0.0,,
window_false_positive,common_classifiable_subset,healthy_ovulatory,cycle,6,H1_newmark_penry_66_7_any,strict_herzog,True,14,14,0.0,0.0,1.3877787807814457e-17,0.2153108027376358,0.0,,
window_false_positive,common_classifiable_subset,healthy_ovulatory,full,full_diary,H1_newmark_penry_66_7_any,strict_herzog,True,14,14,0.0,0.0,1.3877787807814457e-17,0.2153108027376358,0.0,,
window_false_positive,common_classifiable_subset,population,calendar,6,H1_newmark_penry_66_7_any,strict_herzog,True,9,9,0.0,0.0,0.0,0.2991450484195441,0.0,,
window_false_positive,common_classifiable_subset,population,cycle,6,H1_newmark_penry_66_7_any,strict_herzog,True,9,9,0.0,0.0,0.0,0.2991450484195441,0.0,,
window_false_positive,common_classifiable_subset,population,full,full_diary,H1_newmark_penry_66_7_any,strict_herzog,True,9,9,0.0,0.0,0.0,0.2991450484195441,0.0,,
window_false_positive,common_classifiable_subset,healthy_ovulatory,calendar,6,H2_duncan1993_any,strict_herzog,True,14,14,0.0,0.0,1.3877787807814457e-17,0.2153108027376358,0.0,,
window_false_positive,common_classifiable_subset,healthy_ovulatory,cycle,6,H2_duncan1993_any,strict_herzog,True,14,14,0.0,0.0,1.3877787807814457e-17,0.2153108027376358,0.0,,
window_false_positive,common_classifiable_subset,healthy_ovulatory,full,full_diary,H2_duncan1993_any,strict_herzog,True,14,14,0.0,0.0,1.3877787807814457e-17,0.2153108027376358,0.0,,
window_false_positive,common_classifiable_subset,population,calendar,6,H2_duncan1993_any,strict_herzog,True,9,9,0.0,0.0,0.0,0.2991450484195441,0.0,,
window_false_positive,common_classifiable_subset,population,cycle,6,H2_duncan1993_any,strict_herzog,True,9,9,0.0,0.0,0.0,0.2991450484195441,0.0,,
window_false_positive,common_classifiable_subset,population,full,full_diary,H2_duncan1993_any,strict_herzog,True,9,9,0.0,0.0,0.0,0.2991450484195441,0.0,,
window_false_positive,common_classifiable_subset,healthy_ovulatory,calendar,6,H3_herzog1997_twofold_any,strict_herzog,True,14,14,4.0,0.2857142857142857,0.11721378644576919,0.5464908432989318,0.0,,
window_false_positive,common_classifiable_subset,healthy_ovulatory,cycle,6,H3_herzog1997_twofold_any,strict_herzog,True,14,14,4.0,0.2857142857142857,0.11721378644576919,0.5464908432989318,0.0,,
window_false_positive,common_classifiable_subset,healthy_ovulatory,full,full_diary,H3_herzog1997_twofold_any,strict_herzog,True,14,14,4.0,0.2857142857142857,0.11721378644576919,0.5464908432989318,0.0,,
window_false_positive,common_classifiable_subset,population,calendar,6,H3_herzog1997_twofold_any,strict_herzog,True,9,9,4.0,0.4444444444444444,0.18877852109766452,0.733348706504507,0.0,,
window_false_positive,common_classifiable_subset,population,cycle,6,H3_herzog1997_twofold_any,strict_herzog,True,9,9,4.0,0.4444444444444444,0.18877852109766452,0.733348706504507,0.0,,
window_false_positive,common_classifiable_subset,population,full,full_diary,H3_herzog1997_twofold_any,strict_herzog,True,9,9,4.0,0.4444444444444444,0.18877852109766452,0.733348706504507,0.0,,
window_false_positive,common_classifiable_subset,healthy_ovulatory,calendar,6,H4_reddy2007_any_phase2x_any,strict_herzog,True,14,14,5.0,0.35714285714285715,0.1634473175355414,0.612355768960926,0.0,,
window_false_positive,common_classifiable_subset,healthy_ovulatory,cycle,6,H4_reddy2007_any_phase2x_any,strict_herzog,True,14,14,7.0,0.5,0.26799202452413634,0.7320079754758637,0.0,,
window_false_positive,common_classifiable_subset,healthy_ovulatory,full,full_diary,H4_reddy2007_any_phase2x_any,strict_herzog,True,14,14,5.0,0.35714285714285715,0.1634473175355414,0.612355768960926,0.0,,
window_false_positive,common_classifiable_subset,population,calendar,6,H4_reddy2007_any_phase2x_any,strict_herzog,True,9,9,3.0,0.3333333333333333,0.1205838183869109,0.6457978644196036,0.0,,
window_false_positive,common_classifiable_subset,population,cycle,6,H4_reddy2007_any_phase2x_any,strict_herzog,True,9,9,4.0,0.4444444444444444,0.18877852109766452,0.733348706504507,0.0,,
window_false_positive,common_classifiable_subset,population,full,full_diary,H4_reddy2007_any_phase2x_any,strict_herzog,True,9,9,3.0,0.3333333333333333,0.1205838183869109,0.6457978644196036,0.0,,
window_false_positive,seizure_frequency:1 to <4 seizure-days/month,healthy_ovulatory,calendar,1,A_exact_any,strict_herzog,False,25,0,0.0,,,,1.0,,
window_false_positive,seizure_frequency:1 to <4 seizure-days/month,healthy_ovulatory,calendar,3,A_exact_any,strict_herzog,False,25,0,0.0,,,,1.0,,
window_false_positive,seizure_frequency:1 to <4 seizure-days/month,healthy_ovulatory,calendar,4,A_exact_any,strict_herzog,False,25,0,0.0,,,,1.0,,
window_false_positive,seizure_frequency:1 to <4 seizure-days/month,healthy_ovulatory,calendar,6,A_exact_any,strict_herzog,False,25,0,0.0,,,,1.0,,
window_false_positive,seizure_frequency:1 to <4 seizure-days/month,healthy_ovulatory,calendar,12,A_exact_any,strict_herzog,False,25,0,0.0,,,,1.0,,
window_false_positive,seizure_frequency:1 to <4 seizure-days/month,healthy_ovulatory,cycle,3,A_exact_any,strict_herzog,False,25,10,5.0,0.5,0.236593090512564,0.7634069094874361,0.6,,
window_false_positive,seizure_frequency:1 to <4 seizure-days/month,healthy_ovulatory,cycle,6,A_exact_any,strict_herzog,False,25,0,0.0,,,,1.0,,
window_false_positive,seizure_frequency:1 to <4 seizure-days/month,healthy_ovulatory,cycle,12,A_exact_any,strict_herzog,False,25,0,0.0,,,,1.0,,
window_false_positive,seizure_frequency:1 to <4 seizure-days/month,healthy_ovulatory,full,full_diary,A_exact_any,strict_herzog,False,25,0,0.0,,,,1.0,,
window_false_positive,seizure_frequency:1 to <4 seizure-days/month,population,calendar,1,A_exact_any,strict_herzog,False,29,0,0.0,,,,1.0,,
window_false_positive,seizure_frequency:1 to <4 seizure-days/month,population,calendar,3,A_exact_any,strict_herzog,False,29,0,0.0,,,,1.0,,
window_false_positive,seizure_frequency:1 to <4 seizure-days/month,population,calendar,4,A_exact_any,strict_herzog,False,29,0,0.0,,,,1.0,,
window_false_positive,seizure_frequency:1 to <4 seizure-days/month,population,calendar,6,A_exact_any,strict_herzog,False,29,0,0.0,,,,1.0,,
window_false_positive,seizure_frequency:1 to <4 seizure-days/month,population,calendar,12,A_exact_any,strict_herzog,False,29,0,0.0,,,,1.0,,
window_false_positive,seizure_frequency:1 to <4 seizure-days/month,population,cycle,3,A_exact_any,strict_herzog,False,29,10,4.0,0.4,0.16818032970623614,0.6873262302663417,0.6551724137931034,,
window_false_positive,seizure_frequency:1 to <4 seizure-days/month,population,cycle,6,A_exact_any,strict_herzog,False,29,0,0.0,,,,1.0,,
window_false_positive,seizure_frequency:1 to <4 seizure-days/month,population,cycle,12,A_exact_any,strict_herzog,False,29,0,0.0,,,,1.0,,
window_false_positive,seizure_frequency:1 to <4 seizure-days/month,population,full,full_diary,A_exact_any,strict_herzog,False,29,0,0.0,,,,1.0,,
window_false_positive,seizure_frequency:1 to <4 seizure-days/month,healthy_ovulatory,calendar,1,A_windowed_any,strict_herzog,False,25,21,13.0,0.6190476190476191,0.4087865377511576,0.7924898863143551,0.16000000000000003,,
window_false_positive,seizure_frequency:1 to <4 seizure-days/month,healthy_ovulatory,calendar,3,A_windowed_any,strict_herzog,False,25,25,12.0,0.48,0.30031285954112974,0.6650148304964322,0.0,,
window_false_positive,seizure_frequency:1 to <4 seizure-days/month,healthy_ovulatory,calendar,4,A_windowed_any,strict_herzog,False,25,25,10.0,0.4,0.2340330237774797,0.5926054264103301,0.0,,
window_false_positive,seizure_frequency:1 to <4 seizure-days/month,healthy_ovulatory,calendar,6,A_windowed_any,strict_herzog,False,25,25,10.0,0.4,0.2340330237774797,0.5926054264103301,0.0,,
window_false_positive,seizure_frequency:1 to <4 seizure-days/month,healthy_ovulatory,calendar,12,A_windowed_any,strict_herzog,False,25,0,0.0,,,,1.0,,
window_false_positive,seizure_frequency:1 to <4 seizure-days/month,healthy_ovulatory,cycle,3,A_windowed_any,strict_herzog,False,25,24,9.0,0.375,0.21159367559548778,0.5729003755732572,0.040000000000000036,,
window_false_positive,seizure_frequency:1 to <4 seizure-days/month,healthy_ovulatory,cycle,6,A_windowed_any,strict_herzog,False,25,20,9.0,0.45,0.2581978582556243,0.6579146575496577,0.19999999999999996,,
window_false_positive,seizure_frequency:1 to <4 seizure-days/month,healthy_ovulatory,cycle,12,A_windowed_any,strict_herzog,False,25,0,0.0,,,,1.0,,
window_false_positive,seizure_frequency:1 to <4 seizure-days/month,healthy_ovulatory,full,full_diary,A_windowed_any,strict_herzog,False,25,25,10.0,0.4,0.2340330237774797,0.5926054264103301,0.0,,
window_false_positive,seizure_frequency:1 to <4 seizure-days/month,population,calendar,1,A_windowed_any,strict_herzog,False,29,23,14.0,0.6086956521739131,0.4078552239138171,0.7784237720752205,0.2068965517241379,,
window_false_positive,seizure_frequency:1 to <4 seizure-days/month,population,calendar,3,A_windowed_any,strict_herzog,False,29,29,18.0,0.6206896551724138,0.4400254420598852,0.7731197789919015,0.0,,
window_false_positive,seizure_frequency:1 to <4 seizure-days/month,population,calendar,4,A_windowed_any,strict_herzog,False,29,29,18.0,0.6206896551724138,0.4400254420598852,0.7731197789919015,0.0,,
window_false_positive,seizure_frequency:1 to <4 seizure-days/month,population,calendar,6,A_windowed_any,strict_herzog,False,29,29,18.0,0.6206896551724138,0.4400254420598852,0.7731197789919015,0.0,,
window_false_positive,seizure_frequency:1 to <4 seizure-days/month,population,calendar,12,A_windowed_any,strict_herzog,False,29,0,0.0,,,,1.0,,
window_false_positive,seizure_frequency:1 to <4 seizure-days/month,population,cycle,3,A_windowed_any,strict_herzog,False,29,29,20.0,0.6896551724137931,0.5076986576690685,0.8272438325551679,0.0,,
window_false_positive,seizure_frequency:1 to <4 seizure-days/month,population,cycle,6,A_windowed_any,strict_herzog,False,29,11,9.0,0.8181818181818182,0.523019438039156,0.9486323102539149,0.6206896551724138,,
window_false_positive,seizure_frequency:1 to <4 seizure-days/month,population,cycle,12,A_windowed_any,strict_herzog,False,29,0,0.0,,,,1.0,,
window_false_positive,seizure_frequency:1 to <4 seizure-days/month,population,full,full_diary,A_windowed_any,strict_herzog,False,29,29,18.0,0.6206896551724138,0.4400254420598852,0.7731197789919015,0.0,,
window_false_positive,seizure_frequency:1 to <4 seizure-days/month,healthy_ovulatory,calendar,1,A_windowed_excluding_C3,strict_herzog,False,25,21,13.0,0.6190476190476191,0.4087865377511576,0.7924898863143551,0.16000000000000003,,
window_false_positive,seizure_frequency:1 to <4 seizure-days/month,healthy_ovulatory,calendar,3,A_windowed_excluding_C3,strict_herzog,False,25,25,12.0,0.48,0.30031285954112974,0.6650148304964322,0.0,,
window_false_positive,seizure_frequency:1 to <4 seizure-days/month,healthy_ovulatory,calendar,4,A_windowed_excluding_C3,strict_herzog,False,25,25,10.0,0.4,0.2340330237774797,0.5926054264103301,0.0,,
window_false_positive,seizure_frequency:1 to <4 seizure-days/month,healthy_ovulatory,calendar,6,A_windowed_excluding_C3,strict_herzog,False,25,25,10.0,0.4,0.2340330237774797,0.5926054264103301,0.0,,
window_false_positive,seizure_frequency:1 to <4 seizure-days/month,healthy_ovulatory,calendar,12,A_windowed_excluding_C3,strict_herzog,False,25,0,0.0,,,,1.0,,
window_false_positive,seizure_frequency:1 to <4 seizure-days/month,healthy_ovulatory,cycle,3,A_windowed_excluding_C3,strict_herzog,False,25,24,9.0,0.375,0.21159367559548778,0.5729003755732572,0.040000000000000036,,
window_false_positive,seizure_frequency:1 to <4 seizure-days/month,healthy_ovulatory,cycle,6,A_windowed_excluding_C3,strict_herzog,False,25,20,9.0,0.45,0.2581978582556243,0.6579146575496577,0.19999999999999996,,
window_false_positive,seizure_frequency:1 to <4 seizure-days/month,healthy_ovulatory,cycle,12,A_windowed_excluding_C3,strict_herzog,False,25,0,0.0,,,,1.0,,
window_false_positive,seizure_frequency:1 to <4 seizure-days/month,healthy_ovulatory,full,full_diary,A_windowed_excluding_C3,strict_herzog,False,25,25,10.0,0.4,0.2340330237774797,0.5926054264103301,0.0,,
window_false_positive,seizure_frequency:1 to <4 seizure-days/month,population,calendar,1,A_windowed_excluding_C3,strict_herzog,False,29,23,14.0,0.6086956521739131,0.4078552239138171,0.7784237720752205,0.2068965517241379,,
window_false_positive,seizure_frequency:1 to <4 seizure-days/month,population,calendar,3,A_windowed_excluding_C3,strict_herzog,False,29,29,15.0,0.5172413793103449,0.34431021881994717,0.6861390984731652,0.0,,
window_false_positive,seizure_frequency:1 to <4 seizure-days/month,population,calendar,4,A_windowed_excluding_C3,strict_herzog,False,29,29,17.0,0.5862068965517241,0.4073783598787858,0.744868226586776,0.0,,
window_false_positive,seizure_frequency:1 to <4 seizure-days/month,population,calendar,6,A_windowed_excluding_C3,strict_herzog,False,29,29,15.0,0.5172413793103449,0.34431021881994717,0.6861390984731652,0.0,,
window_false_positive,seizure_frequency:1 to <4 seizure-days/month,population,calendar,12,A_windowed_excluding_C3,strict_herzog,False,29,0,0.0,,,,1.0,,
window_false_positive,seizure_frequency:1 to <4 seizure-days/month,population,cycle,3,A_windowed_excluding_C3,strict_herzog,False,29,29,18.0,0.6206896551724138,0.4400254420598852,0.7731197789919015,0.0,,
window_false_positive,seizure_frequency:1 to <4 seizure-days/month,population,cycle,6,A_windowed_excluding_C3,strict_herzog,False,29,11,8.0,0.7272727272727273,0.43435469882387084,0.902539407099751,0.6206896551724138,,
window_false_positive,seizure_frequency:1 to <4 seizure-days/month,population,cycle,12,A_windowed_excluding_C3,strict_herzog,False,29,0,0.0,,,,1.0,,
window_false_positive,seizure_frequency:1 to <4 seizure-days/month,population,full,full_diary,A_windowed_excluding_C3,strict_herzog,False,29,29,15.0,0.5172413793103449,0.34431021881994717,0.6861390984731652,0.0,,
window_false_positive,seizure_frequency:1 to <4 seizure-days/month,healthy_ovulatory,calendar,1,A_windowed_C1_only,strict_herzog,False,25,18,8.0,0.4444444444444444,0.24559518127005633,0.6628358435795723,0.28,,
window_false_positive,seizure_frequency:1 to <4 seizure-days/month,healthy_ovulatory,calendar,3,A_windowed_C1_only,strict_herzog,False,25,25,6.0,0.24,0.11496313693401444,0.4342968335542908,0.0,,
window_false_positive,seizure_frequency:1 to <4 seizure-days/month,healthy_ovulatory,calendar,4,A_windowed_C1_only,strict_herzog,False,25,25,8.0,0.32,0.1720519030690798,0.5158973072689775,0.0,,
window_false_positive,seizure_frequency:1 to <4 seizure-days/month,healthy_ovulatory,calendar,6,A_windowed_C1_only,strict_herzog,False,25,25,8.0,0.32,0.1720519030690798,0.5158973072689775,0.0,,
window_false_positive,seizure_frequency:1 to <4 seizure-days/month,healthy_ovulatory,calendar,12,A_windowed_C1_only,strict_herzog,False,25,0,0.0,,,,1.0,,
window_false_positive,seizure_frequency:1 to <4 seizure-days/month,healthy_ovulatory,cycle,3,A_windowed_C1_only,strict_herzog,False,25,24,5.0,0.20833333333333334,0.09244825352851857,0.40470453253188665,0.040000000000000036,,
window_false_positive,seizure_frequency:1 to <4 seizure-days/month,healthy_ovulatory,cycle,6,A_windowed_C1_only,strict_herzog,False,25,20,5.0,0.25,0.11186170140766566,0.46870087761874407,0.19999999999999996,,
window_false_positive,seizure_frequency:1 to <4 seizure-days/month,healthy_ovulatory,cycle,12,A_windowed_C1_only,strict_herzog,False,25,0,0.0,,,,1.0,,
window_false_positive,seizure_frequency:1 to <4 seizure-days/month,healthy_ovulatory,full,full_diary,A_windowed_C1_only,strict_herzog,False,25,25,8.0,0.32,0.1720519030690798,0.5158973072689775,0.0,,
window_false_positive,seizure_frequency:1 to <4 seizure-days/month,population,calendar,1,A_windowed_C1_only,strict_herzog,False,29,16,5.0,0.3125,0.14164643854782039,0.5559564416525933,0.4482758620689655,,
window_false_positive,seizure_frequency:1 to <4 seizure-days/month,population,calendar,3,A_windowed_C1_only,strict_herzog,False,29,28,10.0,0.35714285714285715,0.2070582950773768,0.5416969348557219,0.03448275862068961,,
window_false_positive,seizure_frequency:1 to <4 seizure-days/month,population,calendar,4,A_windowed_C1_only,strict_herzog,False,29,29,11.0,0.3793103448275862,0.2268802210080984,0.5599745579401147,0.0,,
window_false_positive,seizure_frequency:1 to <4 seizure-days/month,population,calendar,6,A_windowed_C1_only,strict_herzog,False,29,29,10.0,0.3448275862068966,0.19940718526674994,0.5265489590952386,0.0,,
window_false_positive,seizure_frequency:1 to <4 seizure-days/month,population,calendar,12,A_windowed_C1_only,strict_herzog,False,29,0,0.0,,,,1.0,,
window_false_positive,seizure_frequency:1 to <4 seizure-days/month,population,cycle,3,A_windowed_C1_only,strict_herzog,False,29,29,12.0,0.41379310344827586,0.255131773413224,0.5926216401212141,0.0,,
window_false_positive,seizure_frequency:1 to <4 seizure-days/month,population,cycle,6,A_windowed_C1_only,strict_herzog,False,29,11,6.0,0.5454545454545454,0.280091537409322,0.7872872837754024,0.6206896551724138,,
window_false_positive,seizure_frequency:1 to <4 seizure-days/month,population,cycle,12,A_windowed_C1_only,strict_herzog,False,29,0,0.0,,,,1.0,,
window_false_positive,seizure_frequency:1 to <4 seizure-days/month,population,full,full_diary,A_windowed_C1_only,strict_herzog,False,29,29,10.0,0.3448275862068966,0.19940718526674994,0.5265489590952386,0.0,,
window_false_positive,seizure_frequency:1 to <4 seizure-days/month,healthy_ovulatory,calendar,1,A_windowed_C2_only,strict_herzog,False,25,20,8.0,0.4,0.21880653237281708,0.6134184992377468,0.19999999999999996,,
window_false_positive,seizure_frequency:1 to <4 seizure-days/month,healthy_ovulatory,calendar,3,A_windowed_C2_only,strict_herzog,False,25,25,8.0,0.32,0.1720519030690798,0.5158973072689775,0.0,,
window_false_positive,seizure_frequency:1 to <4 seizure-days/month,healthy_ovulatory,calendar,4,A_windowed_C2_only,strict_herzog,False,25,25,4.0,0.16,0.0640345145667644,0.3465362160717886,0.0,,
window_false_positive,seizure_frequency:1 to <4 seizure-days/month,healthy_ovulatory,calendar,6,A_windowed_C2_only,strict_herzog,False,25,25,4.0,0.16,0.0640345145667644,0.3465362160717886,0.0,,
window_false_positive,seizure_frequency:1 to <4 seizure-days/month,healthy_ovulatory,calendar,12,A_windowed_C2_only,strict_herzog,False,25,0,0.0,,,,1.0,,
window_false_positive,seizure_frequency:1 to <4 seizure-days/month,healthy_ovulatory,cycle,3,A_windowed_C2_only,strict_herzog,False,25,24,4.0,0.16666666666666666,0.06678676328632951,0.3585307064969906,0.040000000000000036,,
window_false_positive,seizure_frequency:1 to <4 seizure-days/month,healthy_ovulatory,cycle,6,A_windowed_C2_only,strict_herzog,False,25,20,5.0,0.25,0.11186170140766566,0.46870087761874407,0.19999999999999996,,
window_false_positive,seizure_frequency:1 to <4 seizure-days/month,healthy_ovulatory,cycle,12,A_windowed_C2_only,strict_herzog,False,25,0,0.0,,,,1.0,,
window_false_positive,seizure_frequency:1 to <4 seizure-days/month,healthy_ovulatory,full,full_diary,A_windowed_C2_only,strict_herzog,False,25,25,4.0,0.16,0.0640345145667644,0.3465362160717886,0.0,,
window_false_positive,seizure_frequency:1 to <4 seizure-days/month,population,calendar,1,A_windowed_C2_only,strict_herzog,False,29,22,10.0,0.45454545454545453,0.2692029418081331,0.6534020467926505,0.24137931034482762,,
window_false_positive,seizure_frequency:1 to <4 seizure-days/month,population,calendar,3,A_windowed_C2_only,strict_herzog,False,29,28,9.0,0.32142857142857145,0.17933246922494958,0.5066115681914238,0.03448275862068961,,
window_false_positive,seizure_frequency:1 to <4 seizure-days/month,population,calendar,4,A_windowed_C2_only,strict_herzog,False,29,29,12.0,0.41379310344827586,0.255131773413224,0.5926216401212141,0.0,,
window_false_positive,seizure_frequency:1 to <4 seizure-days/month,population,calendar,6,A_windowed_C2_only,strict_herzog,False,29,29,8.0,0.27586206896551724,0.14698755102087954,0.45717132416865935,0.0,,
window_false_positive,seizure_frequency:1 to <4 seizure-days/month,population,calendar,12,A_windowed_C2_only,strict_herzog,False,29,0,0.0,,,,1.0,,
window_false_positive,seizure_frequency:1 to <4 seizure-days/month,population,cycle,3,A_windowed_C2_only,strict_herzog,False,29,29,12.0,0.41379310344827586,0.255131773413224,0.5926216401212141,0.0,,
window_false_positive,seizure_frequency:1 to <4 seizure-days/month,population,cycle,6,A_windowed_C2_only,strict_herzog,False,29,11,4.0,0.36363636363636365,0.15166471095367573,0.6461988254921511,0.6206896551724138,,
window_false_positive,seizure_frequency:1 to <4 seizure-days/month,population,cycle,12,A_windowed_C2_only,strict_herzog,False,29,0,0.0,,,,1.0,,
window_false_positive,seizure_frequency:1 to <4 seizure-days/month,population,full,full_diary,A_windowed_C2_only,strict_herzog,False,29,29,8.0,0.27586206896551724,0.14698755102087954,0.45717132416865935,0.0,,
window_false_positive,seizure_frequency:1 to <4 seizure-days/month,healthy_ovulatory,calendar,1,A_windowed_C3_only,strict_herzog,False,25,0,0.0,,,,1.0,,
window_false_positive,seizure_frequency:1 to <4 seizure-days/month,healthy_ovulatory,calendar,3,A_windowed_C3_only,strict_herzog,False,25,0,0.0,,,,1.0,,
window_false_positive,seizure_frequency:1 to <4 seizure-days/month,healthy_ovulatory,calendar,4,A_windowed_C3_only,strict_herzog,False,25,0,0.0,,,,1.0,,
window_false_positive,seizure_frequency:1 to <4 seizure-days/month,healthy_ovulatory,calendar,6,A_windowed_C3_only,strict_herzog,False,25,0,0.0,,,,1.0,,
window_false_positive,seizure_frequency:1 to <4 seizure-days/month,healthy_ovulatory,calendar,12,A_windowed_C3_only,strict_herzog,False,25,0,0.0,,,,1.0,,
window_false_positive,seizure_frequency:1 to <4 seizure-days/month,healthy_ovulatory,cycle,3,A_windowed_C3_only,strict_herzog,False,25,0,0.0,,,,1.0,,
window_false_positive,seizure_frequency:1 to <4 seizure-days/month,healthy_ovulatory,cycle,6,A_windowed_C3_only,strict_herzog,False,25,0,0.0,,,,1.0,,
window_false_positive,seizure_frequency:1 to <4 seizure-days/month,healthy_ovulatory,cycle,12,A_windowed_C3_only,strict_herzog,False,25,0,0.0,,,,1.0,,
window_false_positive,seizure_frequency:1 to <4 seizure-days/month,healthy_ovulatory,full,full_diary,A_windowed_C3_only,strict_herzog,False,25,0,0.0,,,,1.0,,
window_false_positive,seizure_frequency:1 to <4 seizure-days/month,population,calendar,1,A_windowed_C3_only,strict_herzog,False,29,6,4.0,0.6666666666666666,0.299993315138392,0.9032285888942195,0.7931034482758621,,
window_false_positive,seizure_frequency:1 to <4 seizure-days/month,population,calendar,3,A_windowed_C3_only,strict_herzog,False,29,9,5.0,0.5555555555555556,0.26665129349549305,0.8112214789023355,0.6896551724137931,,
window_false_positive,seizure_frequency:1 to <4 seizure-days/month,population,calendar,4,A_windowed_C3_only,strict_herzog,False,29,10,3.0,0.3,0.10779126740630099,0.6032218525388546,0.6551724137931034,,
window_false_positive,seizure_frequency:1 to <4 seizure-days/month,population,calendar,6,A_windowed_C3_only,strict_herzog,False,29,13,6.0,0.46153846153846156,0.23206067809538303,0.7085620428549398,0.5517241379310345,,
window_false_positive,seizure_frequency:1 to <4 seizure-days/month,population,calendar,12,A_windowed_C3_only,strict_herzog,False,29,0,0.0,,,,1.0,,
window_false_positive,seizure_frequency:1 to <4 seizure-days/month,population,cycle,3,A_windowed_C3_only,strict_herzog,False,29,8,2.0,0.25,0.071479212752109,0.5907245696898311,0.7241379310344828,,
window_false_positive,seizure_frequency:1 to <4 seizure-days/month,population,cycle,6,A_windowed_C3_only,strict_herzog,False,29,2,1.0,0.5,0.09453120573423074,0.9054687942657693,0.9310344827586207,,
window_false_positive,seizure_frequency:1 to <4 seizure-days/month,population,cycle,12,A_windowed_C3_only,strict_herzog,False,29,0,0.0,,,,1.0,,
window_false_positive,seizure_frequency:1 to <4 seizure-days/month,population,full,full_diary,A_windowed_C3_only,strict_herzog,False,29,13,6.0,0.46153846153846156,0.23206067809538303,0.7085620428549398,0.5517241379310345,,
window_false_positive,seizure_frequency:1 to <4 seizure-days/month,healthy_ovulatory,calendar,1,B_minimum_data_any,strict_herzog,False,25,0,0.0,,,,1.0,,
window_false_positive,seizure_frequency:1 to <4 seizure-days/month,healthy_ovulatory,calendar,3,B_minimum_data_any,strict_herzog,False,25,0,0.0,,,,1.0,,
window_false_positive,seizure_frequency:1 to <4 seizure-days/month,healthy_ovulatory,calendar,4,B_minimum_data_any,strict_herzog,False,25,24,9.0,0.375,0.21159367559548778,0.5729003755732572,0.040000000000000036,,
window_false_positive,seizure_frequency:1 to <4 seizure-days/month,healthy_ovulatory,calendar,6,B_minimum_data_any,strict_herzog,False,25,25,10.0,0.4,0.2340330237774797,0.5926054264103301,0.0,,
window_false_positive,seizure_frequency:1 to <4 seizure-days/month,healthy_ovulatory,calendar,12,B_minimum_data_any,strict_herzog,False,25,0,0.0,,,,1.0,,
window_false_positive,seizure_frequency:1 to <4 seizure-days/month,healthy_ovulatory,cycle,3,B_minimum_data_any,strict_herzog,False,25,0,0.0,,,,1.0,,
window_false_positive,seizure_frequency:1 to <4 seizure-days/month,healthy_ovulatory,cycle,6,B_minimum_data_any,strict_herzog,False,25,20,9.0,0.45,0.2581978582556243,0.6579146575496577,0.19999999999999996,,
window_false_positive,seizure_frequency:1 to <4 seizure-days/month,healthy_ovulatory,cycle,12,B_minimum_data_any,strict_herzog,False,25,0,0.0,,,,1.0,,
window_false_positive,seizure_frequency:1 to <4 seizure-days/month,healthy_ovulatory,full,full_diary,B_minimum_data_any,strict_herzog,False,25,25,10.0,0.4,0.2340330237774797,0.5926054264103301,0.0,,
window_false_positive,seizure_frequency:1 to <4 seizure-days/month,population,calendar,1,B_minimum_data_any,strict_herzog,False,29,0,0.0,,,,1.0,,
window_false_positive,seizure_frequency:1 to <4 seizure-days/month,population,calendar,3,B_minimum_data_any,strict_herzog,False,29,0,0.0,,,,1.0,,
window_false_positive,seizure_frequency:1 to <4 seizure-days/month,population,calendar,4,B_minimum_data_any,strict_herzog,False,29,28,17.0,0.6071428571428571,0.42409044296597176,0.764343134584204,0.03448275862068961,,
window_false_positive,seizure_frequency:1 to <4 seizure-days/month,population,calendar,6,B_minimum_data_any,strict_herzog,False,29,29,18.0,0.6206896551724138,0.4400254420598852,0.7731197789919015,0.0,,
window_false_positive,seizure_frequency:1 to <4 seizure-days/month,population,calendar,12,B_minimum_data_any,strict_herzog,False,29,0,0.0,,,,1.0,,
window_false_positive,seizure_frequency:1 to <4 seizure-days/month,population,cycle,3,B_minimum_data_any,strict_herzog,False,29,2,2.0,1.0,0.34238022750665303,1.0,0.9310344827586207,,
window_false_positive,seizure_frequency:1 to <4 seizure-days/month,population,cycle,6,B_minimum_data_any,strict_herzog,False,29,11,9.0,0.8181818181818182,0.523019438039156,0.9486323102539149,0.6206896551724138,,
window_false_positive,seizure_frequency:1 to <4 seizure-days/month,population,cycle,12,B_minimum_data_any,strict_herzog,False,29,0,0.0,,,,1.0,,
window_false_positive,seizure_frequency:1 to <4 seizure-days/month,population,full,full_diary,B_minimum_data_any,strict_herzog,False,29,29,18.0,0.6206896551724138,0.4400254420598852,0.7731197789919015,0.0,,
window_false_positive,seizure_frequency:1 to <4 seizure-days/month,healthy_ovulatory,calendar,1,B_minimum_data_excluding_C3,strict_herzog,False,25,0,0.0,,,,1.0,,
window_false_positive,seizure_frequency:1 to <4 seizure-days/month,healthy_ovulatory,calendar,3,B_minimum_data_excluding_C3,strict_herzog,False,25,0,0.0,,,,1.0,,
window_false_positive,seizure_frequency:1 to <4 seizure-days/month,healthy_ovulatory,calendar,4,B_minimum_data_excluding_C3,strict_herzog,False,25,24,9.0,0.375,0.21159367559548778,0.5729003755732572,0.040000000000000036,,
window_false_positive,seizure_frequency:1 to <4 seizure-days/month,healthy_ovulatory,calendar,6,B_minimum_data_excluding_C3,strict_herzog,False,25,25,10.0,0.4,0.2340330237774797,0.5926054264103301,0.0,,
window_false_positive,seizure_frequency:1 to <4 seizure-days/month,healthy_ovulatory,calendar,12,B_minimum_data_excluding_C3,strict_herzog,False,25,0,0.0,,,,1.0,,
window_false_positive,seizure_frequency:1 to <4 seizure-days/month,healthy_ovulatory,cycle,3,B_minimum_data_excluding_C3,strict_herzog,False,25,0,0.0,,,,1.0,,
window_false_positive,seizure_frequency:1 to <4 seizure-days/month,healthy_ovulatory,cycle,6,B_minimum_data_excluding_C3,strict_herzog,False,25,20,9.0,0.45,0.2581978582556243,0.6579146575496577,0.19999999999999996,,
window_false_positive,seizure_frequency:1 to <4 seizure-days/month,healthy_ovulatory,cycle,12,B_minimum_data_excluding_C3,strict_herzog,False,25,0,0.0,,,,1.0,,
window_false_positive,seizure_frequency:1 to <4 seizure-days/month,healthy_ovulatory,full,full_diary,B_minimum_data_excluding_C3,strict_herzog,False,25,25,10.0,0.4,0.2340330237774797,0.5926054264103301,0.0,,
window_false_positive,seizure_frequency:1 to <4 seizure-days/month,population,calendar,1,B_minimum_data_excluding_C3,strict_herzog,False,29,0,0.0,,,,1.0,,
window_false_positive,seizure_frequency:1 to <4 seizure-days/month,population,calendar,3,B_minimum_data_excluding_C3,strict_herzog,False,29,0,0.0,,,,1.0,,
window_false_positive,seizure_frequency:1 to <4 seizure-days/month,population,calendar,4,B_minimum_data_excluding_C3,strict_herzog,False,29,28,16.0,0.5714285714285714,0.3907078562746876,0.734914528758763,0.03448275862068961,,
window_false_positive,seizure_frequency:1 to <4 seizure-days/month,population,calendar,6,B_minimum_data_excluding_C3,strict_herzog,False,29,29,15.0,0.5172413793103449,0.34431021881994717,0.6861390984731652,0.0,,
window_false_positive,seizure_frequency:1 to <4 seizure-days/month,population,calendar,12,B_minimum_data_excluding_C3,strict_herzog,False,29,0,0.0,,,,1.0,,
window_false_positive,seizure_frequency:1 to <4 seizure-days/month,population,cycle,3,B_minimum_data_excluding_C3,strict_herzog,False,29,2,2.0,1.0,0.34238022750665303,1.0,0.9310344827586207,,
window_false_positive,seizure_frequency:1 to <4 seizure-days/month,population,cycle,6,B_minimum_data_excluding_C3,strict_herzog,False,29,11,8.0,0.7272727272727273,0.43435469882387084,0.902539407099751,0.6206896551724138,,
window_false_positive,seizure_frequency:1 to <4 seizure-days/month,population,cycle,12,B_minimum_data_excluding_C3,strict_herzog,False,29,0,0.0,,,,1.0,,
window_false_positive,seizure_frequency:1 to <4 seizure-days/month,population,full,full_diary,B_minimum_data_excluding_C3,strict_herzog,False,29,29,15.0,0.5172413793103449,0.34431021881994717,0.6861390984731652,0.0,,
window_false_positive,seizure_frequency:1 to <4 seizure-days/month,healthy_ovulatory,calendar,1,C_reproducibility_any,strict_herzog,False,25,0,0.0,,,,1.0,,
window_false_positive,seizure_frequency:1 to <4 seizure-days/month,healthy_ovulatory,calendar,3,C_reproducibility_any,strict_herzog,False,25,0,0.0,,,,1.0,,
window_false_positive,seizure_frequency:1 to <4 seizure-days/month,healthy_ovulatory,calendar,4,C_reproducibility_any,strict_herzog,False,25,0,0.0,,,,1.0,,
window_false_positive,seizure_frequency:1 to <4 seizure-days/month,healthy_ovulatory,calendar,6,C_reproducibility_any,strict_herzog,False,25,9,2.0,0.2222222222222222,0.06322510711784671,0.5474110308930111,0.64,,
window_false_positive,seizure_frequency:1 to <4 seizure-days/month,healthy_ovulatory,calendar,12,C_reproducibility_any,strict_herzog,False,25,0,0.0,,,,1.0,,
window_false_positive,seizure_frequency:1 to <4 seizure-days/month,healthy_ovulatory,cycle,3,C_reproducibility_any,strict_herzog,False,25,0,0.0,,,,1.0,,
window_false_positive,seizure_frequency:1 to <4 seizure-days/month,healthy_ovulatory,cycle,6,C_reproducibility_any,strict_herzog,False,25,9,2.0,0.2222222222222222,0.06322510711784671,0.5474110308930111,0.64,,
window_false_positive,seizure_frequency:1 to <4 seizure-days/month,healthy_ovulatory,cycle,12,C_reproducibility_any,strict_herzog,False,25,0,0.0,,,,1.0,,
window_false_positive,seizure_frequency:1 to <4 seizure-days/month,healthy_ovulatory,full,full_diary,C_reproducibility_any,strict_herzog,False,25,9,2.0,0.2222222222222222,0.06322510711784671,0.5474110308930111,0.64,,
window_false_positive,seizure_frequency:1 to <4 seizure-days/month,population,calendar,1,C_reproducibility_any,strict_herzog,False,29,0,0.0,,,,1.0,,
window_false_positive,seizure_frequency:1 to <4 seizure-days/month,population,calendar,3,C_reproducibility_any,strict_herzog,False,29,0,0.0,,,,1.0,,
window_false_positive,seizure_frequency:1 to <4 seizure-days/month,population,calendar,4,C_reproducibility_any,strict_herzog,False,29,0,0.0,,,,1.0,,
window_false_positive,seizure_frequency:1 to <4 seizure-days/month,population,calendar,6,C_reproducibility_any,strict_herzog,False,29,5,1.0,0.2,0.03622410863243014,0.6244653702374747,0.8275862068965517,,
window_false_positive,seizure_frequency:1 to <4 seizure-days/month,population,calendar,12,C_reproducibility_any,strict_herzog,False,29,0,0.0,,,,1.0,,
window_false_positive,seizure_frequency:1 to <4 seizure-days/month,population,cycle,3,C_reproducibility_any,strict_herzog,False,29,0,0.0,,,,1.0,,
window_false_positive,seizure_frequency:1 to <4 seizure-days/month,population,cycle,6,C_reproducibility_any,strict_herzog,False,29,5,1.0,0.2,0.03622410863243014,0.6244653702374747,0.8275862068965517,,
window_false_positive,seizure_frequency:1 to <4 seizure-days/month,population,cycle,12,C_reproducibility_any,strict_herzog,False,29,0,0.0,,,,1.0,,
window_false_positive,seizure_frequency:1 to <4 seizure-days/month,population,full,full_diary,C_reproducibility_any,strict_herzog,False,29,5,1.0,0.2,0.03622410863243014,0.6244653702374747,0.8275862068965517,,
window_false_positive,seizure_frequency:1 to <4 seizure-days/month,healthy_ovulatory,calendar,1,C_reproducibility_12cycle_any,strict_herzog,False,25,0,0.0,,,,1.0,,
window_false_positive,seizure_frequency:1 to <4 seizure-days/month,healthy_ovulatory,calendar,3,C_reproducibility_12cycle_any,strict_herzog,False,25,0,0.0,,,,1.0,,
window_false_positive,seizure_frequency:1 to <4 seizure-days/month,healthy_ovulatory,calendar,4,C_reproducibility_12cycle_any,strict_herzog,False,25,0,0.0,,,,1.0,,
window_false_positive,seizure_frequency:1 to <4 seizure-days/month,healthy_ovulatory,calendar,6,C_reproducibility_12cycle_any,strict_herzog,False,25,0,0.0,,,,1.0,,
window_false_positive,seizure_frequency:1 to <4 seizure-days/month,healthy_ovulatory,calendar,12,C_reproducibility_12cycle_any,strict_herzog,False,25,0,0.0,,,,1.0,,
window_false_positive,seizure_frequency:1 to <4 seizure-days/month,healthy_ovulatory,cycle,3,C_reproducibility_12cycle_any,strict_herzog,False,25,0,0.0,,,,1.0,,
window_false_positive,seizure_frequency:1 to <4 seizure-days/month,healthy_ovulatory,cycle,6,C_reproducibility_12cycle_any,strict_herzog,False,25,0,0.0,,,,1.0,,
window_false_positive,seizure_frequency:1 to <4 seizure-days/month,healthy_ovulatory,cycle,12,C_reproducibility_12cycle_any,strict_herzog,False,25,0,0.0,,,,1.0,,
window_false_positive,seizure_frequency:1 to <4 seizure-days/month,healthy_ovulatory,full,full_diary,C_reproducibility_12cycle_any,strict_herzog,False,25,0,0.0,,,,1.0,,
window_false_positive,seizure_frequency:1 to <4 seizure-days/month,population,calendar,1,C_reproducibility_12cycle_any,strict_herzog,False,29,0,0.0,,,,1.0,,
window_false_positive,seizure_frequency:1 to <4 seizure-days/month,population,calendar,3,C_reproducibility_12cycle_any,strict_herzog,False,29,0,0.0,,,,1.0,,
window_false_positive,seizure_frequency:1 to <4 seizure-days/month,population,calendar,4,C_reproducibility_12cycle_any,strict_herzog,False,29,0,0.0,,,,1.0,,
window_false_positive,seizure_frequency:1 to <4 seizure-days/month,population,calendar,6,C_reproducibility_12cycle_any,strict_herzog,False,29,0,0.0,,,,1.0,,
window_false_positive,seizure_frequency:1 to <4 seizure-days/month,population,calendar,12,C_reproducibility_12cycle_any,strict_herzog,False,29,0,0.0,,,,1.0,,
window_false_positive,seizure_frequency:1 to <4 seizure-days/month,population,cycle,3,C_reproducibility_12cycle_any,strict_herzog,False,29,0,0.0,,,,1.0,,
window_false_positive,seizure_frequency:1 to <4 seizure-days/month,population,cycle,6,C_reproducibility_12cycle_any,strict_herzog,False,29,0,0.0,,,,1.0,,
window_false_positive,seizure_frequency:1 to <4 seizure-days/month,population,cycle,12,C_reproducibility_12cycle_any,strict_herzog,False,29,0,0.0,,,,1.0,,
window_false_positive,seizure_frequency:1 to <4 seizure-days/month,population,full,full_diary,C_reproducibility_12cycle_any,strict_herzog,False,29,0,0.0,,,,1.0,,
window_false_positive,seizure_frequency:1 to <4 seizure-days/month,healthy_ovulatory,calendar,1,D_nb_regression_any,strict_herzog,False,25,0,0.0,,,,1.0,,
window_false_positive,seizure_frequency:1 to <4 seizure-days/month,healthy_ovulatory,calendar,3,D_nb_regression_any,strict_herzog,False,25,0,0.0,,,,1.0,,
window_false_positive,seizure_frequency:1 to <4 seizure-days/month,healthy_ovulatory,calendar,4,D_nb_regression_any,strict_herzog,False,25,24,1.0,0.041666666666666664,0.0073934561655057685,0.20241806478655938,0.040000000000000036,,
window_false_positive,seizure_frequency:1 to <4 seizure-days/month,healthy_ovulatory,calendar,6,D_nb_regression_any,strict_herzog,False,25,25,1.0,0.04,0.007096233501987265,0.19544063736193734,0.0,,
window_false_positive,seizure_frequency:1 to <4 seizure-days/month,healthy_ovulatory,calendar,12,D_nb_regression_any,strict_herzog,False,25,0,0.0,,,,1.0,,
window_false_positive,seizure_frequency:1 to <4 seizure-days/month,healthy_ovulatory,cycle,3,D_nb_regression_any,strict_herzog,False,25,0,0.0,,,,1.0,,
window_false_positive,seizure_frequency:1 to <4 seizure-days/month,healthy_ovulatory,cycle,6,D_nb_regression_any,strict_herzog,False,25,20,1.0,0.05,0.008881448800795402,0.23613119344674205,0.19999999999999996,,
window_false_positive,seizure_frequency:1 to <4 seizure-days/month,healthy_ovulatory,cycle,12,D_nb_regression_any,strict_herzog,False,25,0,0.0,,,,1.0,,
window_false_positive,seizure_frequency:1 to <4 seizure-days/month,healthy_ovulatory,full,full_diary,D_nb_regression_any,strict_herzog,False,25,25,1.0,0.04,0.007096233501987265,0.19544063736193734,0.0,,
window_false_positive,seizure_frequency:1 to <4 seizure-days/month,population,calendar,1,D_nb_regression_any,strict_herzog,False,29,0,0.0,,,,1.0,,
window_false_positive,seizure_frequency:1 to <4 seizure-days/month,population,calendar,3,D_nb_regression_any,strict_herzog,False,29,0,0.0,,,,1.0,,
window_false_positive,seizure_frequency:1 to <4 seizure-days/month,population,calendar,4,D_nb_regression_any,strict_herzog,False,29,28,0.0,0.0,1.3877787807814457e-17,0.12064330476584563,0.03448275862068961,,
window_false_positive,seizure_frequency:1 to <4 seizure-days/month,population,calendar,6,D_nb_regression_any,strict_herzog,False,29,29,2.0,0.06896551724137931,0.019121266169433354,0.21964580150275695,0.0,,
window_false_positive,seizure_frequency:1 to <4 seizure-days/month,population,calendar,12,D_nb_regression_any,strict_herzog,False,29,0,0.0,,,,1.0,,
window_false_positive,seizure_frequency:1 to <4 seizure-days/month,population,cycle,3,D_nb_regression_any,strict_herzog,False,29,2,0.0,0.0,0.0,0.6576197724933469,0.9310344827586207,,
window_false_positive,seizure_frequency:1 to <4 seizure-days/month,population,cycle,6,D_nb_regression_any,strict_herzog,False,29,11,0.0,0.0,0.0,0.2588329669680317,0.6206896551724138,,
window_false_positive,seizure_frequency:1 to <4 seizure-days/month,population,cycle,12,D_nb_regression_any,strict_herzog,False,29,0,0.0,,,,1.0,,
window_false_positive,seizure_frequency:1 to <4 seizure-days/month,population,full,full_diary,D_nb_regression_any,strict_herzog,False,29,29,2.0,0.06896551724137931,0.019121266169433354,0.21964580150275695,0.0,,
window_false_positive,seizure_frequency:1 to <4 seizure-days/month,healthy_ovulatory,calendar,1,D_nb_regression_window_alpha_any,strict_herzog,False,25,0,0.0,,,,1.0,,
window_false_positive,seizure_frequency:1 to <4 seizure-days/month,healthy_ovulatory,calendar,3,D_nb_regression_window_alpha_any,strict_herzog,False,25,0,0.0,,,,1.0,,
window_false_positive,seizure_frequency:1 to <4 seizure-days/month,healthy_ovulatory,calendar,4,D_nb_regression_window_alpha_any,strict_herzog,False,25,0,0.0,,,,1.0,,
window_false_positive,seizure_frequency:1 to <4 seizure-days/month,healthy_ovulatory,calendar,6,D_nb_regression_window_alpha_any,strict_herzog,False,25,0,0.0,,,,1.0,,
window_false_positive,seizure_frequency:1 to <4 seizure-days/month,healthy_ovulatory,calendar,12,D_nb_regression_window_alpha_any,strict_herzog,False,25,0,0.0,,,,1.0,,
window_false_positive,seizure_frequency:1 to <4 seizure-days/month,healthy_ovulatory,cycle,3,D_nb_regression_window_alpha_any,strict_herzog,False,25,0,0.0,,,,1.0,,
window_false_positive,seizure_frequency:1 to <4 seizure-days/month,healthy_ovulatory,cycle,6,D_nb_regression_window_alpha_any,strict_herzog,False,25,0,0.0,,,,1.0,,
window_false_positive,seizure_frequency:1 to <4 seizure-days/month,healthy_ovulatory,cycle,12,D_nb_regression_window_alpha_any,strict_herzog,False,25,0,0.0,,,,1.0,,
window_false_positive,seizure_frequency:1 to <4 seizure-days/month,healthy_ovulatory,full,full_diary,D_nb_regression_window_alpha_any,strict_herzog,False,25,25,1.0,0.04,0.007096233501987265,0.19544063736193734,0.0,,
window_false_positive,seizure_frequency:1 to <4 seizure-days/month,population,calendar,1,D_nb_regression_window_alpha_any,strict_herzog,False,29,0,0.0,,,,1.0,,
window_false_positive,seizure_frequency:1 to <4 seizure-days/month,population,calendar,3,D_nb_regression_window_alpha_any,strict_herzog,False,29,0,0.0,,,,1.0,,
window_false_positive,seizure_frequency:1 to <4 seizure-days/month,population,calendar,4,D_nb_regression_window_alpha_any,strict_herzog,False,29,0,0.0,,,,1.0,,
window_false_positive,seizure_frequency:1 to <4 seizure-days/month,population,calendar,6,D_nb_regression_window_alpha_any,strict_herzog,False,29,0,0.0,,,,1.0,,
window_false_positive,seizure_frequency:1 to <4 seizure-days/month,population,calendar,12,D_nb_regression_window_alpha_any,strict_herzog,False,29,0,0.0,,,,1.0,,
window_false_positive,seizure_frequency:1 to <4 seizure-days/month,population,cycle,3,D_nb_regression_window_alpha_any,strict_herzog,False,29,0,0.0,,,,1.0,,
window_false_positive,seizure_frequency:1 to <4 seizure-days/month,population,cycle,6,D_nb_regression_window_alpha_any,strict_herzog,False,29,0,0.0,,,,1.0,,
window_false_positive,seizure_frequency:1 to <4 seizure-days/month,population,cycle,12,D_nb_regression_window_alpha_any,strict_herzog,False,29,0,0.0,,,,1.0,,
window_false_positive,seizure_frequency:1 to <4 seizure-days/month,population,full,full_diary,D_nb_regression_window_alpha_any,strict_herzog,False,29,29,2.0,0.06896551724137931,0.019121266169433354,0.21964580150275695,0.0,,
window_false_positive,seizure_frequency:1 to <4 seizure-days/month,healthy_ovulatory,calendar,1,H1_newmark_penry_any,strict_herzog,True,25,21,3.0,0.14285714285714285,0.04981012499725268,0.34636060280620945,0.16000000000000003,,
window_false_positive,seizure_frequency:1 to <4 seizure-days/month,healthy_ovulatory,calendar,3,H1_newmark_penry_any,strict_herzog,True,25,25,3.0,0.12,0.04166817150440358,0.2995579392092732,0.0,,
window_false_positive,seizure_frequency:1 to <4 seizure-days/month,healthy_ovulatory,calendar,4,H1_newmark_penry_any,strict_herzog,True,25,25,1.0,0.04,0.007096233501987265,0.19544063736193734,0.0,,
window_false_positive,seizure_frequency:1 to <4 seizure-days/month,healthy_ovulatory,calendar,6,H1_newmark_penry_any,strict_herzog,True,25,25,0.0,0.0,1.3877787807814457e-17,0.13319225093904846,0.0,,
window_false_positive,seizure_frequency:1 to <4 seizure-days/month,healthy_ovulatory,calendar,12,H1_newmark_penry_any,strict_herzog,True,25,0,0.0,,,,1.0,,
window_false_positive,seizure_frequency:1 to <4 seizure-days/month,healthy_ovulatory,cycle,3,H1_newmark_penry_any,strict_herzog,True,25,24,3.0,0.125,0.04344334080123444,0.31003881270500067,0.040000000000000036,,
window_false_positive,seizure_frequency:1 to <4 seizure-days/month,healthy_ovulatory,cycle,6,H1_newmark_penry_any,strict_herzog,True,25,20,0.0,0.0,0.0,0.16112515805281938,0.19999999999999996,,
window_false_positive,seizure_frequency:1 to <4 seizure-days/month,healthy_ovulatory,cycle,12,H1_newmark_penry_any,strict_herzog,True,25,0,0.0,,,,1.0,,
window_false_positive,seizure_frequency:1 to <4 seizure-days/month,healthy_ovulatory,full,full_diary,H1_newmark_penry_any,strict_herzog,True,25,25,0.0,0.0,1.3877787807814457e-17,0.13319225093904846,0.0,,
window_false_positive,seizure_frequency:1 to <4 seizure-days/month,population,calendar,1,H1_newmark_penry_any,strict_herzog,True,29,23,3.0,0.13043478260869565,0.04537659093631238,0.32127482270095964,0.2068965517241379,,
window_false_positive,seizure_frequency:1 to <4 seizure-days/month,population,calendar,3,H1_newmark_penry_any,strict_herzog,True,29,29,4.0,0.13793103448275862,0.05497439964111964,0.30558993720352023,0.0,,
window_false_positive,seizure_frequency:1 to <4 seizure-days/month,population,calendar,4,H1_newmark_penry_any,strict_herzog,True,29,29,4.0,0.13793103448275862,0.05497439964111964,0.30558993720352023,0.0,,
window_false_positive,seizure_frequency:1 to <4 seizure-days/month,population,calendar,6,H1_newmark_penry_any,strict_herzog,True,29,29,3.0,0.10344827586206896,0.03581489135067707,0.26385081090773804,0.0,,
window_false_positive,seizure_frequency:1 to <4 seizure-days/month,population,calendar,12,H1_newmark_penry_any,strict_herzog,True,29,0,0.0,,,,1.0,,
window_false_positive,seizure_frequency:1 to <4 seizure-days/month,population,cycle,3,H1_newmark_penry_any,strict_herzog,True,29,29,5.0,0.1724137931034483,0.0759785725289123,0.34548439890195237,0.0,,
window_false_positive,seizure_frequency:1 to <4 seizure-days/month,population,cycle,6,H1_newmark_penry_any,strict_herzog,True,29,11,2.0,0.18181818181818182,0.05136768974608513,0.4769805619608442,0.6206896551724138,,
window_false_positive,seizure_frequency:1 to <4 seizure-days/month,population,cycle,12,H1_newmark_penry_any,strict_herzog,True,29,0,0.0,,,,1.0,,
window_false_positive,seizure_frequency:1 to <4 seizure-days/month,population,full,full_diary,H1_newmark_penry_any,strict_herzog,True,29,29,3.0,0.10344827586206896,0.03581489135067707,0.26385081090773804,0.0,,
window_false_positive,seizure_frequency:1 to <4 seizure-days/month,healthy_ovulatory,calendar,1,H1_newmark_penry_66_7_any,strict_herzog,True,25,21,2.0,0.09523809523809523,0.026518767438074548,0.28914139073918255,0.16000000000000003,,
window_false_positive,seizure_frequency:1 to <4 seizure-days/month,healthy_ovulatory,calendar,3,H1_newmark_penry_66_7_any,strict_herzog,True,25,25,0.0,0.0,1.3877787807814457e-17,0.13319225093904846,0.0,,
window_false_positive,seizure_frequency:1 to <4 seizure-days/month,healthy_ovulatory,calendar,4,H1_newmark_penry_66_7_any,strict_herzog,True,25,25,0.0,0.0,1.3877787807814457e-17,0.13319225093904846,0.0,,
window_false_positive,seizure_frequency:1 to <4 seizure-days/month,healthy_ovulatory,calendar,6,H1_newmark_penry_66_7_any,strict_herzog,True,25,25,0.0,0.0,1.3877787807814457e-17,0.13319225093904846,0.0,,
window_false_positive,seizure_frequency:1 to <4 seizure-days/month,healthy_ovulatory,calendar,12,H1_newmark_penry_66_7_any,strict_herzog,True,25,0,0.0,,,,1.0,,
window_false_positive,seizure_frequency:1 to <4 seizure-days/month,healthy_ovulatory,cycle,3,H1_newmark_penry_66_7_any,strict_herzog,True,25,24,0.0,0.0,1.3877787807814457e-17,0.13797620467498017,0.040000000000000036,,
window_false_positive,seizure_frequency:1 to <4 seizure-days/month,healthy_ovulatory,cycle,6,H1_newmark_penry_66_7_any,strict_herzog,True,25,20,0.0,0.0,0.0,0.16112515805281938,0.19999999999999996,,
window_false_positive,seizure_frequency:1 to <4 seizure-days/month,healthy_ovulatory,cycle,12,H1_newmark_penry_66_7_any,strict_herzog,True,25,0,0.0,,,,1.0,,
window_false_positive,seizure_frequency:1 to <4 seizure-days/month,healthy_ovulatory,full,full_diary,H1_newmark_penry_66_7_any,strict_herzog,True,25,25,0.0,0.0,1.3877787807814457e-17,0.13319225093904846,0.0,,
window_false_positive,seizure_frequency:1 to <4 seizure-days/month,population,calendar,1,H1_newmark_penry_66_7_any,strict_herzog,True,29,23,1.0,0.043478260869565216,0.007716666143453149,0.20991155070258877,0.2068965517241379,,
window_false_positive,seizure_frequency:1 to <4 seizure-days/month,population,calendar,3,H1_newmark_penry_66_7_any,strict_herzog,True,29,29,3.0,0.10344827586206896,0.03581489135067707,0.26385081090773804,0.0,,
window_false_positive,seizure_frequency:1 to <4 seizure-days/month,population,calendar,4,H1_newmark_penry_66_7_any,strict_herzog,True,29,29,0.0,0.0,0.0,0.11696979849974075,0.0,,
window_false_positive,seizure_frequency:1 to <4 seizure-days/month,population,calendar,6,H1_newmark_penry_66_7_any,strict_herzog,True,29,29,0.0,0.0,0.0,0.11696979849974075,0.0,,
window_false_positive,seizure_frequency:1 to <4 seizure-days/month,population,calendar,12,H1_newmark_penry_66_7_any,strict_herzog,True,29,0,0.0,,,,1.0,,
window_false_positive,seizure_frequency:1 to <4 seizure-days/month,population,cycle,3,H1_newmark_penry_66_7_any,strict_herzog,True,29,29,1.0,0.034482758620689655,0.006113214292762667,0.17175521879320288,0.0,,
window_false_positive,seizure_frequency:1 to <4 seizure-days/month,population,cycle,6,H1_newmark_penry_66_7_any,strict_herzog,True,29,11,1.0,0.09090909090909091,0.016232172885884855,0.37735843645159567,0.6206896551724138,,
window_false_positive,seizure_frequency:1 to <4 seizure-days/month,population,cycle,12,H1_newmark_penry_66_7_any,strict_herzog,True,29,0,0.0,,,,1.0,,
window_false_positive,seizure_frequency:1 to <4 seizure-days/month,population,full,full_diary,H1_newmark_penry_66_7_any,strict_herzog,True,29,29,0.0,0.0,0.0,0.11696979849974075,0.0,,
window_false_positive,seizure_frequency:1 to <4 seizure-days/month,healthy_ovulatory,calendar,1,H2_duncan1993_any,strict_herzog,True,25,21,5.0,0.23809523809523808,0.10628013022636465,0.4509117368295076,0.16000000000000003,,
window_false_positive,seizure_frequency:1 to <4 seizure-days/month,healthy_ovulatory,calendar,3,H2_duncan1993_any,strict_herzog,True,25,25,0.0,0.0,1.3877787807814457e-17,0.13319225093904846,0.0,,
window_false_positive,seizure_frequency:1 to <4 seizure-days/month,healthy_ovulatory,calendar,4,H2_duncan1993_any,strict_herzog,True,25,25,0.0,0.0,1.3877787807814457e-17,0.13319225093904846,0.0,,
window_false_positive,seizure_frequency:1 to <4 seizure-days/month,healthy_ovulatory,calendar,6,H2_duncan1993_any,strict_herzog,True,25,25,0.0,0.0,1.3877787807814457e-17,0.13319225093904846,0.0,,
window_false_positive,seizure_frequency:1 to <4 seizure-days/month,healthy_ovulatory,calendar,12,H2_duncan1993_any,strict_herzog,True,25,0,0.0,,,,1.0,,
window_false_positive,seizure_frequency:1 to <4 seizure-days/month,healthy_ovulatory,cycle,3,H2_duncan1993_any,strict_herzog,True,25,24,1.0,0.041666666666666664,0.0073934561655057685,0.20241806478655938,0.040000000000000036,,
window_false_positive,seizure_frequency:1 to <4 seizure-days/month,healthy_ovulatory,cycle,6,H2_duncan1993_any,strict_herzog,True,25,20,0.0,0.0,0.0,0.16112515805281938,0.19999999999999996,,
window_false_positive,seizure_frequency:1 to <4 seizure-days/month,healthy_ovulatory,cycle,12,H2_duncan1993_any,strict_herzog,True,25,0,0.0,,,,1.0,,
window_false_positive,seizure_frequency:1 to <4 seizure-days/month,healthy_ovulatory,full,full_diary,H2_duncan1993_any,strict_herzog,True,25,25,0.0,0.0,1.3877787807814457e-17,0.13319225093904846,0.0,,
window_false_positive,seizure_frequency:1 to <4 seizure-days/month,population,calendar,1,H2_duncan1993_any,strict_herzog,True,29,23,1.0,0.043478260869565216,0.007716666143453149,0.20991155070258877,0.2068965517241379,,
window_false_positive,seizure_frequency:1 to <4 seizure-days/month,population,calendar,3,H2_duncan1993_any,strict_herzog,True,29,29,3.0,0.10344827586206896,0.03581489135067707,0.26385081090773804,0.0,,
window_false_positive,seizure_frequency:1 to <4 seizure-days/month,population,calendar,4,H2_duncan1993_any,strict_herzog,True,29,29,1.0,0.034482758620689655,0.006113214292762667,0.17175521879320288,0.0,,
window_false_positive,seizure_frequency:1 to <4 seizure-days/month,population,calendar,6,H2_duncan1993_any,strict_herzog,True,29,29,0.0,0.0,0.0,0.11696979849974075,0.0,,
window_false_positive,seizure_frequency:1 to <4 seizure-days/month,population,calendar,12,H2_duncan1993_any,strict_herzog,True,29,0,0.0,,,,1.0,,
window_false_positive,seizure_frequency:1 to <4 seizure-days/month,population,cycle,3,H2_duncan1993_any,strict_herzog,True,29,29,1.0,0.034482758620689655,0.006113214292762667,0.17175521879320288,0.0,,
window_false_positive,seizure_frequency:1 to <4 seizure-days/month,population,cycle,6,H2_duncan1993_any,strict_herzog,True,29,11,1.0,0.09090909090909091,0.016232172885884855,0.37735843645159567,0.6206896551724138,,
window_false_positive,seizure_frequency:1 to <4 seizure-days/month,population,cycle,12,H2_duncan1993_any,strict_herzog,True,29,0,0.0,,,,1.0,,
window_false_positive,seizure_frequency:1 to <4 seizure-days/month,population,full,full_diary,H2_duncan1993_any,strict_herzog,True,29,29,0.0,0.0,0.0,0.11696979849974075,0.0,,
window_false_positive,seizure_frequency:1 to <4 seizure-days/month,healthy_ovulatory,calendar,1,H3_herzog1997_twofold_any,strict_herzog,True,25,21,13.0,0.6190476190476191,0.4087865377511576,0.7924898863143551,0.16000000000000003,,
window_false_positive,seizure_frequency:1 to <4 seizure-days/month,healthy_ovulatory,calendar,3,H3_herzog1997_twofold_any,strict_herzog,True,25,25,12.0,0.48,0.30031285954112974,0.6650148304964322,0.0,,
window_false_positive,seizure_frequency:1 to <4 seizure-days/month,healthy_ovulatory,calendar,4,H3_herzog1997_twofold_any,strict_herzog,True,25,25,6.0,0.24,0.11496313693401444,0.4342968335542908,0.0,,
window_false_positive,seizure_frequency:1 to <4 seizure-days/month,healthy_ovulatory,calendar,6,H3_herzog1997_twofold_any,strict_herzog,True,25,25,6.0,0.24,0.11496313693401444,0.4342968335542908,0.0,,
window_false_positive,seizure_frequency:1 to <4 seizure-days/month,healthy_ovulatory,calendar,12,H3_herzog1997_twofold_any,strict_herzog,True,25,0,0.0,,,,1.0,,
window_false_positive,seizure_frequency:1 to <4 seizure-days/month,healthy_ovulatory,cycle,3,H3_herzog1997_twofold_any,strict_herzog,True,25,24,7.0,0.2916666666666667,0.14914648196960875,0.49167693664496637,0.040000000000000036,,
window_false_positive,seizure_frequency:1 to <4 seizure-days/month,healthy_ovulatory,cycle,6,H3_herzog1997_twofold_any,strict_herzog,True,25,20,7.0,0.35,0.1811918241010821,0.5671457233147637,0.19999999999999996,,
window_false_positive,seizure_frequency:1 to <4 seizure-days/month,healthy_ovulatory,cycle,12,H3_herzog1997_twofold_any,strict_herzog,True,25,0,0.0,,,,1.0,,
window_false_positive,seizure_frequency:1 to <4 seizure-days/month,healthy_ovulatory,full,full_diary,H3_herzog1997_twofold_any,strict_herzog,True,25,25,6.0,0.24,0.11496313693401444,0.4342968335542908,0.0,,
window_false_positive,seizure_frequency:1 to <4 seizure-days/month,population,calendar,1,H3_herzog1997_twofold_any,strict_herzog,True,29,23,14.0,0.6086956521739131,0.4078552239138171,0.7784237720752205,0.2068965517241379,,
window_false_positive,seizure_frequency:1 to <4 seizure-days/month,population,calendar,3,H3_herzog1997_twofold_any,strict_herzog,True,29,29,18.0,0.6206896551724138,0.4400254420598852,0.7731197789919015,0.0,,
window_false_positive,seizure_frequency:1 to <4 seizure-days/month,population,calendar,4,H3_herzog1997_twofold_any,strict_herzog,True,29,29,17.0,0.5862068965517241,0.4073783598787858,0.744868226586776,0.0,,
window_false_positive,seizure_frequency:1 to <4 seizure-days/month,population,calendar,6,H3_herzog1997_twofold_any,strict_herzog,True,29,29,16.0,0.5517241379310345,0.37547963210970914,0.7158683197696281,0.0,,
window_false_positive,seizure_frequency:1 to <4 seizure-days/month,population,calendar,12,H3_herzog1997_twofold_any,strict_herzog,True,29,0,0.0,,,,1.0,,
window_false_positive,seizure_frequency:1 to <4 seizure-days/month,population,cycle,3,H3_herzog1997_twofold_any,strict_herzog,True,29,29,18.0,0.6206896551724138,0.4400254420598852,0.7731197789919015,0.0,,
window_false_positive,seizure_frequency:1 to <4 seizure-days/month,population,cycle,6,H3_herzog1997_twofold_any,strict_herzog,True,29,11,7.0,0.6363636363636364,0.35380117450784887,0.8483352890463243,0.6206896551724138,,
window_false_positive,seizure_frequency:1 to <4 seizure-days/month,population,cycle,12,H3_herzog1997_twofold_any,strict_herzog,True,29,0,0.0,,,,1.0,,
window_false_positive,seizure_frequency:1 to <4 seizure-days/month,population,full,full_diary,H3_herzog1997_twofold_any,strict_herzog,True,29,29,16.0,0.5517241379310345,0.37547963210970914,0.7158683197696281,0.0,,
window_false_positive,seizure_frequency:1 to <4 seizure-days/month,healthy_ovulatory,calendar,1,H4_reddy2007_any_phase2x_any,strict_herzog,True,25,21,20.0,0.9523809523809523,0.7733063992587743,0.9915440121901737,0.16000000000000003,,
window_false_positive,seizure_frequency:1 to <4 seizure-days/month,healthy_ovulatory,calendar,3,H4_reddy2007_any_phase2x_any,strict_herzog,True,25,25,19.0,0.76,0.5657031664457093,0.8850368630659855,0.0,,
window_false_positive,seizure_frequency:1 to <4 seizure-days/month,healthy_ovulatory,calendar,4,H4_reddy2007_any_phase2x_any,strict_herzog,True,25,25,18.0,0.72,0.5242339480963842,0.8571614614904344,0.0,,
window_false_positive,seizure_frequency:1 to <4 seizure-days/month,healthy_ovulatory,calendar,6,H4_reddy2007_any_phase2x_any,strict_herzog,True,25,25,12.0,0.48,0.30031285954112974,0.6650148304964322,0.0,,
window_false_positive,seizure_frequency:1 to <4 seizure-days/month,healthy_ovulatory,calendar,12,H4_reddy2007_any_phase2x_any,strict_herzog,True,25,0,0.0,,,,1.0,,
window_false_positive,seizure_frequency:1 to <4 seizure-days/month,healthy_ovulatory,cycle,3,H4_reddy2007_any_phase2x_any,strict_herzog,True,25,24,18.0,0.75,0.55100555994846,0.8800063377140499,0.040000000000000036,,
window_false_positive,seizure_frequency:1 to <4 seizure-days/month,healthy_ovulatory,cycle,6,H4_reddy2007_any_phase2x_any,strict_herzog,True,25,20,14.0,0.7,0.4810271816464765,0.8545227551323956,0.19999999999999996,,
window_false_positive,seizure_frequency:1 to <4 seizure-days/month,healthy_ovulatory,cycle,12,H4_reddy2007_any_phase2x_any,strict_herzog,True,25,0,0.0,,,,1.0,,
window_false_positive,seizure_frequency:1 to <4 seizure-days/month,healthy_ovulatory,full,full_diary,H4_reddy2007_any_phase2x_any,strict_herzog,True,25,25,12.0,0.48,0.30031285954112974,0.6650148304964322,0.0,,
window_false_positive,seizure_frequency:1 to <4 seizure-days/month,population,calendar,1,H4_reddy2007_any_phase2x_any,strict_herzog,True,29,23,23.0,1.0,0.8568833815495731,1.0,0.2068965517241379,,
window_false_positive,seizure_frequency:1 to <4 seizure-days/month,population,calendar,3,H4_reddy2007_any_phase2x_any,strict_herzog,True,29,29,24.0,0.8275862068965517,0.6545156010980476,0.9240214274710877,0.0,,
window_false_positive,seizure_frequency:1 to <4 seizure-days/month,population,calendar,4,H4_reddy2007_any_phase2x_any,strict_herzog,True,29,29,23.0,0.7931034482758621,0.6160990959613211,0.9015392980215897,0.0,,
window_false_positive,seizure_frequency:1 to <4 seizure-days/month,population,calendar,6,H4_reddy2007_any_phase2x_any,strict_herzog,True,29,29,15.0,0.5172413793103449,0.34431021881994717,0.6861390984731652,0.0,,
window_false_positive,seizure_frequency:1 to <4 seizure-days/month,population,calendar,12,H4_reddy2007_any_phase2x_any,strict_herzog,True,29,0,0.0,,,,1.0,,
window_false_positive,seizure_frequency:1 to <4 seizure-days/month,population,cycle,3,H4_reddy2007_any_phase2x_any,strict_herzog,True,29,29,24.0,0.8275862068965517,0.6545156010980476,0.9240214274710877,0.0,,
window_false_positive,seizure_frequency:1 to <4 seizure-days/month,population,cycle,6,H4_reddy2007_any_phase2x_any,strict_herzog,True,29,11,7.0,0.6363636363636364,0.35380117450784887,0.8483352890463243,0.6206896551724138,,
window_false_positive,seizure_frequency:1 to <4 seizure-days/month,population,cycle,12,H4_reddy2007_any_phase2x_any,strict_herzog,True,29,0,0.0,,,,1.0,,
window_false_positive,seizure_frequency:1 to <4 seizure-days/month,population,full,full_diary,H4_reddy2007_any_phase2x_any,strict_herzog,True,29,29,15.0,0.5172413793103449,0.34431021881994717,0.6861390984731652,0.0,,
window_false_positive,seizure_frequency:4 to <10 seizure-days/month,healthy_ovulatory,calendar,1,A_exact_any,strict_herzog,False,8,0,0.0,,,,1.0,,
window_false_positive,seizure_frequency:4 to <10 seizure-days/month,healthy_ovulatory,calendar,3,A_exact_any,strict_herzog,False,8,0,0.0,,,,1.0,,
window_false_positive,seizure_frequency:4 to <10 seizure-days/month,healthy_ovulatory,calendar,4,A_exact_any,strict_herzog,False,8,0,0.0,,,,1.0,,
window_false_positive,seizure_frequency:4 to <10 seizure-days/month,healthy_ovulatory,calendar,6,A_exact_any,strict_herzog,False,8,0,0.0,,,,1.0,,
window_false_positive,seizure_frequency:4 to <10 seizure-days/month,healthy_ovulatory,calendar,12,A_exact_any,strict_herzog,False,8,0,0.0,,,,1.0,,
window_false_positive,seizure_frequency:4 to <10 seizure-days/month,healthy_ovulatory,cycle,3,A_exact_any,strict_herzog,False,8,7,0.0,0.0,5.551115123125783e-17,0.35433043506668743,0.125,,
window_false_positive,seizure_frequency:4 to <10 seizure-days/month,healthy_ovulatory,cycle,6,A_exact_any,strict_herzog,False,8,0,0.0,,,,1.0,,
window_false_positive,seizure_frequency:4 to <10 seizure-days/month,healthy_ovulatory,cycle,12,A_exact_any,strict_herzog,False,8,0,0.0,,,,1.0,,
window_false_positive,seizure_frequency:4 to <10 seizure-days/month,healthy_ovulatory,full,full_diary,A_exact_any,strict_herzog,False,8,0,0.0,,,,1.0,,
window_false_positive,seizure_frequency:4 to <10 seizure-days/month,population,calendar,1,A_exact_any,strict_herzog,False,11,0,0.0,,,,1.0,,
window_false_positive,seizure_frequency:4 to <10 seizure-days/month,population,calendar,3,A_exact_any,strict_herzog,False,11,0,0.0,,,,1.0,,
window_false_positive,seizure_frequency:4 to <10 seizure-days/month,population,calendar,4,A_exact_any,strict_herzog,False,11,0,0.0,,,,1.0,,
window_false_positive,seizure_frequency:4 to <10 seizure-days/month,population,calendar,6,A_exact_any,strict_herzog,False,11,0,0.0,,,,1.0,,
window_false_positive,seizure_frequency:4 to <10 seizure-days/month,population,calendar,12,A_exact_any,strict_herzog,False,11,0,0.0,,,,1.0,,
window_false_positive,seizure_frequency:4 to <10 seizure-days/month,population,cycle,3,A_exact_any,strict_herzog,False,11,8,3.0,0.375,0.13684428582359742,0.6942576053973727,0.2727272727272727,,
window_false_positive,seizure_frequency:4 to <10 seizure-days/month,population,cycle,6,A_exact_any,strict_herzog,False,11,0,0.0,,,,1.0,,
window_false_positive,seizure_frequency:4 to <10 seizure-days/month,population,cycle,12,A_exact_any,strict_herzog,False,11,0,0.0,,,,1.0,,
window_false_positive,seizure_frequency:4 to <10 seizure-days/month,population,full,full_diary,A_exact_any,strict_herzog,False,11,0,0.0,,,,1.0,,
window_false_positive,seizure_frequency:4 to <10 seizure-days/month,healthy_ovulatory,calendar,1,A_windowed_any,strict_herzog,False,8,8,0.0,0.0,0.0,0.32440756488388023,0.0,,
window_false_positive,seizure_frequency:4 to <10 seizure-days/month,healthy_ovulatory,calendar,3,A_windowed_any,strict_herzog,False,8,8,1.0,0.125,0.02241749145005667,0.4708881822128535,0.0,,
window_false_positive,seizure_frequency:4 to <10 seizure-days/month,healthy_ovulatory,calendar,4,A_windowed_any,strict_herzog,False,8,8,0.0,0.0,0.0,0.32440756488388023,0.0,,
window_false_positive,seizure_frequency:4 to <10 seizure-days/month,healthy_ovulatory,calendar,6,A_windowed_any,strict_herzog,False,8,8,0.0,0.0,0.0,0.32440756488388023,0.0,,
window_false_positive,seizure_frequency:4 to <10 seizure-days/month,healthy_ovulatory,calendar,12,A_windowed_any,strict_herzog,False,8,0,0.0,,,,1.0,,
window_false_positive,seizure_frequency:4 to <10 seizure-days/month,healthy_ovulatory,cycle,3,A_windowed_any,strict_herzog,False,8,8,1.0,0.125,0.02241749145005667,0.4708881822128535,0.0,,
window_false_positive,seizure_frequency:4 to <10 seizure-days/month,healthy_ovulatory,cycle,6,A_windowed_any,strict_herzog,False,8,6,0.0,0.0,2.7755575615628914e-17,0.3903342879021653,0.25,,
window_false_positive,seizure_frequency:4 to <10 seizure-days/month,healthy_ovulatory,cycle,12,A_windowed_any,strict_herzog,False,8,0,0.0,,,,1.0,,
window_false_positive,seizure_frequency:4 to <10 seizure-days/month,healthy_ovulatory,full,full_diary,A_windowed_any,strict_herzog,False,8,8,0.0,0.0,0.0,0.32440756488388023,0.0,,
window_false_positive,seizure_frequency:4 to <10 seizure-days/month,population,calendar,1,A_windowed_any,strict_herzog,False,11,11,4.0,0.36363636363636365,0.15166471095367573,0.6461988254921511,0.0,,
window_false_positive,seizure_frequency:4 to <10 seizure-days/month,population,calendar,3,A_windowed_any,strict_herzog,False,11,11,3.0,0.2727272727272727,0.09746059290024889,0.5656453011761291,0.0,,
window_false_positive,seizure_frequency:4 to <10 seizure-days/month,population,calendar,4,A_windowed_any,strict_herzog,False,11,11,5.0,0.45454545454545453,0.21271271622459764,0.719908462590678,0.0,,
window_false_positive,seizure_frequency:4 to <10 seizure-days/month,population,calendar,6,A_windowed_any,strict_herzog,False,11,11,3.0,0.2727272727272727,0.09746059290024889,0.5656453011761291,0.0,,
window_false_positive,seizure_frequency:4 to <10 seizure-days/month,population,calendar,12,A_windowed_any,strict_herzog,False,11,0,0.0,,,,1.0,,
window_false_positive,seizure_frequency:4 to <10 seizure-days/month,population,cycle,3,A_windowed_any,strict_herzog,False,11,11,5.0,0.45454545454545453,0.21271271622459764,0.719908462590678,0.0,,
window_false_positive,seizure_frequency:4 to <10 seizure-days/month,population,cycle,6,A_windowed_any,strict_herzog,False,11,4,0.0,0.0,0.0,0.4898908364545973,0.6363636363636364,,
window_false_positive,seizure_frequency:4 to <10 seizure-days/month,population,cycle,12,A_windowed_any,strict_herzog,False,11,0,0.0,,,,1.0,,
window_false_positive,seizure_frequency:4 to <10 seizure-days/month,population,full,full_diary,A_windowed_any,strict_herzog,False,11,11,3.0,0.2727272727272727,0.09746059290024889,0.5656453011761291,0.0,,
window_false_positive,seizure_frequency:4 to <10 seizure-days/month,healthy_ovulatory,calendar,1,A_windowed_excluding_C3,strict_herzog,False,8,8,0.0,0.0,0.0,0.32440756488388023,0.0,,
window_false_positive,seizure_frequency:4 to <10 seizure-days/month,healthy_ovulatory,calendar,3,A_windowed_excluding_C3,strict_herzog,False,8,8,1.0,0.125,0.02241749145005667,0.4708881822128535,0.0,,
window_false_positive,seizure_frequency:4 to <10 seizure-days/month,healthy_ovulatory,calendar,4,A_windowed_excluding_C3,strict_herzog,False,8,8,0.0,0.0,0.0,0.32440756488388023,0.0,,
window_false_positive,seizure_frequency:4 to <10 seizure-days/month,healthy_ovulatory,calendar,6,A_windowed_excluding_C3,strict_herzog,False,8,8,0.0,0.0,0.0,0.32440756488388023,0.0,,
window_false_positive,seizure_frequency:4 to <10 seizure-days/month,healthy_ovulatory,calendar,12,A_windowed_excluding_C3,strict_herzog,False,8,0,0.0,,,,1.0,,
window_false_positive,seizure_frequency:4 to <10 seizure-days/month,healthy_ovulatory,cycle,3,A_windowed_excluding_C3,strict_herzog,False,8,8,1.0,0.125,0.02241749145005667,0.4708881822128535,0.0,,
window_false_positive,seizure_frequency:4 to <10 seizure-days/month,healthy_ovulatory,cycle,6,A_windowed_excluding_C3,strict_herzog,False,8,6,0.0,0.0,2.7755575615628914e-17,0.3903342879021653,0.25,,
window_false_positive,seizure_frequency:4 to <10 seizure-days/month,healthy_ovulatory,cycle,12,A_windowed_excluding_C3,strict_herzog,False,8,0,0.0,,,,1.0,,
window_false_positive,seizure_frequency:4 to <10 seizure-days/month,healthy_ovulatory,full,full_diary,A_windowed_excluding_C3,strict_herzog,False,8,8,0.0,0.0,0.0,0.32440756488388023,0.0,,
window_false_positive,seizure_frequency:4 to <10 seizure-days/month,population,calendar,1,A_windowed_excluding_C3,strict_herzog,False,11,11,3.0,0.2727272727272727,0.09746059290024889,0.5656453011761291,0.0,,
window_false_positive,seizure_frequency:4 to <10 seizure-days/month,population,calendar,3,A_windowed_excluding_C3,strict_herzog,False,11,11,3.0,0.2727272727272727,0.09746059290024889,0.5656453011761291,0.0,,
window_false_positive,seizure_frequency:4 to <10 seizure-days/month,population,calendar,4,A_windowed_excluding_C3,strict_herzog,False,11,11,5.0,0.45454545454545453,0.21271271622459764,0.719908462590678,0.0,,
window_false_positive,seizure_frequency:4 to <10 seizure-days/month,population,calendar,6,A_windowed_excluding_C3,strict_herzog,False,11,11,3.0,0.2727272727272727,0.09746059290024889,0.5656453011761291,0.0,,
window_false_positive,seizure_frequency:4 to <10 seizure-days/month,population,calendar,12,A_windowed_excluding_C3,strict_herzog,False,11,0,0.0,,,,1.0,,
window_false_positive,seizure_frequency:4 to <10 seizure-days/month,population,cycle,3,A_windowed_excluding_C3,strict_herzog,False,11,11,4.0,0.36363636363636365,0.15166471095367573,0.6461988254921511,0.0,,
window_false_positive,seizure_frequency:4 to <10 seizure-days/month,population,cycle,6,A_windowed_excluding_C3,strict_herzog,False,11,4,0.0,0.0,0.0,0.4898908364545973,0.6363636363636364,,
window_false_positive,seizure_frequency:4 to <10 seizure-days/month,population,cycle,12,A_windowed_excluding_C3,strict_herzog,False,11,0,0.0,,,,1.0,,
window_false_positive,seizure_frequency:4 to <10 seizure-days/month,population,full,full_diary,A_windowed_excluding_C3,strict_herzog,False,11,11,3.0,0.2727272727272727,0.09746059290024889,0.5656453011761291,0.0,,
window_false_positive,seizure_frequency:4 to <10 seizure-days/month,healthy_ovulatory,calendar,1,A_windowed_C1_only,strict_herzog,False,8,8,0.0,0.0,0.0,0.32440756488388023,0.0,,
window_false_positive,seizure_frequency:4 to <10 seizure-days/month,healthy_ovulatory,calendar,3,A_windowed_C1_only,strict_herzog,False,8,8,1.0,0.125,0.02241749145005667,0.4708881822128535,0.0,,
window_false_positive,seizure_frequency:4 to <10 seizure-days/month,healthy_ovulatory,calendar,4,A_windowed_C1_only,strict_herzog,False,8,8,0.0,0.0,0.0,0.32440756488388023,0.0,,
window_false_positive,seizure_frequency:4 to <10 seizure-days/month,healthy_ovulatory,calendar,6,A_windowed_C1_only,strict_herzog,False,8,8,0.0,0.0,0.0,0.32440756488388023,0.0,,
window_false_positive,seizure_frequency:4 to <10 seizure-days/month,healthy_ovulatory,calendar,12,A_windowed_C1_only,strict_herzog,False,8,0,0.0,,,,1.0,,
window_false_positive,seizure_frequency:4 to <10 seizure-days/month,healthy_ovulatory,cycle,3,A_windowed_C1_only,strict_herzog,False,8,8,1.0,0.125,0.02241749145005667,0.4708881822128535,0.0,,
window_false_positive,seizure_frequency:4 to <10 seizure-days/month,healthy_ovulatory,cycle,6,A_windowed_C1_only,strict_herzog,False,8,6,0.0,0.0,2.7755575615628914e-17,0.3903342879021653,0.25,,
window_false_positive,seizure_frequency:4 to <10 seizure-days/month,healthy_ovulatory,cycle,12,A_windowed_C1_only,strict_herzog,False,8,0,0.0,,,,1.0,,
window_false_positive,seizure_frequency:4 to <10 seizure-days/month,healthy_ovulatory,full,full_diary,A_windowed_C1_only,strict_herzog,False,8,8,0.0,0.0,0.0,0.32440756488388023,0.0,,
window_false_positive,seizure_frequency:4 to <10 seizure-days/month,population,calendar,1,A_windowed_C1_only,strict_herzog,False,11,10,1.0,0.1,0.017876213095072896,0.4041500267952385,0.09090909090909094,,
window_false_positive,seizure_frequency:4 to <10 seizure-days/month,population,calendar,3,A_windowed_C1_only,strict_herzog,False,11,11,3.0,0.2727272727272727,0.09746059290024889,0.5656453011761291,0.0,,
window_false_positive,seizure_frequency:4 to <10 seizure-days/month,population,calendar,4,A_windowed_C1_only,strict_herzog,False,11,11,5.0,0.45454545454545453,0.21271271622459764,0.719908462590678,0.0,,
window_false_positive,seizure_frequency:4 to <10 seizure-days/month,population,calendar,6,A_windowed_C1_only,strict_herzog,False,11,11,3.0,0.2727272727272727,0.09746059290024889,0.5656453011761291,0.0,,
window_false_positive,seizure_frequency:4 to <10 seizure-days/month,population,calendar,12,A_windowed_C1_only,strict_herzog,False,11,0,0.0,,,,1.0,,
window_false_positive,seizure_frequency:4 to <10 seizure-days/month,population,cycle,3,A_windowed_C1_only,strict_herzog,False,11,11,3.0,0.2727272727272727,0.09746059290024889,0.5656453011761291,0.0,,
window_false_positive,seizure_frequency:4 to <10 seizure-days/month,population,cycle,6,A_windowed_C1_only,strict_herzog,False,11,4,0.0,0.0,0.0,0.4898908364545973,0.6363636363636364,,
window_false_positive,seizure_frequency:4 to <10 seizure-days/month,population,cycle,12,A_windowed_C1_only,strict_herzog,False,11,0,0.0,,,,1.0,,
window_false_positive,seizure_frequency:4 to <10 seizure-days/month,population,full,full_diary,A_windowed_C1_only,strict_herzog,False,11,11,3.0,0.2727272727272727,0.09746059290024889,0.5656453011761291,0.0,,
window_false_positive,seizure_frequency:4 to <10 seizure-days/month,healthy_ovulatory,calendar,1,A_windowed_C2_only,strict_herzog,False,8,8,0.0,0.0,0.0,0.32440756488388023,0.0,,
window_false_positive,seizure_frequency:4 to <10 seizure-days/month,healthy_ovulatory,calendar,3,A_windowed_C2_only,strict_herzog,False,8,8,0.0,0.0,0.0,0.32440756488388023,0.0,,
window_false_positive,seizure_frequency:4 to <10 seizure-days/month,healthy_ovulatory,calendar,4,A_windowed_C2_only,strict_herzog,False,8,8,0.0,0.0,0.0,0.32440756488388023,0.0,,
window_false_positive,seizure_frequency:4 to <10 seizure-days/month,healthy_ovulatory,calendar,6,A_windowed_C2_only,strict_herzog,False,8,8,0.0,0.0,0.0,0.32440756488388023,0.0,,
window_false_positive,seizure_frequency:4 to <10 seizure-days/month,healthy_ovulatory,calendar,12,A_windowed_C2_only,strict_herzog,False,8,0,0.0,,,,1.0,,
window_false_positive,seizure_frequency:4 to <10 seizure-days/month,healthy_ovulatory,cycle,3,A_windowed_C2_only,strict_herzog,False,8,8,0.0,0.0,0.0,0.32440756488388023,0.0,,
window_false_positive,seizure_frequency:4 to <10 seizure-days/month,healthy_ovulatory,cycle,6,A_windowed_C2_only,strict_herzog,False,8,6,0.0,0.0,2.7755575615628914e-17,0.3903342879021653,0.25,,
window_false_positive,seizure_frequency:4 to <10 seizure-days/month,healthy_ovulatory,cycle,12,A_windowed_C2_only,strict_herzog,False,8,0,0.0,,,,1.0,,
window_false_positive,seizure_frequency:4 to <10 seizure-days/month,healthy_ovulatory,full,full_diary,A_windowed_C2_only,strict_herzog,False,8,8,0.0,0.0,0.0,0.32440756488388023,0.0,,
window_false_positive,seizure_frequency:4 to <10 seizure-days/month,population,calendar,1,A_windowed_C2_only,strict_herzog,False,11,11,2.0,0.18181818181818182,0.05136768974608513,0.4769805619608442,0.0,,
window_false_positive,seizure_frequency:4 to <10 seizure-days/month,population,calendar,3,A_windowed_C2_only,strict_herzog,False,11,11,2.0,0.18181818181818182,0.05136768974608513,0.4769805619608442,0.0,,
window_false_positive,seizure_frequency:4 to <10 seizure-days/month,population,calendar,4,A_windowed_C2_only,strict_herzog,False,11,11,3.0,0.2727272727272727,0.09746059290024889,0.5656453011761291,0.0,,
window_false_positive,seizure_frequency:4 to <10 seizure-days/month,population,calendar,6,A_windowed_C2_only,strict_herzog,False,11,11,2.0,0.18181818181818182,0.05136768974608513,0.4769805619608442,0.0,,
window_false_positive,seizure_frequency:4 to <10 seizure-days/month,population,calendar,12,A_windowed_C2_only,strict_herzog,False,11,0,0.0,,,,1.0,,
window_false_positive,seizure_frequency:4 to <10 seizure-days/month,population,cycle,3,A_windowed_C2_only,strict_herzog,False,11,11,4.0,0.36363636363636365,0.15166471095367573,0.6461988254921511,0.0,,
window_false_positive,seizure_frequency:4 to <10 seizure-days/month,population,cycle,6,A_windowed_C2_only,strict_herzog,False,11,4,0.0,0.0,0.0,0.4898908364545973,0.6363636363636364,,
window_false_positive,seizure_frequency:4 to <10 seizure-days/month,population,cycle,12,A_windowed_C2_only,strict_herzog,False,11,0,0.0,,,,1.0,,
window_false_positive,seizure_frequency:4 to <10 seizure-days/month,population,full,full_diary,A_windowed_C2_only,strict_herzog,False,11,11,2.0,0.18181818181818182,0.05136768974608513,0.4769805619608442,0.0,,
window_false_positive,seizure_frequency:4 to <10 seizure-days/month,healthy_ovulatory,calendar,1,A_windowed_C3_only,strict_herzog,False,8,0,0.0,,,,1.0,,
window_false_positive,seizure_frequency:4 to <10 seizure-days/month,healthy_ovulatory,calendar,3,A_windowed_C3_only,strict_herzog,False,8,0,0.0,,,,1.0,,
window_false_positive,seizure_frequency:4 to <10 seizure-days/month,healthy_ovulatory,calendar,4,A_windowed_C3_only,strict_herzog,False,8,0,0.0,,,,1.0,,
window_false_positive,seizure_frequency:4 to <10 seizure-days/month,healthy_ovulatory,calendar,6,A_windowed_C3_only,strict_herzog,False,8,0,0.0,,,,1.0,,
window_false_positive,seizure_frequency:4 to <10 seizure-days/month,healthy_ovulatory,calendar,12,A_windowed_C3_only,strict_herzog,False,8,0,0.0,,,,1.0,,
window_false_positive,seizure_frequency:4 to <10 seizure-days/month,healthy_ovulatory,cycle,3,A_windowed_C3_only,strict_herzog,False,8,0,0.0,,,,1.0,,
window_false_positive,seizure_frequency:4 to <10 seizure-days/month,healthy_ovulatory,cycle,6,A_windowed_C3_only,strict_herzog,False,8,0,0.0,,,,1.0,,
window_false_positive,seizure_frequency:4 to <10 seizure-days/month,healthy_ovulatory,cycle,12,A_windowed_C3_only,strict_herzog,False,8,0,0.0,,,,1.0,,
window_false_positive,seizure_frequency:4 to <10 seizure-days/month,healthy_ovulatory,full,full_diary,A_windowed_C3_only,strict_herzog,False,8,0,0.0,,,,1.0,,
window_false_positive,seizure_frequency:4 to <10 seizure-days/month,population,calendar,1,A_windowed_C3_only,strict_herzog,False,11,2,2.0,1.0,0.34238022750665303,1.0,0.8181818181818181,,
window_false_positive,seizure_frequency:4 to <10 seizure-days/month,population,calendar,3,A_windowed_C3_only,strict_herzog,False,11,7,2.0,0.2857142857142857,0.08221892400405678,0.6410655481673808,0.36363636363636365,,
window_false_positive,seizure_frequency:4 to <10 seizure-days/month,population,calendar,4,A_windowed_C3_only,strict_herzog,False,11,6,1.0,0.16666666666666666,0.030053369748306635,0.5635028221864702,0.4545454545454546,,
window_false_positive,seizure_frequency:4 to <10 seizure-days/month,population,calendar,6,A_windowed_C3_only,strict_herzog,False,11,7,1.0,0.14285714285714285,0.02567962434474355,0.5131278292743189,0.36363636363636365,,
window_false_positive,seizure_frequency:4 to <10 seizure-days/month,population,calendar,12,A_windowed_C3_only,strict_herzog,False,11,0,0.0,,,,1.0,,
window_false_positive,seizure_frequency:4 to <10 seizure-days/month,population,cycle,3,A_windowed_C3_only,strict_herzog,False,11,4,2.0,0.5,0.15003898915214947,0.8499610108478506,0.6363636363636364,,
window_false_positive,seizure_frequency:4 to <10 seizure-days/month,population,cycle,6,A_windowed_C3_only,strict_herzog,False,11,2,0.0,0.0,0.0,0.6576197724933469,0.8181818181818181,,
window_false_positive,seizure_frequency:4 to <10 seizure-days/month,population,cycle,12,A_windowed_C3_only,strict_herzog,False,11,0,0.0,,,,1.0,,
window_false_positive,seizure_frequency:4 to <10 seizure-days/month,population,full,full_diary,A_windowed_C3_only,strict_herzog,False,11,7,1.0,0.14285714285714285,0.02567962434474355,0.5131278292743189,0.36363636363636365,,
window_false_positive,seizure_frequency:4 to <10 seizure-days/month,healthy_ovulatory,calendar,1,B_minimum_data_any,strict_herzog,False,8,0,0.0,,,,1.0,,
window_false_positive,seizure_frequency:4 to <10 seizure-days/month,healthy_ovulatory,calendar,3,B_minimum_data_any,strict_herzog,False,8,0,0.0,,,,1.0,,
window_false_positive,seizure_frequency:4 to <10 seizure-days/month,healthy_ovulatory,calendar,4,B_minimum_data_any,strict_herzog,False,8,8,0.0,0.0,0.0,0.32440756488388023,0.0,,
window_false_positive,seizure_frequency:4 to <10 seizure-days/month,healthy_ovulatory,calendar,6,B_minimum_data_any,strict_herzog,False,8,8,0.0,0.0,0.0,0.32440756488388023,0.0,,
window_false_positive,seizure_frequency:4 to <10 seizure-days/month,healthy_ovulatory,calendar,12,B_minimum_data_any,strict_herzog,False,8,0,0.0,,,,1.0,,
window_false_positive,seizure_frequency:4 to <10 seizure-days/month,healthy_ovulatory,cycle,3,B_minimum_data_any,strict_herzog,False,8,0,0.0,,,,1.0,,
window_false_positive,seizure_frequency:4 to <10 seizure-days/month,healthy_ovulatory,cycle,6,B_minimum_data_any,strict_herzog,False,8,6,0.0,0.0,2.7755575615628914e-17,0.3903342879021653,0.25,,
window_false_positive,seizure_frequency:4 to <10 seizure-days/month,healthy_ovulatory,cycle,12,B_minimum_data_any,strict_herzog,False,8,0,0.0,,,,1.0,,
window_false_positive,seizure_frequency:4 to <10 seizure-days/month,healthy_ovulatory,full,full_diary,B_minimum_data_any,strict_herzog,False,8,8,0.0,0.0,0.0,0.32440756488388023,0.0,,
window_false_positive,seizure_frequency:4 to <10 seizure-days/month,population,calendar,1,B_minimum_data_any,strict_herzog,False,11,0,0.0,,,,1.0,,
window_false_positive,seizure_frequency:4 to <10 seizure-days/month,population,calendar,3,B_minimum_data_any,strict_herzog,False,11,0,0.0,,,,1.0,,
window_false_positive,seizure_frequency:4 to <10 seizure-days/month,population,calendar,4,B_minimum_data_any,strict_herzog,False,11,11,5.0,0.45454545454545453,0.21271271622459764,0.719908462590678,0.0,,
window_false_positive,seizure_frequency:4 to <10 seizure-days/month,population,calendar,6,B_minimum_data_any,strict_herzog,False,11,11,3.0,0.2727272727272727,0.09746059290024889,0.5656453011761291,0.0,,
window_false_positive,seizure_frequency:4 to <10 seizure-days/month,population,calendar,12,B_minimum_data_any,strict_herzog,False,11,0,0.0,,,,1.0,,
window_false_positive,seizure_frequency:4 to <10 seizure-days/month,population,cycle,3,B_minimum_data_any,strict_herzog,False,11,0,0.0,,,,1.0,,
window_false_positive,seizure_frequency:4 to <10 seizure-days/month,population,cycle,6,B_minimum_data_any,strict_herzog,False,11,4,0.0,0.0,0.0,0.4898908364545973,0.6363636363636364,,
window_false_positive,seizure_frequency:4 to <10 seizure-days/month,population,cycle,12,B_minimum_data_any,strict_herzog,False,11,0,0.0,,,,1.0,,
window_false_positive,seizure_frequency:4 to <10 seizure-days/month,population,full,full_diary,B_minimum_data_any,strict_herzog,False,11,11,3.0,0.2727272727272727,0.09746059290024889,0.5656453011761291,0.0,,
window_false_positive,seizure_frequency:4 to <10 seizure-days/month,healthy_ovulatory,calendar,1,B_minimum_data_excluding_C3,strict_herzog,False,8,0,0.0,,,,1.0,,
window_false_positive,seizure_frequency:4 to <10 seizure-days/month,healthy_ovulatory,calendar,3,B_minimum_data_excluding_C3,strict_herzog,False,8,0,0.0,,,,1.0,,
window_false_positive,seizure_frequency:4 to <10 seizure-days/month,healthy_ovulatory,calendar,4,B_minimum_data_excluding_C3,strict_herzog,False,8,8,0.0,0.0,0.0,0.32440756488388023,0.0,,
window_false_positive,seizure_frequency:4 to <10 seizure-days/month,healthy_ovulatory,calendar,6,B_minimum_data_excluding_C3,strict_herzog,False,8,8,0.0,0.0,0.0,0.32440756488388023,0.0,,
window_false_positive,seizure_frequency:4 to <10 seizure-days/month,healthy_ovulatory,calendar,12,B_minimum_data_excluding_C3,strict_herzog,False,8,0,0.0,,,,1.0,,
window_false_positive,seizure_frequency:4 to <10 seizure-days/month,healthy_ovulatory,cycle,3,B_minimum_data_excluding_C3,strict_herzog,False,8,0,0.0,,,,1.0,,
window_false_positive,seizure_frequency:4 to <10 seizure-days/month,healthy_ovulatory,cycle,6,B_minimum_data_excluding_C3,strict_herzog,False,8,6,0.0,0.0,2.7755575615628914e-17,0.3903342879021653,0.25,,
window_false_positive,seizure_frequency:4 to <10 seizure-days/month,healthy_ovulatory,cycle,12,B_minimum_data_excluding_C3,strict_herzog,False,8,0,0.0,,,,1.0,,
window_false_positive,seizure_frequency:4 to <10 seizure-days/month,healthy_ovulatory,full,full_diary,B_minimum_data_excluding_C3,strict_herzog,False,8,8,0.0,0.0,0.0,0.32440756488388023,0.0,,
window_false_positive,seizure_frequency:4 to <10 seizure-days/month,population,calendar,1,B_minimum_data_excluding_C3,strict_herzog,False,11,0,0.0,,,,1.0,,
window_false_positive,seizure_frequency:4 to <10 seizure-days/month,population,calendar,3,B_minimum_data_excluding_C3,strict_herzog,False,11,0,0.0,,,,1.0,,
window_false_positive,seizure_frequency:4 to <10 seizure-days/month,population,calendar,4,B_minimum_data_excluding_C3,strict_herzog,False,11,11,5.0,0.45454545454545453,0.21271271622459764,0.719908462590678,0.0,,
window_false_positive,seizure_frequency:4 to <10 seizure-days/month,population,calendar,6,B_minimum_data_excluding_C3,strict_herzog,False,11,11,3.0,0.2727272727272727,0.09746059290024889,0.5656453011761291,0.0,,
window_false_positive,seizure_frequency:4 to <10 seizure-days/month,population,calendar,12,B_minimum_data_excluding_C3,strict_herzog,False,11,0,0.0,,,,1.0,,
window_false_positive,seizure_frequency:4 to <10 seizure-days/month,population,cycle,3,B_minimum_data_excluding_C3,strict_herzog,False,11,0,0.0,,,,1.0,,
window_false_positive,seizure_frequency:4 to <10 seizure-days/month,population,cycle,6,B_minimum_data_excluding_C3,strict_herzog,False,11,4,0.0,0.0,0.0,0.4898908364545973,0.6363636363636364,,
window_false_positive,seizure_frequency:4 to <10 seizure-days/month,population,cycle,12,B_minimum_data_excluding_C3,strict_herzog,False,11,0,0.0,,,,1.0,,
window_false_positive,seizure_frequency:4 to <10 seizure-days/month,population,full,full_diary,B_minimum_data_excluding_C3,strict_herzog,False,11,11,3.0,0.2727272727272727,0.09746059290024889,0.5656453011761291,0.0,,
window_false_positive,seizure_frequency:4 to <10 seizure-days/month,healthy_ovulatory,calendar,1,C_reproducibility_any,strict_herzog,False,8,0,0.0,,,,1.0,,
window_false_positive,seizure_frequency:4 to <10 seizure-days/month,healthy_ovulatory,calendar,3,C_reproducibility_any,strict_herzog,False,8,0,0.0,,,,1.0,,
window_false_positive,seizure_frequency:4 to <10 seizure-days/month,healthy_ovulatory,calendar,4,C_reproducibility_any,strict_herzog,False,8,0,0.0,,,,1.0,,
window_false_positive,seizure_frequency:4 to <10 seizure-days/month,healthy_ovulatory,calendar,6,C_reproducibility_any,strict_herzog,False,8,5,0.0,0.0,0.0,0.43448246478317476,0.375,,
window_false_positive,seizure_frequency:4 to <10 seizure-days/month,healthy_ovulatory,calendar,12,C_reproducibility_any,strict_herzog,False,8,0,0.0,,,,1.0,,
window_false_positive,seizure_frequency:4 to <10 seizure-days/month,healthy_ovulatory,cycle,3,C_reproducibility_any,strict_herzog,False,8,0,0.0,,,,1.0,,
window_false_positive,seizure_frequency:4 to <10 seizure-days/month,healthy_ovulatory,cycle,6,C_reproducibility_any,strict_herzog,False,8,5,0.0,0.0,0.0,0.43448246478317476,0.375,,
window_false_positive,seizure_frequency:4 to <10 seizure-days/month,healthy_ovulatory,cycle,12,C_reproducibility_any,strict_herzog,False,8,0,0.0,,,,1.0,,
window_false_positive,seizure_frequency:4 to <10 seizure-days/month,healthy_ovulatory,full,full_diary,C_reproducibility_any,strict_herzog,False,8,5,0.0,0.0,0.0,0.43448246478317476,0.375,,
window_false_positive,seizure_frequency:4 to <10 seizure-days/month,population,calendar,1,C_reproducibility_any,strict_herzog,False,11,0,0.0,,,,1.0,,
window_false_positive,seizure_frequency:4 to <10 seizure-days/month,population,calendar,3,C_reproducibility_any,strict_herzog,False,11,0,0.0,,,,1.0,,
window_false_positive,seizure_frequency:4 to <10 seizure-days/month,population,calendar,4,C_reproducibility_any,strict_herzog,False,11,0,0.0,,,,1.0,,
window_false_positive,seizure_frequency:4 to <10 seizure-days/month,population,calendar,6,C_reproducibility_any,strict_herzog,False,11,4,0.0,0.0,0.0,0.4898908364545973,0.6363636363636364,,
window_false_positive,seizure_frequency:4 to <10 seizure-days/month,population,calendar,12,C_reproducibility_any,strict_herzog,False,11,0,0.0,,,,1.0,,
window_false_positive,seizure_frequency:4 to <10 seizure-days/month,population,cycle,3,C_reproducibility_any,strict_herzog,False,11,0,0.0,,,,1.0,,
window_false_positive,seizure_frequency:4 to <10 seizure-days/month,population,cycle,6,C_reproducibility_any,strict_herzog,False,11,4,0.0,0.0,0.0,0.4898908364545973,0.6363636363636364,,
window_false_positive,seizure_frequency:4 to <10 seizure-days/month,population,cycle,12,C_reproducibility_any,strict_herzog,False,11,0,0.0,,,,1.0,,
window_false_positive,seizure_frequency:4 to <10 seizure-days/month,population,full,full_diary,C_reproducibility_any,strict_herzog,False,11,4,0.0,0.0,0.0,0.4898908364545973,0.6363636363636364,,
window_false_positive,seizure_frequency:4 to <10 seizure-days/month,healthy_ovulatory,calendar,1,C_reproducibility_12cycle_any,strict_herzog,False,8,0,0.0,,,,1.0,,
window_false_positive,seizure_frequency:4 to <10 seizure-days/month,healthy_ovulatory,calendar,3,C_reproducibility_12cycle_any,strict_herzog,False,8,0,0.0,,,,1.0,,
window_false_positive,seizure_frequency:4 to <10 seizure-days/month,healthy_ovulatory,calendar,4,C_reproducibility_12cycle_any,strict_herzog,False,8,0,0.0,,,,1.0,,
window_false_positive,seizure_frequency:4 to <10 seizure-days/month,healthy_ovulatory,calendar,6,C_reproducibility_12cycle_any,strict_herzog,False,8,0,0.0,,,,1.0,,
window_false_positive,seizure_frequency:4 to <10 seizure-days/month,healthy_ovulatory,calendar,12,C_reproducibility_12cycle_any,strict_herzog,False,8,0,0.0,,,,1.0,,
window_false_positive,seizure_frequency:4 to <10 seizure-days/month,healthy_ovulatory,cycle,3,C_reproducibility_12cycle_any,strict_herzog,False,8,0,0.0,,,,1.0,,
window_false_positive,seizure_frequency:4 to <10 seizure-days/month,healthy_ovulatory,cycle,6,C_reproducibility_12cycle_any,strict_herzog,False,8,0,0.0,,,,1.0,,
window_false_positive,seizure_frequency:4 to <10 seizure-days/month,healthy_ovulatory,cycle,12,C_reproducibility_12cycle_any,strict_herzog,False,8,0,0.0,,,,1.0,,
window_false_positive,seizure_frequency:4 to <10 seizure-days/month,healthy_ovulatory,full,full_diary,C_reproducibility_12cycle_any,strict_herzog,False,8,0,0.0,,,,1.0,,
window_false_positive,seizure_frequency:4 to <10 seizure-days/month,population,calendar,1,C_reproducibility_12cycle_any,strict_herzog,False,11,0,0.0,,,,1.0,,
window_false_positive,seizure_frequency:4 to <10 seizure-days/month,population,calendar,3,C_reproducibility_12cycle_any,strict_herzog,False,11,0,0.0,,,,1.0,,
window_false_positive,seizure_frequency:4 to <10 seizure-days/month,population,calendar,4,C_reproducibility_12cycle_any,strict_herzog,False,11,0,0.0,,,,1.0,,
window_false_positive,seizure_frequency:4 to <10 seizure-days/month,population,calendar,6,C_reproducibility_12cycle_any,strict_herzog,False,11,0,0.0,,,,1.0,,
window_false_positive,seizure_frequency:4 to <10 seizure-days/month,population,calendar,12,C_reproducibility_12cycle_any,strict_herzog,False,11,0,0.0,,,,1.0,,
window_false_positive,seizure_frequency:4 to <10 seizure-days/month,population,cycle,3,C_reproducibility_12cycle_any,strict_herzog,False,11,0,0.0,,,,1.0,,
window_false_positive,seizure_frequency:4 to <10 seizure-days/month,population,cycle,6,C_reproducibility_12cycle_any,strict_herzog,False,11,0,0.0,,,,1.0,,
window_false_positive,seizure_frequency:4 to <10 seizure-days/month,population,cycle,12,C_reproducibility_12cycle_any,strict_herzog,False,11,0,0.0,,,,1.0,,
window_false_positive,seizure_frequency:4 to <10 seizure-days/month,population,full,full_diary,C_reproducibility_12cycle_any,strict_herzog,False,11,0,0.0,,,,1.0,,
window_false_positive,seizure_frequency:4 to <10 seizure-days/month,healthy_ovulatory,calendar,1,D_nb_regression_any,strict_herzog,False,8,0,0.0,,,,1.0,,
window_false_positive,seizure_frequency:4 to <10 seizure-days/month,healthy_ovulatory,calendar,3,D_nb_regression_any,strict_herzog,False,8,0,0.0,,,,1.0,,
window_false_positive,seizure_frequency:4 to <10 seizure-days/month,healthy_ovulatory,calendar,4,D_nb_regression_any,strict_herzog,False,8,8,0.0,0.0,0.0,0.32440756488388023,0.0,,
window_false_positive,seizure_frequency:4 to <10 seizure-days/month,healthy_ovulatory,calendar,6,D_nb_regression_any,strict_herzog,False,8,8,0.0,0.0,0.0,0.32440756488388023,0.0,,
window_false_positive,seizure_frequency:4 to <10 seizure-days/month,healthy_ovulatory,calendar,12,D_nb_regression_any,strict_herzog,False,8,0,0.0,,,,1.0,,
window_false_positive,seizure_frequency:4 to <10 seizure-days/month,healthy_ovulatory,cycle,3,D_nb_regression_any,strict_herzog,False,8,0,0.0,,,,1.0,,
window_false_positive,seizure_frequency:4 to <10 seizure-days/month,healthy_ovulatory,cycle,6,D_nb_regression_any,strict_herzog,False,8,6,0.0,0.0,2.7755575615628914e-17,0.3903342879021653,0.25,,
window_false_positive,seizure_frequency:4 to <10 seizure-days/month,healthy_ovulatory,cycle,12,D_nb_regression_any,strict_herzog,False,8,0,0.0,,,,1.0,,
window_false_positive,seizure_frequency:4 to <10 seizure-days/month,healthy_ovulatory,full,full_diary,D_nb_regression_any,strict_herzog,False,8,8,0.0,0.0,0.0,0.32440756488388023,0.0,,
window_false_positive,seizure_frequency:4 to <10 seizure-days/month,population,calendar,1,D_nb_regression_any,strict_herzog,False,11,0,0.0,,,,1.0,,
window_false_positive,seizure_frequency:4 to <10 seizure-days/month,population,calendar,3,D_nb_regression_any,strict_herzog,False,11,0,0.0,,,,1.0,,
window_false_positive,seizure_frequency:4 to <10 seizure-days/month,population,calendar,4,D_nb_regression_any,strict_herzog,False,11,11,0.0,0.0,0.0,0.2588329669680317,0.0,,
window_false_positive,seizure_frequency:4 to <10 seizure-days/month,population,calendar,6,D_nb_regression_any,strict_herzog,False,11,11,1.0,0.09090909090909091,0.016232172885884855,0.37735843645159567,0.0,,
window_false_positive,seizure_frequency:4 to <10 seizure-days/month,population,calendar,12,D_nb_regression_any,strict_herzog,False,11,0,0.0,,,,1.0,,
window_false_positive,seizure_frequency:4 to <10 seizure-days/month,population,cycle,3,D_nb_regression_any,strict_herzog,False,11,0,0.0,,,,1.0,,
window_false_positive,seizure_frequency:4 to <10 seizure-days/month,population,cycle,6,D_nb_regression_any,strict_herzog,False,11,4,0.0,0.0,0.0,0.4898908364545973,0.6363636363636364,,
window_false_positive,seizure_frequency:4 to <10 seizure-days/month,population,cycle,12,D_nb_regression_any,strict_herzog,False,11,0,0.0,,,,1.0,,
window_false_positive,seizure_frequency:4 to <10 seizure-days/month,population,full,full_diary,D_nb_regression_any,strict_herzog,False,11,11,1.0,0.09090909090909091,0.016232172885884855,0.37735843645159567,0.0,,
window_false_positive,seizure_frequency:4 to <10 seizure-days/month,healthy_ovulatory,calendar,1,D_nb_regression_window_alpha_any,strict_herzog,False,8,0,0.0,,,,1.0,,
window_false_positive,seizure_frequency:4 to <10 seizure-days/month,healthy_ovulatory,calendar,3,D_nb_regression_window_alpha_any,strict_herzog,False,8,0,0.0,,,,1.0,,
window_false_positive,seizure_frequency:4 to <10 seizure-days/month,healthy_ovulatory,calendar,4,D_nb_regression_window_alpha_any,strict_herzog,False,8,0,0.0,,,,1.0,,
window_false_positive,seizure_frequency:4 to <10 seizure-days/month,healthy_ovulatory,calendar,6,D_nb_regression_window_alpha_any,strict_herzog,False,8,0,0.0,,,,1.0,,
window_false_positive,seizure_frequency:4 to <10 seizure-days/month,healthy_ovulatory,calendar,12,D_nb_regression_window_alpha_any,strict_herzog,False,8,0,0.0,,,,1.0,,
window_false_positive,seizure_frequency:4 to <10 seizure-days/month,healthy_ovulatory,cycle,3,D_nb_regression_window_alpha_any,strict_herzog,False,8,0,0.0,,,,1.0,,
window_false_positive,seizure_frequency:4 to <10 seizure-days/month,healthy_ovulatory,cycle,6,D_nb_regression_window_alpha_any,strict_herzog,False,8,0,0.0,,,,1.0,,
window_false_positive,seizure_frequency:4 to <10 seizure-days/month,healthy_ovulatory,cycle,12,D_nb_regression_window_alpha_any,strict_herzog,False,8,0,0.0,,,,1.0,,
window_false_positive,seizure_frequency:4 to <10 seizure-days/month,healthy_ovulatory,full,full_diary,D_nb_regression_window_alpha_any,strict_herzog,False,8,8,0.0,0.0,0.0,0.32440756488388023,0.0,,
window_false_positive,seizure_frequency:4 to <10 seizure-days/month,population,calendar,1,D_nb_regression_window_alpha_any,strict_herzog,False,11,0,0.0,,,,1.0,,
window_false_positive,seizure_frequency:4 to <10 seizure-days/month,population,calendar,3,D_nb_regression_window_alpha_any,strict_herzog,False,11,0,0.0,,,,1.0,,
window_false_positive,seizure_frequency:4 to <10 seizure-days/month,population,calendar,4,D_nb_regression_window_alpha_any,strict_herzog,False,11,0,0.0,,,,1.0,,
window_false_positive,seizure_frequency:4 to <10 seizure-days/month,population,calendar,6,D_nb_regression_window_alpha_any,strict_herzog,False,11,0,0.0,,,,1.0,,
window_false_positive,seizure_frequency:4 to <10 seizure-days/month,population,calendar,12,D_nb_regression_window_alpha_any,strict_herzog,False,11,0,0.0,,,,1.0,,
window_false_positive,seizure_frequency:4 to <10 seizure-days/month,population,cycle,3,D_nb_regression_window_alpha_any,strict_herzog,False,11,0,0.0,,,,1.0,,
window_false_positive,seizure_frequency:4 to <10 seizure-days/month,population,cycle,6,D_nb_regression_window_alpha_any,strict_herzog,False,11,0,0.0,,,,1.0,,
window_false_positive,seizure_frequency:4 to <10 seizure-days/month,population,cycle,12,D_nb_regression_window_alpha_any,strict_herzog,False,11,0,0.0,,,,1.0,,
window_false_positive,seizure_frequency:4 to <10 seizure-days/month,population,full,full_diary,D_nb_regression_window_alpha_any,strict_herzog,False,11,11,1.0,0.09090909090909091,0.016232172885884855,0.37735843645159567,0.0,,
window_false_positive,seizure_frequency:4 to <10 seizure-days/month,healthy_ovulatory,calendar,1,H1_newmark_penry_any,strict_herzog,True,8,8,0.0,0.0,0.0,0.32440756488388023,0.0,,
window_false_positive,seizure_frequency:4 to <10 seizure-days/month,healthy_ovulatory,calendar,3,H1_newmark_penry_any,strict_herzog,True,8,8,0.0,0.0,0.0,0.32440756488388023,0.0,,
window_false_positive,seizure_frequency:4 to <10 seizure-days/month,healthy_ovulatory,calendar,4,H1_newmark_penry_any,strict_herzog,True,8,8,0.0,0.0,0.0,0.32440756488388023,0.0,,
window_false_positive,seizure_frequency:4 to <10 seizure-days/month,healthy_ovulatory,calendar,6,H1_newmark_penry_any,strict_herzog,True,8,8,0.0,0.0,0.0,0.32440756488388023,0.0,,
window_false_positive,seizure_frequency:4 to <10 seizure-days/month,healthy_ovulatory,calendar,12,H1_newmark_penry_any,strict_herzog,True,8,0,0.0,,,,1.0,,
window_false_positive,seizure_frequency:4 to <10 seizure-days/month,healthy_ovulatory,cycle,3,H1_newmark_penry_any,strict_herzog,True,8,8,0.0,0.0,0.0,0.32440756488388023,0.0,,
window_false_positive,seizure_frequency:4 to <10 seizure-days/month,healthy_ovulatory,cycle,6,H1_newmark_penry_any,strict_herzog,True,8,6,0.0,0.0,2.7755575615628914e-17,0.3903342879021653,0.25,,
window_false_positive,seizure_frequency:4 to <10 seizure-days/month,healthy_ovulatory,cycle,12,H1_newmark_penry_any,strict_herzog,True,8,0,0.0,,,,1.0,,
window_false_positive,seizure_frequency:4 to <10 seizure-days/month,healthy_ovulatory,full,full_diary,H1_newmark_penry_any,strict_herzog,True,8,8,0.0,0.0,0.0,0.32440756488388023,0.0,,
window_false_positive,seizure_frequency:4 to <10 seizure-days/month,population,calendar,1,H1_newmark_penry_any,strict_herzog,True,11,11,2.0,0.18181818181818182,0.05136768974608513,0.4769805619608442,0.0,,
window_false_positive,seizure_frequency:4 to <10 seizure-days/month,population,calendar,3,H1_newmark_penry_any,strict_herzog,True,11,11,0.0,0.0,0.0,0.2588329669680317,0.0,,
window_false_positive,seizure_frequency:4 to <10 seizure-days/month,population,calendar,4,H1_newmark_penry_any,strict_herzog,True,11,11,0.0,0.0,0.0,0.2588329669680317,0.0,,
window_false_positive,seizure_frequency:4 to <10 seizure-days/month,population,calendar,6,H1_newmark_penry_any,strict_herzog,True,11,11,0.0,0.0,0.0,0.2588329669680317,0.0,,
window_false_positive,seizure_frequency:4 to <10 seizure-days/month,population,calendar,12,H1_newmark_penry_any,strict_herzog,True,11,0,0.0,,,,1.0,,
window_false_positive,seizure_frequency:4 to <10 seizure-days/month,population,cycle,3,H1_newmark_penry_any,strict_herzog,True,11,11,0.0,0.0,0.0,0.2588329669680317,0.0,,
window_false_positive,seizure_frequency:4 to <10 seizure-days/month,population,cycle,6,H1_newmark_penry_any,strict_herzog,True,11,4,0.0,0.0,0.0,0.4898908364545973,0.6363636363636364,,
window_false_positive,seizure_frequency:4 to <10 seizure-days/month,population,cycle,12,H1_newmark_penry_any,strict_herzog,True,11,0,0.0,,,,1.0,,
window_false_positive,seizure_frequency:4 to <10 seizure-days/month,population,full,full_diary,H1_newmark_penry_any,strict_herzog,True,11,11,0.0,0.0,0.0,0.2588329669680317,0.0,,
window_false_positive,seizure_frequency:4 to <10 seizure-days/month,healthy_ovulatory,calendar,1,H1_newmark_penry_66_7_any,strict_herzog,True,8,8,0.0,0.0,0.0,0.32440756488388023,0.0,,
window_false_positive,seizure_frequency:4 to <10 seizure-days/month,healthy_ovulatory,calendar,3,H1_newmark_penry_66_7_any,strict_herzog,True,8,8,0.0,0.0,0.0,0.32440756488388023,0.0,,
window_false_positive,seizure_frequency:4 to <10 seizure-days/month,healthy_ovulatory,calendar,4,H1_newmark_penry_66_7_any,strict_herzog,True,8,8,0.0,0.0,0.0,0.32440756488388023,0.0,,
window_false_positive,seizure_frequency:4 to <10 seizure-days/month,healthy_ovulatory,calendar,6,H1_newmark_penry_66_7_any,strict_herzog,True,8,8,0.0,0.0,0.0,0.32440756488388023,0.0,,
window_false_positive,seizure_frequency:4 to <10 seizure-days/month,healthy_ovulatory,calendar,12,H1_newmark_penry_66_7_any,strict_herzog,True,8,0,0.0,,,,1.0,,
window_false_positive,seizure_frequency:4 to <10 seizure-days/month,healthy_ovulatory,cycle,3,H1_newmark_penry_66_7_any,strict_herzog,True,8,8,0.0,0.0,0.0,0.32440756488388023,0.0,,
window_false_positive,seizure_frequency:4 to <10 seizure-days/month,healthy_ovulatory,cycle,6,H1_newmark_penry_66_7_any,strict_herzog,True,8,6,0.0,0.0,2.7755575615628914e-17,0.3903342879021653,0.25,,
window_false_positive,seizure_frequency:4 to <10 seizure-days/month,healthy_ovulatory,cycle,12,H1_newmark_penry_66_7_any,strict_herzog,True,8,0,0.0,,,,1.0,,
window_false_positive,seizure_frequency:4 to <10 seizure-days/month,healthy_ovulatory,full,full_diary,H1_newmark_penry_66_7_any,strict_herzog,True,8,8,0.0,0.0,0.0,0.32440756488388023,0.0,,
window_false_positive,seizure_frequency:4 to <10 seizure-days/month,population,calendar,1,H1_newmark_penry_66_7_any,strict_herzog,True,11,11,0.0,0.0,0.0,0.2588329669680317,0.0,,
window_false_positive,seizure_frequency:4 to <10 seizure-days/month,population,calendar,3,H1_newmark_penry_66_7_any,strict_herzog,True,11,11,0.0,0.0,0.0,0.2588329669680317,0.0,,
window_false_positive,seizure_frequency:4 to <10 seizure-days/month,population,calendar,4,H1_newmark_penry_66_7_any,strict_herzog,True,11,11,0.0,0.0,0.0,0.2588329669680317,0.0,,
window_false_positive,seizure_frequency:4 to <10 seizure-days/month,population,calendar,6,H1_newmark_penry_66_7_any,strict_herzog,True,11,11,0.0,0.0,0.0,0.2588329669680317,0.0,,
window_false_positive,seizure_frequency:4 to <10 seizure-days/month,population,calendar,12,H1_newmark_penry_66_7_any,strict_herzog,True,11,0,0.0,,,,1.0,,
window_false_positive,seizure_frequency:4 to <10 seizure-days/month,population,cycle,3,H1_newmark_penry_66_7_any,strict_herzog,True,11,11,0.0,0.0,0.0,0.2588329669680317,0.0,,
window_false_positive,seizure_frequency:4 to <10 seizure-days/month,population,cycle,6,H1_newmark_penry_66_7_any,strict_herzog,True,11,4,0.0,0.0,0.0,0.4898908364545973,0.6363636363636364,,
window_false_positive,seizure_frequency:4 to <10 seizure-days/month,population,cycle,12,H1_newmark_penry_66_7_any,strict_herzog,True,11,0,0.0,,,,1.0,,
window_false_positive,seizure_frequency:4 to <10 seizure-days/month,population,full,full_diary,H1_newmark_penry_66_7_any,strict_herzog,True,11,11,0.0,0.0,0.0,0.2588329669680317,0.0,,
window_false_positive,seizure_frequency:4 to <10 seizure-days/month,healthy_ovulatory,calendar,1,H2_duncan1993_any,strict_herzog,True,8,8,1.0,0.125,0.02241749145005667,0.4708881822128535,0.0,,
window_false_positive,seizure_frequency:4 to <10 seizure-days/month,healthy_ovulatory,calendar,3,H2_duncan1993_any,strict_herzog,True,8,8,0.0,0.0,0.0,0.32440756488388023,0.0,,
window_false_positive,seizure_frequency:4 to <10 seizure-days/month,healthy_ovulatory,calendar,4,H2_duncan1993_any,strict_herzog,True,8,8,0.0,0.0,0.0,0.32440756488388023,0.0,,
window_false_positive,seizure_frequency:4 to <10 seizure-days/month,healthy_ovulatory,calendar,6,H2_duncan1993_any,strict_herzog,True,8,8,0.0,0.0,0.0,0.32440756488388023,0.0,,
window_false_positive,seizure_frequency:4 to <10 seizure-days/month,healthy_ovulatory,calendar,12,H2_duncan1993_any,strict_herzog,True,8,0,0.0,,,,1.0,,
window_false_positive,seizure_frequency:4 to <10 seizure-days/month,healthy_ovulatory,cycle,3,H2_duncan1993_any,strict_herzog,True,8,8,0.0,0.0,0.0,0.32440756488388023,0.0,,
window_false_positive,seizure_frequency:4 to <10 seizure-days/month,healthy_ovulatory,cycle,6,H2_duncan1993_any,strict_herzog,True,8,6,0.0,0.0,2.7755575615628914e-17,0.3903342879021653,0.25,,
window_false_positive,seizure_frequency:4 to <10 seizure-days/month,healthy_ovulatory,cycle,12,H2_duncan1993_any,strict_herzog,True,8,0,0.0,,,,1.0,,
window_false_positive,seizure_frequency:4 to <10 seizure-days/month,healthy_ovulatory,full,full_diary,H2_duncan1993_any,strict_herzog,True,8,8,0.0,0.0,0.0,0.32440756488388023,0.0,,
window_false_positive,seizure_frequency:4 to <10 seizure-days/month,population,calendar,1,H2_duncan1993_any,strict_herzog,True,11,11,0.0,0.0,0.0,0.2588329669680317,0.0,,
window_false_positive,seizure_frequency:4 to <10 seizure-days/month,population,calendar,3,H2_duncan1993_any,strict_herzog,True,11,11,0.0,0.0,0.0,0.2588329669680317,0.0,,
window_false_positive,seizure_frequency:4 to <10 seizure-days/month,population,calendar,4,H2_duncan1993_any,strict_herzog,True,11,11,0.0,0.0,0.0,0.2588329669680317,0.0,,
window_false_positive,seizure_frequency:4 to <10 seizure-days/month,population,calendar,6,H2_duncan1993_any,strict_herzog,True,11,11,0.0,0.0,0.0,0.2588329669680317,0.0,,
window_false_positive,seizure_frequency:4 to <10 seizure-days/month,population,calendar,12,H2_duncan1993_any,strict_herzog,True,11,0,0.0,,,,1.0,,
window_false_positive,seizure_frequency:4 to <10 seizure-days/month,population,cycle,3,H2_duncan1993_any,strict_herzog,True,11,11,0.0,0.0,0.0,0.2588329669680317,0.0,,
window_false_positive,seizure_frequency:4 to <10 seizure-days/month,population,cycle,6,H2_duncan1993_any,strict_herzog,True,11,4,0.0,0.0,0.0,0.4898908364545973,0.6363636363636364,,
window_false_positive,seizure_frequency:4 to <10 seizure-days/month,population,cycle,12,H2_duncan1993_any,strict_herzog,True,11,0,0.0,,,,1.0,,
window_false_positive,seizure_frequency:4 to <10 seizure-days/month,population,full,full_diary,H2_duncan1993_any,strict_herzog,True,11,11,0.0,0.0,0.0,0.2588329669680317,0.0,,
window_false_positive,seizure_frequency:4 to <10 seizure-days/month,healthy_ovulatory,calendar,1,H3_herzog1997_twofold_any,strict_herzog,True,8,8,0.0,0.0,0.0,0.32440756488388023,0.0,,
window_false_positive,seizure_frequency:4 to <10 seizure-days/month,healthy_ovulatory,calendar,3,H3_herzog1997_twofold_any,strict_herzog,True,8,8,0.0,0.0,0.0,0.32440756488388023,0.0,,
window_false_positive,seizure_frequency:4 to <10 seizure-days/month,healthy_ovulatory,calendar,4,H3_herzog1997_twofold_any,strict_herzog,True,8,8,0.0,0.0,0.0,0.32440756488388023,0.0,,
window_false_positive,seizure_frequency:4 to <10 seizure-days/month,healthy_ovulatory,calendar,6,H3_herzog1997_twofold_any,strict_herzog,True,8,8,0.0,0.0,0.0,0.32440756488388023,0.0,,
window_false_positive,seizure_frequency:4 to <10 seizure-days/month,healthy_ovulatory,calendar,12,H3_herzog1997_twofold_any,strict_herzog,True,8,0,0.0,,,,1.0,,
window_false_positive,seizure_frequency:4 to <10 seizure-days/month,healthy_ovulatory,cycle,3,H3_herzog1997_twofold_any,strict_herzog,True,8,8,0.0,0.0,0.0,0.32440756488388023,0.0,,
window_false_positive,seizure_frequency:4 to <10 seizure-days/month,healthy_ovulatory,cycle,6,H3_herzog1997_twofold_any,strict_herzog,True,8,6,0.0,0.0,2.7755575615628914e-17,0.3903342879021653,0.25,,
window_false_positive,seizure_frequency:4 to <10 seizure-days/month,healthy_ovulatory,cycle,12,H3_herzog1997_twofold_any,strict_herzog,True,8,0,0.0,,,,1.0,,
window_false_positive,seizure_frequency:4 to <10 seizure-days/month,healthy_ovulatory,full,full_diary,H3_herzog1997_twofold_any,strict_herzog,True,8,8,0.0,0.0,0.0,0.32440756488388023,0.0,,
window_false_positive,seizure_frequency:4 to <10 seizure-days/month,population,calendar,1,H3_herzog1997_twofold_any,strict_herzog,True,11,11,4.0,0.36363636363636365,0.15166471095367573,0.6461988254921511,0.0,,
window_false_positive,seizure_frequency:4 to <10 seizure-days/month,population,calendar,3,H3_herzog1997_twofold_any,strict_herzog,True,11,11,2.0,0.18181818181818182,0.05136768974608513,0.4769805619608442,0.0,,
window_false_positive,seizure_frequency:4 to <10 seizure-days/month,population,calendar,4,H3_herzog1997_twofold_any,strict_herzog,True,11,11,4.0,0.36363636363636365,0.15166471095367573,0.6461988254921511,0.0,,
window_false_positive,seizure_frequency:4 to <10 seizure-days/month,population,calendar,6,H3_herzog1997_twofold_any,strict_herzog,True,11,11,3.0,0.2727272727272727,0.09746059290024889,0.5656453011761291,0.0,,
window_false_positive,seizure_frequency:4 to <10 seizure-days/month,population,calendar,12,H3_herzog1997_twofold_any,strict_herzog,True,11,0,0.0,,,,1.0,,
window_false_positive,seizure_frequency:4 to <10 seizure-days/month,population,cycle,3,H3_herzog1997_twofold_any,strict_herzog,True,11,11,5.0,0.45454545454545453,0.21271271622459764,0.719908462590678,0.0,,
window_false_positive,seizure_frequency:4 to <10 seizure-days/month,population,cycle,6,H3_herzog1997_twofold_any,strict_herzog,True,11,4,0.0,0.0,0.0,0.4898908364545973,0.6363636363636364,,
window_false_positive,seizure_frequency:4 to <10 seizure-days/month,population,cycle,12,H3_herzog1997_twofold_any,strict_herzog,True,11,0,0.0,,,,1.0,,
window_false_positive,seizure_frequency:4 to <10 seizure-days/month,population,full,full_diary,H3_herzog1997_twofold_any,strict_herzog,True,11,11,3.0,0.2727272727272727,0.09746059290024889,0.5656453011761291,0.0,,
window_false_positive,seizure_frequency:4 to <10 seizure-days/month,healthy_ovulatory,calendar,1,H4_reddy2007_any_phase2x_any,strict_herzog,True,8,8,6.0,0.75,0.40927543031016883,0.9285207872478909,0.0,,
window_false_positive,seizure_frequency:4 to <10 seizure-days/month,healthy_ovulatory,calendar,3,H4_reddy2007_any_phase2x_any,strict_herzog,True,8,8,3.0,0.375,0.13684428582359742,0.6942576053973727,0.0,,
window_false_positive,seizure_frequency:4 to <10 seizure-days/month,healthy_ovulatory,calendar,4,H4_reddy2007_any_phase2x_any,strict_herzog,True,8,8,5.0,0.625,0.30574239460262737,0.8631557141764026,0.0,,
window_false_positive,seizure_frequency:4 to <10 seizure-days/month,healthy_ovulatory,calendar,6,H4_reddy2007_any_phase2x_any,strict_herzog,True,8,8,1.0,0.125,0.02241749145005667,0.4708881822128535,0.0,,
window_false_positive,seizure_frequency:4 to <10 seizure-days/month,healthy_ovulatory,calendar,12,H4_reddy2007_any_phase2x_any,strict_herzog,True,8,0,0.0,,,,1.0,,
window_false_positive,seizure_frequency:4 to <10 seizure-days/month,healthy_ovulatory,cycle,3,H4_reddy2007_any_phase2x_any,strict_herzog,True,8,8,6.0,0.75,0.40927543031016883,0.9285207872478909,0.0,,
window_false_positive,seizure_frequency:4 to <10 seizure-days/month,healthy_ovulatory,cycle,6,H4_reddy2007_any_phase2x_any,strict_herzog,True,8,6,0.0,0.0,2.7755575615628914e-17,0.3903342879021653,0.25,,
window_false_positive,seizure_frequency:4 to <10 seizure-days/month,healthy_ovulatory,cycle,12,H4_reddy2007_any_phase2x_any,strict_herzog,True,8,0,0.0,,,,1.0,,
window_false_positive,seizure_frequency:4 to <10 seizure-days/month,healthy_ovulatory,full,full_diary,H4_reddy2007_any_phase2x_any,strict_herzog,True,8,8,1.0,0.125,0.02241749145005667,0.4708881822128535,0.0,,
window_false_positive,seizure_frequency:4 to <10 seizure-days/month,population,calendar,1,H4_reddy2007_any_phase2x_any,strict_herzog,True,11,11,9.0,0.8181818181818182,0.523019438039156,0.9486323102539149,0.0,,
window_false_positive,seizure_frequency:4 to <10 seizure-days/month,population,calendar,3,H4_reddy2007_any_phase2x_any,strict_herzog,True,11,11,5.0,0.45454545454545453,0.21271271622459764,0.719908462590678,0.0,,
window_false_positive,seizure_frequency:4 to <10 seizure-days/month,population,calendar,4,H4_reddy2007_any_phase2x_any,strict_herzog,True,11,11,4.0,0.36363636363636365,0.15166471095367573,0.6461988254921511,0.0,,
window_false_positive,seizure_frequency:4 to <10 seizure-days/month,population,calendar,6,H4_reddy2007_any_phase2x_any,strict_herzog,True,11,11,2.0,0.18181818181818182,0.05136768974608513,0.4769805619608442,0.0,,
window_false_positive,seizure_frequency:4 to <10 seizure-days/month,population,calendar,12,H4_reddy2007_any_phase2x_any,strict_herzog,True,11,0,0.0,,,,1.0,,
window_false_positive,seizure_frequency:4 to <10 seizure-days/month,population,cycle,3,H4_reddy2007_any_phase2x_any,strict_herzog,True,11,11,7.0,0.6363636363636364,0.35380117450784887,0.8483352890463243,0.0,,
window_false_positive,seizure_frequency:4 to <10 seizure-days/month,population,cycle,6,H4_reddy2007_any_phase2x_any,strict_herzog,True,11,4,1.0,0.25,0.04558726080970055,0.6993581574175981,0.6363636363636364,,
window_false_positive,seizure_frequency:4 to <10 seizure-days/month,population,cycle,12,H4_reddy2007_any_phase2x_any,strict_herzog,True,11,0,0.0,,,,1.0,,
window_false_positive,seizure_frequency:4 to <10 seizure-days/month,population,full,full_diary,H4_reddy2007_any_phase2x_any,strict_herzog,True,11,11,2.0,0.18181818181818182,0.05136768974608513,0.4769805619608442,0.0,,
window_false_positive,seizure_frequency:<1 seizure-day/month,healthy_ovulatory,calendar,1,A_exact_any,strict_herzog,False,17,0,0.0,,,,1.0,,
window_false_positive,seizure_frequency:<1 seizure-day/month,healthy_ovulatory,calendar,3,A_exact_any,strict_herzog,False,17,0,0.0,,,,1.0,,
window_false_positive,seizure_frequency:<1 seizure-day/month,healthy_ovulatory,calendar,4,A_exact_any,strict_herzog,False,17,0,0.0,,,,1.0,,
window_false_positive,seizure_frequency:<1 seizure-day/month,healthy_ovulatory,calendar,6,A_exact_any,strict_herzog,False,17,0,0.0,,,,1.0,,
window_false_positive,seizure_frequency:<1 seizure-day/month,healthy_ovulatory,calendar,12,A_exact_any,strict_herzog,False,17,0,0.0,,,,1.0,,
window_false_positive,seizure_frequency:<1 seizure-day/month,healthy_ovulatory,cycle,3,A_exact_any,strict_herzog,False,17,0,0.0,,,,1.0,,
window_false_positive,seizure_frequency:<1 seizure-day/month,healthy_ovulatory,cycle,6,A_exact_any,strict_herzog,False,17,0,0.0,,,,1.0,,
window_false_positive,seizure_frequency:<1 seizure-day/month,healthy_ovulatory,cycle,12,A_exact_any,strict_herzog,False,17,0,0.0,,,,1.0,,
window_false_positive,seizure_frequency:<1 seizure-day/month,healthy_ovulatory,full,full_diary,A_exact_any,strict_herzog,False,17,0,0.0,,,,1.0,,
window_false_positive,seizure_frequency:<1 seizure-day/month,population,calendar,1,A_exact_any,strict_herzog,False,10,0,0.0,,,,1.0,,
window_false_positive,seizure_frequency:<1 seizure-day/month,population,calendar,3,A_exact_any,strict_herzog,False,10,0,0.0,,,,1.0,,
window_false_positive,seizure_frequency:<1 seizure-day/month,population,calendar,4,A_exact_any,strict_herzog,False,10,0,0.0,,,,1.0,,
window_false_positive,seizure_frequency:<1 seizure-day/month,population,calendar,6,A_exact_any,strict_herzog,False,10,0,0.0,,,,1.0,,
window_false_positive,seizure_frequency:<1 seizure-day/month,population,calendar,12,A_exact_any,strict_herzog,False,10,0,0.0,,,,1.0,,
window_false_positive,seizure_frequency:<1 seizure-day/month,population,cycle,3,A_exact_any,strict_herzog,False,10,1,1.0,1.0,0.20654931437723745,1.0,0.9,,
window_false_positive,seizure_frequency:<1 seizure-day/month,population,cycle,6,A_exact_any,strict_herzog,False,10,0,0.0,,,,1.0,,
window_false_positive,seizure_frequency:<1 seizure-day/month,population,cycle,12,A_exact_any,strict_herzog,False,10,0,0.0,,,,1.0,,
window_false_positive,seizure_frequency:<1 seizure-day/month,population,full,full_diary,A_exact_any,strict_herzog,False,10,0,0.0,,,,1.0,,
window_false_positive,seizure_frequency:<1 seizure-day/month,healthy_ovulatory,calendar,1,A_windowed_any,strict_herzog,False,17,3,1.0,0.3333333333333333,0.06149194472039621,0.7923403991979522,0.8235294117647058,,
window_false_positive,seizure_frequency:<1 seizure-day/month,healthy_ovulatory,calendar,3,A_windowed_any,strict_herzog,False,17,7,2.0,0.2857142857142857,0.08221892400405678,0.6410655481673808,0.5882352941176471,,
window_false_positive,seizure_frequency:<1 seizure-day/month,healthy_ovulatory,calendar,4,A_windowed_any,strict_herzog,False,17,11,4.0,0.36363636363636365,0.15166471095367573,0.6461988254921511,0.3529411764705882,,
window_false_positive,seizure_frequency:<1 seizure-day/month,healthy_ovulatory,calendar,6,A_windowed_any,strict_herzog,False,17,12,5.0,0.4166666666666667,0.19326031365875665,0.6804886874504503,0.2941176470588235,,
window_false_positive,seizure_frequency:<1 seizure-day/month,healthy_ovulatory,calendar,12,A_windowed_any,strict_herzog,False,17,0,0.0,,,,1.0,,
window_false_positive,seizure_frequency:<1 seizure-day/month,healthy_ovulatory,cycle,3,A_windowed_any,strict_herzog,False,17,9,3.0,0.3333333333333333,0.1205838183869109,0.6457978644196036,0.47058823529411764,,
window_false_positive,seizure_frequency:<1 seizure-day/month,healthy_ovulatory,cycle,6,A_windowed_any,strict_herzog,False,17,9,3.0,0.3333333333333333,0.1205838183869109,0.6457978644196036,0.47058823529411764,,
window_false_positive,seizure_frequency:<1 seizure-day/month,healthy_ovulatory,cycle,12,A_windowed_any,strict_herzog,False,17,0,0.0,,,,1.0,,
window_false_positive,seizure_frequency:<1 seizure-day/month,healthy_ovulatory,full,full_diary,A_windowed_any,strict_herzog,False,17,12,5.0,0.4166666666666667,0.19326031365875665,0.6804886874504503,0.2941176470588235,,
window_false_positive,seizure_frequency:<1 seizure-day/month,population,calendar,1,A_windowed_any,strict_herzog,False,10,3,2.0,0.6666666666666666,0.2076596008020477,0.9385080552796037,0.7,,
window_false_positive,seizure_frequency:<1 seizure-day/month,population,calendar,3,A_windowed_any,strict_herzog,False,10,5,3.0,0.6,0.2307242812760128,0.882379225767352,0.5,,
window_false_positive,seizure_frequency:<1 seizure-day/month,population,calendar,4,A_windowed_any,strict_herzog,False,10,6,4.0,0.6666666666666666,0.299993315138392,0.9032285888942195,0.4,,
window_false_positive,seizure_frequency:<1 seizure-day/month,population,calendar,6,A_windowed_any,strict_herzog,False,10,7,5.0,0.7142857142857143,0.35893445183261935,0.9177810759959433,0.30000000000000004,,
window_false_positive,seizure_frequency:<1 seizure-day/month,population,calendar,12,A_windowed_any,strict_herzog,False,10,0,0.0,,,,1.0,,
window_false_positive,seizure_frequency:<1 seizure-day/month,population,cycle,3,A_windowed_any,strict_herzog,False,10,4,3.0,0.75,0.30064184258240184,0.9544127391902995,0.6,,
window_false_positive,seizure_frequency:<1 seizure-day/month,population,cycle,6,A_windowed_any,strict_herzog,False,10,3,3.0,1.0,0.4385029682449546,1.0,0.7,,
window_false_positive,seizure_frequency:<1 seizure-day/month,population,cycle,12,A_windowed_any,strict_herzog,False,10,0,0.0,,,,1.0,,
window_false_positive,seizure_frequency:<1 seizure-day/month,population,full,full_diary,A_windowed_any,strict_herzog,False,10,7,5.0,0.7142857142857143,0.35893445183261935,0.9177810759959433,0.30000000000000004,,
window_false_positive,seizure_frequency:<1 seizure-day/month,healthy_ovulatory,calendar,1,A_windowed_excluding_C3,strict_herzog,False,17,3,1.0,0.3333333333333333,0.06149194472039621,0.7923403991979522,0.8235294117647058,,
window_false_positive,seizure_frequency:<1 seizure-day/month,healthy_ovulatory,calendar,3,A_windowed_excluding_C3,strict_herzog,False,17,7,2.0,0.2857142857142857,0.08221892400405678,0.6410655481673808,0.5882352941176471,,
window_false_positive,seizure_frequency:<1 seizure-day/month,healthy_ovulatory,calendar,4,A_windowed_excluding_C3,strict_herzog,False,17,11,4.0,0.36363636363636365,0.15166471095367573,0.6461988254921511,0.3529411764705882,,
window_false_positive,seizure_frequency:<1 seizure-day/month,healthy_ovulatory,calendar,6,A_windowed_excluding_C3,strict_herzog,False,17,12,5.0,0.4166666666666667,0.19326031365875665,0.6804886874504503,0.2941176470588235,,
window_false_positive,seizure_frequency:<1 seizure-day/month,healthy_ovulatory,calendar,12,A_windowed_excluding_C3,strict_herzog,False,17,0,0.0,,,,1.0,,
window_false_positive,seizure_frequency:<1 seizure-day/month,healthy_ovulatory,cycle,3,A_windowed_excluding_C3,strict_herzog,False,17,9,3.0,0.3333333333333333,0.1205838183869109,0.6457978644196036,0.47058823529411764,,
window_false_positive,seizure_frequency:<1 seizure-day/month,healthy_ovulatory,cycle,6,A_windowed_excluding_C3,strict_herzog,False,17,9,3.0,0.3333333333333333,0.1205838183869109,0.6457978644196036,0.47058823529411764,,
window_false_positive,seizure_frequency:<1 seizure-day/month,healthy_ovulatory,cycle,12,A_windowed_excluding_C3,strict_herzog,False,17,0,0.0,,,,1.0,,
window_false_positive,seizure_frequency:<1 seizure-day/month,healthy_ovulatory,full,full_diary,A_windowed_excluding_C3,strict_herzog,False,17,12,5.0,0.4166666666666667,0.19326031365875665,0.6804886874504503,0.2941176470588235,,
window_false_positive,seizure_frequency:<1 seizure-day/month,population,calendar,1,A_windowed_excluding_C3,strict_herzog,False,10,3,1.0,0.3333333333333333,0.06149194472039621,0.7923403991979522,0.7,,
window_false_positive,seizure_frequency:<1 seizure-day/month,population,calendar,3,A_windowed_excluding_C3,strict_herzog,False,10,5,3.0,0.6,0.2307242812760128,0.882379225767352,0.5,,
window_false_positive,seizure_frequency:<1 seizure-day/month,population,calendar,4,A_windowed_excluding_C3,strict_herzog,False,10,6,3.0,0.5,0.18761630648265054,0.8123836935173494,0.4,,
window_false_positive,seizure_frequency:<1 seizure-day/month,population,calendar,6,A_windowed_excluding_C3,strict_herzog,False,10,7,5.0,0.7142857142857143,0.35893445183261935,0.9177810759959433,0.30000000000000004,,
window_false_positive,seizure_frequency:<1 seizure-day/month,population,calendar,12,A_windowed_excluding_C3,strict_herzog,False,10,0,0.0,,,,1.0,,
window_false_positive,seizure_frequency:<1 seizure-day/month,population,cycle,3,A_windowed_excluding_C3,strict_herzog,False,10,4,3.0,0.75,0.30064184258240184,0.9544127391902995,0.6,,
window_false_positive,seizure_frequency:<1 seizure-day/month,population,cycle,6,A_windowed_excluding_C3,strict_herzog,False,10,3,3.0,1.0,0.4385029682449546,1.0,0.7,,
window_false_positive,seizure_frequency:<1 seizure-day/month,population,cycle,12,A_windowed_excluding_C3,strict_herzog,False,10,0,0.0,,,,1.0,,
window_false_positive,seizure_frequency:<1 seizure-day/month,population,full,full_diary,A_windowed_excluding_C3,strict_herzog,False,10,7,5.0,0.7142857142857143,0.35893445183261935,0.9177810759959433,0.30000000000000004,,
window_false_positive,seizure_frequency:<1 seizure-day/month,healthy_ovulatory,calendar,1,A_windowed_C1_only,strict_herzog,False,17,2,0.0,0.0,0.0,0.6576197724933469,0.8823529411764706,,
window_false_positive,seizure_frequency:<1 seizure-day/month,healthy_ovulatory,calendar,3,A_windowed_C1_only,strict_herzog,False,17,6,0.0,0.0,2.7755575615628914e-17,0.3903342879021653,0.6470588235294117,,
window_false_positive,seizure_frequency:<1 seizure-day/month,healthy_ovulatory,calendar,4,A_windowed_C1_only,strict_herzog,False,17,8,1.0,0.125,0.02241749145005667,0.4708881822128535,0.5294117647058824,,
window_false_positive,seizure_frequency:<1 seizure-day/month,healthy_ovulatory,calendar,6,A_windowed_C1_only,strict_herzog,False,17,10,3.0,0.3,0.10779126740630099,0.6032218525388546,0.4117647058823529,,
window_false_positive,seizure_frequency:<1 seizure-day/month,healthy_ovulatory,calendar,12,A_windowed_C1_only,strict_herzog,False,17,0,0.0,,,,1.0,,
window_false_positive,seizure_frequency:<1 seizure-day/month,healthy_ovulatory,cycle,3,A_windowed_C1_only,strict_herzog,False,17,7,0.0,0.0,5.551115123125783e-17,0.35433043506668743,0.5882352941176471,,
window_false_positive,seizure_frequency:<1 seizure-day/month,healthy_ovulatory,cycle,6,A_windowed_C1_only,strict_herzog,False,17,8,2.0,0.25,0.071479212752109,0.5907245696898311,0.5294117647058824,,
window_false_positive,seizure_frequency:<1 seizure-day/month,healthy_ovulatory,cycle,12,A_windowed_C1_only,strict_herzog,False,17,0,0.0,,,,1.0,,
window_false_positive,seizure_frequency:<1 seizure-day/month,healthy_ovulatory,full,full_diary,A_windowed_C1_only,strict_herzog,False,17,10,3.0,0.3,0.10779126740630099,0.6032218525388546,0.4117647058823529,,
window_false_positive,seizure_frequency:<1 seizure-day/month,population,calendar,1,A_windowed_C1_only,strict_herzog,False,10,3,1.0,0.3333333333333333,0.06149194472039621,0.7923403991979522,0.7,,
window_false_positive,seizure_frequency:<1 seizure-day/month,population,calendar,3,A_windowed_C1_only,strict_herzog,False,10,4,2.0,0.5,0.15003898915214947,0.8499610108478506,0.6,,
window_false_positive,seizure_frequency:<1 seizure-day/month,population,calendar,4,A_windowed_C1_only,strict_herzog,False,10,6,3.0,0.5,0.18761630648265054,0.8123836935173494,0.4,,
window_false_positive,seizure_frequency:<1 seizure-day/month,population,calendar,6,A_windowed_C1_only,strict_herzog,False,10,7,4.0,0.5714285714285714,0.2504583645276572,0.8417801447485302,0.30000000000000004,,
window_false_positive,seizure_frequency:<1 seizure-day/month,population,calendar,12,A_windowed_C1_only,strict_herzog,False,10,0,0.0,,,,1.0,,
window_false_positive,seizure_frequency:<1 seizure-day/month,population,cycle,3,A_windowed_C1_only,strict_herzog,False,10,4,2.0,0.5,0.15003898915214947,0.8499610108478506,0.6,,
window_false_positive,seizure_frequency:<1 seizure-day/month,population,cycle,6,A_windowed_C1_only,strict_herzog,False,10,3,3.0,1.0,0.4385029682449546,1.0,0.7,,
window_false_positive,seizure_frequency:<1 seizure-day/month,population,cycle,12,A_windowed_C1_only,strict_herzog,False,10,0,0.0,,,,1.0,,
window_false_positive,seizure_frequency:<1 seizure-day/month,population,full,full_diary,A_windowed_C1_only,strict_herzog,False,10,7,4.0,0.5714285714285714,0.2504583645276572,0.8417801447485302,0.30000000000000004,,
window_false_positive,seizure_frequency:<1 seizure-day/month,healthy_ovulatory,calendar,1,A_windowed_C2_only,strict_herzog,False,17,3,1.0,0.3333333333333333,0.06149194472039621,0.7923403991979522,0.8235294117647058,,
window_false_positive,seizure_frequency:<1 seizure-day/month,healthy_ovulatory,calendar,3,A_windowed_C2_only,strict_herzog,False,17,7,2.0,0.2857142857142857,0.08221892400405678,0.6410655481673808,0.5882352941176471,,
window_false_positive,seizure_frequency:<1 seizure-day/month,healthy_ovulatory,calendar,4,A_windowed_C2_only,strict_herzog,False,17,10,3.0,0.3,0.10779126740630099,0.6032218525388546,0.4117647058823529,,
window_false_positive,seizure_frequency:<1 seizure-day/month,healthy_ovulatory,calendar,6,A_windowed_C2_only,strict_herzog,False,17,12,3.0,0.25,0.08894166839405471,0.5323053349335657,0.2941176470588235,,
window_false_positive,seizure_frequency:<1 seizure-day/month,healthy_ovulatory,calendar,12,A_windowed_C2_only,strict_herzog,False,17,0,0.0,,,,1.0,,
window_false_positive,seizure_frequency:<1 seizure-day/month,healthy_ovulatory,cycle,3,A_windowed_C2_only,strict_herzog,False,17,9,3.0,0.3333333333333333,0.1205838183869109,0.6457978644196036,0.47058823529411764,,
window_false_positive,seizure_frequency:<1 seizure-day/month,healthy_ovulatory,cycle,6,A_windowed_C2_only,strict_herzog,False,17,9,1.0,0.1111111111111111,0.019890887638544907,0.434999705576656,0.47058823529411764,,
window_false_positive,seizure_frequency:<1 seizure-day/month,healthy_ovulatory,cycle,12,A_windowed_C2_only,strict_herzog,False,17,0,0.0,,,,1.0,,
window_false_positive,seizure_frequency:<1 seizure-day/month,healthy_ovulatory,full,full_diary,A_windowed_C2_only,strict_herzog,False,17,12,3.0,0.25,0.08894166839405471,0.5323053349335657,0.2941176470588235,,
window_false_positive,seizure_frequency:<1 seizure-day/month,population,calendar,1,A_windowed_C2_only,strict_herzog,False,10,2,0.0,0.0,0.0,0.6576197724933469,0.8,,
window_false_positive,seizure_frequency:<1 seizure-day/month,population,calendar,3,A_windowed_C2_only,strict_herzog,False,10,4,1.0,0.25,0.04558726080970055,0.6993581574175981,0.6,,
window_false_positive,seizure_frequency:<1 seizure-day/month,population,calendar,4,A_windowed_C2_only,strict_herzog,False,10,5,1.0,0.2,0.03622410863243014,0.6244653702374747,0.5,,
window_false_positive,seizure_frequency:<1 seizure-day/month,population,calendar,6,A_windowed_C2_only,strict_herzog,False,10,6,2.0,0.3333333333333333,0.09677141110578041,0.700006684861608,0.4,,
window_false_positive,seizure_frequency:<1 seizure-day/month,population,calendar,12,A_windowed_C2_only,strict_herzog,False,10,0,0.0,,,,1.0,,
window_false_positive,seizure_frequency:<1 seizure-day/month,population,cycle,3,A_windowed_C2_only,strict_herzog,False,10,4,2.0,0.5,0.15003898915214947,0.8499610108478506,0.6,,
window_false_positive,seizure_frequency:<1 seizure-day/month,population,cycle,6,A_windowed_C2_only,strict_herzog,False,10,2,0.0,0.0,0.0,0.6576197724933469,0.8,,
window_false_positive,seizure_frequency:<1 seizure-day/month,population,cycle,12,A_windowed_C2_only,strict_herzog,False,10,0,0.0,,,,1.0,,
window_false_positive,seizure_frequency:<1 seizure-day/month,population,full,full_diary,A_windowed_C2_only,strict_herzog,False,10,6,2.0,0.3333333333333333,0.09677141110578041,0.700006684861608,0.4,,
window_false_positive,seizure_frequency:<1 seizure-day/month,healthy_ovulatory,calendar,1,A_windowed_C3_only,strict_herzog,False,17,0,0.0,,,,1.0,,
window_false_positive,seizure_frequency:<1 seizure-day/month,healthy_ovulatory,calendar,3,A_windowed_C3_only,strict_herzog,False,17,0,0.0,,,,1.0,,
window_false_positive,seizure_frequency:<1 seizure-day/month,healthy_ovulatory,calendar,4,A_windowed_C3_only,strict_herzog,False,17,0,0.0,,,,1.0,,
window_false_positive,seizure_frequency:<1 seizure-day/month,healthy_ovulatory,calendar,6,A_windowed_C3_only,strict_herzog,False,17,0,0.0,,,,1.0,,
window_false_positive,seizure_frequency:<1 seizure-day/month,healthy_ovulatory,calendar,12,A_windowed_C3_only,strict_herzog,False,17,0,0.0,,,,1.0,,
window_false_positive,seizure_frequency:<1 seizure-day/month,healthy_ovulatory,cycle,3,A_windowed_C3_only,strict_herzog,False,17,0,0.0,,,,1.0,,
window_false_positive,seizure_frequency:<1 seizure-day/month,healthy_ovulatory,cycle,6,A_windowed_C3_only,strict_herzog,False,17,0,0.0,,,,1.0,,
window_false_positive,seizure_frequency:<1 seizure-day/month,healthy_ovulatory,cycle,12,A_windowed_C3_only,strict_herzog,False,17,0,0.0,,,,1.0,,
window_false_positive,seizure_frequency:<1 seizure-day/month,healthy_ovulatory,full,full_diary,A_windowed_C3_only,strict_herzog,False,17,0,0.0,,,,1.0,,
window_false_positive,seizure_frequency:<1 seizure-day/month,population,calendar,1,A_windowed_C3_only,strict_herzog,False,10,1,1.0,1.0,0.20654931437723745,1.0,0.9,,
window_false_positive,seizure_frequency:<1 seizure-day/month,population,calendar,3,A_windowed_C3_only,strict_herzog,False,10,1,0.0,0.0,0.0,0.7934506856227626,0.9,,
window_false_positive,seizure_frequency:<1 seizure-day/month,population,calendar,4,A_windowed_C3_only,strict_herzog,False,10,2,1.0,0.5,0.09453120573423074,0.9054687942657693,0.8,,
window_false_positive,seizure_frequency:<1 seizure-day/month,population,calendar,6,A_windowed_C3_only,strict_herzog,False,10,2,0.0,0.0,0.0,0.6576197724933469,0.8,,
window_false_positive,seizure_frequency:<1 seizure-day/month,population,calendar,12,A_windowed_C3_only,strict_herzog,False,10,0,0.0,,,,1.0,,
window_false_positive,seizure_frequency:<1 seizure-day/month,population,cycle,3,A_windowed_C3_only,strict_herzog,False,10,0,0.0,,,,1.0,,
window_false_positive,seizure_frequency:<1 seizure-day/month,population,cycle,6,A_windowed_C3_only,strict_herzog,False,10,1,0.0,0.0,0.0,0.7934506856227626,0.9,,
window_false_positive,seizure_frequency:<1 seizure-day/month,population,cycle,12,A_windowed_C3_only,strict_herzog,False,10,0,0.0,,,,1.0,,
window_false_positive,seizure_frequency:<1 seizure-day/month,population,full,full_diary,A_windowed_C3_only,strict_herzog,False,10,2,0.0,0.0,0.0,0.6576197724933469,0.8,,
window_false_positive,seizure_frequency:<1 seizure-day/month,healthy_ovulatory,calendar,1,B_minimum_data_any,strict_herzog,False,17,0,0.0,,,,1.0,,
window_false_positive,seizure_frequency:<1 seizure-day/month,healthy_ovulatory,calendar,3,B_minimum_data_any,strict_herzog,False,17,0,0.0,,,,1.0,,
window_false_positive,seizure_frequency:<1 seizure-day/month,healthy_ovulatory,calendar,4,B_minimum_data_any,strict_herzog,False,17,1,0.0,0.0,0.0,0.7934506856227626,0.9411764705882353,,
window_false_positive,seizure_frequency:<1 seizure-day/month,healthy_ovulatory,calendar,6,B_minimum_data_any,strict_herzog,False,17,3,0.0,0.0,5.551115123125783e-17,0.5614970317550454,0.8235294117647058,,
window_false_positive,seizure_frequency:<1 seizure-day/month,healthy_ovulatory,calendar,12,B_minimum_data_any,strict_herzog,False,17,0,0.0,,,,1.0,,
window_false_positive,seizure_frequency:<1 seizure-day/month,healthy_ovulatory,cycle,3,B_minimum_data_any,strict_herzog,False,17,0,0.0,,,,1.0,,
window_false_positive,seizure_frequency:<1 seizure-day/month,healthy_ovulatory,cycle,6,B_minimum_data_any,strict_herzog,False,17,3,0.0,0.0,5.551115123125783e-17,0.5614970317550454,0.8235294117647058,,
window_false_positive,seizure_frequency:<1 seizure-day/month,healthy_ovulatory,cycle,12,B_minimum_data_any,strict_herzog,False,17,0,0.0,,,,1.0,,
window_false_positive,seizure_frequency:<1 seizure-day/month,healthy_ovulatory,full,full_diary,B_minimum_data_any,strict_herzog,False,17,3,0.0,0.0,5.551115123125783e-17,0.5614970317550454,0.8235294117647058,,
window_false_positive,seizure_frequency:<1 seizure-day/month,population,calendar,1,B_minimum_data_any,strict_herzog,False,10,0,0.0,,,,1.0,,
window_false_positive,seizure_frequency:<1 seizure-day/month,population,calendar,3,B_minimum_data_any,strict_herzog,False,10,0,0.0,,,,1.0,,
window_false_positive,seizure_frequency:<1 seizure-day/month,population,calendar,4,B_minimum_data_any,strict_herzog,False,10,1,1.0,1.0,0.20654931437723745,1.0,0.9,,
window_false_positive,seizure_frequency:<1 seizure-day/month,population,calendar,6,B_minimum_data_any,strict_herzog,False,10,4,3.0,0.75,0.30064184258240184,0.9544127391902995,0.6,,
window_false_positive,seizure_frequency:<1 seizure-day/month,population,calendar,12,B_minimum_data_any,strict_herzog,False,10,0,0.0,,,,1.0,,
window_false_positive,seizure_frequency:<1 seizure-day/month,population,cycle,3,B_minimum_data_any,strict_herzog,False,10,0,0.0,,,,1.0,,
window_false_positive,seizure_frequency:<1 seizure-day/month,population,cycle,6,B_minimum_data_any,strict_herzog,False,10,1,1.0,1.0,0.20654931437723745,1.0,0.9,,
window_false_positive,seizure_frequency:<1 seizure-day/month,population,cycle,12,B_minimum_data_any,strict_herzog,False,10,0,0.0,,,,1.0,,
window_false_positive,seizure_frequency:<1 seizure-day/month,population,full,full_diary,B_minimum_data_any,strict_herzog,False,10,4,3.0,0.75,0.30064184258240184,0.9544127391902995,0.6,,
window_false_positive,seizure_frequency:<1 seizure-day/month,healthy_ovulatory,calendar,1,B_minimum_data_excluding_C3,strict_herzog,False,17,0,0.0,,,,1.0,,
window_false_positive,seizure_frequency:<1 seizure-day/month,healthy_ovulatory,calendar,3,B_minimum_data_excluding_C3,strict_herzog,False,17,0,0.0,,,,1.0,,
window_false_positive,seizure_frequency:<1 seizure-day/month,healthy_ovulatory,calendar,4,B_minimum_data_excluding_C3,strict_herzog,False,17,1,0.0,0.0,0.0,0.7934506856227626,0.9411764705882353,,
window_false_positive,seizure_frequency:<1 seizure-day/month,healthy_ovulatory,calendar,6,B_minimum_data_excluding_C3,strict_herzog,False,17,3,0.0,0.0,5.551115123125783e-17,0.5614970317550454,0.8235294117647058,,
window_false_positive,seizure_frequency:<1 seizure-day/month,healthy_ovulatory,calendar,12,B_minimum_data_excluding_C3,strict_herzog,False,17,0,0.0,,,,1.0,,
window_false_positive,seizure_frequency:<1 seizure-day/month,healthy_ovulatory,cycle,3,B_minimum_data_excluding_C3,strict_herzog,False,17,0,0.0,,,,1.0,,
window_false_positive,seizure_frequency:<1 seizure-day/month,healthy_ovulatory,cycle,6,B_minimum_data_excluding_C3,strict_herzog,False,17,3,0.0,0.0,5.551115123125783e-17,0.5614970317550454,0.8235294117647058,,
window_false_positive,seizure_frequency:<1 seizure-day/month,healthy_ovulatory,cycle,12,B_minimum_data_excluding_C3,strict_herzog,False,17,0,0.0,,,,1.0,,
window_false_positive,seizure_frequency:<1 seizure-day/month,healthy_ovulatory,full,full_diary,B_minimum_data_excluding_C3,strict_herzog,False,17,3,0.0,0.0,5.551115123125783e-17,0.5614970317550454,0.8235294117647058,,
window_false_positive,seizure_frequency:<1 seizure-day/month,population,calendar,1,B_minimum_data_excluding_C3,strict_herzog,False,10,0,0.0,,,,1.0,,
window_false_positive,seizure_frequency:<1 seizure-day/month,population,calendar,3,B_minimum_data_excluding_C3,strict_herzog,False,10,0,0.0,,,,1.0,,
window_false_positive,seizure_frequency:<1 seizure-day/month,population,calendar,4,B_minimum_data_excluding_C3,strict_herzog,False,10,1,1.0,1.0,0.20654931437723745,1.0,0.9,,
window_false_positive,seizure_frequency:<1 seizure-day/month,population,calendar,6,B_minimum_data_excluding_C3,strict_herzog,False,10,4,3.0,0.75,0.30064184258240184,0.9544127391902995,0.6,,
window_false_positive,seizure_frequency:<1 seizure-day/month,population,calendar,12,B_minimum_data_excluding_C3,strict_herzog,False,10,0,0.0,,,,1.0,,
window_false_positive,seizure_frequency:<1 seizure-day/month,population,cycle,3,B_minimum_data_excluding_C3,strict_herzog,False,10,0,0.0,,,,1.0,,
window_false_positive,seizure_frequency:<1 seizure-day/month,population,cycle,6,B_minimum_data_excluding_C3,strict_herzog,False,10,1,1.0,1.0,0.20654931437723745,1.0,0.9,,
window_false_positive,seizure_frequency:<1 seizure-day/month,population,cycle,12,B_minimum_data_excluding_C3,strict_herzog,False,10,0,0.0,,,,1.0,,
window_false_positive,seizure_frequency:<1 seizure-day/month,population,full,full_diary,B_minimum_data_excluding_C3,strict_herzog,False,10,4,3.0,0.75,0.30064184258240184,0.9544127391902995,0.6,,
window_false_positive,seizure_frequency:<1 seizure-day/month,healthy_ovulatory,calendar,1,C_reproducibility_any,strict_herzog,False,17,0,0.0,,,,1.0,,
window_false_positive,seizure_frequency:<1 seizure-day/month,healthy_ovulatory,calendar,3,C_reproducibility_any,strict_herzog,False,17,0,0.0,,,,1.0,,
window_false_positive,seizure_frequency:<1 seizure-day/month,healthy_ovulatory,calendar,4,C_reproducibility_any,strict_herzog,False,17,0,0.0,,,,1.0,,
window_false_positive,seizure_frequency:<1 seizure-day/month,healthy_ovulatory,calendar,6,C_reproducibility_any,strict_herzog,False,17,0,0.0,,,,1.0,,
window_false_positive,seizure_frequency:<1 seizure-day/month,healthy_ovulatory,calendar,12,C_reproducibility_any,strict_herzog,False,17,0,0.0,,,,1.0,,
window_false_positive,seizure_frequency:<1 seizure-day/month,healthy_ovulatory,cycle,3,C_reproducibility_any,strict_herzog,False,17,0,0.0,,,,1.0,,
window_false_positive,seizure_frequency:<1 seizure-day/month,healthy_ovulatory,cycle,6,C_reproducibility_any,strict_herzog,False,17,0,0.0,,,,1.0,,
window_false_positive,seizure_frequency:<1 seizure-day/month,healthy_ovulatory,cycle,12,C_reproducibility_any,strict_herzog,False,17,0,0.0,,,,1.0,,
window_false_positive,seizure_frequency:<1 seizure-day/month,healthy_ovulatory,full,full_diary,C_reproducibility_any,strict_herzog,False,17,0,0.0,,,,1.0,,
window_false_positive,seizure_frequency:<1 seizure-day/month,population,calendar,1,C_reproducibility_any,strict_herzog,False,10,0,0.0,,,,1.0,,
window_false_positive,seizure_frequency:<1 seizure-day/month,population,calendar,3,C_reproducibility_any,strict_herzog,False,10,0,0.0,,,,1.0,,
window_false_positive,seizure_frequency:<1 seizure-day/month,population,calendar,4,C_reproducibility_any,strict_herzog,False,10,0,0.0,,,,1.0,,
window_false_positive,seizure_frequency:<1 seizure-day/month,population,calendar,6,C_reproducibility_any,strict_herzog,False,10,0,0.0,,,,1.0,,
window_false_positive,seizure_frequency:<1 seizure-day/month,population,calendar,12,C_reproducibility_any,strict_herzog,False,10,0,0.0,,,,1.0,,
window_false_positive,seizure_frequency:<1 seizure-day/month,population,cycle,3,C_reproducibility_any,strict_herzog,False,10,0,0.0,,,,1.0,,
window_false_positive,seizure_frequency:<1 seizure-day/month,population,cycle,6,C_reproducibility_any,strict_herzog,False,10,0,0.0,,,,1.0,,
window_false_positive,seizure_frequency:<1 seizure-day/month,population,cycle,12,C_reproducibility_any,strict_herzog,False,10,0,0.0,,,,1.0,,
window_false_positive,seizure_frequency:<1 seizure-day/month,population,full,full_diary,C_reproducibility_any,strict_herzog,False,10,0,0.0,,,,1.0,,
window_false_positive,seizure_frequency:<1 seizure-day/month,healthy_ovulatory,calendar,1,C_reproducibility_12cycle_any,strict_herzog,False,17,0,0.0,,,,1.0,,
window_false_positive,seizure_frequency:<1 seizure-day/month,healthy_ovulatory,calendar,3,C_reproducibility_12cycle_any,strict_herzog,False,17,0,0.0,,,,1.0,,
window_false_positive,seizure_frequency:<1 seizure-day/month,healthy_ovulatory,calendar,4,C_reproducibility_12cycle_any,strict_herzog,False,17,0,0.0,,,,1.0,,
window_false_positive,seizure_frequency:<1 seizure-day/month,healthy_ovulatory,calendar,6,C_reproducibility_12cycle_any,strict_herzog,False,17,0,0.0,,,,1.0,,
window_false_positive,seizure_frequency:<1 seizure-day/month,healthy_ovulatory,calendar,12,C_reproducibility_12cycle_any,strict_herzog,False,17,0,0.0,,,,1.0,,
window_false_positive,seizure_frequency:<1 seizure-day/month,healthy_ovulatory,cycle,3,C_reproducibility_12cycle_any,strict_herzog,False,17,0,0.0,,,,1.0,,
window_false_positive,seizure_frequency:<1 seizure-day/month,healthy_ovulatory,cycle,6,C_reproducibility_12cycle_any,strict_herzog,False,17,0,0.0,,,,1.0,,
window_false_positive,seizure_frequency:<1 seizure-day/month,healthy_ovulatory,cycle,12,C_reproducibility_12cycle_any,strict_herzog,False,17,0,0.0,,,,1.0,,
window_false_positive,seizure_frequency:<1 seizure-day/month,healthy_ovulatory,full,full_diary,C_reproducibility_12cycle_any,strict_herzog,False,17,0,0.0,,,,1.0,,
window_false_positive,seizure_frequency:<1 seizure-day/month,population,calendar,1,C_reproducibility_12cycle_any,strict_herzog,False,10,0,0.0,,,,1.0,,
window_false_positive,seizure_frequency:<1 seizure-day/month,population,calendar,3,C_reproducibility_12cycle_any,strict_herzog,False,10,0,0.0,,,,1.0,,
window_false_positive,seizure_frequency:<1 seizure-day/month,population,calendar,4,C_reproducibility_12cycle_any,strict_herzog,False,10,0,0.0,,,,1.0,,
window_false_positive,seizure_frequency:<1 seizure-day/month,population,calendar,6,C_reproducibility_12cycle_any,strict_herzog,False,10,0,0.0,,,,1.0,,
window_false_positive,seizure_frequency:<1 seizure-day/month,population,calendar,12,C_reproducibility_12cycle_any,strict_herzog,False,10,0,0.0,,,,1.0,,
window_false_positive,seizure_frequency:<1 seizure-day/month,population,cycle,3,C_reproducibility_12cycle_any,strict_herzog,False,10,0,0.0,,,,1.0,,
window_false_positive,seizure_frequency:<1 seizure-day/month,population,cycle,6,C_reproducibility_12cycle_any,strict_herzog,False,10,0,0.0,,,,1.0,,
window_false_positive,seizure_frequency:<1 seizure-day/month,population,cycle,12,C_reproducibility_12cycle_any,strict_herzog,False,10,0,0.0,,,,1.0,,
window_false_positive,seizure_frequency:<1 seizure-day/month,population,full,full_diary,C_reproducibility_12cycle_any,strict_herzog,False,10,0,0.0,,,,1.0,,
window_false_positive,seizure_frequency:<1 seizure-day/month,healthy_ovulatory,calendar,1,D_nb_regression_any,strict_herzog,False,17,0,0.0,,,,1.0,,
window_false_positive,seizure_frequency:<1 seizure-day/month,healthy_ovulatory,calendar,3,D_nb_regression_any,strict_herzog,False,17,0,0.0,,,,1.0,,
window_false_positive,seizure_frequency:<1 seizure-day/month,healthy_ovulatory,calendar,4,D_nb_regression_any,strict_herzog,False,17,1,0.0,0.0,0.0,0.7934506856227626,0.9411764705882353,,
window_false_positive,seizure_frequency:<1 seizure-day/month,healthy_ovulatory,calendar,6,D_nb_regression_any,strict_herzog,False,17,3,0.0,0.0,5.551115123125783e-17,0.5614970317550454,0.8235294117647058,,
window_false_positive,seizure_frequency:<1 seizure-day/month,healthy_ovulatory,calendar,12,D_nb_regression_any,strict_herzog,False,17,0,0.0,,,,1.0,,
window_false_positive,seizure_frequency:<1 seizure-day/month,healthy_ovulatory,cycle,3,D_nb_regression_any,strict_herzog,False,17,0,0.0,,,,1.0,,
window_false_positive,seizure_frequency:<1 seizure-day/month,healthy_ovulatory,cycle,6,D_nb_regression_any,strict_herzog,False,17,3,0.0,0.0,5.551115123125783e-17,0.5614970317550454,0.8235294117647058,,
window_false_positive,seizure_frequency:<1 seizure-day/month,healthy_ovulatory,cycle,12,D_nb_regression_any,strict_herzog,False,17,0,0.0,,,,1.0,,
window_false_positive,seizure_frequency:<1 seizure-day/month,healthy_ovulatory,full,full_diary,D_nb_regression_any,strict_herzog,False,17,3,0.0,0.0,5.551115123125783e-17,0.5614970317550454,0.8235294117647058,,
window_false_positive,seizure_frequency:<1 seizure-day/month,population,calendar,1,D_nb_regression_any,strict_herzog,False,10,0,0.0,,,,1.0,,
window_false_positive,seizure_frequency:<1 seizure-day/month,population,calendar,3,D_nb_regression_any,strict_herzog,False,10,0,0.0,,,,1.0,,
window_false_positive,seizure_frequency:<1 seizure-day/month,population,calendar,4,D_nb_regression_any,strict_herzog,False,10,1,0.0,0.0,0.0,0.7934506856227626,0.9,,
window_false_positive,seizure_frequency:<1 seizure-day/month,population,calendar,6,D_nb_regression_any,strict_herzog,False,10,4,0.0,0.0,0.0,0.4898908364545973,0.6,,
window_false_positive,seizure_frequency:<1 seizure-day/month,population,calendar,12,D_nb_regression_any,strict_herzog,False,10,0,0.0,,,,1.0,,
window_false_positive,seizure_frequency:<1 seizure-day/month,population,cycle,3,D_nb_regression_any,strict_herzog,False,10,0,0.0,,,,1.0,,
window_false_positive,seizure_frequency:<1 seizure-day/month,population,cycle,6,D_nb_regression_any,strict_herzog,False,10,1,0.0,0.0,0.0,0.7934506856227626,0.9,,
window_false_positive,seizure_frequency:<1 seizure-day/month,population,cycle,12,D_nb_regression_any,strict_herzog,False,10,0,0.0,,,,1.0,,
window_false_positive,seizure_frequency:<1 seizure-day/month,population,full,full_diary,D_nb_regression_any,strict_herzog,False,10,4,0.0,0.0,0.0,0.4898908364545973,0.6,,
window_false_positive,seizure_frequency:<1 seizure-day/month,healthy_ovulatory,calendar,1,D_nb_regression_window_alpha_any,strict_herzog,False,17,0,0.0,,,,1.0,,
window_false_positive,seizure_frequency:<1 seizure-day/month,healthy_ovulatory,calendar,3,D_nb_regression_window_alpha_any,strict_herzog,False,17,0,0.0,,,,1.0,,
window_false_positive,seizure_frequency:<1 seizure-day/month,healthy_ovulatory,calendar,4,D_nb_regression_window_alpha_any,strict_herzog,False,17,0,0.0,,,,1.0,,
window_false_positive,seizure_frequency:<1 seizure-day/month,healthy_ovulatory,calendar,6,D_nb_regression_window_alpha_any,strict_herzog,False,17,0,0.0,,,,1.0,,
window_false_positive,seizure_frequency:<1 seizure-day/month,healthy_ovulatory,calendar,12,D_nb_regression_window_alpha_any,strict_herzog,False,17,0,0.0,,,,1.0,,
window_false_positive,seizure_frequency:<1 seizure-day/month,healthy_ovulatory,cycle,3,D_nb_regression_window_alpha_any,strict_herzog,False,17,0,0.0,,,,1.0,,
window_false_positive,seizure_frequency:<1 seizure-day/month,healthy_ovulatory,cycle,6,D_nb_regression_window_alpha_any,strict_herzog,False,17,0,0.0,,,,1.0,,
window_false_positive,seizure_frequency:<1 seizure-day/month,healthy_ovulatory,cycle,12,D_nb_regression_window_alpha_any,strict_herzog,False,17,0,0.0,,,,1.0,,
window_false_positive,seizure_frequency:<1 seizure-day/month,healthy_ovulatory,full,full_diary,D_nb_regression_window_alpha_any,strict_herzog,False,17,3,0.0,0.0,5.551115123125783e-17,0.5614970317550454,0.8235294117647058,,
window_false_positive,seizure_frequency:<1 seizure-day/month,population,calendar,1,D_nb_regression_window_alpha_any,strict_herzog,False,10,0,0.0,,,,1.0,,
window_false_positive,seizure_frequency:<1 seizure-day/month,population,calendar,3,D_nb_regression_window_alpha_any,strict_herzog,False,10,0,0.0,,,,1.0,,
window_false_positive,seizure_frequency:<1 seizure-day/month,population,calendar,4,D_nb_regression_window_alpha_any,strict_herzog,False,10,0,0.0,,,,1.0,,
window_false_positive,seizure_frequency:<1 seizure-day/month,population,calendar,6,D_nb_regression_window_alpha_any,strict_herzog,False,10,0,0.0,,,,1.0,,
window_false_positive,seizure_frequency:<1 seizure-day/month,population,calendar,12,D_nb_regression_window_alpha_any,strict_herzog,False,10,0,0.0,,,,1.0,,
window_false_positive,seizure_frequency:<1 seizure-day/month,population,cycle,3,D_nb_regression_window_alpha_any,strict_herzog,False,10,0,0.0,,,,1.0,,
window_false_positive,seizure_frequency:<1 seizure-day/month,population,cycle,6,D_nb_regression_window_alpha_any,strict_herzog,False,10,0,0.0,,,,1.0,,
window_false_positive,seizure_frequency:<1 seizure-day/month,population,cycle,12,D_nb_regression_window_alpha_any,strict_herzog,False,10,0,0.0,,,,1.0,,
window_false_positive,seizure_frequency:<1 seizure-day/month,population,full,full_diary,D_nb_regression_window_alpha_any,strict_herzog,False,10,4,0.0,0.0,0.0,0.4898908364545973,0.6,,
window_false_positive,seizure_frequency:<1 seizure-day/month,healthy_ovulatory,calendar,1,H1_newmark_penry_any,strict_herzog,True,17,3,0.0,0.0,5.551115123125783e-17,0.5614970317550454,0.8235294117647058,,
window_false_positive,seizure_frequency:<1 seizure-day/month,healthy_ovulatory,calendar,3,H1_newmark_penry_any,strict_herzog,True,17,7,0.0,0.0,5.551115123125783e-17,0.35433043506668743,0.5882352941176471,,
window_false_positive,seizure_frequency:<1 seizure-day/month,healthy_ovulatory,calendar,4,H1_newmark_penry_any,strict_herzog,True,17,11,1.0,0.09090909090909091,0.016232172885884855,0.37735843645159567,0.3529411764705882,,
window_false_positive,seizure_frequency:<1 seizure-day/month,healthy_ovulatory,calendar,6,H1_newmark_penry_any,strict_herzog,True,17,12,0.0,0.0,2.7755575615628914e-17,0.24249400665524085,0.2941176470588235,,
window_false_positive,seizure_frequency:<1 seizure-day/month,healthy_ovulatory,calendar,12,H1_newmark_penry_any,strict_herzog,True,17,0,0.0,,,,1.0,,
window_false_positive,seizure_frequency:<1 seizure-day/month,healthy_ovulatory,cycle,3,H1_newmark_penry_any,strict_herzog,True,17,9,0.0,0.0,0.0,0.2991450484195441,0.47058823529411764,,
window_false_positive,seizure_frequency:<1 seizure-day/month,healthy_ovulatory,cycle,6,H1_newmark_penry_any,strict_herzog,True,17,9,0.0,0.0,0.0,0.2991450484195441,0.47058823529411764,,
window_false_positive,seizure_frequency:<1 seizure-day/month,healthy_ovulatory,cycle,12,H1_newmark_penry_any,strict_herzog,True,17,0,0.0,,,,1.0,,
window_false_positive,seizure_frequency:<1 seizure-day/month,healthy_ovulatory,full,full_diary,H1_newmark_penry_any,strict_herzog,True,17,12,0.0,0.0,2.7755575615628914e-17,0.24249400665524085,0.2941176470588235,,
window_false_positive,seizure_frequency:<1 seizure-day/month,population,calendar,1,H1_newmark_penry_any,strict_herzog,True,10,3,1.0,0.3333333333333333,0.06149194472039621,0.7923403991979522,0.7,,
window_false_positive,seizure_frequency:<1 seizure-day/month,population,calendar,3,H1_newmark_penry_any,strict_herzog,True,10,5,1.0,0.2,0.03622410863243014,0.6244653702374747,0.5,,
window_false_positive,seizure_frequency:<1 seizure-day/month,population,calendar,4,H1_newmark_penry_any,strict_herzog,True,10,6,1.0,0.16666666666666666,0.030053369748306635,0.5635028221864702,0.4,,
window_false_positive,seizure_frequency:<1 seizure-day/month,population,calendar,6,H1_newmark_penry_any,strict_herzog,True,10,7,2.0,0.2857142857142857,0.08221892400405678,0.6410655481673808,0.30000000000000004,,
window_false_positive,seizure_frequency:<1 seizure-day/month,population,calendar,12,H1_newmark_penry_any,strict_herzog,True,10,0,0.0,,,,1.0,,
window_false_positive,seizure_frequency:<1 seizure-day/month,population,cycle,3,H1_newmark_penry_any,strict_herzog,True,10,4,1.0,0.25,0.04558726080970055,0.6993581574175981,0.6,,
window_false_positive,seizure_frequency:<1 seizure-day/month,population,cycle,6,H1_newmark_penry_any,strict_herzog,True,10,3,2.0,0.6666666666666666,0.2076596008020477,0.9385080552796037,0.7,,
window_false_positive,seizure_frequency:<1 seizure-day/month,population,cycle,12,H1_newmark_penry_any,strict_herzog,True,10,0,0.0,,,,1.0,,
window_false_positive,seizure_frequency:<1 seizure-day/month,population,full,full_diary,H1_newmark_penry_any,strict_herzog,True,10,7,2.0,0.2857142857142857,0.08221892400405678,0.6410655481673808,0.30000000000000004,,
window_false_positive,seizure_frequency:<1 seizure-day/month,healthy_ovulatory,calendar,1,H1_newmark_penry_66_7_any,strict_herzog,True,17,3,0.0,0.0,5.551115123125783e-17,0.5614970317550454,0.8235294117647058,,
window_false_positive,seizure_frequency:<1 seizure-day/month,healthy_ovulatory,calendar,3,H1_newmark_penry_66_7_any,strict_herzog,True,17,7,0.0,0.0,5.551115123125783e-17,0.35433043506668743,0.5882352941176471,,
window_false_positive,seizure_frequency:<1 seizure-day/month,healthy_ovulatory,calendar,4,H1_newmark_penry_66_7_any,strict_herzog,True,17,11,1.0,0.09090909090909091,0.016232172885884855,0.37735843645159567,0.3529411764705882,,
window_false_positive,seizure_frequency:<1 seizure-day/month,healthy_ovulatory,calendar,6,H1_newmark_penry_66_7_any,strict_herzog,True,17,12,0.0,0.0,2.7755575615628914e-17,0.24249400665524085,0.2941176470588235,,
window_false_positive,seizure_frequency:<1 seizure-day/month,healthy_ovulatory,calendar,12,H1_newmark_penry_66_7_any,strict_herzog,True,17,0,0.0,,,,1.0,,
window_false_positive,seizure_frequency:<1 seizure-day/month,healthy_ovulatory,cycle,3,H1_newmark_penry_66_7_any,strict_herzog,True,17,9,0.0,0.0,0.0,0.2991450484195441,0.47058823529411764,,
window_false_positive,seizure_frequency:<1 seizure-day/month,healthy_ovulatory,cycle,6,H1_newmark_penry_66_7_any,strict_herzog,True,17,9,0.0,0.0,0.0,0.2991450484195441,0.47058823529411764,,
window_false_positive,seizure_frequency:<1 seizure-day/month,healthy_ovulatory,cycle,12,H1_newmark_penry_66_7_any,strict_herzog,True,17,0,0.0,,,,1.0,,
window_false_positive,seizure_frequency:<1 seizure-day/month,healthy_ovulatory,full,full_diary,H1_newmark_penry_66_7_any,strict_herzog,True,17,12,0.0,0.0,2.7755575615628914e-17,0.24249400665524085,0.2941176470588235,,
window_false_positive,seizure_frequency:<1 seizure-day/month,population,calendar,1,H1_newmark_penry_66_7_any,strict_herzog,True,10,3,1.0,0.3333333333333333,0.06149194472039621,0.7923403991979522,0.7,,
window_false_positive,seizure_frequency:<1 seizure-day/month,population,calendar,3,H1_newmark_penry_66_7_any,strict_herzog,True,10,5,1.0,0.2,0.03622410863243014,0.6244653702374747,0.5,,
window_false_positive,seizure_frequency:<1 seizure-day/month,population,calendar,4,H1_newmark_penry_66_7_any,strict_herzog,True,10,6,1.0,0.16666666666666666,0.030053369748306635,0.5635028221864702,0.4,,
window_false_positive,seizure_frequency:<1 seizure-day/month,population,calendar,6,H1_newmark_penry_66_7_any,strict_herzog,True,10,7,2.0,0.2857142857142857,0.08221892400405678,0.6410655481673808,0.30000000000000004,,
window_false_positive,seizure_frequency:<1 seizure-day/month,population,calendar,12,H1_newmark_penry_66_7_any,strict_herzog,True,10,0,0.0,,,,1.0,,
window_false_positive,seizure_frequency:<1 seizure-day/month,population,cycle,3,H1_newmark_penry_66_7_any,strict_herzog,True,10,4,0.0,0.0,0.0,0.4898908364545973,0.6,,
window_false_positive,seizure_frequency:<1 seizure-day/month,population,cycle,6,H1_newmark_penry_66_7_any,strict_herzog,True,10,3,2.0,0.6666666666666666,0.2076596008020477,0.9385080552796037,0.7,,
window_false_positive,seizure_frequency:<1 seizure-day/month,population,cycle,12,H1_newmark_penry_66_7_any,strict_herzog,True,10,0,0.0,,,,1.0,,
window_false_positive,seizure_frequency:<1 seizure-day/month,population,full,full_diary,H1_newmark_penry_66_7_any,strict_herzog,True,10,7,2.0,0.2857142857142857,0.08221892400405678,0.6410655481673808,0.30000000000000004,,
window_false_positive,seizure_frequency:<1 seizure-day/month,healthy_ovulatory,calendar,1,H2_duncan1993_any,strict_herzog,True,17,3,0.0,0.0,5.551115123125783e-17,0.5614970317550454,0.8235294117647058,,
window_false_positive,seizure_frequency:<1 seizure-day/month,healthy_ovulatory,calendar,3,H2_duncan1993_any,strict_herzog,True,17,7,1.0,0.14285714285714285,0.02567962434474355,0.5131278292743189,0.5882352941176471,,
window_false_positive,seizure_frequency:<1 seizure-day/month,healthy_ovulatory,calendar,4,H2_duncan1993_any,strict_herzog,True,17,11,2.0,0.18181818181818182,0.05136768974608513,0.4769805619608442,0.3529411764705882,,
window_false_positive,seizure_frequency:<1 seizure-day/month,healthy_ovulatory,calendar,6,H2_duncan1993_any,strict_herzog,True,17,12,1.0,0.08333333333333333,0.014865094404917095,0.35387991114111694,0.2941176470588235,,
window_false_positive,seizure_frequency:<1 seizure-day/month,healthy_ovulatory,calendar,12,H2_duncan1993_any,strict_herzog,True,17,0,0.0,,,,1.0,,
window_false_positive,seizure_frequency:<1 seizure-day/month,healthy_ovulatory,cycle,3,H2_duncan1993_any,strict_herzog,True,17,9,2.0,0.2222222222222222,0.06322510711784671,0.5474110308930111,0.47058823529411764,,
window_false_positive,seizure_frequency:<1 seizure-day/month,healthy_ovulatory,cycle,6,H2_duncan1993_any,strict_herzog,True,17,9,1.0,0.1111111111111111,0.019890887638544907,0.434999705576656,0.47058823529411764,,
window_false_positive,seizure_frequency:<1 seizure-day/month,healthy_ovulatory,cycle,12,H2_duncan1993_any,strict_herzog,True,17,0,0.0,,,,1.0,,
window_false_positive,seizure_frequency:<1 seizure-day/month,healthy_ovulatory,full,full_diary,H2_duncan1993_any,strict_herzog,True,17,12,1.0,0.08333333333333333,0.014865094404917095,0.35387991114111694,0.2941176470588235,,
window_false_positive,seizure_frequency:<1 seizure-day/month,population,calendar,1,H2_duncan1993_any,strict_herzog,True,10,3,1.0,0.3333333333333333,0.06149194472039621,0.7923403991979522,0.7,,
window_false_positive,seizure_frequency:<1 seizure-day/month,population,calendar,3,H2_duncan1993_any,strict_herzog,True,10,5,2.0,0.4,0.11762077423264783,0.769275718723987,0.5,,
window_false_positive,seizure_frequency:<1 seizure-day/month,population,calendar,4,H2_duncan1993_any,strict_herzog,True,10,6,2.0,0.3333333333333333,0.09677141110578041,0.700006684861608,0.4,,
window_false_positive,seizure_frequency:<1 seizure-day/month,population,calendar,6,H2_duncan1993_any,strict_herzog,True,10,7,3.0,0.42857142857142855,0.15821985525146975,0.7495416354723428,0.30000000000000004,,
window_false_positive,seizure_frequency:<1 seizure-day/month,population,calendar,12,H2_duncan1993_any,strict_herzog,True,10,0,0.0,,,,1.0,,
window_false_positive,seizure_frequency:<1 seizure-day/month,population,cycle,3,H2_duncan1993_any,strict_herzog,True,10,4,0.0,0.0,0.0,0.4898908364545973,0.6,,
window_false_positive,seizure_frequency:<1 seizure-day/month,population,cycle,6,H2_duncan1993_any,strict_herzog,True,10,3,3.0,1.0,0.4385029682449546,1.0,0.7,,
window_false_positive,seizure_frequency:<1 seizure-day/month,population,cycle,12,H2_duncan1993_any,strict_herzog,True,10,0,0.0,,,,1.0,,
window_false_positive,seizure_frequency:<1 seizure-day/month,population,full,full_diary,H2_duncan1993_any,strict_herzog,True,10,7,3.0,0.42857142857142855,0.15821985525146975,0.7495416354723428,0.30000000000000004,,
window_false_positive,seizure_frequency:<1 seizure-day/month,healthy_ovulatory,calendar,1,H3_herzog1997_twofold_any,strict_herzog,True,17,3,1.0,0.3333333333333333,0.06149194472039621,0.7923403991979522,0.8235294117647058,,
window_false_positive,seizure_frequency:<1 seizure-day/month,healthy_ovulatory,calendar,3,H3_herzog1997_twofold_any,strict_herzog,True,17,7,2.0,0.2857142857142857,0.08221892400405678,0.6410655481673808,0.5882352941176471,,
window_false_positive,seizure_frequency:<1 seizure-day/month,healthy_ovulatory,calendar,4,H3_herzog1997_twofold_any,strict_herzog,True,17,11,4.0,0.36363636363636365,0.15166471095367573,0.6461988254921511,0.3529411764705882,,
window_false_positive,seizure_frequency:<1 seizure-day/month,healthy_ovulatory,calendar,6,H3_herzog1997_twofold_any,strict_herzog,True,17,12,5.0,0.4166666666666667,0.19326031365875665,0.6804886874504503,0.2941176470588235,,
window_false_positive,seizure_frequency:<1 seizure-day/month,healthy_ovulatory,calendar,12,H3_herzog1997_twofold_any,strict_herzog,True,17,0,0.0,,,,1.0,,
window_false_positive,seizure_frequency:<1 seizure-day/month,healthy_ovulatory,cycle,3,H3_herzog1997_twofold_any,strict_herzog,True,17,9,3.0,0.3333333333333333,0.1205838183869109,0.6457978644196036,0.47058823529411764,,
window_false_positive,seizure_frequency:<1 seizure-day/month,healthy_ovulatory,cycle,6,H3_herzog1997_twofold_any,strict_herzog,True,17,9,3.0,0.3333333333333333,0.1205838183869109,0.6457978644196036,0.47058823529411764,,
window_false_positive,seizure_frequency:<1 seizure-day/month,healthy_ovulatory,cycle,12,H3_herzog1997_twofold_any,strict_herzog,True,17,0,0.0,,,,1.0,,
window_false_positive,seizure_frequency:<1 seizure-day/month,healthy_ovulatory,full,full_diary,H3_herzog1997_twofold_any,strict_herzog,True,17,12,5.0,0.4166666666666667,0.19326031365875665,0.6804886874504503,0.2941176470588235,,
window_false_positive,seizure_frequency:<1 seizure-day/month,population,calendar,1,H3_herzog1997_twofold_any,strict_herzog,True,10,3,2.0,0.6666666666666666,0.2076596008020477,0.9385080552796037,0.7,,
window_false_positive,seizure_frequency:<1 seizure-day/month,population,calendar,3,H3_herzog1997_twofold_any,strict_herzog,True,10,5,3.0,0.6,0.2307242812760128,0.882379225767352,0.5,,
window_false_positive,seizure_frequency:<1 seizure-day/month,population,calendar,4,H3_herzog1997_twofold_any,strict_herzog,True,10,6,4.0,0.6666666666666666,0.299993315138392,0.9032285888942195,0.4,,
window_false_positive,seizure_frequency:<1 seizure-day/month,population,calendar,6,H3_herzog1997_twofold_any,strict_herzog,True,10,7,5.0,0.7142857142857143,0.35893445183261935,0.9177810759959433,0.30000000000000004,,
window_false_positive,seizure_frequency:<1 seizure-day/month,population,calendar,12,H3_herzog1997_twofold_any,strict_herzog,True,10,0,0.0,,,,1.0,,
window_false_positive,seizure_frequency:<1 seizure-day/month,population,cycle,3,H3_herzog1997_twofold_any,strict_herzog,True,10,4,3.0,0.75,0.30064184258240184,0.9544127391902995,0.6,,
window_false_positive,seizure_frequency:<1 seizure-day/month,population,cycle,6,H3_herzog1997_twofold_any,strict_herzog,True,10,3,3.0,1.0,0.4385029682449546,1.0,0.7,,
window_false_positive,seizure_frequency:<1 seizure-day/month,population,cycle,12,H3_herzog1997_twofold_any,strict_herzog,True,10,0,0.0,,,,1.0,,
window_false_positive,seizure_frequency:<1 seizure-day/month,population,full,full_diary,H3_herzog1997_twofold_any,strict_herzog,True,10,7,5.0,0.7142857142857143,0.35893445183261935,0.9177810759959433,0.30000000000000004,,
window_false_positive,seizure_frequency:<1 seizure-day/month,healthy_ovulatory,calendar,1,H4_reddy2007_any_phase2x_any,strict_herzog,True,17,3,3.0,1.0,0.4385029682449546,1.0,0.8235294117647058,,
window_false_positive,seizure_frequency:<1 seizure-day/month,healthy_ovulatory,calendar,3,H4_reddy2007_any_phase2x_any,strict_herzog,True,17,7,7.0,1.0,0.6456695649333126,1.0,0.5882352941176471,,
window_false_positive,seizure_frequency:<1 seizure-day/month,healthy_ovulatory,calendar,4,H4_reddy2007_any_phase2x_any,strict_herzog,True,17,11,10.0,0.9090909090909091,0.6226415635484043,0.9837678271141151,0.3529411764705882,,
window_false_positive,seizure_frequency:<1 seizure-day/month,healthy_ovulatory,calendar,6,H4_reddy2007_any_phase2x_any,strict_herzog,True,17,12,10.0,0.8333333333333334,0.5519691377470266,0.9530348578161463,0.2941176470588235,,
window_false_positive,seizure_frequency:<1 seizure-day/month,healthy_ovulatory,calendar,12,H4_reddy2007_any_phase2x_any,strict_herzog,True,17,0,0.0,,,,1.0,,
window_false_positive,seizure_frequency:<1 seizure-day/month,healthy_ovulatory,cycle,3,H4_reddy2007_any_phase2x_any,strict_herzog,True,17,9,9.0,1.0,0.7008549515804559,1.0,0.47058823529411764,,
window_false_positive,seizure_frequency:<1 seizure-day/month,healthy_ovulatory,cycle,6,H4_reddy2007_any_phase2x_any,strict_herzog,True,17,9,7.0,0.7777777777777778,0.45258896910698887,0.9367748928821533,0.47058823529411764,,
window_false_positive,seizure_frequency:<1 seizure-day/month,healthy_ovulatory,cycle,12,H4_reddy2007_any_phase2x_any,strict_herzog,True,17,0,0.0,,,,1.0,,
window_false_positive,seizure_frequency:<1 seizure-day/month,healthy_ovulatory,full,full_diary,H4_reddy2007_any_phase2x_any,strict_herzog,True,17,12,10.0,0.8333333333333334,0.5519691377470266,0.9530348578161463,0.2941176470588235,,
window_false_positive,seizure_frequency:<1 seizure-day/month,population,calendar,1,H4_reddy2007_any_phase2x_any,strict_herzog,True,10,3,3.0,1.0,0.4385029682449546,1.0,0.7,,
window_false_positive,seizure_frequency:<1 seizure-day/month,population,calendar,3,H4_reddy2007_any_phase2x_any,strict_herzog,True,10,5,5.0,1.0,0.5655175352168251,1.0,0.5,,
window_false_positive,seizure_frequency:<1 seizure-day/month,population,calendar,4,H4_reddy2007_any_phase2x_any,strict_herzog,True,10,6,6.0,1.0,0.6096657120978346,1.0,0.4,,
window_false_positive,seizure_frequency:<1 seizure-day/month,population,calendar,6,H4_reddy2007_any_phase2x_any,strict_herzog,True,10,7,7.0,1.0,0.6456695649333126,1.0,0.30000000000000004,,
window_false_positive,seizure_frequency:<1 seizure-day/month,population,calendar,12,H4_reddy2007_any_phase2x_any,strict_herzog,True,10,0,0.0,,,,1.0,,
window_false_positive,seizure_frequency:<1 seizure-day/month,population,cycle,3,H4_reddy2007_any_phase2x_any,strict_herzog,True,10,4,4.0,1.0,0.5101091635454027,1.0,0.6,,
window_false_positive,seizure_frequency:<1 seizure-day/month,population,cycle,6,H4_reddy2007_any_phase2x_any,strict_herzog,True,10,3,3.0,1.0,0.4385029682449546,1.0,0.7,,
window_false_positive,seizure_frequency:<1 seizure-day/month,population,cycle,12,H4_reddy2007_any_phase2x_any,strict_herzog,True,10,0,0.0,,,,1.0,,
window_false_positive,seizure_frequency:<1 seizure-day/month,population,full,full_diary,H4_reddy2007_any_phase2x_any,strict_herzog,True,10,7,7.0,1.0,0.6456695649333126,1.0,0.30000000000000004,,
window_false_positive,cycle_regularity:SD cycle length 2 to <4 days,healthy_ovulatory,calendar,1,A_exact_any,strict_herzog,False,30,0,0.0,,,,1.0,,
window_false_positive,cycle_regularity:SD cycle length 2 to <4 days,healthy_ovulatory,calendar,3,A_exact_any,strict_herzog,False,30,0,0.0,,,,1.0,,
window_false_positive,cycle_regularity:SD cycle length 2 to <4 days,healthy_ovulatory,calendar,4,A_exact_any,strict_herzog,False,30,0,0.0,,,,1.0,,
window_false_positive,cycle_regularity:SD cycle length 2 to <4 days,healthy_ovulatory,calendar,6,A_exact_any,strict_herzog,False,30,0,0.0,,,,1.0,,
window_false_positive,cycle_regularity:SD cycle length 2 to <4 days,healthy_ovulatory,calendar,12,A_exact_any,strict_herzog,False,30,0,0.0,,,,1.0,,
window_false_positive,cycle_regularity:SD cycle length 2 to <4 days,healthy_ovulatory,cycle,3,A_exact_any,strict_herzog,False,30,11,4.0,0.36363636363636365,0.15166471095367573,0.6461988254921511,0.6333333333333333,,
window_false_positive,cycle_regularity:SD cycle length 2 to <4 days,healthy_ovulatory,cycle,6,A_exact_any,strict_herzog,False,30,0,0.0,,,,1.0,,
window_false_positive,cycle_regularity:SD cycle length 2 to <4 days,healthy_ovulatory,cycle,12,A_exact_any,strict_herzog,False,30,0,0.0,,,,1.0,,
window_false_positive,cycle_regularity:SD cycle length 2 to <4 days,healthy_ovulatory,full,full_diary,A_exact_any,strict_herzog,False,30,0,0.0,,,,1.0,,
window_false_positive,cycle_regularity:SD cycle length 2 to <4 days,population,calendar,1,A_exact_any,strict_herzog,False,17,0,0.0,,,,1.0,,
window_false_positive,cycle_regularity:SD cycle length 2 to <4 days,population,calendar,3,A_exact_any,strict_herzog,False,17,0,0.0,,,,1.0,,
window_false_positive,cycle_regularity:SD cycle length 2 to <4 days,population,calendar,4,A_exact_any,strict_herzog,False,17,0,0.0,,,,1.0,,
window_false_positive,cycle_regularity:SD cycle length 2 to <4 days,population,calendar,6,A_exact_any,strict_herzog,False,17,0,0.0,,,,1.0,,
window_false_positive,cycle_regularity:SD cycle length 2 to <4 days,population,calendar,12,A_exact_any,strict_herzog,False,17,0,0.0,,,,1.0,,
window_false_positive,cycle_regularity:SD cycle length 2 to <4 days,population,cycle,3,A_exact_any,strict_herzog,False,17,10,4.0,0.4,0.16818032970623614,0.6873262302663417,0.4117647058823529,,
window_false_positive,cycle_regularity:SD cycle length 2 to <4 days,population,cycle,6,A_exact_any,strict_herzog,False,17,0,0.0,,,,1.0,,
window_false_positive,cycle_regularity:SD cycle length 2 to <4 days,population,cycle,12,A_exact_any,strict_herzog,False,17,0,0.0,,,,1.0,,
window_false_positive,cycle_regularity:SD cycle length 2 to <4 days,population,full,full_diary,A_exact_any,strict_herzog,False,17,0,0.0,,,,1.0,,
window_false_positive,cycle_regularity:SD cycle length 2 to <4 days,healthy_ovulatory,calendar,1,A_windowed_any,strict_herzog,False,30,18,9.0,0.5,0.29031021505169974,0.7096897849483003,0.4,,
window_false_positive,cycle_regularity:SD cycle length 2 to <4 days,healthy_ovulatory,calendar,3,A_windowed_any,strict_herzog,False,30,26,11.0,0.4230769230769231,0.2554444331365656,0.6105138625340828,0.1333333333333333,,
window_false_positive,cycle_regularity:SD cycle length 2 to <4 days,healthy_ovulatory,calendar,4,A_windowed_any,strict_herzog,False,30,28,11.0,0.39285714285714285,0.2356568654157959,0.5759095570340281,0.06666666666666665,,
window_false_positive,cycle_regularity:SD cycle length 2 to <4 days,healthy_ovulatory,calendar,6,A_windowed_any,strict_herzog,False,30,28,12.0,0.42857142857142855,0.26508547124123694,0.6092921437253123,0.06666666666666665,,
window_false_positive,cycle_regularity:SD cycle length 2 to <4 days,healthy_ovulatory,calendar,12,A_windowed_any,strict_herzog,False,30,0,0.0,,,,1.0,,
window_false_positive,cycle_regularity:SD cycle length 2 to <4 days,healthy_ovulatory,cycle,3,A_windowed_any,strict_herzog,False,30,26,9.0,0.34615384615384615,0.19412230322940519,0.5377942881118919,0.1333333333333333,,
window_false_positive,cycle_regularity:SD cycle length 2 to <4 days,healthy_ovulatory,cycle,6,A_windowed_any,strict_herzog,False,30,21,8.0,0.38095238095238093,0.20751011368564493,0.5912134622488425,0.30000000000000004,,
window_false_positive,cycle_regularity:SD cycle length 2 to <4 days,healthy_ovulatory,cycle,12,A_windowed_any,strict_herzog,False,30,0,0.0,,,,1.0,,
window_false_positive,cycle_regularity:SD cycle length 2 to <4 days,healthy_ovulatory,full,full_diary,A_windowed_any,strict_herzog,False,30,28,12.0,0.42857142857142855,0.26508547124123694,0.6092921437253123,0.06666666666666665,,
window_false_positive,cycle_regularity:SD cycle length 2 to <4 days,population,calendar,1,A_windowed_any,strict_herzog,False,17,13,5.0,0.38461538461538464,0.17709707797762575,0.6447710848733431,0.23529411764705888,,
window_false_positive,cycle_regularity:SD cycle length 2 to <4 days,population,calendar,3,A_windowed_any,strict_herzog,False,17,17,6.0,0.35294117647058826,0.17309720397243744,0.5869963651478132,0.0,,
window_false_positive,cycle_regularity:SD cycle length 2 to <4 days,population,calendar,4,A_windowed_any,strict_herzog,False,17,17,9.0,0.5294117647058824,0.30963235060004424,0.7383489355759056,0.0,,
window_false_positive,cycle_regularity:SD cycle length 2 to <4 days,population,calendar,6,A_windowed_any,strict_herzog,False,17,17,7.0,0.4117647058823529,0.2161105679021481,0.6399455735700021,0.0,,
window_false_positive,cycle_regularity:SD cycle length 2 to <4 days,population,calendar,12,A_windowed_any,strict_herzog,False,17,0,0.0,,,,1.0,,
window_false_positive,cycle_regularity:SD cycle length 2 to <4 days,population,cycle,3,A_windowed_any,strict_herzog,False,17,17,10.0,0.5882352941176471,0.3600544264299978,0.7838894320978518,0.0,,
window_false_positive,cycle_regularity:SD cycle length 2 to <4 days,population,cycle,6,A_windowed_any,strict_herzog,False,17,7,4.0,0.5714285714285714,0.2504583645276572,0.8417801447485302,0.5882352941176471,,
window_false_positive,cycle_regularity:SD cycle length 2 to <4 days,population,cycle,12,A_windowed_any,strict_herzog,False,17,0,0.0,,,,1.0,,
window_false_positive,cycle_regularity:SD cycle length 2 to <4 days,population,full,full_diary,A_windowed_any,strict_herzog,False,17,17,7.0,0.4117647058823529,0.2161105679021481,0.6399455735700021,0.0,,
window_false_positive,cycle_regularity:SD cycle length 2 to <4 days,healthy_ovulatory,calendar,1,A_windowed_excluding_C3,strict_herzog,False,30,18,9.0,0.5,0.29031021505169974,0.7096897849483003,0.4,,
window_false_positive,cycle_regularity:SD cycle length 2 to <4 days,healthy_ovulatory,calendar,3,A_windowed_excluding_C3,strict_herzog,False,30,26,11.0,0.4230769230769231,0.2554444331365656,0.6105138625340828,0.1333333333333333,,
window_false_positive,cycle_regularity:SD cycle length 2 to <4 days,healthy_ovulatory,calendar,4,A_windowed_excluding_C3,strict_herzog,False,30,28,11.0,0.39285714285714285,0.2356568654157959,0.5759095570340281,0.06666666666666665,,
window_false_positive,cycle_regularity:SD cycle length 2 to <4 days,healthy_ovulatory,calendar,6,A_windowed_excluding_C3,strict_herzog,False,30,28,12.0,0.42857142857142855,0.26508547124123694,0.6092921437253123,0.06666666666666665,,
window_false_positive,cycle_regularity:SD cycle length 2 to <4 days,healthy_ovulatory,calendar,12,A_windowed_excluding_C3,strict_herzog,False,30,0,0.0,,,,1.0,,
window_false_positive,cycle_regularity:SD cycle length 2 to <4 days,healthy_ovulatory,cycle,3,A_windowed_excluding_C3,strict_herzog,False,30,26,9.0,0.34615384615384615,0.19412230322940519,0.5377942881118919,0.1333333333333333,,
window_false_positive,cycle_regularity:SD cycle length 2 to <4 days,healthy_ovulatory,cycle,6,A_windowed_excluding_C3,strict_herzog,False,30,21,8.0,0.38095238095238093,0.20751011368564493,0.5912134622488425,0.30000000000000004,,
window_false_positive,cycle_regularity:SD cycle length 2 to <4 days,healthy_ovulatory,cycle,12,A_windowed_excluding_C3,strict_herzog,False,30,0,0.0,,,,1.0,,
window_false_positive,cycle_regularity:SD cycle length 2 to <4 days,healthy_ovulatory,full,full_diary,A_windowed_excluding_C3,strict_herzog,False,30,28,12.0,0.42857142857142855,0.26508547124123694,0.6092921437253123,0.06666666666666665,,
window_false_positive,cycle_regularity:SD cycle length 2 to <4 days,population,calendar,1,A_windowed_excluding_C3,strict_herzog,False,17,13,4.0,0.3076923076923077,0.12680703655710515,0.5763065681945096,0.23529411764705888,,
window_false_positive,cycle_regularity:SD cycle length 2 to <4 days,population,calendar,3,A_windowed_excluding_C3,strict_herzog,False,17,17,6.0,0.35294117647058826,0.17309720397243744,0.5869963651478132,0.0,,
window_false_positive,cycle_regularity:SD cycle length 2 to <4 days,population,calendar,4,A_windowed_excluding_C3,strict_herzog,False,17,17,9.0,0.5294117647058824,0.30963235060004424,0.7383489355759056,0.0,,
window_false_positive,cycle_regularity:SD cycle length 2 to <4 days,population,calendar,6,A_windowed_excluding_C3,strict_herzog,False,17,17,7.0,0.4117647058823529,0.2161105679021481,0.6399455735700021,0.0,,
window_false_positive,cycle_regularity:SD cycle length 2 to <4 days,population,calendar,12,A_windowed_excluding_C3,strict_herzog,False,17,0,0.0,,,,1.0,,
window_false_positive,cycle_regularity:SD cycle length 2 to <4 days,population,cycle,3,A_windowed_excluding_C3,strict_herzog,False,17,17,9.0,0.5294117647058824,0.30963235060004424,0.7383489355759056,0.0,,
window_false_positive,cycle_regularity:SD cycle length 2 to <4 days,population,cycle,6,A_windowed_excluding_C3,strict_herzog,False,17,7,4.0,0.5714285714285714,0.2504583645276572,0.8417801447485302,0.5882352941176471,,
window_false_positive,cycle_regularity:SD cycle length 2 to <4 days,population,cycle,12,A_windowed_excluding_C3,strict_herzog,False,17,0,0.0,,,,1.0,,
window_false_positive,cycle_regularity:SD cycle length 2 to <4 days,population,full,full_diary,A_windowed_excluding_C3,strict_herzog,False,17,17,7.0,0.4117647058823529,0.2161105679021481,0.6399455735700021,0.0,,
window_false_positive,cycle_regularity:SD cycle length 2 to <4 days,healthy_ovulatory,calendar,1,A_windowed_C1_only,strict_herzog,False,30,17,6.0,0.35294117647058826,0.17309720397243744,0.5869963651478132,0.43333333333333335,,
window_false_positive,cycle_regularity:SD cycle length 2 to <4 days,healthy_ovulatory,calendar,3,A_windowed_C1_only,strict_herzog,False,30,25,6.0,0.24,0.11496313693401444,0.4342968335542908,0.16666666666666663,,
window_false_positive,cycle_regularity:SD cycle length 2 to <4 days,healthy_ovulatory,calendar,4,A_windowed_C1_only,strict_herzog,False,30,25,7.0,0.28,0.14283853850956563,0.47576605190361576,0.16666666666666663,,
window_false_positive,cycle_regularity:SD cycle length 2 to <4 days,healthy_ovulatory,calendar,6,A_windowed_C1_only,strict_herzog,False,30,26,8.0,0.3076923076923077,0.16501315595463767,0.4998825832219837,0.1333333333333333,,
window_false_positive,cycle_regularity:SD cycle length 2 to <4 days,healthy_ovulatory,calendar,12,A_windowed_C1_only,strict_herzog,False,30,0,0.0,,,,1.0,,
window_false_positive,cycle_regularity:SD cycle length 2 to <4 days,healthy_ovulatory,cycle,3,A_windowed_C1_only,strict_herzog,False,30,24,5.0,0.20833333333333334,0.09244825352851857,0.40470453253188665,0.19999999999999996,,
window_false_positive,cycle_regularity:SD cycle length 2 to <4 days,healthy_ovulatory,cycle,6,A_windowed_C1_only,strict_herzog,False,30,20,4.0,0.2,0.08065766257979806,0.41601743225189364,0.33333333333333337,,
window_false_positive,cycle_regularity:SD cycle length 2 to <4 days,healthy_ovulatory,cycle,12,A_windowed_C1_only,strict_herzog,False,30,0,0.0,,,,1.0,,
window_false_positive,cycle_regularity:SD cycle length 2 to <4 days,healthy_ovulatory,full,full_diary,A_windowed_C1_only,strict_herzog,False,30,26,8.0,0.3076923076923077,0.16501315595463767,0.4998825832219837,0.1333333333333333,,
window_false_positive,cycle_regularity:SD cycle length 2 to <4 days,population,calendar,1,A_windowed_C1_only,strict_herzog,False,17,11,1.0,0.09090909090909091,0.016232172885884855,0.37735843645159567,0.3529411764705882,,
window_false_positive,cycle_regularity:SD cycle length 2 to <4 days,population,calendar,3,A_windowed_C1_only,strict_herzog,False,17,17,6.0,0.35294117647058826,0.17309720397243744,0.5869963651478132,0.0,,
window_false_positive,cycle_regularity:SD cycle length 2 to <4 days,population,calendar,4,A_windowed_C1_only,strict_herzog,False,17,17,7.0,0.4117647058823529,0.2161105679021481,0.6399455735700021,0.0,,
window_false_positive,cycle_regularity:SD cycle length 2 to <4 days,population,calendar,6,A_windowed_C1_only,strict_herzog,False,17,17,5.0,0.29411764705882354,0.1327998961029523,0.5313311006653985,0.0,,
window_false_positive,cycle_regularity:SD cycle length 2 to <4 days,population,calendar,12,A_windowed_C1_only,strict_herzog,False,17,0,0.0,,,,1.0,,
window_false_positive,cycle_regularity:SD cycle length 2 to <4 days,population,cycle,3,A_windowed_C1_only,strict_herzog,False,17,17,7.0,0.4117647058823529,0.2161105679021481,0.6399455735700021,0.0,,
window_false_positive,cycle_regularity:SD cycle length 2 to <4 days,population,cycle,6,A_windowed_C1_only,strict_herzog,False,17,7,4.0,0.5714285714285714,0.2504583645276572,0.8417801447485302,0.5882352941176471,,
window_false_positive,cycle_regularity:SD cycle length 2 to <4 days,population,cycle,12,A_windowed_C1_only,strict_herzog,False,17,0,0.0,,,,1.0,,
window_false_positive,cycle_regularity:SD cycle length 2 to <4 days,population,full,full_diary,A_windowed_C1_only,strict_herzog,False,17,17,5.0,0.29411764705882354,0.1327998961029523,0.5313311006653985,0.0,,
window_false_positive,cycle_regularity:SD cycle length 2 to <4 days,healthy_ovulatory,calendar,1,A_windowed_C2_only,strict_herzog,False,30,17,6.0,0.35294117647058826,0.17309720397243744,0.5869963651478132,0.43333333333333335,,
window_false_positive,cycle_regularity:SD cycle length 2 to <4 days,healthy_ovulatory,calendar,3,A_windowed_C2_only,strict_herzog,False,30,26,7.0,0.2692307692307692,0.13704448322018375,0.4608304037917617,0.1333333333333333,,
window_false_positive,cycle_regularity:SD cycle length 2 to <4 days,healthy_ovulatory,calendar,4,A_windowed_C2_only,strict_herzog,False,30,28,6.0,0.21428571428571427,0.10212460332897882,0.39538585653721864,0.06666666666666665,,
window_false_positive,cycle_regularity:SD cycle length 2 to <4 days,healthy_ovulatory,calendar,6,A_windowed_C2_only,strict_herzog,False,30,28,6.0,0.21428571428571427,0.10212460332897882,0.39538585653721864,0.06666666666666665,,
window_false_positive,cycle_regularity:SD cycle length 2 to <4 days,healthy_ovulatory,calendar,12,A_windowed_C2_only,strict_herzog,False,30,0,0.0,,,,1.0,,
window_false_positive,cycle_regularity:SD cycle length 2 to <4 days,healthy_ovulatory,cycle,3,A_windowed_C2_only,strict_herzog,False,30,26,4.0,0.15384615384615385,0.06150033723578355,0.3353119932821348,0.1333333333333333,,
window_false_positive,cycle_regularity:SD cycle length 2 to <4 days,healthy_ovulatory,cycle,6,A_windowed_C2_only,strict_herzog,False,30,21,5.0,0.23809523809523808,0.10628013022636465,0.4509117368295076,0.30000000000000004,,
window_false_positive,cycle_regularity:SD cycle length 2 to <4 days,healthy_ovulatory,cycle,12,A_windowed_C2_only,strict_herzog,False,30,0,0.0,,,,1.0,,
window_false_positive,cycle_regularity:SD cycle length 2 to <4 days,healthy_ovulatory,full,full_diary,A_windowed_C2_only,strict_herzog,False,30,28,6.0,0.21428571428571427,0.10212460332897882,0.39538585653721864,0.06666666666666665,,
window_false_positive,cycle_regularity:SD cycle length 2 to <4 days,population,calendar,1,A_windowed_C2_only,strict_herzog,False,17,13,3.0,0.23076923076923078,0.08179528718498569,0.5025637594672749,0.23529411764705888,,
window_false_positive,cycle_regularity:SD cycle length 2 to <4 days,population,calendar,3,A_windowed_C2_only,strict_herzog,False,17,17,3.0,0.17647058823529413,0.06191126637620997,0.41029458568834126,0.0,,
window_false_positive,cycle_regularity:SD cycle length 2 to <4 days,population,calendar,4,A_windowed_C2_only,strict_herzog,False,17,17,4.0,0.23529411764705882,0.09555044322080117,0.4726179811956498,0.0,,
window_false_positive,cycle_regularity:SD cycle length 2 to <4 days,population,calendar,6,A_windowed_C2_only,strict_herzog,False,17,17,2.0,0.11764705882352941,0.03287977376379267,0.3433635059488588,0.0,,
window_false_positive,cycle_regularity:SD cycle length 2 to <4 days,population,calendar,12,A_windowed_C2_only,strict_herzog,False,17,0,0.0,,,,1.0,,
window_false_positive,cycle_regularity:SD cycle length 2 to <4 days,population,cycle,3,A_windowed_C2_only,strict_herzog,False,17,17,4.0,0.23529411764705882,0.09555044322080117,0.4726179811956498,0.0,,
window_false_positive,cycle_regularity:SD cycle length 2 to <4 days,population,cycle,6,A_windowed_C2_only,strict_herzog,False,17,7,0.0,0.0,5.551115123125783e-17,0.35433043506668743,0.5882352941176471,,
window_false_positive,cycle_regularity:SD cycle length 2 to <4 days,population,cycle,12,A_windowed_C2_only,strict_herzog,False,17,0,0.0,,,,1.0,,
window_false_positive,cycle_regularity:SD cycle length 2 to <4 days,population,full,full_diary,A_windowed_C2_only,strict_herzog,False,17,17,2.0,0.11764705882352941,0.03287977376379267,0.3433635059488588,0.0,,
window_false_positive,cycle_regularity:SD cycle length 2 to <4 days,healthy_ovulatory,calendar,1,A_windowed_C3_only,strict_herzog,False,30,0,0.0,,,,1.0,,
window_false_positive,cycle_regularity:SD cycle length 2 to <4 days,healthy_ovulatory,calendar,3,A_windowed_C3_only,strict_herzog,False,30,0,0.0,,,,1.0,,
window_false_positive,cycle_regularity:SD cycle length 2 to <4 days,healthy_ovulatory,calendar,4,A_windowed_C3_only,strict_herzog,False,30,0,0.0,,,,1.0,,
window_false_positive,cycle_regularity:SD cycle length 2 to <4 days,healthy_ovulatory,calendar,6,A_windowed_C3_only,strict_herzog,False,30,0,0.0,,,,1.0,,
window_false_positive,cycle_regularity:SD cycle length 2 to <4 days,healthy_ovulatory,calendar,12,A_windowed_C3_only,strict_herzog,False,30,0,0.0,,,,1.0,,
window_false_positive,cycle_regularity:SD cycle length 2 to <4 days,healthy_ovulatory,cycle,3,A_windowed_C3_only,strict_herzog,False,30,0,0.0,,,,1.0,,
window_false_positive,cycle_regularity:SD cycle length 2 to <4 days,healthy_ovulatory,cycle,6,A_windowed_C3_only,strict_herzog,False,30,0,0.0,,,,1.0,,
window_false_positive,cycle_regularity:SD cycle length 2 to <4 days,healthy_ovulatory,cycle,12,A_windowed_C3_only,strict_herzog,False,30,0,0.0,,,,1.0,,
window_false_positive,cycle_regularity:SD cycle length 2 to <4 days,healthy_ovulatory,full,full_diary,A_windowed_C3_only,strict_herzog,False,30,0,0.0,,,,1.0,,
window_false_positive,cycle_regularity:SD cycle length 2 to <4 days,population,calendar,1,A_windowed_C3_only,strict_herzog,False,17,2,1.0,0.5,0.09453120573423074,0.9054687942657693,0.8823529411764706,,
window_false_positive,cycle_regularity:SD cycle length 2 to <4 days,population,calendar,3,A_windowed_C3_only,strict_herzog,False,17,5,1.0,0.2,0.03622410863243014,0.6244653702374747,0.7058823529411764,,
window_false_positive,cycle_regularity:SD cycle length 2 to <4 days,population,calendar,4,A_windowed_C3_only,strict_herzog,False,17,4,0.0,0.0,0.0,0.4898908364545973,0.7647058823529411,,
window_false_positive,cycle_regularity:SD cycle length 2 to <4 days,population,calendar,6,A_windowed_C3_only,strict_herzog,False,17,5,0.0,0.0,0.0,0.43448246478317476,0.7058823529411764,,
window_false_positive,cycle_regularity:SD cycle length 2 to <4 days,population,calendar,12,A_windowed_C3_only,strict_herzog,False,17,0,0.0,,,,1.0,,
window_false_positive,cycle_regularity:SD cycle length 2 to <4 days,population,cycle,3,A_windowed_C3_only,strict_herzog,False,17,2,1.0,0.5,0.09453120573423074,0.9054687942657693,0.8823529411764706,,
window_false_positive,cycle_regularity:SD cycle length 2 to <4 days,population,cycle,6,A_windowed_C3_only,strict_herzog,False,17,2,0.0,0.0,0.0,0.6576197724933469,0.8823529411764706,,
window_false_positive,cycle_regularity:SD cycle length 2 to <4 days,population,cycle,12,A_windowed_C3_only,strict_herzog,False,17,0,0.0,,,,1.0,,
window_false_positive,cycle_regularity:SD cycle length 2 to <4 days,population,full,full_diary,A_windowed_C3_only,strict_herzog,False,17,5,0.0,0.0,0.0,0.43448246478317476,0.7058823529411764,,
window_false_positive,cycle_regularity:SD cycle length 2 to <4 days,healthy_ovulatory,calendar,1,B_minimum_data_any,strict_herzog,False,30,0,0.0,,,,1.0,,
window_false_positive,cycle_regularity:SD cycle length 2 to <4 days,healthy_ovulatory,calendar,3,B_minimum_data_any,strict_herzog,False,30,0,0.0,,,,1.0,,
window_false_positive,cycle_regularity:SD cycle length 2 to <4 days,healthy_ovulatory,calendar,4,B_minimum_data_any,strict_herzog,False,30,21,7.0,0.3333333333333333,0.17194752605083477,0.5462654802574476,0.30000000000000004,,
window_false_positive,cycle_regularity:SD cycle length 2 to <4 days,healthy_ovulatory,calendar,6,B_minimum_data_any,strict_herzog,False,30,23,9.0,0.391304347826087,0.2215762279247795,0.592144776086183,0.23333333333333328,,
window_false_positive,cycle_regularity:SD cycle length 2 to <4 days,healthy_ovulatory,calendar,12,B_minimum_data_any,strict_herzog,False,30,0,0.0,,,,1.0,,
window_false_positive,cycle_regularity:SD cycle length 2 to <4 days,healthy_ovulatory,cycle,3,B_minimum_data_any,strict_herzog,False,30,0,0.0,,,,1.0,,
window_false_positive,cycle_regularity:SD cycle length 2 to <4 days,healthy_ovulatory,cycle,6,B_minimum_data_any,strict_herzog,False,30,18,7.0,0.3888888888888889,0.2030524657216362,0.613809583977621,0.4,,
window_false_positive,cycle_regularity:SD cycle length 2 to <4 days,healthy_ovulatory,cycle,12,B_minimum_data_any,strict_herzog,False,30,0,0.0,,,,1.0,,
window_false_positive,cycle_regularity:SD cycle length 2 to <4 days,healthy_ovulatory,full,full_diary,B_minimum_data_any,strict_herzog,False,30,23,9.0,0.391304347826087,0.2215762279247795,0.592144776086183,0.23333333333333328,,
window_false_positive,cycle_regularity:SD cycle length 2 to <4 days,population,calendar,1,B_minimum_data_any,strict_herzog,False,17,0,0.0,,,,1.0,,
window_false_positive,cycle_regularity:SD cycle length 2 to <4 days,population,calendar,3,B_minimum_data_any,strict_herzog,False,17,0,0.0,,,,1.0,,
window_false_positive,cycle_regularity:SD cycle length 2 to <4 days,population,calendar,4,B_minimum_data_any,strict_herzog,False,17,16,9.0,0.5625,0.331785563988119,0.7690134759450765,0.05882352941176472,,
window_false_positive,cycle_regularity:SD cycle length 2 to <4 days,population,calendar,6,B_minimum_data_any,strict_herzog,False,17,17,7.0,0.4117647058823529,0.2161105679021481,0.6399455735700021,0.0,,
window_false_positive,cycle_regularity:SD cycle length 2 to <4 days,population,calendar,12,B_minimum_data_any,strict_herzog,False,17,0,0.0,,,,1.0,,
window_false_positive,cycle_regularity:SD cycle length 2 to <4 days,population,cycle,3,B_minimum_data_any,strict_herzog,False,17,0,0.0,,,,1.0,,
window_false_positive,cycle_regularity:SD cycle length 2 to <4 days,population,cycle,6,B_minimum_data_any,strict_herzog,False,17,7,4.0,0.5714285714285714,0.2504583645276572,0.8417801447485302,0.5882352941176471,,
window_false_positive,cycle_regularity:SD cycle length 2 to <4 days,population,cycle,12,B_minimum_data_any,strict_herzog,False,17,0,0.0,,,,1.0,,
window_false_positive,cycle_regularity:SD cycle length 2 to <4 days,population,full,full_diary,B_minimum_data_any,strict_herzog,False,17,17,7.0,0.4117647058823529,0.2161105679021481,0.6399455735700021,0.0,,
window_false_positive,cycle_regularity:SD cycle length 2 to <4 days,healthy_ovulatory,calendar,1,B_minimum_data_excluding_C3,strict_herzog,False,30,0,0.0,,,,1.0,,
window_false_positive,cycle_regularity:SD cycle length 2 to <4 days,healthy_ovulatory,calendar,3,B_minimum_data_excluding_C3,strict_herzog,False,30,0,0.0,,,,1.0,,
window_false_positive,cycle_regularity:SD cycle length 2 to <4 days,healthy_ovulatory,calendar,4,B_minimum_data_excluding_C3,strict_herzog,False,30,21,7.0,0.3333333333333333,0.17194752605083477,0.5462654802574476,0.30000000000000004,,
window_false_positive,cycle_regularity:SD cycle length 2 to <4 days,healthy_ovulatory,calendar,6,B_minimum_data_excluding_C3,strict_herzog,False,30,23,9.0,0.391304347826087,0.2215762279247795,0.592144776086183,0.23333333333333328,,
window_false_positive,cycle_regularity:SD cycle length 2 to <4 days,healthy_ovulatory,calendar,12,B_minimum_data_excluding_C3,strict_herzog,False,30,0,0.0,,,,1.0,,
window_false_positive,cycle_regularity:SD cycle length 2 to <4 days,healthy_ovulatory,cycle,3,B_minimum_data_excluding_C3,strict_herzog,False,30,0,0.0,,,,1.0,,
window_false_positive,cycle_regularity:SD cycle length 2 to <4 days,healthy_ovulatory,cycle,6,B_minimum_data_excluding_C3,strict_herzog,False,30,18,7.0,0.3888888888888889,0.2030524657216362,0.613809583977621,0.4,,
window_false_positive,cycle_regularity:SD cycle length 2 to <4 days,healthy_ovulatory,cycle,12,B_minimum_data_excluding_C3,strict_herzog,False,30,0,0.0,,,,1.0,,
window_false_positive,cycle_regularity:SD cycle length 2 to <4 days,healthy_ovulatory,full,full_diary,B_minimum_data_excluding_C3,strict_herzog,False,30,23,9.0,0.391304347826087,0.2215762279247795,0.592144776086183,0.23333333333333328,,
window_false_positive,cycle_regularity:SD cycle length 2 to <4 days,population,calendar,1,B_minimum_data_excluding_C3,strict_herzog,False,17,0,0.0,,,,1.0,,
window_false_positive,cycle_regularity:SD cycle length 2 to <4 days,population,calendar,3,B_minimum_data_excluding_C3,strict_herzog,False,17,0,0.0,,,,1.0,,
window_false_positive,cycle_regularity:SD cycle length 2 to <4 days,population,calendar,4,B_minimum_data_excluding_C3,strict_herzog,False,17,16,9.0,0.5625,0.331785563988119,0.7690134759450765,0.05882352941176472,,
window_false_positive,cycle_regularity:SD cycle length 2 to <4 days,population,calendar,6,B_minimum_data_excluding_C3,strict_herzog,False,17,17,7.0,0.4117647058823529,0.2161105679021481,0.6399455735700021,0.0,,
window_false_positive,cycle_regularity:SD cycle length 2 to <4 days,population,calendar,12,B_minimum_data_excluding_C3,strict_herzog,False,17,0,0.0,,,,1.0,,
window_false_positive,cycle_regularity:SD cycle length 2 to <4 days,population,cycle,3,B_minimum_data_excluding_C3,strict_herzog,False,17,0,0.0,,,,1.0,,
window_false_positive,cycle_regularity:SD cycle length 2 to <4 days,population,cycle,6,B_minimum_data_excluding_C3,strict_herzog,False,17,7,4.0,0.5714285714285714,0.2504583645276572,0.8417801447485302,0.5882352941176471,,
window_false_positive,cycle_regularity:SD cycle length 2 to <4 days,population,cycle,12,B_minimum_data_excluding_C3,strict_herzog,False,17,0,0.0,,,,1.0,,
window_false_positive,cycle_regularity:SD cycle length 2 to <4 days,population,full,full_diary,B_minimum_data_excluding_C3,strict_herzog,False,17,17,7.0,0.4117647058823529,0.2161105679021481,0.6399455735700021,0.0,,
window_false_positive,cycle_regularity:SD cycle length 2 to <4 days,healthy_ovulatory,calendar,1,C_reproducibility_any,strict_herzog,False,30,0,0.0,,,,1.0,,
window_false_positive,cycle_regularity:SD cycle length 2 to <4 days,healthy_ovulatory,calendar,3,C_reproducibility_any,strict_herzog,False,30,0,0.0,,,,1.0,,
window_false_positive,cycle_regularity:SD cycle length 2 to <4 days,healthy_ovulatory,calendar,4,C_reproducibility_any,strict_herzog,False,30,0,0.0,,,,1.0,,
window_false_positive,cycle_regularity:SD cycle length 2 to <4 days,healthy_ovulatory,calendar,6,C_reproducibility_any,strict_herzog,False,30,10,2.0,0.2,0.05668215145437519,0.5098375284633583,0.6666666666666667,,
window_false_positive,cycle_regularity:SD cycle length 2 to <4 days,healthy_ovulatory,calendar,12,C_reproducibility_any,strict_herzog,False,30,0,0.0,,,,1.0,,
window_false_positive,cycle_regularity:SD cycle length 2 to <4 days,healthy_ovulatory,cycle,3,C_reproducibility_any,strict_herzog,False,30,0,0.0,,,,1.0,,
window_false_positive,cycle_regularity:SD cycle length 2 to <4 days,healthy_ovulatory,cycle,6,C_reproducibility_any,strict_herzog,False,30,10,2.0,0.2,0.05668215145437519,0.5098375284633583,0.6666666666666667,,
window_false_positive,cycle_regularity:SD cycle length 2 to <4 days,healthy_ovulatory,cycle,12,C_reproducibility_any,strict_herzog,False,30,0,0.0,,,,1.0,,
window_false_positive,cycle_regularity:SD cycle length 2 to <4 days,healthy_ovulatory,full,full_diary,C_reproducibility_any,strict_herzog,False,30,10,2.0,0.2,0.05668215145437519,0.5098375284633583,0.6666666666666667,,
window_false_positive,cycle_regularity:SD cycle length 2 to <4 days,population,calendar,1,C_reproducibility_any,strict_herzog,False,17,0,0.0,,,,1.0,,
window_false_positive,cycle_regularity:SD cycle length 2 to <4 days,population,calendar,3,C_reproducibility_any,strict_herzog,False,17,0,0.0,,,,1.0,,
window_false_positive,cycle_regularity:SD cycle length 2 to <4 days,population,calendar,4,C_reproducibility_any,strict_herzog,False,17,0,0.0,,,,1.0,,
window_false_positive,cycle_regularity:SD cycle length 2 to <4 days,population,calendar,6,C_reproducibility_any,strict_herzog,False,17,3,0.0,0.0,5.551115123125783e-17,0.5614970317550454,0.8235294117647058,,
window_false_positive,cycle_regularity:SD cycle length 2 to <4 days,population,calendar,12,C_reproducibility_any,strict_herzog,False,17,0,0.0,,,,1.0,,
window_false_positive,cycle_regularity:SD cycle length 2 to <4 days,population,cycle,3,C_reproducibility_any,strict_herzog,False,17,0,0.0,,,,1.0,,
window_false_positive,cycle_regularity:SD cycle length 2 to <4 days,population,cycle,6,C_reproducibility_any,strict_herzog,False,17,3,0.0,0.0,5.551115123125783e-17,0.5614970317550454,0.8235294117647058,,
window_false_positive,cycle_regularity:SD cycle length 2 to <4 days,population,cycle,12,C_reproducibility_any,strict_herzog,False,17,0,0.0,,,,1.0,,
window_false_positive,cycle_regularity:SD cycle length 2 to <4 days,population,full,full_diary,C_reproducibility_any,strict_herzog,False,17,3,0.0,0.0,5.551115123125783e-17,0.5614970317550454,0.8235294117647058,,
window_false_positive,cycle_regularity:SD cycle length 2 to <4 days,healthy_ovulatory,calendar,1,C_reproducibility_12cycle_any,strict_herzog,False,30,0,0.0,,,,1.0,,
window_false_positive,cycle_regularity:SD cycle length 2 to <4 days,healthy_ovulatory,calendar,3,C_reproducibility_12cycle_any,strict_herzog,False,30,0,0.0,,,,1.0,,
window_false_positive,cycle_regularity:SD cycle length 2 to <4 days,healthy_ovulatory,calendar,4,C_reproducibility_12cycle_any,strict_herzog,False,30,0,0.0,,,,1.0,,
window_false_positive,cycle_regularity:SD cycle length 2 to <4 days,healthy_ovulatory,calendar,6,C_reproducibility_12cycle_any,strict_herzog,False,30,0,0.0,,,,1.0,,
window_false_positive,cycle_regularity:SD cycle length 2 to <4 days,healthy_ovulatory,calendar,12,C_reproducibility_12cycle_any,strict_herzog,False,30,0,0.0,,,,1.0,,
window_false_positive,cycle_regularity:SD cycle length 2 to <4 days,healthy_ovulatory,cycle,3,C_reproducibility_12cycle_any,strict_herzog,False,30,0,0.0,,,,1.0,,
window_false_positive,cycle_regularity:SD cycle length 2 to <4 days,healthy_ovulatory,cycle,6,C_reproducibility_12cycle_any,strict_herzog,False,30,0,0.0,,,,1.0,,
window_false_positive,cycle_regularity:SD cycle length 2 to <4 days,healthy_ovulatory,cycle,12,C_reproducibility_12cycle_any,strict_herzog,False,30,0,0.0,,,,1.0,,
window_false_positive,cycle_regularity:SD cycle length 2 to <4 days,healthy_ovulatory,full,full_diary,C_reproducibility_12cycle_any,strict_herzog,False,30,0,0.0,,,,1.0,,
window_false_positive,cycle_regularity:SD cycle length 2 to <4 days,population,calendar,1,C_reproducibility_12cycle_any,strict_herzog,False,17,0,0.0,,,,1.0,,
window_false_positive,cycle_regularity:SD cycle length 2 to <4 days,population,calendar,3,C_reproducibility_12cycle_any,strict_herzog,False,17,0,0.0,,,,1.0,,
window_false_positive,cycle_regularity:SD cycle length 2 to <4 days,population,calendar,4,C_reproducibility_12cycle_any,strict_herzog,False,17,0,0.0,,,,1.0,,
window_false_positive,cycle_regularity:SD cycle length 2 to <4 days,population,calendar,6,C_reproducibility_12cycle_any,strict_herzog,False,17,0,0.0,,,,1.0,,
window_false_positive,cycle_regularity:SD cycle length 2 to <4 days,population,calendar,12,C_reproducibility_12cycle_any,strict_herzog,False,17,0,0.0,,,,1.0,,
window_false_positive,cycle_regularity:SD cycle length 2 to <4 days,population,cycle,3,C_reproducibility_12cycle_any,strict_herzog,False,17,0,0.0,,,,1.0,,
window_false_positive,cycle_regularity:SD cycle length 2 to <4 days,population,cycle,6,C_reproducibility_12cycle_any,strict_herzog,False,17,0,0.0,,,,1.0,,
window_false_positive,cycle_regularity:SD cycle length 2 to <4 days,population,cycle,12,C_reproducibility_12cycle_any,strict_herzog,False,17,0,0.0,,,,1.0,,
window_false_positive,cycle_regularity:SD cycle length 2 to <4 days,population,full,full_diary,C_reproducibility_12cycle_any,strict_herzog,False,17,0,0.0,,,,1.0,,
window_false_positive,cycle_regularity:SD cycle length 2 to <4 days,healthy_ovulatory,calendar,1,D_nb_regression_any,strict_herzog,False,30,0,0.0,,,,1.0,,
window_false_positive,cycle_regularity:SD cycle length 2 to <4 days,healthy_ovulatory,calendar,3,D_nb_regression_any,strict_herzog,False,30,0,0.0,,,,1.0,,
window_false_positive,cycle_regularity:SD cycle length 2 to <4 days,healthy_ovulatory,calendar,4,D_nb_regression_any,strict_herzog,False,30,21,1.0,0.047619047619047616,0.008455987809826399,0.22669360074122563,0.30000000000000004,,
window_false_positive,cycle_regularity:SD cycle length 2 to <4 days,healthy_ovulatory,calendar,6,D_nb_regression_any,strict_herzog,False,30,23,1.0,0.043478260869565216,0.007716666143453149,0.20991155070258877,0.23333333333333328,,
window_false_positive,cycle_regularity:SD cycle length 2 to <4 days,healthy_ovulatory,calendar,12,D_nb_regression_any,strict_herzog,False,30,0,0.0,,,,1.0,,
window_false_positive,cycle_regularity:SD cycle length 2 to <4 days,healthy_ovulatory,cycle,3,D_nb_regression_any,strict_herzog,False,30,0,0.0,,,,1.0,,
window_false_positive,cycle_regularity:SD cycle length 2 to <4 days,healthy_ovulatory,cycle,6,D_nb_regression_any,strict_herzog,False,30,18,1.0,0.05555555555555555,0.009875190978303097,0.25757300781872594,0.4,,
window_false_positive,cycle_regularity:SD cycle length 2 to <4 days,healthy_ovulatory,cycle,12,D_nb_regression_any,strict_herzog,False,30,0,0.0,,,,1.0,,
window_false_positive,cycle_regularity:SD cycle length 2 to <4 days,healthy_ovulatory,full,full_diary,D_nb_regression_any,strict_herzog,False,30,23,1.0,0.043478260869565216,0.007716666143453149,0.20991155070258877,0.23333333333333328,,
window_false_positive,cycle_regularity:SD cycle length 2 to <4 days,population,calendar,1,D_nb_regression_any,strict_herzog,False,17,0,0.0,,,,1.0,,
window_false_positive,cycle_regularity:SD cycle length 2 to <4 days,population,calendar,3,D_nb_regression_any,strict_herzog,False,17,0,0.0,,,,1.0,,
window_false_positive,cycle_regularity:SD cycle length 2 to <4 days,population,calendar,4,D_nb_regression_any,strict_herzog,False,17,16,0.0,0.0,0.0,0.1936076805344365,0.05882352941176472,,
window_false_positive,cycle_regularity:SD cycle length 2 to <4 days,population,calendar,6,D_nb_regression_any,strict_herzog,False,17,17,1.0,0.058823529411764705,0.010460400984997564,0.26982030637575405,0.0,,
window_false_positive,cycle_regularity:SD cycle length 2 to <4 days,population,calendar,12,D_nb_regression_any,strict_herzog,False,17,0,0.0,,,,1.0,,
window_false_positive,cycle_regularity:SD cycle length 2 to <4 days,population,cycle,3,D_nb_regression_any,strict_herzog,False,17,0,0.0,,,,1.0,,
window_false_positive,cycle_regularity:SD cycle length 2 to <4 days,population,cycle,6,D_nb_regression_any,strict_herzog,False,17,7,0.0,0.0,5.551115123125783e-17,0.35433043506668743,0.5882352941176471,,
window_false_positive,cycle_regularity:SD cycle length 2 to <4 days,population,cycle,12,D_nb_regression_any,strict_herzog,False,17,0,0.0,,,,1.0,,
window_false_positive,cycle_regularity:SD cycle length 2 to <4 days,population,full,full_diary,D_nb_regression_any,strict_herzog,False,17,17,1.0,0.058823529411764705,0.010460400984997564,0.26982030637575405,0.0,,
window_false_positive,cycle_regularity:SD cycle length 2 to <4 days,healthy_ovulatory,calendar,1,D_nb_regression_window_alpha_any,strict_herzog,False,30,0,0.0,,,,1.0,,
window_false_positive,cycle_regularity:SD cycle length 2 to <4 days,healthy_ovulatory,calendar,3,D_nb_regression_window_alpha_any,strict_herzog,False,30,0,0.0,,,,1.0,,
window_false_positive,cycle_regularity:SD cycle length 2 to <4 days,healthy_ovulatory,calendar,4,D_nb_regression_window_alpha_any,strict_herzog,False,30,0,0.0,,,,1.0,,
window_false_positive,cycle_regularity:SD cycle length 2 to <4 days,healthy_ovulatory,calendar,6,D_nb_regression_window_alpha_any,strict_herzog,False,30,0,0.0,,,,1.0,,
window_false_positive,cycle_regularity:SD cycle length 2 to <4 days,healthy_ovulatory,calendar,12,D_nb_regression_window_alpha_any,strict_herzog,False,30,0,0.0,,,,1.0,,
window_false_positive,cycle_regularity:SD cycle length 2 to <4 days,healthy_ovulatory,cycle,3,D_nb_regression_window_alpha_any,strict_herzog,False,30,0,0.0,,,,1.0,,
window_false_positive,cycle_regularity:SD cycle length 2 to <4 days,healthy_ovulatory,cycle,6,D_nb_regression_window_alpha_any,strict_herzog,False,30,0,0.0,,,,1.0,,
window_false_positive,cycle_regularity:SD cycle length 2 to <4 days,healthy_ovulatory,cycle,12,D_nb_regression_window_alpha_any,strict_herzog,False,30,0,0.0,,,,1.0,,
window_false_positive,cycle_regularity:SD cycle length 2 to <4 days,healthy_ovulatory,full,full_diary,D_nb_regression_window_alpha_any,strict_herzog,False,30,23,1.0,0.043478260869565216,0.007716666143453149,0.20991155070258877,0.23333333333333328,,
window_false_positive,cycle_regularity:SD cycle length 2 to <4 days,population,calendar,1,D_nb_regression_window_alpha_any,strict_herzog,False,17,0,0.0,,,,1.0,,
window_false_positive,cycle_regularity:SD cycle length 2 to <4 days,population,calendar,3,D_nb_regression_window_alpha_any,strict_herzog,False,17,0,0.0,,,,1.0,,
window_false_positive,cycle_regularity:SD cycle length 2 to <4 days,population,calendar,4,D_nb_regression_window_alpha_any,strict_herzog,False,17,0,0.0,,,,1.0,,
window_false_positive,cycle_regularity:SD cycle length 2 to <4 days,population,calendar,6,D_nb_regression_window_alpha_any,strict_herzog,False,17,0,0.0,,,,1.0,,
window_false_positive,cycle_regularity:SD cycle length 2 to <4 days,population,calendar,12,D_nb_regression_window_alpha_any,strict_herzog,False,17,0,0.0,,,,1.0,,
window_false_positive,cycle_regularity:SD cycle length 2 to <4 days,population,cycle,3,D_nb_regression_window_alpha_any,strict_herzog,False,17,0,0.0,,,,1.0,,
window_false_positive,cycle_regularity:SD cycle length 2 to <4 days,population,cycle,6,D_nb_regression_window_alpha_any,strict_herzog,False,17,0,0.0,,,,1.0,,
window_false_positive,cycle_regularity:SD cycle length 2 to <4 days,population,cycle,12,D_nb_regression_window_alpha_any,strict_herzog,False,17,0,0.0,,,,1.0,,
window_false_positive,cycle_regularity:SD cycle length 2 to <4 days,population,full,full_diary,D_nb_regression_window_alpha_any,strict_herzog,False,17,17,1.0,0.058823529411764705,0.010460400984997564,0.26982030637575405,0.0,,
window_false_positive,cycle_regularity:SD cycle length 2 to <4 days,healthy_ovulatory,calendar,1,H1_newmark_penry_any,strict_herzog,True,30,18,2.0,0.1111111111111111,0.03101952264561239,0.32799765130178804,0.4,,
window_false_positive,cycle_regularity:SD cycle length 2 to <4 days,healthy_ovulatory,calendar,3,H1_newmark_penry_any,strict_herzog,True,30,26,2.0,0.07692307692307693,0.0213550884722762,0.2414155377162906,0.1333333333333333,,
window_false_positive,cycle_regularity:SD cycle length 2 to <4 days,healthy_ovulatory,calendar,4,H1_newmark_penry_any,strict_herzog,True,30,28,1.0,0.03571428571428571,0.0063325198490377654,0.17712197743353317,0.06666666666666665,,
window_false_positive,cycle_regularity:SD cycle length 2 to <4 days,healthy_ovulatory,calendar,6,H1_newmark_penry_any,strict_herzog,True,30,28,0.0,0.0,1.3877787807814457e-17,0.12064330476584563,0.06666666666666665,,
window_false_positive,cycle_regularity:SD cycle length 2 to <4 days,healthy_ovulatory,calendar,12,H1_newmark_penry_any,strict_herzog,True,30,0,0.0,,,,1.0,,
window_false_positive,cycle_regularity:SD cycle length 2 to <4 days,healthy_ovulatory,cycle,3,H1_newmark_penry_any,strict_herzog,True,30,26,3.0,0.11538461538461539,0.04003244623610615,0.2897590321171364,0.1333333333333333,,
window_false_positive,cycle_regularity:SD cycle length 2 to <4 days,healthy_ovulatory,cycle,6,H1_newmark_penry_any,strict_herzog,True,30,21,0.0,0.0,0.0,0.154639018924847,0.30000000000000004,,
window_false_positive,cycle_regularity:SD cycle length 2 to <4 days,healthy_ovulatory,cycle,12,H1_newmark_penry_any,strict_herzog,True,30,0,0.0,,,,1.0,,
window_false_positive,cycle_regularity:SD cycle length 2 to <4 days,healthy_ovulatory,full,full_diary,H1_newmark_penry_any,strict_herzog,True,30,28,0.0,0.0,1.3877787807814457e-17,0.12064330476584563,0.06666666666666665,,
window_false_positive,cycle_regularity:SD cycle length 2 to <4 days,population,calendar,1,H1_newmark_penry_any,strict_herzog,True,17,13,1.0,0.07692307692307693,0.013710421242556586,0.3331395092109959,0.23529411764705888,,
window_false_positive,cycle_regularity:SD cycle length 2 to <4 days,population,calendar,3,H1_newmark_penry_any,strict_herzog,True,17,17,3.0,0.17647058823529413,0.06191126637620997,0.41029458568834126,0.0,,
window_false_positive,cycle_regularity:SD cycle length 2 to <4 days,population,calendar,4,H1_newmark_penry_any,strict_herzog,True,17,17,3.0,0.17647058823529413,0.06191126637620997,0.41029458568834126,0.0,,
window_false_positive,cycle_regularity:SD cycle length 2 to <4 days,population,calendar,6,H1_newmark_penry_any,strict_herzog,True,17,17,3.0,0.17647058823529413,0.06191126637620997,0.41029458568834126,0.0,,
window_false_positive,cycle_regularity:SD cycle length 2 to <4 days,population,calendar,12,H1_newmark_penry_any,strict_herzog,True,17,0,0.0,,,,1.0,,
window_false_positive,cycle_regularity:SD cycle length 2 to <4 days,population,cycle,3,H1_newmark_penry_any,strict_herzog,True,17,17,3.0,0.17647058823529413,0.06191126637620997,0.41029458568834126,0.0,,
window_false_positive,cycle_regularity:SD cycle length 2 to <4 days,population,cycle,6,H1_newmark_penry_any,strict_herzog,True,17,7,1.0,0.14285714285714285,0.02567962434474355,0.5131278292743189,0.5882352941176471,,
window_false_positive,cycle_regularity:SD cycle length 2 to <4 days,population,cycle,12,H1_newmark_penry_any,strict_herzog,True,17,0,0.0,,,,1.0,,
window_false_positive,cycle_regularity:SD cycle length 2 to <4 days,population,full,full_diary,H1_newmark_penry_any,strict_herzog,True,17,17,3.0,0.17647058823529413,0.06191126637620997,0.41029458568834126,0.0,,
window_false_positive,cycle_regularity:SD cycle length 2 to <4 days,healthy_ovulatory,calendar,1,H1_newmark_penry_66_7_any,strict_herzog,True,30,18,1.0,0.05555555555555555,0.009875190978303097,0.25757300781872594,0.4,,
window_false_positive,cycle_regularity:SD cycle length 2 to <4 days,healthy_ovulatory,calendar,3,H1_newmark_penry_66_7_any,strict_herzog,True,30,26,0.0,0.0,0.0,0.1287289218592153,0.1333333333333333,,
window_false_positive,cycle_regularity:SD cycle length 2 to <4 days,healthy_ovulatory,calendar,4,H1_newmark_penry_66_7_any,strict_herzog,True,30,28,0.0,0.0,1.3877787807814457e-17,0.12064330476584563,0.06666666666666665,,
window_false_positive,cycle_regularity:SD cycle length 2 to <4 days,healthy_ovulatory,calendar,6,H1_newmark_penry_66_7_any,strict_herzog,True,30,28,0.0,0.0,1.3877787807814457e-17,0.12064330476584563,0.06666666666666665,,
window_false_positive,cycle_regularity:SD cycle length 2 to <4 days,healthy_ovulatory,calendar,12,H1_newmark_penry_66_7_any,strict_herzog,True,30,0,0.0,,,,1.0,,
window_false_positive,cycle_regularity:SD cycle length 2 to <4 days,healthy_ovulatory,cycle,3,H1_newmark_penry_66_7_any,strict_herzog,True,30,26,0.0,0.0,0.0,0.1287289218592153,0.1333333333333333,,
window_false_positive,cycle_regularity:SD cycle length 2 to <4 days,healthy_ovulatory,cycle,6,H1_newmark_penry_66_7_any,strict_herzog,True,30,21,0.0,0.0,0.0,0.154639018924847,0.30000000000000004,,
window_false_positive,cycle_regularity:SD cycle length 2 to <4 days,healthy_ovulatory,cycle,12,H1_newmark_penry_66_7_any,strict_herzog,True,30,0,0.0,,,,1.0,,
window_false_positive,cycle_regularity:SD cycle length 2 to <4 days,healthy_ovulatory,full,full_diary,H1_newmark_penry_66_7_any,strict_herzog,True,30,28,0.0,0.0,1.3877787807814457e-17,0.12064330476584563,0.06666666666666665,,
window_false_positive,cycle_regularity:SD cycle length 2 to <4 days,population,calendar,1,H1_newmark_penry_66_7_any,strict_herzog,True,17,13,0.0,0.0,0.0,0.22809537235419838,0.23529411764705888,,
window_false_positive,cycle_regularity:SD cycle length 2 to <4 days,population,calendar,3,H1_newmark_penry_66_7_any,strict_herzog,True,17,17,2.0,0.11764705882352941,0.03287977376379267,0.3433635059488588,0.0,,
window_false_positive,cycle_regularity:SD cycle length 2 to <4 days,population,calendar,4,H1_newmark_penry_66_7_any,strict_herzog,True,17,17,0.0,0.0,0.0,0.1843181350088518,0.0,,
window_false_positive,cycle_regularity:SD cycle length 2 to <4 days,population,calendar,6,H1_newmark_penry_66_7_any,strict_herzog,True,17,17,0.0,0.0,0.0,0.1843181350088518,0.0,,
window_false_positive,cycle_regularity:SD cycle length 2 to <4 days,population,calendar,12,H1_newmark_penry_66_7_any,strict_herzog,True,17,0,0.0,,,,1.0,,
window_false_positive,cycle_regularity:SD cycle length 2 to <4 days,population,cycle,3,H1_newmark_penry_66_7_any,strict_herzog,True,17,17,1.0,0.058823529411764705,0.010460400984997564,0.26982030637575405,0.0,,
window_false_positive,cycle_regularity:SD cycle length 2 to <4 days,population,cycle,6,H1_newmark_penry_66_7_any,strict_herzog,True,17,7,1.0,0.14285714285714285,0.02567962434474355,0.5131278292743189,0.5882352941176471,,
window_false_positive,cycle_regularity:SD cycle length 2 to <4 days,population,cycle,12,H1_newmark_penry_66_7_any,strict_herzog,True,17,0,0.0,,,,1.0,,
window_false_positive,cycle_regularity:SD cycle length 2 to <4 days,population,full,full_diary,H1_newmark_penry_66_7_any,strict_herzog,True,17,17,0.0,0.0,0.0,0.1843181350088518,0.0,,
window_false_positive,cycle_regularity:SD cycle length 2 to <4 days,healthy_ovulatory,calendar,1,H2_duncan1993_any,strict_herzog,True,30,18,2.0,0.1111111111111111,0.03101952264561239,0.32799765130178804,0.4,,
window_false_positive,cycle_regularity:SD cycle length 2 to <4 days,healthy_ovulatory,calendar,3,H2_duncan1993_any,strict_herzog,True,30,26,1.0,0.038461538461538464,0.006821984993543487,0.18892778903034757,0.1333333333333333,,
window_false_positive,cycle_regularity:SD cycle length 2 to <4 days,healthy_ovulatory,calendar,4,H2_duncan1993_any,strict_herzog,True,30,28,1.0,0.03571428571428571,0.0063325198490377654,0.17712197743353317,0.06666666666666665,,
window_false_positive,cycle_regularity:SD cycle length 2 to <4 days,healthy_ovulatory,calendar,6,H2_duncan1993_any,strict_herzog,True,30,28,1.0,0.03571428571428571,0.0063325198490377654,0.17712197743353317,0.06666666666666665,,
window_false_positive,cycle_regularity:SD cycle length 2 to <4 days,healthy_ovulatory,calendar,12,H2_duncan1993_any,strict_herzog,True,30,0,0.0,,,,1.0,,
window_false_positive,cycle_regularity:SD cycle length 2 to <4 days,healthy_ovulatory,cycle,3,H2_duncan1993_any,strict_herzog,True,30,26,3.0,0.11538461538461539,0.04003244623610615,0.2897590321171364,0.1333333333333333,,
window_false_positive,cycle_regularity:SD cycle length 2 to <4 days,healthy_ovulatory,cycle,6,H2_duncan1993_any,strict_herzog,True,30,21,1.0,0.047619047619047616,0.008455987809826399,0.22669360074122563,0.30000000000000004,,
window_false_positive,cycle_regularity:SD cycle length 2 to <4 days,healthy_ovulatory,cycle,12,H2_duncan1993_any,strict_herzog,True,30,0,0.0,,,,1.0,,
window_false_positive,cycle_regularity:SD cycle length 2 to <4 days,healthy_ovulatory,full,full_diary,H2_duncan1993_any,strict_herzog,True,30,28,1.0,0.03571428571428571,0.0063325198490377654,0.17712197743353317,0.06666666666666665,,
window_false_positive,cycle_regularity:SD cycle length 2 to <4 days,population,calendar,1,H2_duncan1993_any,strict_herzog,True,17,13,0.0,0.0,0.0,0.22809537235419838,0.23529411764705888,,
window_false_positive,cycle_regularity:SD cycle length 2 to <4 days,population,calendar,3,H2_duncan1993_any,strict_herzog,True,17,17,2.0,0.11764705882352941,0.03287977376379267,0.3433635059488588,0.0,,
window_false_positive,cycle_regularity:SD cycle length 2 to <4 days,population,calendar,4,H2_duncan1993_any,strict_herzog,True,17,17,1.0,0.058823529411764705,0.010460400984997564,0.26982030637575405,0.0,,
window_false_positive,cycle_regularity:SD cycle length 2 to <4 days,population,calendar,6,H2_duncan1993_any,strict_herzog,True,17,17,0.0,0.0,0.0,0.1843181350088518,0.0,,
window_false_positive,cycle_regularity:SD cycle length 2 to <4 days,population,calendar,12,H2_duncan1993_any,strict_herzog,True,17,0,0.0,,,,1.0,,
window_false_positive,cycle_regularity:SD cycle length 2 to <4 days,population,cycle,3,H2_duncan1993_any,strict_herzog,True,17,17,1.0,0.058823529411764705,0.010460400984997564,0.26982030637575405,0.0,,
window_false_positive,cycle_regularity:SD cycle length 2 to <4 days,population,cycle,6,H2_duncan1993_any,strict_herzog,True,17,7,1.0,0.14285714285714285,0.02567962434474355,0.5131278292743189,0.5882352941176471,,
window_false_positive,cycle_regularity:SD cycle length 2 to <4 days,population,cycle,12,H2_duncan1993_any,strict_herzog,True,17,0,0.0,,,,1.0,,
window_false_positive,cycle_regularity:SD cycle length 2 to <4 days,population,full,full_diary,H2_duncan1993_any,strict_herzog,True,17,17,0.0,0.0,0.0,0.1843181350088518,0.0,,
window_false_positive,cycle_regularity:SD cycle length 2 to <4 days,healthy_ovulatory,calendar,1,H3_herzog1997_twofold_any,strict_herzog,True,30,18,9.0,0.5,0.29031021505169974,0.7096897849483003,0.4,,
window_false_positive,cycle_regularity:SD cycle length 2 to <4 days,healthy_ovulatory,calendar,3,H3_herzog1997_twofold_any,strict_herzog,True,30,26,10.0,0.38461538461538464,0.22428594435712798,0.5746514991488447,0.1333333333333333,,
window_false_positive,cycle_regularity:SD cycle length 2 to <4 days,healthy_ovulatory,calendar,4,H3_herzog1997_twofold_any,strict_herzog,True,30,28,8.0,0.2857142857142857,0.15253996056669092,0.4705928843329571,0.06666666666666665,,
window_false_positive,cycle_regularity:SD cycle length 2 to <4 days,healthy_ovulatory,calendar,6,H3_herzog1997_twofold_any,strict_herzog,True,30,28,8.0,0.2857142857142857,0.15253996056669092,0.4705928843329571,0.06666666666666665,,
window_false_positive,cycle_regularity:SD cycle length 2 to <4 days,healthy_ovulatory,calendar,12,H3_herzog1997_twofold_any,strict_herzog,True,30,0,0.0,,,,1.0,,
window_false_positive,cycle_regularity:SD cycle length 2 to <4 days,healthy_ovulatory,cycle,3,H3_herzog1997_twofold_any,strict_herzog,True,30,26,8.0,0.3076923076923077,0.16501315595463767,0.4998825832219837,0.1333333333333333,,
window_false_positive,cycle_regularity:SD cycle length 2 to <4 days,healthy_ovulatory,cycle,6,H3_herzog1997_twofold_any,strict_herzog,True,30,21,6.0,0.2857142857142857,0.1381386295212213,0.49956380716085597,0.30000000000000004,,
window_false_positive,cycle_regularity:SD cycle length 2 to <4 days,healthy_ovulatory,cycle,12,H3_herzog1997_twofold_any,strict_herzog,True,30,0,0.0,,,,1.0,,
window_false_positive,cycle_regularity:SD cycle length 2 to <4 days,healthy_ovulatory,full,full_diary,H3_herzog1997_twofold_any,strict_herzog,True,30,28,8.0,0.2857142857142857,0.15253996056669092,0.4705928843329571,0.06666666666666665,,
window_false_positive,cycle_regularity:SD cycle length 2 to <4 days,population,calendar,1,H3_herzog1997_twofold_any,strict_herzog,True,17,13,5.0,0.38461538461538464,0.17709707797762575,0.6447710848733431,0.23529411764705888,,
window_false_positive,cycle_regularity:SD cycle length 2 to <4 days,population,calendar,3,H3_herzog1997_twofold_any,strict_herzog,True,17,17,6.0,0.35294117647058826,0.17309720397243744,0.5869963651478132,0.0,,
window_false_positive,cycle_regularity:SD cycle length 2 to <4 days,population,calendar,4,H3_herzog1997_twofold_any,strict_herzog,True,17,17,9.0,0.5294117647058824,0.30963235060004424,0.7383489355759056,0.0,,
window_false_positive,cycle_regularity:SD cycle length 2 to <4 days,population,calendar,6,H3_herzog1997_twofold_any,strict_herzog,True,17,17,5.0,0.29411764705882354,0.1327998961029523,0.5313311006653985,0.0,,
window_false_positive,cycle_regularity:SD cycle length 2 to <4 days,population,calendar,12,H3_herzog1997_twofold_any,strict_herzog,True,17,0,0.0,,,,1.0,,
window_false_positive,cycle_regularity:SD cycle length 2 to <4 days,population,cycle,3,H3_herzog1997_twofold_any,strict_herzog,True,17,17,8.0,0.47058823529411764,0.26165106442409436,0.6903676493999558,0.0,,
window_false_positive,cycle_regularity:SD cycle length 2 to <4 days,population,cycle,6,H3_herzog1997_twofold_any,strict_herzog,True,17,7,3.0,0.42857142857142855,0.15821985525146975,0.7495416354723428,0.5882352941176471,,
window_false_positive,cycle_regularity:SD cycle length 2 to <4 days,population,cycle,12,H3_herzog1997_twofold_any,strict_herzog,True,17,0,0.0,,,,1.0,,
window_false_positive,cycle_regularity:SD cycle length 2 to <4 days,population,full,full_diary,H3_herzog1997_twofold_any,strict_herzog,True,17,17,5.0,0.29411764705882354,0.1327998961029523,0.5313311006653985,0.0,,
window_false_positive,cycle_regularity:SD cycle length 2 to <4 days,healthy_ovulatory,calendar,1,H4_reddy2007_any_phase2x_any,strict_herzog,True,30,18,17.0,0.9444444444444444,0.7424269921812741,0.990124809021697,0.4,,
window_false_positive,cycle_regularity:SD cycle length 2 to <4 days,healthy_ovulatory,calendar,3,H4_reddy2007_any_phase2x_any,strict_herzog,True,30,26,19.0,0.7307692307692307,0.5391695962082381,0.8629555167798162,0.1333333333333333,,
window_false_positive,cycle_regularity:SD cycle length 2 to <4 days,healthy_ovulatory,calendar,4,H4_reddy2007_any_phase2x_any,strict_herzog,True,30,28,22.0,0.7857142857142857,0.6046141434627812,0.8978753966710211,0.06666666666666665,,
window_false_positive,cycle_regularity:SD cycle length 2 to <4 days,healthy_ovulatory,calendar,6,H4_reddy2007_any_phase2x_any,strict_herzog,True,30,28,17.0,0.6071428571428571,0.42409044296597176,0.764343134584204,0.06666666666666665,,
window_false_positive,cycle_regularity:SD cycle length 2 to <4 days,healthy_ovulatory,calendar,12,H4_reddy2007_any_phase2x_any,strict_herzog,True,30,0,0.0,,,,1.0,,
window_false_positive,cycle_regularity:SD cycle length 2 to <4 days,healthy_ovulatory,cycle,3,H4_reddy2007_any_phase2x_any,strict_herzog,True,30,26,20.0,0.7692307692307693,0.5794844592105632,0.8896615059421671,0.1333333333333333,,
window_false_positive,cycle_regularity:SD cycle length 2 to <4 days,healthy_ovulatory,cycle,6,H4_reddy2007_any_phase2x_any,strict_herzog,True,30,21,14.0,0.6666666666666666,0.4537345197425524,0.8280524739491653,0.30000000000000004,,
window_false_positive,cycle_regularity:SD cycle length 2 to <4 days,healthy_ovulatory,cycle,12,H4_reddy2007_any_phase2x_any,strict_herzog,True,30,0,0.0,,,,1.0,,
window_false_positive,cycle_regularity:SD cycle length 2 to <4 days,healthy_ovulatory,full,full_diary,H4_reddy2007_any_phase2x_any,strict_herzog,True,30,28,17.0,0.6071428571428571,0.42409044296597176,0.764343134584204,0.06666666666666665,,
window_false_positive,cycle_regularity:SD cycle length 2 to <4 days,population,calendar,1,H4_reddy2007_any_phase2x_any,strict_herzog,True,17,13,11.0,0.8461538461538461,0.5776536898051745,0.9567418216419186,0.23529411764705888,,
window_false_positive,cycle_regularity:SD cycle length 2 to <4 days,population,calendar,3,H4_reddy2007_any_phase2x_any,strict_herzog,True,17,17,11.0,0.6470588235294118,0.41300363485218694,0.8269027960275627,0.0,,
window_false_positive,cycle_regularity:SD cycle length 2 to <4 days,population,calendar,4,H4_reddy2007_any_phase2x_any,strict_herzog,True,17,17,11.0,0.6470588235294118,0.41300363485218694,0.8269027960275627,0.0,,
window_false_positive,cycle_regularity:SD cycle length 2 to <4 days,population,calendar,6,H4_reddy2007_any_phase2x_any,strict_herzog,True,17,17,5.0,0.29411764705882354,0.1327998961029523,0.5313311006653985,0.0,,
window_false_positive,cycle_regularity:SD cycle length 2 to <4 days,population,calendar,12,H4_reddy2007_any_phase2x_any,strict_herzog,True,17,0,0.0,,,,1.0,,
window_false_positive,cycle_regularity:SD cycle length 2 to <4 days,population,cycle,3,H4_reddy2007_any_phase2x_any,strict_herzog,True,17,17,13.0,0.7647058823529411,0.5273820188043501,0.9044495567791988,0.0,,
window_false_positive,cycle_regularity:SD cycle length 2 to <4 days,population,cycle,6,H4_reddy2007_any_phase2x_any,strict_herzog,True,17,7,3.0,0.42857142857142855,0.15821985525146975,0.7495416354723428,0.5882352941176471,,
window_false_positive,cycle_regularity:SD cycle length 2 to <4 days,population,cycle,12,H4_reddy2007_any_phase2x_any,strict_herzog,True,17,0,0.0,,,,1.0,,
window_false_positive,cycle_regularity:SD cycle length 2 to <4 days,population,full,full_diary,H4_reddy2007_any_phase2x_any,strict_herzog,True,17,17,5.0,0.29411764705882354,0.1327998961029523,0.5313311006653985,0.0,,
window_false_positive,cycle_regularity:SD cycle length <2 days,healthy_ovulatory,calendar,1,A_exact_any,strict_herzog,False,8,0,0.0,,,,1.0,,
window_false_positive,cycle_regularity:SD cycle length <2 days,healthy_ovulatory,calendar,3,A_exact_any,strict_herzog,False,8,0,0.0,,,,1.0,,
window_false_positive,cycle_regularity:SD cycle length <2 days,healthy_ovulatory,calendar,4,A_exact_any,strict_herzog,False,8,0,0.0,,,,1.0,,
window_false_positive,cycle_regularity:SD cycle length <2 days,healthy_ovulatory,calendar,6,A_exact_any,strict_herzog,False,8,0,0.0,,,,1.0,,
window_false_positive,cycle_regularity:SD cycle length <2 days,healthy_ovulatory,calendar,12,A_exact_any,strict_herzog,False,8,0,0.0,,,,1.0,,
window_false_positive,cycle_regularity:SD cycle length <2 days,healthy_ovulatory,cycle,3,A_exact_any,strict_herzog,False,8,1,0.0,0.0,0.0,0.7934506856227626,0.875,,
window_false_positive,cycle_regularity:SD cycle length <2 days,healthy_ovulatory,cycle,6,A_exact_any,strict_herzog,False,8,0,0.0,,,,1.0,,
window_false_positive,cycle_regularity:SD cycle length <2 days,healthy_ovulatory,cycle,12,A_exact_any,strict_herzog,False,8,0,0.0,,,,1.0,,
window_false_positive,cycle_regularity:SD cycle length <2 days,healthy_ovulatory,full,full_diary,A_exact_any,strict_herzog,False,8,0,0.0,,,,1.0,,
window_false_positive,cycle_regularity:SD cycle length <2 days,population,calendar,1,A_exact_any,strict_herzog,False,6,0,0.0,,,,1.0,,
window_false_positive,cycle_regularity:SD cycle length <2 days,population,calendar,3,A_exact_any,strict_herzog,False,6,0,0.0,,,,1.0,,
window_false_positive,cycle_regularity:SD cycle length <2 days,population,calendar,4,A_exact_any,strict_herzog,False,6,0,0.0,,,,1.0,,
window_false_positive,cycle_regularity:SD cycle length <2 days,population,calendar,6,A_exact_any,strict_herzog,False,6,0,0.0,,,,1.0,,
window_false_positive,cycle_regularity:SD cycle length <2 days,population,calendar,12,A_exact_any,strict_herzog,False,6,0,0.0,,,,1.0,,
window_false_positive,cycle_regularity:SD cycle length <2 days,population,cycle,3,A_exact_any,strict_herzog,False,6,6,2.0,0.3333333333333333,0.09677141110578041,0.700006684861608,0.0,,
window_false_positive,cycle_regularity:SD cycle length <2 days,population,cycle,6,A_exact_any,strict_herzog,False,6,0,0.0,,,,1.0,,
window_false_positive,cycle_regularity:SD cycle length <2 days,population,cycle,12,A_exact_any,strict_herzog,False,6,0,0.0,,,,1.0,,
window_false_positive,cycle_regularity:SD cycle length <2 days,population,full,full_diary,A_exact_any,strict_herzog,False,6,0,0.0,,,,1.0,,
window_false_positive,cycle_regularity:SD cycle length <2 days,healthy_ovulatory,calendar,1,A_windowed_any,strict_herzog,False,8,5,2.0,0.4,0.11762077423264783,0.769275718723987,0.375,,
window_false_positive,cycle_regularity:SD cycle length <2 days,healthy_ovulatory,calendar,3,A_windowed_any,strict_herzog,False,8,4,1.0,0.25,0.04558726080970055,0.6993581574175981,0.5,,
window_false_positive,cycle_regularity:SD cycle length <2 days,healthy_ovulatory,calendar,4,A_windowed_any,strict_herzog,False,8,5,1.0,0.2,0.03622410863243014,0.6244653702374747,0.375,,
window_false_positive,cycle_regularity:SD cycle length <2 days,healthy_ovulatory,calendar,6,A_windowed_any,strict_herzog,False,8,6,1.0,0.16666666666666666,0.030053369748306635,0.5635028221864702,0.25,,
window_false_positive,cycle_regularity:SD cycle length <2 days,healthy_ovulatory,calendar,12,A_windowed_any,strict_herzog,False,8,0,0.0,,,,1.0,,
window_false_positive,cycle_regularity:SD cycle length <2 days,healthy_ovulatory,cycle,3,A_windowed_any,strict_herzog,False,8,5,0.0,0.0,0.0,0.43448246478317476,0.375,,
window_false_positive,cycle_regularity:SD cycle length <2 days,healthy_ovulatory,cycle,6,A_windowed_any,strict_herzog,False,8,5,2.0,0.4,0.11762077423264783,0.769275718723987,0.375,,
window_false_positive,cycle_regularity:SD cycle length <2 days,healthy_ovulatory,cycle,12,A_windowed_any,strict_herzog,False,8,0,0.0,,,,1.0,,
window_false_positive,cycle_regularity:SD cycle length <2 days,healthy_ovulatory,full,full_diary,A_windowed_any,strict_herzog,False,8,6,1.0,0.16666666666666666,0.030053369748306635,0.5635028221864702,0.25,,
window_false_positive,cycle_regularity:SD cycle length <2 days,population,calendar,1,A_windowed_any,strict_herzog,False,6,5,2.0,0.4,0.11762077423264783,0.769275718723987,0.16666666666666663,,
window_false_positive,cycle_regularity:SD cycle length <2 days,population,calendar,3,A_windowed_any,strict_herzog,False,6,6,1.0,0.16666666666666666,0.030053369748306635,0.5635028221864702,0.0,,
window_false_positive,cycle_regularity:SD cycle length <2 days,population,calendar,4,A_windowed_any,strict_herzog,False,6,6,2.0,0.3333333333333333,0.09677141110578041,0.700006684861608,0.0,,
window_false_positive,cycle_regularity:SD cycle length <2 days,population,calendar,6,A_windowed_any,strict_herzog,False,6,6,2.0,0.3333333333333333,0.09677141110578041,0.700006684861608,0.0,,
window_false_positive,cycle_regularity:SD cycle length <2 days,population,calendar,12,A_windowed_any,strict_herzog,False,6,0,0.0,,,,1.0,,
window_false_positive,cycle_regularity:SD cycle length <2 days,population,cycle,3,A_windowed_any,strict_herzog,False,6,6,3.0,0.5,0.18761630648265054,0.8123836935173494,0.0,,
window_false_positive,cycle_regularity:SD cycle length <2 days,population,cycle,6,A_windowed_any,strict_herzog,False,6,4,2.0,0.5,0.15003898915214947,0.8499610108478506,0.33333333333333337,,
window_false_positive,cycle_regularity:SD cycle length <2 days,population,cycle,12,A_windowed_any,strict_herzog,False,6,0,0.0,,,,1.0,,
window_false_positive,cycle_regularity:SD cycle length <2 days,population,full,full_diary,A_windowed_any,strict_herzog,False,6,6,2.0,0.3333333333333333,0.09677141110578041,0.700006684861608,0.0,,
window_false_positive,cycle_regularity:SD cycle length <2 days,healthy_ovulatory,calendar,1,A_windowed_excluding_C3,strict_herzog,False,8,5,2.0,0.4,0.11762077423264783,0.769275718723987,0.375,,
window_false_positive,cycle_regularity:SD cycle length <2 days,healthy_ovulatory,calendar,3,A_windowed_excluding_C3,strict_herzog,False,8,4,1.0,0.25,0.04558726080970055,0.6993581574175981,0.5,,
window_false_positive,cycle_regularity:SD cycle length <2 days,healthy_ovulatory,calendar,4,A_windowed_excluding_C3,strict_herzog,False,8,5,1.0,0.2,0.03622410863243014,0.6244653702374747,0.375,,
window_false_positive,cycle_regularity:SD cycle length <2 days,healthy_ovulatory,calendar,6,A_windowed_excluding_C3,strict_herzog,False,8,6,1.0,0.16666666666666666,0.030053369748306635,0.5635028221864702,0.25,,
window_false_positive,cycle_regularity:SD cycle length <2 days,healthy_ovulatory,calendar,12,A_windowed_excluding_C3,strict_herzog,False,8,0,0.0,,,,1.0,,
window_false_positive,cycle_regularity:SD cycle length <2 days,healthy_ovulatory,cycle,3,A_windowed_excluding_C3,strict_herzog,False,8,5,0.0,0.0,0.0,0.43448246478317476,0.375,,
window_false_positive,cycle_regularity:SD cycle length <2 days,healthy_ovulatory,cycle,6,A_windowed_excluding_C3,strict_herzog,False,8,5,2.0,0.4,0.11762077423264783,0.769275718723987,0.375,,
window_false_positive,cycle_regularity:SD cycle length <2 days,healthy_ovulatory,cycle,12,A_windowed_excluding_C3,strict_herzog,False,8,0,0.0,,,,1.0,,
window_false_positive,cycle_regularity:SD cycle length <2 days,healthy_ovulatory,full,full_diary,A_windowed_excluding_C3,strict_herzog,False,8,6,1.0,0.16666666666666666,0.030053369748306635,0.5635028221864702,0.25,,
window_false_positive,cycle_regularity:SD cycle length <2 days,population,calendar,1,A_windowed_excluding_C3,strict_herzog,False,6,5,2.0,0.4,0.11762077423264783,0.769275718723987,0.16666666666666663,,
window_false_positive,cycle_regularity:SD cycle length <2 days,population,calendar,3,A_windowed_excluding_C3,strict_herzog,False,6,6,1.0,0.16666666666666666,0.030053369748306635,0.5635028221864702,0.0,,
window_false_positive,cycle_regularity:SD cycle length <2 days,population,calendar,4,A_windowed_excluding_C3,strict_herzog,False,6,6,2.0,0.3333333333333333,0.09677141110578041,0.700006684861608,0.0,,
window_false_positive,cycle_regularity:SD cycle length <2 days,population,calendar,6,A_windowed_excluding_C3,strict_herzog,False,6,6,2.0,0.3333333333333333,0.09677141110578041,0.700006684861608,0.0,,
window_false_positive,cycle_regularity:SD cycle length <2 days,population,calendar,12,A_windowed_excluding_C3,strict_herzog,False,6,0,0.0,,,,1.0,,
window_false_positive,cycle_regularity:SD cycle length <2 days,population,cycle,3,A_windowed_excluding_C3,strict_herzog,False,6,6,3.0,0.5,0.18761630648265054,0.8123836935173494,0.0,,
window_false_positive,cycle_regularity:SD cycle length <2 days,population,cycle,6,A_windowed_excluding_C3,strict_herzog,False,6,4,2.0,0.5,0.15003898915214947,0.8499610108478506,0.33333333333333337,,
window_false_positive,cycle_regularity:SD cycle length <2 days,population,cycle,12,A_windowed_excluding_C3,strict_herzog,False,6,0,0.0,,,,1.0,,
window_false_positive,cycle_regularity:SD cycle length <2 days,population,full,full_diary,A_windowed_excluding_C3,strict_herzog,False,6,6,2.0,0.3333333333333333,0.09677141110578041,0.700006684861608,0.0,,
window_false_positive,cycle_regularity:SD cycle length <2 days,healthy_ovulatory,calendar,1,A_windowed_C1_only,strict_herzog,False,8,5,2.0,0.4,0.11762077423264783,0.769275718723987,0.375,,
window_false_positive,cycle_regularity:SD cycle length <2 days,healthy_ovulatory,calendar,3,A_windowed_C1_only,strict_herzog,False,8,4,1.0,0.25,0.04558726080970055,0.6993581574175981,0.5,,
window_false_positive,cycle_regularity:SD cycle length <2 days,healthy_ovulatory,calendar,4,A_windowed_C1_only,strict_herzog,False,8,5,1.0,0.2,0.03622410863243014,0.6244653702374747,0.375,,
window_false_positive,cycle_regularity:SD cycle length <2 days,healthy_ovulatory,calendar,6,A_windowed_C1_only,strict_herzog,False,8,6,1.0,0.16666666666666666,0.030053369748306635,0.5635028221864702,0.25,,
window_false_positive,cycle_regularity:SD cycle length <2 days,healthy_ovulatory,calendar,12,A_windowed_C1_only,strict_herzog,False,8,0,0.0,,,,1.0,,
window_false_positive,cycle_regularity:SD cycle length <2 days,healthy_ovulatory,cycle,3,A_windowed_C1_only,strict_herzog,False,8,5,0.0,0.0,0.0,0.43448246478317476,0.375,,
window_false_positive,cycle_regularity:SD cycle length <2 days,healthy_ovulatory,cycle,6,A_windowed_C1_only,strict_herzog,False,8,5,2.0,0.4,0.11762077423264783,0.769275718723987,0.375,,
window_false_positive,cycle_regularity:SD cycle length <2 days,healthy_ovulatory,cycle,12,A_windowed_C1_only,strict_herzog,False,8,0,0.0,,,,1.0,,
window_false_positive,cycle_regularity:SD cycle length <2 days,healthy_ovulatory,full,full_diary,A_windowed_C1_only,strict_herzog,False,8,6,1.0,0.16666666666666666,0.030053369748306635,0.5635028221864702,0.25,,
window_false_positive,cycle_regularity:SD cycle length <2 days,population,calendar,1,A_windowed_C1_only,strict_herzog,False,6,5,2.0,0.4,0.11762077423264783,0.769275718723987,0.16666666666666663,,
window_false_positive,cycle_regularity:SD cycle length <2 days,population,calendar,3,A_windowed_C1_only,strict_herzog,False,6,6,1.0,0.16666666666666666,0.030053369748306635,0.5635028221864702,0.0,,
window_false_positive,cycle_regularity:SD cycle length <2 days,population,calendar,4,A_windowed_C1_only,strict_herzog,False,6,6,2.0,0.3333333333333333,0.09677141110578041,0.700006684861608,0.0,,
window_false_positive,cycle_regularity:SD cycle length <2 days,population,calendar,6,A_windowed_C1_only,strict_herzog,False,6,6,1.0,0.16666666666666666,0.030053369748306635,0.5635028221864702,0.0,,
window_false_positive,cycle_regularity:SD cycle length <2 days,population,calendar,12,A_windowed_C1_only,strict_herzog,False,6,0,0.0,,,,1.0,,
window_false_positive,cycle_regularity:SD cycle length <2 days,population,cycle,3,A_windowed_C1_only,strict_herzog,False,6,6,1.0,0.16666666666666666,0.030053369748306635,0.5635028221864702,0.0,,
window_false_positive,cycle_regularity:SD cycle length <2 days,population,cycle,6,A_windowed_C1_only,strict_herzog,False,6,4,1.0,0.25,0.04558726080970055,0.6993581574175981,0.33333333333333337,,
window_false_positive,cycle_regularity:SD cycle length <2 days,population,cycle,12,A_windowed_C1_only,strict_herzog,False,6,0,0.0,,,,1.0,,
window_false_positive,cycle_regularity:SD cycle length <2 days,population,full,full_diary,A_windowed_C1_only,strict_herzog,False,6,6,1.0,0.16666666666666666,0.030053369748306635,0.5635028221864702,0.0,,
window_false_positive,cycle_regularity:SD cycle length <2 days,healthy_ovulatory,calendar,1,A_windowed_C2_only,strict_herzog,False,8,5,0.0,0.0,0.0,0.43448246478317476,0.375,,
window_false_positive,cycle_regularity:SD cycle length <2 days,healthy_ovulatory,calendar,3,A_windowed_C2_only,strict_herzog,False,8,4,0.0,0.0,0.0,0.4898908364545973,0.5,,
window_false_positive,cycle_regularity:SD cycle length <2 days,healthy_ovulatory,calendar,4,A_windowed_C2_only,strict_herzog,False,8,5,0.0,0.0,0.0,0.43448246478317476,0.375,,
window_false_positive,cycle_regularity:SD cycle length <2 days,healthy_ovulatory,calendar,6,A_windowed_C2_only,strict_herzog,False,8,6,0.0,0.0,2.7755575615628914e-17,0.3903342879021653,0.25,,
window_false_positive,cycle_regularity:SD cycle length <2 days,healthy_ovulatory,calendar,12,A_windowed_C2_only,strict_herzog,False,8,0,0.0,,,,1.0,,
window_false_positive,cycle_regularity:SD cycle length <2 days,healthy_ovulatory,cycle,3,A_windowed_C2_only,strict_herzog,False,8,5,0.0,0.0,0.0,0.43448246478317476,0.375,,
window_false_positive,cycle_regularity:SD cycle length <2 days,healthy_ovulatory,cycle,6,A_windowed_C2_only,strict_herzog,False,8,5,0.0,0.0,0.0,0.43448246478317476,0.375,,
window_false_positive,cycle_regularity:SD cycle length <2 days,healthy_ovulatory,cycle,12,A_windowed_C2_only,strict_herzog,False,8,0,0.0,,,,1.0,,
window_false_positive,cycle_regularity:SD cycle length <2 days,healthy_ovulatory,full,full_diary,A_windowed_C2_only,strict_herzog,False,8,6,0.0,0.0,2.7755575615628914e-17,0.3903342879021653,0.25,,
window_false_positive,cycle_regularity:SD cycle length <2 days,population,calendar,1,A_windowed_C2_only,strict_herzog,False,6,4,1.0,0.25,0.04558726080970055,0.6993581574175981,0.33333333333333337,,
window_false_positive,cycle_regularity:SD cycle length <2 days,population,calendar,3,A_windowed_C2_only,strict_herzog,False,6,5,0.0,0.0,0.0,0.43448246478317476,0.16666666666666663,,
window_false_positive,cycle_regularity:SD cycle length <2 days,population,calendar,4,A_windowed_C2_only,strict_herzog,False,6,5,0.0,0.0,0.0,0.43448246478317476,0.16666666666666663,,
window_false_positive,cycle_regularity:SD cycle length <2 days,population,calendar,6,A_windowed_C2_only,strict_herzog,False,6,6,1.0,0.16666666666666666,0.030053369748306635,0.5635028221864702,0.0,,
window_false_positive,cycle_regularity:SD cycle length <2 days,population,calendar,12,A_windowed_C2_only,strict_herzog,False,6,0,0.0,,,,1.0,,
window_false_positive,cycle_regularity:SD cycle length <2 days,population,cycle,3,A_windowed_C2_only,strict_herzog,False,6,6,2.0,0.3333333333333333,0.09677141110578041,0.700006684861608,0.0,,
window_false_positive,cycle_regularity:SD cycle length <2 days,population,cycle,6,A_windowed_C2_only,strict_herzog,False,6,4,1.0,0.25,0.04558726080970055,0.6993581574175981,0.33333333333333337,,
window_false_positive,cycle_regularity:SD cycle length <2 days,population,cycle,12,A_windowed_C2_only,strict_herzog,False,6,0,0.0,,,,1.0,,
window_false_positive,cycle_regularity:SD cycle length <2 days,population,full,full_diary,A_windowed_C2_only,strict_herzog,False,6,6,1.0,0.16666666666666666,0.030053369748306635,0.5635028221864702,0.0,,
window_false_positive,cycle_regularity:SD cycle length <2 days,healthy_ovulatory,calendar,1,A_windowed_C3_only,strict_herzog,False,8,0,0.0,,,,1.0,,
window_false_positive,cycle_regularity:SD cycle length <2 days,healthy_ovulatory,calendar,3,A_windowed_C3_only,strict_herzog,False,8,0,0.0,,,,1.0,,
window_false_positive,cycle_regularity:SD cycle length <2 days,healthy_ovulatory,calendar,4,A_windowed_C3_only,strict_herzog,False,8,0,0.0,,,,1.0,,
window_false_positive,cycle_regularity:SD cycle length <2 days,healthy_ovulatory,calendar,6,A_windowed_C3_only,strict_herzog,False,8,0,0.0,,,,1.0,,
window_false_positive,cycle_regularity:SD cycle length <2 days,healthy_ovulatory,calendar,12,A_windowed_C3_only,strict_herzog,False,8,0,0.0,,,,1.0,,
window_false_positive,cycle_regularity:SD cycle length <2 days,healthy_ovulatory,cycle,3,A_windowed_C3_only,strict_herzog,False,8,0,0.0,,,,1.0,,
window_false_positive,cycle_regularity:SD cycle length <2 days,healthy_ovulatory,cycle,6,A_windowed_C3_only,strict_herzog,False,8,0,0.0,,,,1.0,,
window_false_positive,cycle_regularity:SD cycle length <2 days,healthy_ovulatory,cycle,12,A_windowed_C3_only,strict_herzog,False,8,0,0.0,,,,1.0,,
window_false_positive,cycle_regularity:SD cycle length <2 days,healthy_ovulatory,full,full_diary,A_windowed_C3_only,strict_herzog,False,8,0,0.0,,,,1.0,,
window_false_positive,cycle_regularity:SD cycle length <2 days,population,calendar,1,A_windowed_C3_only,strict_herzog,False,6,0,0.0,,,,1.0,,
window_false_positive,cycle_regularity:SD cycle length <2 days,population,calendar,3,A_windowed_C3_only,strict_herzog,False,6,1,0.0,0.0,0.0,0.7934506856227626,0.8333333333333334,,
window_false_positive,cycle_regularity:SD cycle length <2 days,population,calendar,4,A_windowed_C3_only,strict_herzog,False,6,1,0.0,0.0,0.0,0.7934506856227626,0.8333333333333334,,
window_false_positive,cycle_regularity:SD cycle length <2 days,population,calendar,6,A_windowed_C3_only,strict_herzog,False,6,1,0.0,0.0,0.0,0.7934506856227626,0.8333333333333334,,
window_false_positive,cycle_regularity:SD cycle length <2 days,population,calendar,12,A_windowed_C3_only,strict_herzog,False,6,0,0.0,,,,1.0,,
window_false_positive,cycle_regularity:SD cycle length <2 days,population,cycle,3,A_windowed_C3_only,strict_herzog,False,6,1,0.0,0.0,0.0,0.7934506856227626,0.8333333333333334,,
window_false_positive,cycle_regularity:SD cycle length <2 days,population,cycle,6,A_windowed_C3_only,strict_herzog,False,6,1,0.0,0.0,0.0,0.7934506856227626,0.8333333333333334,,
window_false_positive,cycle_regularity:SD cycle length <2 days,population,cycle,12,A_windowed_C3_only,strict_herzog,False,6,0,0.0,,,,1.0,,
window_false_positive,cycle_regularity:SD cycle length <2 days,population,full,full_diary,A_windowed_C3_only,strict_herzog,False,6,1,0.0,0.0,0.0,0.7934506856227626,0.8333333333333334,,
window_false_positive,cycle_regularity:SD cycle length <2 days,healthy_ovulatory,calendar,1,B_minimum_data_any,strict_herzog,False,8,0,0.0,,,,1.0,,
window_false_positive,cycle_regularity:SD cycle length <2 days,healthy_ovulatory,calendar,3,B_minimum_data_any,strict_herzog,False,8,0,0.0,,,,1.0,,
window_false_positive,cycle_regularity:SD cycle length <2 days,healthy_ovulatory,calendar,4,B_minimum_data_any,strict_herzog,False,8,4,1.0,0.25,0.04558726080970055,0.6993581574175981,0.5,,
window_false_positive,cycle_regularity:SD cycle length <2 days,healthy_ovulatory,calendar,6,B_minimum_data_any,strict_herzog,False,8,4,0.0,0.0,0.0,0.4898908364545973,0.5,,
window_false_positive,cycle_regularity:SD cycle length <2 days,healthy_ovulatory,calendar,12,B_minimum_data_any,strict_herzog,False,8,0,0.0,,,,1.0,,
window_false_positive,cycle_regularity:SD cycle length <2 days,healthy_ovulatory,cycle,3,B_minimum_data_any,strict_herzog,False,8,0,0.0,,,,1.0,,
window_false_positive,cycle_regularity:SD cycle length <2 days,healthy_ovulatory,cycle,6,B_minimum_data_any,strict_herzog,False,8,4,1.0,0.25,0.04558726080970055,0.6993581574175981,0.5,,
window_false_positive,cycle_regularity:SD cycle length <2 days,healthy_ovulatory,cycle,12,B_minimum_data_any,strict_herzog,False,8,0,0.0,,,,1.0,,
window_false_positive,cycle_regularity:SD cycle length <2 days,healthy_ovulatory,full,full_diary,B_minimum_data_any,strict_herzog,False,8,4,0.0,0.0,0.0,0.4898908364545973,0.5,,
window_false_positive,cycle_regularity:SD cycle length <2 days,population,calendar,1,B_minimum_data_any,strict_herzog,False,6,0,0.0,,,,1.0,,
window_false_positive,cycle_regularity:SD cycle length <2 days,population,calendar,3,B_minimum_data_any,strict_herzog,False,6,0,0.0,,,,1.0,,
window_false_positive,cycle_regularity:SD cycle length <2 days,population,calendar,4,B_minimum_data_any,strict_herzog,False,6,5,1.0,0.2,0.03622410863243014,0.6244653702374747,0.16666666666666663,,
window_false_positive,cycle_regularity:SD cycle length <2 days,population,calendar,6,B_minimum_data_any,strict_herzog,False,6,6,2.0,0.3333333333333333,0.09677141110578041,0.700006684861608,0.0,,
window_false_positive,cycle_regularity:SD cycle length <2 days,population,calendar,12,B_minimum_data_any,strict_herzog,False,6,0,0.0,,,,1.0,,
window_false_positive,cycle_regularity:SD cycle length <2 days,population,cycle,3,B_minimum_data_any,strict_herzog,False,6,0,0.0,,,,1.0,,
window_false_positive,cycle_regularity:SD cycle length <2 days,population,cycle,6,B_minimum_data_any,strict_herzog,False,6,4,2.0,0.5,0.15003898915214947,0.8499610108478506,0.33333333333333337,,
window_false_positive,cycle_regularity:SD cycle length <2 days,population,cycle,12,B_minimum_data_any,strict_herzog,False,6,0,0.0,,,,1.0,,
window_false_positive,cycle_regularity:SD cycle length <2 days,population,full,full_diary,B_minimum_data_any,strict_herzog,False,6,6,2.0,0.3333333333333333,0.09677141110578041,0.700006684861608,0.0,,
window_false_positive,cycle_regularity:SD cycle length <2 days,healthy_ovulatory,calendar,1,B_minimum_data_excluding_C3,strict_herzog,False,8,0,0.0,,,,1.0,,
window_false_positive,cycle_regularity:SD cycle length <2 days,healthy_ovulatory,calendar,3,B_minimum_data_excluding_C3,strict_herzog,False,8,0,0.0,,,,1.0,,
window_false_positive,cycle_regularity:SD cycle length <2 days,healthy_ovulatory,calendar,4,B_minimum_data_excluding_C3,strict_herzog,False,8,4,1.0,0.25,0.04558726080970055,0.6993581574175981,0.5,,
window_false_positive,cycle_regularity:SD cycle length <2 days,healthy_ovulatory,calendar,6,B_minimum_data_excluding_C3,strict_herzog,False,8,4,0.0,0.0,0.0,0.4898908364545973,0.5,,
window_false_positive,cycle_regularity:SD cycle length <2 days,healthy_ovulatory,calendar,12,B_minimum_data_excluding_C3,strict_herzog,False,8,0,0.0,,,,1.0,,
window_false_positive,cycle_regularity:SD cycle length <2 days,healthy_ovulatory,cycle,3,B_minimum_data_excluding_C3,strict_herzog,False,8,0,0.0,,,,1.0,,
window_false_positive,cycle_regularity:SD cycle length <2 days,healthy_ovulatory,cycle,6,B_minimum_data_excluding_C3,strict_herzog,False,8,4,1.0,0.25,0.04558726080970055,0.6993581574175981,0.5,,
window_false_positive,cycle_regularity:SD cycle length <2 days,healthy_ovulatory,cycle,12,B_minimum_data_excluding_C3,strict_herzog,False,8,0,0.0,,,,1.0,,
window_false_positive,cycle_regularity:SD cycle length <2 days,healthy_ovulatory,full,full_diary,B_minimum_data_excluding_C3,strict_herzog,False,8,4,0.0,0.0,0.0,0.4898908364545973,0.5,,
window_false_positive,cycle_regularity:SD cycle length <2 days,population,calendar,1,B_minimum_data_excluding_C3,strict_herzog,False,6,0,0.0,,,,1.0,,
window_false_positive,cycle_regularity:SD cycle length <2 days,population,calendar,3,B_minimum_data_excluding_C3,strict_herzog,False,6,0,0.0,,,,1.0,,
window_false_positive,cycle_regularity:SD cycle length <2 days,population,calendar,4,B_minimum_data_excluding_C3,strict_herzog,False,6,5,1.0,0.2,0.03622410863243014,0.6244653702374747,0.16666666666666663,,
window_false_positive,cycle_regularity:SD cycle length <2 days,population,calendar,6,B_minimum_data_excluding_C3,strict_herzog,False,6,6,2.0,0.3333333333333333,0.09677141110578041,0.700006684861608,0.0,,
window_false_positive,cycle_regularity:SD cycle length <2 days,population,calendar,12,B_minimum_data_excluding_C3,strict_herzog,False,6,0,0.0,,,,1.0,,
window_false_positive,cycle_regularity:SD cycle length <2 days,population,cycle,3,B_minimum_data_excluding_C3,strict_herzog,False,6,0,0.0,,,,1.0,,
window_false_positive,cycle_regularity:SD cycle length <2 days,population,cycle,6,B_minimum_data_excluding_C3,strict_herzog,False,6,4,2.0,0.5,0.15003898915214947,0.8499610108478506,0.33333333333333337,,
window_false_positive,cycle_regularity:SD cycle length <2 days,population,cycle,12,B_minimum_data_excluding_C3,strict_herzog,False,6,0,0.0,,,,1.0,,
window_false_positive,cycle_regularity:SD cycle length <2 days,population,full,full_diary,B_minimum_data_excluding_C3,strict_herzog,False,6,6,2.0,0.3333333333333333,0.09677141110578041,0.700006684861608,0.0,,
window_false_positive,cycle_regularity:SD cycle length <2 days,healthy_ovulatory,calendar,1,C_reproducibility_any,strict_herzog,False,8,0,0.0,,,,1.0,,
window_false_positive,cycle_regularity:SD cycle length <2 days,healthy_ovulatory,calendar,3,C_reproducibility_any,strict_herzog,False,8,0,0.0,,,,1.0,,
window_false_positive,cycle_regularity:SD cycle length <2 days,healthy_ovulatory,calendar,4,C_reproducibility_any,strict_herzog,False,8,0,0.0,,,,1.0,,
window_false_positive,cycle_regularity:SD cycle length <2 days,healthy_ovulatory,calendar,6,C_reproducibility_any,strict_herzog,False,8,1,0.0,0.0,0.0,0.7934506856227626,0.875,,
window_false_positive,cycle_regularity:SD cycle length <2 days,healthy_ovulatory,calendar,12,C_reproducibility_any,strict_herzog,False,8,0,0.0,,,,1.0,,
window_false_positive,cycle_regularity:SD cycle length <2 days,healthy_ovulatory,cycle,3,C_reproducibility_any,strict_herzog,False,8,0,0.0,,,,1.0,,
window_false_positive,cycle_regularity:SD cycle length <2 days,healthy_ovulatory,cycle,6,C_reproducibility_any,strict_herzog,False,8,1,0.0,0.0,0.0,0.7934506856227626,0.875,,
window_false_positive,cycle_regularity:SD cycle length <2 days,healthy_ovulatory,cycle,12,C_reproducibility_any,strict_herzog,False,8,0,0.0,,,,1.0,,
window_false_positive,cycle_regularity:SD cycle length <2 days,healthy_ovulatory,full,full_diary,C_reproducibility_any,strict_herzog,False,8,1,0.0,0.0,0.0,0.7934506856227626,0.875,,
window_false_positive,cycle_regularity:SD cycle length <2 days,population,calendar,1,C_reproducibility_any,strict_herzog,False,6,0,0.0,,,,1.0,,
window_false_positive,cycle_regularity:SD cycle length <2 days,population,calendar,3,C_reproducibility_any,strict_herzog,False,6,0,0.0,,,,1.0,,
window_false_positive,cycle_regularity:SD cycle length <2 days,population,calendar,4,C_reproducibility_any,strict_herzog,False,6,0,0.0,,,,1.0,,
window_false_positive,cycle_regularity:SD cycle length <2 days,population,calendar,6,C_reproducibility_any,strict_herzog,False,6,3,0.0,0.0,5.551115123125783e-17,0.5614970317550454,0.5,,
window_false_positive,cycle_regularity:SD cycle length <2 days,population,calendar,12,C_reproducibility_any,strict_herzog,False,6,0,0.0,,,,1.0,,
window_false_positive,cycle_regularity:SD cycle length <2 days,population,cycle,3,C_reproducibility_any,strict_herzog,False,6,0,0.0,,,,1.0,,
window_false_positive,cycle_regularity:SD cycle length <2 days,population,cycle,6,C_reproducibility_any,strict_herzog,False,6,3,0.0,0.0,5.551115123125783e-17,0.5614970317550454,0.5,,
window_false_positive,cycle_regularity:SD cycle length <2 days,population,cycle,12,C_reproducibility_any,strict_herzog,False,6,0,0.0,,,,1.0,,
window_false_positive,cycle_regularity:SD cycle length <2 days,population,full,full_diary,C_reproducibility_any,strict_herzog,False,6,3,0.0,0.0,5.551115123125783e-17,0.5614970317550454,0.5,,
window_false_positive,cycle_regularity:SD cycle length <2 days,healthy_ovulatory,calendar,1,C_reproducibility_12cycle_any,strict_herzog,False,8,0,0.0,,,,1.0,,
window_false_positive,cycle_regularity:SD cycle length <2 days,healthy_ovulatory,calendar,3,C_reproducibility_12cycle_any,strict_herzog,False,8,0,0.0,,,,1.0,,
window_false_positive,cycle_regularity:SD cycle length <2 days,healthy_ovulatory,calendar,4,C_reproducibility_12cycle_any,strict_herzog,False,8,0,0.0,,,,1.0,,
window_false_positive,cycle_regularity:SD cycle length <2 days,healthy_ovulatory,calendar,6,C_reproducibility_12cycle_any,strict_herzog,False,8,0,0.0,,,,1.0,,
window_false_positive,cycle_regularity:SD cycle length <2 days,healthy_ovulatory,calendar,12,C_reproducibility_12cycle_any,strict_herzog,False,8,0,0.0,,,,1.0,,
window_false_positive,cycle_regularity:SD cycle length <2 days,healthy_ovulatory,cycle,3,C_reproducibility_12cycle_any,strict_herzog,False,8,0,0.0,,,,1.0,,
window_false_positive,cycle_regularity:SD cycle length <2 days,healthy_ovulatory,cycle,6,C_reproducibility_12cycle_any,strict_herzog,False,8,0,0.0,,,,1.0,,
window_false_positive,cycle_regularity:SD cycle length <2 days,healthy_ovulatory,cycle,12,C_reproducibility_12cycle_any,strict_herzog,False,8,0,0.0,,,,1.0,,
window_false_positive,cycle_regularity:SD cycle length <2 days,healthy_ovulatory,full,full_diary,C_reproducibility_12cycle_any,strict_herzog,False,8,0,0.0,,,,1.0,,
window_false_positive,cycle_regularity:SD cycle length <2 days,population,calendar,1,C_reproducibility_12cycle_any,strict_herzog,False,6,0,0.0,,,,1.0,,
window_false_positive,cycle_regularity:SD cycle length <2 days,population,calendar,3,C_reproducibility_12cycle_any,strict_herzog,False,6,0,0.0,,,,1.0,,
window_false_positive,cycle_regularity:SD cycle length <2 days,population,calendar,4,C_reproducibility_12cycle_any,strict_herzog,False,6,0,0.0,,,,1.0,,
window_false_positive,cycle_regularity:SD cycle length <2 days,population,calendar,6,C_reproducibility_12cycle_any,strict_herzog,False,6,0,0.0,,,,1.0,,
window_false_positive,cycle_regularity:SD cycle length <2 days,population,calendar,12,C_reproducibility_12cycle_any,strict_herzog,False,6,0,0.0,,,,1.0,,
window_false_positive,cycle_regularity:SD cycle length <2 days,population,cycle,3,C_reproducibility_12cycle_any,strict_herzog,False,6,0,0.0,,,,1.0,,
window_false_positive,cycle_regularity:SD cycle length <2 days,population,cycle,6,C_reproducibility_12cycle_any,strict_herzog,False,6,0,0.0,,,,1.0,,
window_false_positive,cycle_regularity:SD cycle length <2 days,population,cycle,12,C_reproducibility_12cycle_any,strict_herzog,False,6,0,0.0,,,,1.0,,
window_false_positive,cycle_regularity:SD cycle length <2 days,population,full,full_diary,C_reproducibility_12cycle_any,strict_herzog,False,6,0,0.0,,,,1.0,,
window_false_positive,cycle_regularity:SD cycle length <2 days,healthy_ovulatory,calendar,1,D_nb_regression_any,strict_herzog,False,8,0,0.0,,,,1.0,,
window_false_positive,cycle_regularity:SD cycle length <2 days,healthy_ovulatory,calendar,3,D_nb_regression_any,strict_herzog,False,8,0,0.0,,,,1.0,,
window_false_positive,cycle_regularity:SD cycle length <2 days,healthy_ovulatory,calendar,4,D_nb_regression_any,strict_herzog,False,8,4,0.0,0.0,0.0,0.4898908364545973,0.5,,
window_false_positive,cycle_regularity:SD cycle length <2 days,healthy_ovulatory,calendar,6,D_nb_regression_any,strict_herzog,False,8,4,0.0,0.0,0.0,0.4898908364545973,0.5,,
window_false_positive,cycle_regularity:SD cycle length <2 days,healthy_ovulatory,calendar,12,D_nb_regression_any,strict_herzog,False,8,0,0.0,,,,1.0,,
window_false_positive,cycle_regularity:SD cycle length <2 days,healthy_ovulatory,cycle,3,D_nb_regression_any,strict_herzog,False,8,0,0.0,,,,1.0,,
window_false_positive,cycle_regularity:SD cycle length <2 days,healthy_ovulatory,cycle,6,D_nb_regression_any,strict_herzog,False,8,4,0.0,0.0,0.0,0.4898908364545973,0.5,,
window_false_positive,cycle_regularity:SD cycle length <2 days,healthy_ovulatory,cycle,12,D_nb_regression_any,strict_herzog,False,8,0,0.0,,,,1.0,,
window_false_positive,cycle_regularity:SD cycle length <2 days,healthy_ovulatory,full,full_diary,D_nb_regression_any,strict_herzog,False,8,4,0.0,0.0,0.0,0.4898908364545973,0.5,,
window_false_positive,cycle_regularity:SD cycle length <2 days,population,calendar,1,D_nb_regression_any,strict_herzog,False,6,0,0.0,,,,1.0,,
window_false_positive,cycle_regularity:SD cycle length <2 days,population,calendar,3,D_nb_regression_any,strict_herzog,False,6,0,0.0,,,,1.0,,
window_false_positive,cycle_regularity:SD cycle length <2 days,population,calendar,4,D_nb_regression_any,strict_herzog,False,6,5,0.0,0.0,0.0,0.43448246478317476,0.16666666666666663,,
window_false_positive,cycle_regularity:SD cycle length <2 days,population,calendar,6,D_nb_regression_any,strict_herzog,False,6,6,0.0,0.0,2.7755575615628914e-17,0.3903342879021653,0.0,,
window_false_positive,cycle_regularity:SD cycle length <2 days,population,calendar,12,D_nb_regression_any,strict_herzog,False,6,0,0.0,,,,1.0,,
window_false_positive,cycle_regularity:SD cycle length <2 days,population,cycle,3,D_nb_regression_any,strict_herzog,False,6,0,0.0,,,,1.0,,
window_false_positive,cycle_regularity:SD cycle length <2 days,population,cycle,6,D_nb_regression_any,strict_herzog,False,6,4,0.0,0.0,0.0,0.4898908364545973,0.33333333333333337,,
window_false_positive,cycle_regularity:SD cycle length <2 days,population,cycle,12,D_nb_regression_any,strict_herzog,False,6,0,0.0,,,,1.0,,
window_false_positive,cycle_regularity:SD cycle length <2 days,population,full,full_diary,D_nb_regression_any,strict_herzog,False,6,6,0.0,0.0,2.7755575615628914e-17,0.3903342879021653,0.0,,
window_false_positive,cycle_regularity:SD cycle length <2 days,healthy_ovulatory,calendar,1,D_nb_regression_window_alpha_any,strict_herzog,False,8,0,0.0,,,,1.0,,
window_false_positive,cycle_regularity:SD cycle length <2 days,healthy_ovulatory,calendar,3,D_nb_regression_window_alpha_any,strict_herzog,False,8,0,0.0,,,,1.0,,
window_false_positive,cycle_regularity:SD cycle length <2 days,healthy_ovulatory,calendar,4,D_nb_regression_window_alpha_any,strict_herzog,False,8,0,0.0,,,,1.0,,
window_false_positive,cycle_regularity:SD cycle length <2 days,healthy_ovulatory,calendar,6,D_nb_regression_window_alpha_any,strict_herzog,False,8,0,0.0,,,,1.0,,
window_false_positive,cycle_regularity:SD cycle length <2 days,healthy_ovulatory,calendar,12,D_nb_regression_window_alpha_any,strict_herzog,False,8,0,0.0,,,,1.0,,
window_false_positive,cycle_regularity:SD cycle length <2 days,healthy_ovulatory,cycle,3,D_nb_regression_window_alpha_any,strict_herzog,False,8,0,0.0,,,,1.0,,
window_false_positive,cycle_regularity:SD cycle length <2 days,healthy_ovulatory,cycle,6,D_nb_regression_window_alpha_any,strict_herzog,False,8,0,0.0,,,,1.0,,
window_false_positive,cycle_regularity:SD cycle length <2 days,healthy_ovulatory,cycle,12,D_nb_regression_window_alpha_any,strict_herzog,False,8,0,0.0,,,,1.0,,
window_false_positive,cycle_regularity:SD cycle length <2 days,healthy_ovulatory,full,full_diary,D_nb_regression_window_alpha_any,strict_herzog,False,8,4,0.0,0.0,0.0,0.4898908364545973,0.5,,
window_false_positive,cycle_regularity:SD cycle length <2 days,population,calendar,1,D_nb_regression_window_alpha_any,strict_herzog,False,6,0,0.0,,,,1.0,,
window_false_positive,cycle_regularity:SD cycle length <2 days,population,calendar,3,D_nb_regression_window_alpha_any,strict_herzog,False,6,0,0.0,,,,1.0,,
window_false_positive,cycle_regularity:SD cycle length <2 days,population,calendar,4,D_nb_regression_window_alpha_any,strict_herzog,False,6,0,0.0,,,,1.0,,
window_false_positive,cycle_regularity:SD cycle length <2 days,population,calendar,6,D_nb_regression_window_alpha_any,strict_herzog,False,6,0,0.0,,,,1.0,,
window_false_positive,cycle_regularity:SD cycle length <2 days,population,calendar,12,D_nb_regression_window_alpha_any,strict_herzog,False,6,0,0.0,,,,1.0,,
window_false_positive,cycle_regularity:SD cycle length <2 days,population,cycle,3,D_nb_regression_window_alpha_any,strict_herzog,False,6,0,0.0,,,,1.0,,
window_false_positive,cycle_regularity:SD cycle length <2 days,population,cycle,6,D_nb_regression_window_alpha_any,strict_herzog,False,6,0,0.0,,,,1.0,,
window_false_positive,cycle_regularity:SD cycle length <2 days,population,cycle,12,D_nb_regression_window_alpha_any,strict_herzog,False,6,0,0.0,,,,1.0,,
window_false_positive,cycle_regularity:SD cycle length <2 days,population,full,full_diary,D_nb_regression_window_alpha_any,strict_herzog,False,6,6,0.0,0.0,2.7755575615628914e-17,0.3903342879021653,0.0,,
window_false_positive,cycle_regularity:SD cycle length <2 days,healthy_ovulatory,calendar,1,H1_newmark_penry_any,strict_herzog,True,8,5,1.0,0.2,0.03622410863243014,0.6244653702374747,0.375,,
window_false_positive,cycle_regularity:SD cycle length <2 days,healthy_ovulatory,calendar,3,H1_newmark_penry_any,strict_herzog,True,8,4,1.0,0.25,0.04558726080970055,0.6993581574175981,0.5,,
window_false_positive,cycle_regularity:SD cycle length <2 days,healthy_ovulatory,calendar,4,H1_newmark_penry_any,strict_herzog,True,8,5,0.0,0.0,0.0,0.43448246478317476,0.375,,
window_false_positive,cycle_regularity:SD cycle length <2 days,healthy_ovulatory,calendar,6,H1_newmark_penry_any,strict_herzog,True,8,6,0.0,0.0,2.7755575615628914e-17,0.3903342879021653,0.25,,
window_false_positive,cycle_regularity:SD cycle length <2 days,healthy_ovulatory,calendar,12,H1_newmark_penry_any,strict_herzog,True,8,0,0.0,,,,1.0,,
window_false_positive,cycle_regularity:SD cycle length <2 days,healthy_ovulatory,cycle,3,H1_newmark_penry_any,strict_herzog,True,8,5,0.0,0.0,0.0,0.43448246478317476,0.375,,
window_false_positive,cycle_regularity:SD cycle length <2 days,healthy_ovulatory,cycle,6,H1_newmark_penry_any,strict_herzog,True,8,5,0.0,0.0,0.0,0.43448246478317476,0.375,,
window_false_positive,cycle_regularity:SD cycle length <2 days,healthy_ovulatory,cycle,12,H1_newmark_penry_any,strict_herzog,True,8,0,0.0,,,,1.0,,
window_false_positive,cycle_regularity:SD cycle length <2 days,healthy_ovulatory,full,full_diary,H1_newmark_penry_any,strict_herzog,True,8,6,0.0,0.0,2.7755575615628914e-17,0.3903342879021653,0.25,,
window_false_positive,cycle_regularity:SD cycle length <2 days,population,calendar,1,H1_newmark_penry_any,strict_herzog,True,6,5,1.0,0.2,0.03622410863243014,0.6244653702374747,0.16666666666666663,,
window_false_positive,cycle_regularity:SD cycle length <2 days,population,calendar,3,H1_newmark_penry_any,strict_herzog,True,6,6,1.0,0.16666666666666666,0.030053369748306635,0.5635028221864702,0.0,,
window_false_positive,cycle_regularity:SD cycle length <2 days,population,calendar,4,H1_newmark_penry_any,strict_herzog,True,6,6,1.0,0.16666666666666666,0.030053369748306635,0.5635028221864702,0.0,,
window_false_positive,cycle_regularity:SD cycle length <2 days,population,calendar,6,H1_newmark_penry_any,strict_herzog,True,6,6,1.0,0.16666666666666666,0.030053369748306635,0.5635028221864702,0.0,,
window_false_positive,cycle_regularity:SD cycle length <2 days,population,calendar,12,H1_newmark_penry_any,strict_herzog,True,6,0,0.0,,,,1.0,,
window_false_positive,cycle_regularity:SD cycle length <2 days,population,cycle,3,H1_newmark_penry_any,strict_herzog,True,6,6,1.0,0.16666666666666666,0.030053369748306635,0.5635028221864702,0.0,,
window_false_positive,cycle_regularity:SD cycle length <2 days,population,cycle,6,H1_newmark_penry_any,strict_herzog,True,6,4,1.0,0.25,0.04558726080970055,0.6993581574175981,0.33333333333333337,,
window_false_positive,cycle_regularity:SD cycle length <2 days,population,cycle,12,H1_newmark_penry_any,strict_herzog,True,6,0,0.0,,,,1.0,,
window_false_positive,cycle_regularity:SD cycle length <2 days,population,full,full_diary,H1_newmark_penry_any,strict_herzog,True,6,6,1.0,0.16666666666666666,0.030053369748306635,0.5635028221864702,0.0,,
window_false_positive,cycle_regularity:SD cycle length <2 days,healthy_ovulatory,calendar,1,H1_newmark_penry_66_7_any,strict_herzog,True,8,5,1.0,0.2,0.03622410863243014,0.6244653702374747,0.375,,
window_false_positive,cycle_regularity:SD cycle length <2 days,healthy_ovulatory,calendar,3,H1_newmark_penry_66_7_any,strict_herzog,True,8,4,0.0,0.0,0.0,0.4898908364545973,0.5,,
window_false_positive,cycle_regularity:SD cycle length <2 days,healthy_ovulatory,calendar,4,H1_newmark_penry_66_7_any,strict_herzog,True,8,5,0.0,0.0,0.0,0.43448246478317476,0.375,,
window_false_positive,cycle_regularity:SD cycle length <2 days,healthy_ovulatory,calendar,6,H1_newmark_penry_66_7_any,strict_herzog,True,8,6,0.0,0.0,2.7755575615628914e-17,0.3903342879021653,0.25,,
window_false_positive,cycle_regularity:SD cycle length <2 days,healthy_ovulatory,calendar,12,H1_newmark_penry_66_7_any,strict_herzog,True,8,0,0.0,,,,1.0,,
window_false_positive,cycle_regularity:SD cycle length <2 days,healthy_ovulatory,cycle,3,H1_newmark_penry_66_7_any,strict_herzog,True,8,5,0.0,0.0,0.0,0.43448246478317476,0.375,,
window_false_positive,cycle_regularity:SD cycle length <2 days,healthy_ovulatory,cycle,6,H1_newmark_penry_66_7_any,strict_herzog,True,8,5,0.0,0.0,0.0,0.43448246478317476,0.375,,
window_false_positive,cycle_regularity:SD cycle length <2 days,healthy_ovulatory,cycle,12,H1_newmark_penry_66_7_any,strict_herzog,True,8,0,0.0,,,,1.0,,
window_false_positive,cycle_regularity:SD cycle length <2 days,healthy_ovulatory,full,full_diary,H1_newmark_penry_66_7_any,strict_herzog,True,8,6,0.0,0.0,2.7755575615628914e-17,0.3903342879021653,0.25,,
window_false_positive,cycle_regularity:SD cycle length <2 days,population,calendar,1,H1_newmark_penry_66_7_any,strict_herzog,True,6,5,1.0,0.2,0.03622410863243014,0.6244653702374747,0.16666666666666663,,
window_false_positive,cycle_regularity:SD cycle length <2 days,population,calendar,3,H1_newmark_penry_66_7_any,strict_herzog,True,6,6,1.0,0.16666666666666666,0.030053369748306635,0.5635028221864702,0.0,,
window_false_positive,cycle_regularity:SD cycle length <2 days,population,calendar,4,H1_newmark_penry_66_7_any,strict_herzog,True,6,6,1.0,0.16666666666666666,0.030053369748306635,0.5635028221864702,0.0,,
window_false_positive,cycle_regularity:SD cycle length <2 days,population,calendar,6,H1_newmark_penry_66_7_any,strict_herzog,True,6,6,1.0,0.16666666666666666,0.030053369748306635,0.5635028221864702,0.0,,
window_false_positive,cycle_regularity:SD cycle length <2 days,population,calendar,12,H1_newmark_penry_66_7_any,strict_herzog,True,6,0,0.0,,,,1.0,,
window_false_positive,cycle_regularity:SD cycle length <2 days,population,cycle,3,H1_newmark_penry_66_7_any,strict_herzog,True,6,6,0.0,0.0,2.7755575615628914e-17,0.3903342879021653,0.0,,
window_false_positive,cycle_regularity:SD cycle length <2 days,population,cycle,6,H1_newmark_penry_66_7_any,strict_herzog,True,6,4,1.0,0.25,0.04558726080970055,0.6993581574175981,0.33333333333333337,,
window_false_positive,cycle_regularity:SD cycle length <2 days,population,cycle,12,H1_newmark_penry_66_7_any,strict_herzog,True,6,0,0.0,,,,1.0,,
window_false_positive,cycle_regularity:SD cycle length <2 days,population,full,full_diary,H1_newmark_penry_66_7_any,strict_herzog,True,6,6,1.0,0.16666666666666666,0.030053369748306635,0.5635028221864702,0.0,,
window_false_positive,cycle_regularity:SD cycle length <2 days,healthy_ovulatory,calendar,1,H2_duncan1993_any,strict_herzog,True,8,5,3.0,0.6,0.2307242812760128,0.882379225767352,0.375,,
window_false_positive,cycle_regularity:SD cycle length <2 days,healthy_ovulatory,calendar,3,H2_duncan1993_any,strict_herzog,True,8,4,0.0,0.0,0.0,0.4898908364545973,0.5,,
window_false_positive,cycle_regularity:SD cycle length <2 days,healthy_ovulatory,calendar,4,H2_duncan1993_any,strict_herzog,True,8,5,0.0,0.0,0.0,0.43448246478317476,0.375,,
window_false_positive,cycle_regularity:SD cycle length <2 days,healthy_ovulatory,calendar,6,H2_duncan1993_any,strict_herzog,True,8,6,0.0,0.0,2.7755575615628914e-17,0.3903342879021653,0.25,,
window_false_positive,cycle_regularity:SD cycle length <2 days,healthy_ovulatory,calendar,12,H2_duncan1993_any,strict_herzog,True,8,0,0.0,,,,1.0,,
window_false_positive,cycle_regularity:SD cycle length <2 days,healthy_ovulatory,cycle,3,H2_duncan1993_any,strict_herzog,True,8,5,0.0,0.0,0.0,0.43448246478317476,0.375,,
window_false_positive,cycle_regularity:SD cycle length <2 days,healthy_ovulatory,cycle,6,H2_duncan1993_any,strict_herzog,True,8,5,0.0,0.0,0.0,0.43448246478317476,0.375,,
window_false_positive,cycle_regularity:SD cycle length <2 days,healthy_ovulatory,cycle,12,H2_duncan1993_any,strict_herzog,True,8,0,0.0,,,,1.0,,
window_false_positive,cycle_regularity:SD cycle length <2 days,healthy_ovulatory,full,full_diary,H2_duncan1993_any,strict_herzog,True,8,6,0.0,0.0,2.7755575615628914e-17,0.3903342879021653,0.25,,
window_false_positive,cycle_regularity:SD cycle length <2 days,population,calendar,1,H2_duncan1993_any,strict_herzog,True,6,5,1.0,0.2,0.03622410863243014,0.6244653702374747,0.16666666666666663,,
window_false_positive,cycle_regularity:SD cycle length <2 days,population,calendar,3,H2_duncan1993_any,strict_herzog,True,6,6,1.0,0.16666666666666666,0.030053369748306635,0.5635028221864702,0.0,,
window_false_positive,cycle_regularity:SD cycle length <2 days,population,calendar,4,H2_duncan1993_any,strict_herzog,True,6,6,1.0,0.16666666666666666,0.030053369748306635,0.5635028221864702,0.0,,
window_false_positive,cycle_regularity:SD cycle length <2 days,population,calendar,6,H2_duncan1993_any,strict_herzog,True,6,6,1.0,0.16666666666666666,0.030053369748306635,0.5635028221864702,0.0,,
window_false_positive,cycle_regularity:SD cycle length <2 days,population,calendar,12,H2_duncan1993_any,strict_herzog,True,6,0,0.0,,,,1.0,,
window_false_positive,cycle_regularity:SD cycle length <2 days,population,cycle,3,H2_duncan1993_any,strict_herzog,True,6,6,0.0,0.0,2.7755575615628914e-17,0.3903342879021653,0.0,,
window_false_positive,cycle_regularity:SD cycle length <2 days,population,cycle,6,H2_duncan1993_any,strict_herzog,True,6,4,1.0,0.25,0.04558726080970055,0.6993581574175981,0.33333333333333337,,
window_false_positive,cycle_regularity:SD cycle length <2 days,population,cycle,12,H2_duncan1993_any,strict_herzog,True,6,0,0.0,,,,1.0,,
window_false_positive,cycle_regularity:SD cycle length <2 days,population,full,full_diary,H2_duncan1993_any,strict_herzog,True,6,6,1.0,0.16666666666666666,0.030053369748306635,0.5635028221864702,0.0,,
window_false_positive,cycle_regularity:SD cycle length <2 days,healthy_ovulatory,calendar,1,H3_herzog1997_twofold_any,strict_herzog,True,8,5,2.0,0.4,0.11762077423264783,0.769275718723987,0.375,,
window_false_positive,cycle_regularity:SD cycle length <2 days,healthy_ovulatory,calendar,3,H3_herzog1997_twofold_any,strict_herzog,True,8,4,1.0,0.25,0.04558726080970055,0.6993581574175981,0.5,,
window_false_positive,cycle_regularity:SD cycle length <2 days,healthy_ovulatory,calendar,4,H3_herzog1997_twofold_any,strict_herzog,True,8,5,1.0,0.2,0.03622410863243014,0.6244653702374747,0.375,,
window_false_positive,cycle_regularity:SD cycle length <2 days,healthy_ovulatory,calendar,6,H3_herzog1997_twofold_any,strict_herzog,True,8,6,1.0,0.16666666666666666,0.030053369748306635,0.5635028221864702,0.25,,
window_false_positive,cycle_regularity:SD cycle length <2 days,healthy_ovulatory,calendar,12,H3_herzog1997_twofold_any,strict_herzog,True,8,0,0.0,,,,1.0,,
window_false_positive,cycle_regularity:SD cycle length <2 days,healthy_ovulatory,cycle,3,H3_herzog1997_twofold_any,strict_herzog,True,8,5,0.0,0.0,0.0,0.43448246478317476,0.375,,
window_false_positive,cycle_regularity:SD cycle length <2 days,healthy_ovulatory,cycle,6,H3_herzog1997_twofold_any,strict_herzog,True,8,5,2.0,0.4,0.11762077423264783,0.769275718723987,0.375,,
window_false_positive,cycle_regularity:SD cycle length <2 days,healthy_ovulatory,cycle,12,H3_herzog1997_twofold_any,strict_herzog,True,8,0,0.0,,,,1.0,,
window_false_positive,cycle_regularity:SD cycle length <2 days,healthy_ovulatory,full,full_diary,H3_herzog1997_twofold_any,strict_herzog,True,8,6,1.0,0.16666666666666666,0.030053369748306635,0.5635028221864702,0.25,,
window_false_positive,cycle_regularity:SD cycle length <2 days,population,calendar,1,H3_herzog1997_twofold_any,strict_herzog,True,6,5,2.0,0.4,0.11762077423264783,0.769275718723987,0.16666666666666663,,
window_false_positive,cycle_regularity:SD cycle length <2 days,population,calendar,3,H3_herzog1997_twofold_any,strict_herzog,True,6,6,1.0,0.16666666666666666,0.030053369748306635,0.5635028221864702,0.0,,
window_false_positive,cycle_regularity:SD cycle length <2 days,population,calendar,4,H3_herzog1997_twofold_any,strict_herzog,True,6,6,1.0,0.16666666666666666,0.030053369748306635,0.5635028221864702,0.0,,
window_false_positive,cycle_regularity:SD cycle length <2 days,population,calendar,6,H3_herzog1997_twofold_any,strict_herzog,True,6,6,2.0,0.3333333333333333,0.09677141110578041,0.700006684861608,0.0,,
window_false_positive,cycle_regularity:SD cycle length <2 days,population,calendar,12,H3_herzog1997_twofold_any,strict_herzog,True,6,0,0.0,,,,1.0,,
window_false_positive,cycle_regularity:SD cycle length <2 days,population,cycle,3,H3_herzog1997_twofold_any,strict_herzog,True,6,6,3.0,0.5,0.18761630648265054,0.8123836935173494,0.0,,
window_false_positive,cycle_regularity:SD cycle length <2 days,population,cycle,6,H3_herzog1997_twofold_any,strict_herzog,True,6,4,2.0,0.5,0.15003898915214947,0.8499610108478506,0.33333333333333337,,
window_false_positive,cycle_regularity:SD cycle length <2 days,population,cycle,12,H3_herzog1997_twofold_any,strict_herzog,True,6,0,0.0,,,,1.0,,
window_false_positive,cycle_regularity:SD cycle length <2 days,population,full,full_diary,H3_herzog1997_twofold_any,strict_herzog,True,6,6,2.0,0.3333333333333333,0.09677141110578041,0.700006684861608,0.0,,
window_false_positive,cycle_regularity:SD cycle length <2 days,healthy_ovulatory,calendar,1,H4_reddy2007_any_phase2x_any,strict_herzog,True,8,5,5.0,1.0,0.5655175352168251,1.0,0.375,,
window_false_positive,cycle_regularity:SD cycle length <2 days,healthy_ovulatory,calendar,3,H4_reddy2007_any_phase2x_any,strict_herzog,True,8,4,4.0,1.0,0.5101091635454027,1.0,0.5,,
window_false_positive,cycle_regularity:SD cycle length <2 days,healthy_ovulatory,calendar,4,H4_reddy2007_any_phase2x_any,strict_herzog,True,8,5,3.0,0.6,0.2307242812760128,0.882379225767352,0.375,,
window_false_positive,cycle_regularity:SD cycle length <2 days,healthy_ovulatory,calendar,6,H4_reddy2007_any_phase2x_any,strict_herzog,True,8,6,3.0,0.5,0.18761630648265054,0.8123836935173494,0.25,,
window_false_positive,cycle_regularity:SD cycle length <2 days,healthy_ovulatory,calendar,12,H4_reddy2007_any_phase2x_any,strict_herzog,True,8,0,0.0,,,,1.0,,
window_false_positive,cycle_regularity:SD cycle length <2 days,healthy_ovulatory,cycle,3,H4_reddy2007_any_phase2x_any,strict_herzog,True,8,5,4.0,0.8,0.37553462976252533,0.9637758913675698,0.375,,
window_false_positive,cycle_regularity:SD cycle length <2 days,healthy_ovulatory,cycle,6,H4_reddy2007_any_phase2x_any,strict_herzog,True,8,5,3.0,0.6,0.2307242812760128,0.882379225767352,0.375,,
window_false_positive,cycle_regularity:SD cycle length <2 days,healthy_ovulatory,cycle,12,H4_reddy2007_any_phase2x_any,strict_herzog,True,8,0,0.0,,,,1.0,,
window_false_positive,cycle_regularity:SD cycle length <2 days,healthy_ovulatory,full,full_diary,H4_reddy2007_any_phase2x_any,strict_herzog,True,8,6,3.0,0.5,0.18761630648265054,0.8123836935173494,0.25,,
window_false_positive,cycle_regularity:SD cycle length <2 days,population,calendar,1,H4_reddy2007_any_phase2x_any,strict_herzog,True,6,5,5.0,1.0,0.5655175352168251,1.0,0.16666666666666663,,
window_false_positive,cycle_regularity:SD cycle length <2 days,population,calendar,3,H4_reddy2007_any_phase2x_any,strict_herzog,True,6,6,4.0,0.6666666666666666,0.299993315138392,0.9032285888942195,0.0,,
window_false_positive,cycle_regularity:SD cycle length <2 days,population,calendar,4,H4_reddy2007_any_phase2x_any,strict_herzog,True,6,6,3.0,0.5,0.18761630648265054,0.8123836935173494,0.0,,
window_false_positive,cycle_regularity:SD cycle length <2 days,population,calendar,6,H4_reddy2007_any_phase2x_any,strict_herzog,True,6,6,2.0,0.3333333333333333,0.09677141110578041,0.700006684861608,0.0,,
window_false_positive,cycle_regularity:SD cycle length <2 days,population,calendar,12,H4_reddy2007_any_phase2x_any,strict_herzog,True,6,0,0.0,,,,1.0,,
window_false_positive,cycle_regularity:SD cycle length <2 days,population,cycle,3,H4_reddy2007_any_phase2x_any,strict_herzog,True,6,6,6.0,1.0,0.6096657120978346,1.0,0.0,,
window_false_positive,cycle_regularity:SD cycle length <2 days,population,cycle,6,H4_reddy2007_any_phase2x_any,strict_herzog,True,6,4,3.0,0.75,0.30064184258240184,0.9544127391902995,0.33333333333333337,,
window_false_positive,cycle_regularity:SD cycle length <2 days,population,cycle,12,H4_reddy2007_any_phase2x_any,strict_herzog,True,6,0,0.0,,,,1.0,,
window_false_positive,cycle_regularity:SD cycle length <2 days,population,full,full_diary,H4_reddy2007_any_phase2x_any,strict_herzog,True,6,6,2.0,0.3333333333333333,0.09677141110578041,0.700006684861608,0.0,,
window_false_positive,cycle_regularity:SD cycle length >=4 days,healthy_ovulatory,calendar,1,A_exact_any,strict_herzog,False,12,0,0.0,,,,1.0,,
window_false_positive,cycle_regularity:SD cycle length >=4 days,healthy_ovulatory,calendar,3,A_exact_any,strict_herzog,False,12,0,0.0,,,,1.0,,
window_false_positive,cycle_regularity:SD cycle length >=4 days,healthy_ovulatory,calendar,4,A_exact_any,strict_herzog,False,12,0,0.0,,,,1.0,,
window_false_positive,cycle_regularity:SD cycle length >=4 days,healthy_ovulatory,calendar,6,A_exact_any,strict_herzog,False,12,0,0.0,,,,1.0,,
window_false_positive,cycle_regularity:SD cycle length >=4 days,healthy_ovulatory,calendar,12,A_exact_any,strict_herzog,False,12,0,0.0,,,,1.0,,
window_false_positive,cycle_regularity:SD cycle length >=4 days,healthy_ovulatory,cycle,3,A_exact_any,strict_herzog,False,12,5,1.0,0.2,0.03622410863243014,0.6244653702374747,0.5833333333333333,,
window_false_positive,cycle_regularity:SD cycle length >=4 days,healthy_ovulatory,cycle,6,A_exact_any,strict_herzog,False,12,0,0.0,,,,1.0,,
window_false_positive,cycle_regularity:SD cycle length >=4 days,healthy_ovulatory,cycle,12,A_exact_any,strict_herzog,False,12,0,0.0,,,,1.0,,
window_false_positive,cycle_regularity:SD cycle length >=4 days,healthy_ovulatory,full,full_diary,A_exact_any,strict_herzog,False,12,0,0.0,,,,1.0,,
window_false_positive,cycle_regularity:SD cycle length >=4 days,population,calendar,1,A_exact_any,strict_herzog,False,27,0,0.0,,,,1.0,,
window_false_positive,cycle_regularity:SD cycle length >=4 days,population,calendar,3,A_exact_any,strict_herzog,False,27,0,0.0,,,,1.0,,
window_false_positive,cycle_regularity:SD cycle length >=4 days,population,calendar,4,A_exact_any,strict_herzog,False,27,0,0.0,,,,1.0,,
window_false_positive,cycle_regularity:SD cycle length >=4 days,population,calendar,6,A_exact_any,strict_herzog,False,27,0,0.0,,,,1.0,,
window_false_positive,cycle_regularity:SD cycle length >=4 days,population,calendar,12,A_exact_any,strict_herzog,False,27,0,0.0,,,,1.0,,
window_false_positive,cycle_regularity:SD cycle length >=4 days,population,cycle,3,A_exact_any,strict_herzog,False,27,3,2.0,0.6666666666666666,0.2076596008020477,0.9385080552796037,0.8888888888888888,,
window_false_positive,cycle_regularity:SD cycle length >=4 days,population,cycle,6,A_exact_any,strict_herzog,False,27,0,0.0,,,,1.0,,
window_false_positive,cycle_regularity:SD cycle length >=4 days,population,cycle,12,A_exact_any,strict_herzog,False,27,0,0.0,,,,1.0,,
window_false_positive,cycle_regularity:SD cycle length >=4 days,population,full,full_diary,A_exact_any,strict_herzog,False,27,0,0.0,,,,1.0,,
window_false_positive,cycle_regularity:SD cycle length >=4 days,healthy_ovulatory,calendar,1,A_windowed_any,strict_herzog,False,12,9,3.0,0.3333333333333333,0.1205838183869109,0.6457978644196036,0.25,,
window_false_positive,cycle_regularity:SD cycle length >=4 days,healthy_ovulatory,calendar,3,A_windowed_any,strict_herzog,False,12,10,3.0,0.3,0.10779126740630099,0.6032218525388546,0.16666666666666663,,
window_false_positive,cycle_regularity:SD cycle length >=4 days,healthy_ovulatory,calendar,4,A_windowed_any,strict_herzog,False,12,11,2.0,0.18181818181818182,0.05136768974608513,0.4769805619608442,0.08333333333333337,,
window_false_positive,cycle_regularity:SD cycle length >=4 days,healthy_ovulatory,calendar,6,A_windowed_any,strict_herzog,False,12,11,2.0,0.18181818181818182,0.05136768974608513,0.4769805619608442,0.08333333333333337,,
window_false_positive,cycle_regularity:SD cycle length >=4 days,healthy_ovulatory,calendar,12,A_windowed_any,strict_herzog,False,12,0,0.0,,,,1.0,,
window_false_positive,cycle_regularity:SD cycle length >=4 days,healthy_ovulatory,cycle,3,A_windowed_any,strict_herzog,False,12,10,4.0,0.4,0.16818032970623614,0.6873262302663417,0.16666666666666663,,
window_false_positive,cycle_regularity:SD cycle length >=4 days,healthy_ovulatory,cycle,6,A_windowed_any,strict_herzog,False,12,9,2.0,0.2222222222222222,0.06322510711784671,0.5474110308930111,0.25,,
window_false_positive,cycle_regularity:SD cycle length >=4 days,healthy_ovulatory,cycle,12,A_windowed_any,strict_herzog,False,12,0,0.0,,,,1.0,,
window_false_positive,cycle_regularity:SD cycle length >=4 days,healthy_ovulatory,full,full_diary,A_windowed_any,strict_herzog,False,12,11,2.0,0.18181818181818182,0.05136768974608513,0.4769805619608442,0.08333333333333337,,
window_false_positive,cycle_regularity:SD cycle length >=4 days,population,calendar,1,A_windowed_any,strict_herzog,False,27,19,13.0,0.6842105263157895,0.46010407675327475,0.8463562091220773,0.2962962962962963,,
window_false_positive,cycle_regularity:SD cycle length >=4 days,population,calendar,3,A_windowed_any,strict_herzog,False,27,22,17.0,0.7727272727272727,0.5656004682477829,0.8987696001475147,0.18518518518518523,,
window_false_positive,cycle_regularity:SD cycle length >=4 days,population,calendar,4,A_windowed_any,strict_herzog,False,27,23,16.0,0.6956521739130435,0.49134243731240795,0.8439597554678597,0.14814814814814814,,
window_false_positive,cycle_regularity:SD cycle length >=4 days,population,calendar,6,A_windowed_any,strict_herzog,False,27,24,17.0,0.7083333333333334,0.5083230633550337,0.8508535180303913,0.11111111111111116,,
window_false_positive,cycle_regularity:SD cycle length >=4 days,population,calendar,12,A_windowed_any,strict_herzog,False,27,0,0.0,,,,1.0,,
window_false_positive,cycle_regularity:SD cycle length >=4 days,population,cycle,3,A_windowed_any,strict_herzog,False,27,21,15.0,0.7142857142857143,0.5004361928391441,0.8618613704787788,0.2222222222222222,,
window_false_positive,cycle_regularity:SD cycle length >=4 days,population,cycle,6,A_windowed_any,strict_herzog,False,27,7,6.0,0.8571428571428571,0.4868721707256811,0.9743203756552565,0.7407407407407407,,
window_false_positive,cycle_regularity:SD cycle length >=4 days,population,cycle,12,A_windowed_any,strict_herzog,False,27,0,0.0,,,,1.0,,
window_false_positive,cycle_regularity:SD cycle length >=4 days,population,full,full_diary,A_windowed_any,strict_herzog,False,27,24,17.0,0.7083333333333334,0.5083230633550337,0.8508535180303913,0.11111111111111116,,
window_false_positive,cycle_regularity:SD cycle length >=4 days,healthy_ovulatory,calendar,1,A_windowed_excluding_C3,strict_herzog,False,12,9,3.0,0.3333333333333333,0.1205838183869109,0.6457978644196036,0.25,,
window_false_positive,cycle_regularity:SD cycle length >=4 days,healthy_ovulatory,calendar,3,A_windowed_excluding_C3,strict_herzog,False,12,10,3.0,0.3,0.10779126740630099,0.6032218525388546,0.16666666666666663,,
window_false_positive,cycle_regularity:SD cycle length >=4 days,healthy_ovulatory,calendar,4,A_windowed_excluding_C3,strict_herzog,False,12,11,2.0,0.18181818181818182,0.05136768974608513,0.4769805619608442,0.08333333333333337,,
window_false_positive,cycle_regularity:SD cycle length >=4 days,healthy_ovulatory,calendar,6,A_windowed_excluding_C3,strict_herzog,False,12,11,2.0,0.18181818181818182,0.05136768974608513,0.4769805619608442,0.08333333333333337,,
window_false_positive,cycle_regularity:SD cycle length >=4 days,healthy_ovulatory,calendar,12,A_windowed_excluding_C3,strict_herzog,False,12,0,0.0,,,,1.0,,
window_false_positive,cycle_regularity:SD cycle length >=4 days,healthy_ovulatory,cycle,3,A_windowed_excluding_C3,strict_herzog,False,12,10,4.0,0.4,0.16818032970623614,0.6873262302663417,0.16666666666666663,,
window_false_positive,cycle_regularity:SD cycle length >=4 days,healthy_ovulatory,cycle,6,A_windowed_excluding_C3,strict_herzog,False,12,9,2.0,0.2222222222222222,0.06322510711784671,0.5474110308930111,0.25,,
window_false_positive,cycle_regularity:SD cycle length >=4 days,healthy_ovulatory,cycle,12,A_windowed_excluding_C3,strict_herzog,False,12,0,0.0,,,,1.0,,
window_false_positive,cycle_regularity:SD cycle length >=4 days,healthy_ovulatory,full,full_diary,A_windowed_excluding_C3,strict_herzog,False,12,11,2.0,0.18181818181818182,0.05136768974608513,0.4769805619608442,0.08333333333333337,,
window_false_positive,cycle_regularity:SD cycle length >=4 days,population,calendar,1,A_windowed_excluding_C3,strict_herzog,False,27,19,12.0,0.631578947368421,0.41039533164803066,0.8085048725486492,0.2962962962962963,,
window_false_positive,cycle_regularity:SD cycle length >=4 days,population,calendar,3,A_windowed_excluding_C3,strict_herzog,False,27,22,14.0,0.6363636363636364,0.4295170809013101,0.8026679532963388,0.18518518518518523,,
window_false_positive,cycle_regularity:SD cycle length >=4 days,population,calendar,4,A_windowed_excluding_C3,strict_herzog,False,27,23,14.0,0.6086956521739131,0.4078552239138171,0.7784237720752205,0.14814814814814814,,
window_false_positive,cycle_regularity:SD cycle length >=4 days,population,calendar,6,A_windowed_excluding_C3,strict_herzog,False,27,24,14.0,0.5833333333333334,0.3883466586522876,0.7553239739018824,0.11111111111111116,,
window_false_positive,cycle_regularity:SD cycle length >=4 days,population,calendar,12,A_windowed_excluding_C3,strict_herzog,False,27,0,0.0,,,,1.0,,
window_false_positive,cycle_regularity:SD cycle length >=4 days,population,cycle,3,A_windowed_excluding_C3,strict_herzog,False,27,21,13.0,0.6190476190476191,0.4087865377511576,0.7924898863143551,0.2222222222222222,,
window_false_positive,cycle_regularity:SD cycle length >=4 days,population,cycle,6,A_windowed_excluding_C3,strict_herzog,False,27,7,5.0,0.7142857142857143,0.35893445183261935,0.9177810759959433,0.7407407407407407,,
window_false_positive,cycle_regularity:SD cycle length >=4 days,population,cycle,12,A_windowed_excluding_C3,strict_herzog,False,27,0,0.0,,,,1.0,,
window_false_positive,cycle_regularity:SD cycle length >=4 days,population,full,full_diary,A_windowed_excluding_C3,strict_herzog,False,27,24,14.0,0.5833333333333334,0.3883466586522876,0.7553239739018824,0.11111111111111116,,
window_false_positive,cycle_regularity:SD cycle length >=4 days,healthy_ovulatory,calendar,1,A_windowed_C1_only,strict_herzog,False,12,6,0.0,0.0,2.7755575615628914e-17,0.3903342879021653,0.5,,
window_false_positive,cycle_regularity:SD cycle length >=4 days,healthy_ovulatory,calendar,3,A_windowed_C1_only,strict_herzog,False,12,10,0.0,0.0,0.0,0.2775327998628892,0.16666666666666663,,
window_false_positive,cycle_regularity:SD cycle length >=4 days,healthy_ovulatory,calendar,4,A_windowed_C1_only,strict_herzog,False,12,11,1.0,0.09090909090909091,0.016232172885884855,0.37735843645159567,0.08333333333333337,,
window_false_positive,cycle_regularity:SD cycle length >=4 days,healthy_ovulatory,calendar,6,A_windowed_C1_only,strict_herzog,False,12,11,2.0,0.18181818181818182,0.05136768974608513,0.4769805619608442,0.08333333333333337,,
window_false_positive,cycle_regularity:SD cycle length >=4 days,healthy_ovulatory,calendar,12,A_windowed_C1_only,strict_herzog,False,12,0,0.0,,,,1.0,,
window_false_positive,cycle_regularity:SD cycle length >=4 days,healthy_ovulatory,cycle,3,A_windowed_C1_only,strict_herzog,False,12,10,1.0,0.1,0.017876213095072896,0.4041500267952385,0.16666666666666663,,
window_false_positive,cycle_regularity:SD cycle length >=4 days,healthy_ovulatory,cycle,6,A_windowed_C1_only,strict_herzog,False,12,9,1.0,0.1111111111111111,0.019890887638544907,0.434999705576656,0.25,,
window_false_positive,cycle_regularity:SD cycle length >=4 days,healthy_ovulatory,cycle,12,A_windowed_C1_only,strict_herzog,False,12,0,0.0,,,,1.0,,
window_false_positive,cycle_regularity:SD cycle length >=4 days,healthy_ovulatory,full,full_diary,A_windowed_C1_only,strict_herzog,False,12,11,2.0,0.18181818181818182,0.05136768974608513,0.4769805619608442,0.08333333333333337,,
window_false_positive,cycle_regularity:SD cycle length >=4 days,population,calendar,1,A_windowed_C1_only,strict_herzog,False,27,13,4.0,0.3076923076923077,0.12680703655710515,0.5763065681945096,0.5185185185185186,,
window_false_positive,cycle_regularity:SD cycle length >=4 days,population,calendar,3,A_windowed_C1_only,strict_herzog,False,27,20,8.0,0.4,0.21880653237281708,0.6134184992377468,0.2592592592592593,,
window_false_positive,cycle_regularity:SD cycle length >=4 days,population,calendar,4,A_windowed_C1_only,strict_herzog,False,27,23,10.0,0.43478260869565216,0.25634635325674215,0.6318862491498354,0.14814814814814814,,
window_false_positive,cycle_regularity:SD cycle length >=4 days,population,calendar,6,A_windowed_C1_only,strict_herzog,False,27,24,11.0,0.4583333333333333,0.2789133373121098,0.6492513464108052,0.11111111111111116,,
window_false_positive,cycle_regularity:SD cycle length >=4 days,population,calendar,12,A_windowed_C1_only,strict_herzog,False,27,0,0.0,,,,1.0,,
window_false_positive,cycle_regularity:SD cycle length >=4 days,population,cycle,3,A_windowed_C1_only,strict_herzog,False,27,21,9.0,0.42857142857142855,0.24469968925375957,0.6345344563069328,0.2222222222222222,,
window_false_positive,cycle_regularity:SD cycle length >=4 days,population,cycle,6,A_windowed_C1_only,strict_herzog,False,27,7,4.0,0.5714285714285714,0.2504583645276572,0.8417801447485302,0.7407407407407407,,
window_false_positive,cycle_regularity:SD cycle length >=4 days,population,cycle,12,A_windowed_C1_only,strict_herzog,False,27,0,0.0,,,,1.0,,
window_false_positive,cycle_regularity:SD cycle length >=4 days,population,full,full_diary,A_windowed_C1_only,strict_herzog,False,27,24,11.0,0.4583333333333333,0.2789133373121098,0.6492513464108052,0.11111111111111116,,
window_false_positive,cycle_regularity:SD cycle length >=4 days,healthy_ovulatory,calendar,1,A_windowed_C2_only,strict_herzog,False,12,9,3.0,0.3333333333333333,0.1205838183869109,0.6457978644196036,0.25,,
window_false_positive,cycle_regularity:SD cycle length >=4 days,healthy_ovulatory,calendar,3,A_windowed_C2_only,strict_herzog,False,12,10,3.0,0.3,0.10779126740630099,0.6032218525388546,0.16666666666666663,,
window_false_positive,cycle_regularity:SD cycle length >=4 days,healthy_ovulatory,calendar,4,A_windowed_C2_only,strict_herzog,False,12,10,1.0,0.1,0.017876213095072896,0.4041500267952385,0.16666666666666663,,
window_false_positive,cycle_regularity:SD cycle length >=4 days,healthy_ovulatory,calendar,6,A_windowed_C2_only,strict_herzog,False,12,11,1.0,0.09090909090909091,0.016232172885884855,0.37735843645159567,0.08333333333333337,,
window_false_positive,cycle_regularity:SD cycle length >=4 days,healthy_ovulatory,calendar,12,A_windowed_C2_only,strict_herzog,False,12,0,0.0,,,,1.0,,
window_false_positive,cycle_regularity:SD cycle length >=4 days,healthy_ovulatory,cycle,3,A_windowed_C2_only,strict_herzog,False,12,10,3.0,0.3,0.10779126740630099,0.6032218525388546,0.16666666666666663,,
window_false_positive,cycle_regularity:SD cycle length >=4 days,healthy_ovulatory,cycle,6,A_windowed_C2_only,strict_herzog,False,12,9,1.0,0.1111111111111111,0.019890887638544907,0.434999705576656,0.25,,
window_false_positive,cycle_regularity:SD cycle length >=4 days,healthy_ovulatory,cycle,12,A_windowed_C2_only,strict_herzog,False,12,0,0.0,,,,1.0,,
window_false_positive,cycle_regularity:SD cycle length >=4 days,healthy_ovulatory,full,full_diary,A_windowed_C2_only,strict_herzog,False,12,11,1.0,0.09090909090909091,0.016232172885884855,0.37735843645159567,0.08333333333333337,,
window_false_positive,cycle_regularity:SD cycle length >=4 days,population,calendar,1,A_windowed_C2_only,strict_herzog,False,27,18,8.0,0.4444444444444444,0.24559518127005633,0.6628358435795723,0.33333333333333337,,
window_false_positive,cycle_regularity:SD cycle length >=4 days,population,calendar,3,A_windowed_C2_only,strict_herzog,False,27,21,9.0,0.42857142857142855,0.24469968925375957,0.6345344563069328,0.2222222222222222,,
window_false_positive,cycle_regularity:SD cycle length >=4 days,population,calendar,4,A_windowed_C2_only,strict_herzog,False,27,23,12.0,0.5217391304347826,0.32962737336427406,0.7076284258335335,0.14814814814814814,,
window_false_positive,cycle_regularity:SD cycle length >=4 days,population,calendar,6,A_windowed_C2_only,strict_herzog,False,27,23,9.0,0.391304347826087,0.2215762279247795,0.592144776086183,0.14814814814814814,,
window_false_positive,cycle_regularity:SD cycle length >=4 days,population,calendar,12,A_windowed_C2_only,strict_herzog,False,27,0,0.0,,,,1.0,,
window_false_positive,cycle_regularity:SD cycle length >=4 days,population,cycle,3,A_windowed_C2_only,strict_herzog,False,27,21,12.0,0.5714285714285714,0.3654655436930671,0.7553003107462404,0.2222222222222222,,
window_false_positive,cycle_regularity:SD cycle length >=4 days,population,cycle,6,A_windowed_C2_only,strict_herzog,False,27,6,3.0,0.5,0.18761630648265054,0.8123836935173494,0.7777777777777778,,
window_false_positive,cycle_regularity:SD cycle length >=4 days,population,cycle,12,A_windowed_C2_only,strict_herzog,False,27,0,0.0,,,,1.0,,
window_false_positive,cycle_regularity:SD cycle length >=4 days,population,full,full_diary,A_windowed_C2_only,strict_herzog,False,27,23,9.0,0.391304347826087,0.2215762279247795,0.592144776086183,0.14814814814814814,,
window_false_positive,cycle_regularity:SD cycle length >=4 days,healthy_ovulatory,calendar,1,A_windowed_C3_only,strict_herzog,False,12,0,0.0,,,,1.0,,
window_false_positive,cycle_regularity:SD cycle length >=4 days,healthy_ovulatory,calendar,3,A_windowed_C3_only,strict_herzog,False,12,0,0.0,,,,1.0,,
window_false_positive,cycle_regularity:SD cycle length >=4 days,healthy_ovulatory,calendar,4,A_windowed_C3_only,strict_herzog,False,12,0,0.0,,,,1.0,,
window_false_positive,cycle_regularity:SD cycle length >=4 days,healthy_ovulatory,calendar,6,A_windowed_C3_only,strict_herzog,False,12,0,0.0,,,,1.0,,
window_false_positive,cycle_regularity:SD cycle length >=4 days,healthy_ovulatory,calendar,12,A_windowed_C3_only,strict_herzog,False,12,0,0.0,,,,1.0,,
window_false_positive,cycle_regularity:SD cycle length >=4 days,healthy_ovulatory,cycle,3,A_windowed_C3_only,strict_herzog,False,12,0,0.0,,,,1.0,,
window_false_positive,cycle_regularity:SD cycle length >=4 days,healthy_ovulatory,cycle,6,A_windowed_C3_only,strict_herzog,False,12,0,0.0,,,,1.0,,
window_false_positive,cycle_regularity:SD cycle length >=4 days,healthy_ovulatory,cycle,12,A_windowed_C3_only,strict_herzog,False,12,0,0.0,,,,1.0,,
window_false_positive,cycle_regularity:SD cycle length >=4 days,healthy_ovulatory,full,full_diary,A_windowed_C3_only,strict_herzog,False,12,0,0.0,,,,1.0,,
window_false_positive,cycle_regularity:SD cycle length >=4 days,population,calendar,1,A_windowed_C3_only,strict_herzog,False,27,7,6.0,0.8571428571428571,0.4868721707256811,0.9743203756552565,0.7407407407407407,,
window_false_positive,cycle_regularity:SD cycle length >=4 days,population,calendar,3,A_windowed_C3_only,strict_herzog,False,27,11,6.0,0.5454545454545454,0.280091537409322,0.7872872837754024,0.5925925925925926,,
window_false_positive,cycle_regularity:SD cycle length >=4 days,population,calendar,4,A_windowed_C3_only,strict_herzog,False,27,13,5.0,0.38461538461538464,0.17709707797762575,0.6447710848733431,0.5185185185185186,,
window_false_positive,cycle_regularity:SD cycle length >=4 days,population,calendar,6,A_windowed_C3_only,strict_herzog,False,27,16,7.0,0.4375,0.23098652405492354,0.6682144360118811,0.40740740740740744,,
window_false_positive,cycle_regularity:SD cycle length >=4 days,population,calendar,12,A_windowed_C3_only,strict_herzog,False,27,0,0.0,,,,1.0,,
window_false_positive,cycle_regularity:SD cycle length >=4 days,population,cycle,3,A_windowed_C3_only,strict_herzog,False,27,9,3.0,0.3333333333333333,0.1205838183869109,0.6457978644196036,0.6666666666666667,,
window_false_positive,cycle_regularity:SD cycle length >=4 days,population,cycle,6,A_windowed_C3_only,strict_herzog,False,27,2,1.0,0.5,0.09453120573423074,0.9054687942657693,0.9259259259259259,,
window_false_positive,cycle_regularity:SD cycle length >=4 days,population,cycle,12,A_windowed_C3_only,strict_herzog,False,27,0,0.0,,,,1.0,,
window_false_positive,cycle_regularity:SD cycle length >=4 days,population,full,full_diary,A_windowed_C3_only,strict_herzog,False,27,16,7.0,0.4375,0.23098652405492354,0.6682144360118811,0.40740740740740744,,
window_false_positive,cycle_regularity:SD cycle length >=4 days,healthy_ovulatory,calendar,1,B_minimum_data_any,strict_herzog,False,12,0,0.0,,,,1.0,,
window_false_positive,cycle_regularity:SD cycle length >=4 days,healthy_ovulatory,calendar,3,B_minimum_data_any,strict_herzog,False,12,0,0.0,,,,1.0,,
window_false_positive,cycle_regularity:SD cycle length >=4 days,healthy_ovulatory,calendar,4,B_minimum_data_any,strict_herzog,False,12,8,1.0,0.125,0.02241749145005667,0.4708881822128535,0.33333333333333337,,
window_false_positive,cycle_regularity:SD cycle length >=4 days,healthy_ovulatory,calendar,6,B_minimum_data_any,strict_herzog,False,12,9,1.0,0.1111111111111111,0.019890887638544907,0.434999705576656,0.25,,
window_false_positive,cycle_regularity:SD cycle length >=4 days,healthy_ovulatory,calendar,12,B_minimum_data_any,strict_herzog,False,12,0,0.0,,,,1.0,,
window_false_positive,cycle_regularity:SD cycle length >=4 days,healthy_ovulatory,cycle,3,B_minimum_data_any,strict_herzog,False,12,0,0.0,,,,1.0,,
window_false_positive,cycle_regularity:SD cycle length >=4 days,healthy_ovulatory,cycle,6,B_minimum_data_any,strict_herzog,False,12,7,1.0,0.14285714285714285,0.02567962434474355,0.5131278292743189,0.41666666666666663,,
window_false_positive,cycle_regularity:SD cycle length >=4 days,healthy_ovulatory,cycle,12,B_minimum_data_any,strict_herzog,False,12,0,0.0,,,,1.0,,
window_false_positive,cycle_regularity:SD cycle length >=4 days,healthy_ovulatory,full,full_diary,B_minimum_data_any,strict_herzog,False,12,9,1.0,0.1111111111111111,0.019890887638544907,0.434999705576656,0.25,,
window_false_positive,cycle_regularity:SD cycle length >=4 days,population,calendar,1,B_minimum_data_any,strict_herzog,False,27,0,0.0,,,,1.0,,
window_false_positive,cycle_regularity:SD cycle length >=4 days,population,calendar,3,B_minimum_data_any,strict_herzog,False,27,0,0.0,,,,1.0,,
window_false_positive,cycle_regularity:SD cycle length >=4 days,population,calendar,4,B_minimum_data_any,strict_herzog,False,27,19,13.0,0.6842105263157895,0.46010407675327475,0.8463562091220773,0.2962962962962963,,
window_false_positive,cycle_regularity:SD cycle length >=4 days,population,calendar,6,B_minimum_data_any,strict_herzog,False,27,21,15.0,0.7142857142857143,0.5004361928391441,0.8618613704787788,0.2222222222222222,,
window_false_positive,cycle_regularity:SD cycle length >=4 days,population,calendar,12,B_minimum_data_any,strict_herzog,False,27,0,0.0,,,,1.0,,
window_false_positive,cycle_regularity:SD cycle length >=4 days,population,cycle,3,B_minimum_data_any,strict_herzog,False,27,2,2.0,1.0,0.34238022750665303,1.0,0.9259259259259259,,
window_false_positive,cycle_regularity:SD cycle length >=4 days,population,cycle,6,B_minimum_data_any,strict_herzog,False,27,5,4.0,0.8,0.37553462976252533,0.9637758913675698,0.8148148148148149,,
window_false_positive,cycle_regularity:SD cycle length >=4 days,population,cycle,12,B_minimum_data_any,strict_herzog,False,27,0,0.0,,,,1.0,,
window_false_positive,cycle_regularity:SD cycle length >=4 days,population,full,full_diary,B_minimum_data_any,strict_herzog,False,27,21,15.0,0.7142857142857143,0.5004361928391441,0.8618613704787788,0.2222222222222222,,
window_false_positive,cycle_regularity:SD cycle length >=4 days,healthy_ovulatory,calendar,1,B_minimum_data_excluding_C3,strict_herzog,False,12,0,0.0,,,,1.0,,
window_false_positive,cycle_regularity:SD cycle length >=4 days,healthy_ovulatory,calendar,3,B_minimum_data_excluding_C3,strict_herzog,False,12,0,0.0,,,,1.0,,
window_false_positive,cycle_regularity:SD cycle length >=4 days,healthy_ovulatory,calendar,4,B_minimum_data_excluding_C3,strict_herzog,False,12,8,1.0,0.125,0.02241749145005667,0.4708881822128535,0.33333333333333337,,
window_false_positive,cycle_regularity:SD cycle length >=4 days,healthy_ovulatory,calendar,6,B_minimum_data_excluding_C3,strict_herzog,False,12,9,1.0,0.1111111111111111,0.019890887638544907,0.434999705576656,0.25,,
window_false_positive,cycle_regularity:SD cycle length >=4 days,healthy_ovulatory,calendar,12,B_minimum_data_excluding_C3,strict_herzog,False,12,0,0.0,,,,1.0,,
window_false_positive,cycle_regularity:SD cycle length >=4 days,healthy_ovulatory,cycle,3,B_minimum_data_excluding_C3,strict_herzog,False,12,0,0.0,,,,1.0,,
window_false_positive,cycle_regularity:SD cycle length >=4 days,healthy_ovulatory,cycle,6,B_minimum_data_excluding_C3,strict_herzog,False,12,7,1.0,0.14285714285714285,0.02567962434474355,0.5131278292743189,0.41666666666666663,,
window_false_positive,cycle_regularity:SD cycle length >=4 days,healthy_ovulatory,cycle,12,B_minimum_data_excluding_C3,strict_herzog,False,12,0,0.0,,,,1.0,,
window_false_positive,cycle_regularity:SD cycle length >=4 days,healthy_ovulatory,full,full_diary,B_minimum_data_excluding_C3,strict_herzog,False,12,9,1.0,0.1111111111111111,0.019890887638544907,0.434999705576656,0.25,,
window_false_positive,cycle_regularity:SD cycle length >=4 days,population,calendar,1,B_minimum_data_excluding_C3,strict_herzog,False,27,0,0.0,,,,1.0,,
window_false_positive,cycle_regularity:SD cycle length >=4 days,population,calendar,3,B_minimum_data_excluding_C3,strict_herzog,False,27,0,0.0,,,,1.0,,
window_false_positive,cycle_regularity:SD cycle length >=4 days,population,calendar,4,B_minimum_data_excluding_C3,strict_herzog,False,27,19,12.0,0.631578947368421,0.41039533164803066,0.8085048725486492,0.2962962962962963,,
window_false_positive,cycle_regularity:SD cycle length >=4 days,population,calendar,6,B_minimum_data_excluding_C3,strict_herzog,False,27,21,12.0,0.5714285714285714,0.3654655436930671,0.7553003107462404,0.2222222222222222,,
window_false_positive,cycle_regularity:SD cycle length >=4 days,population,calendar,12,B_minimum_data_excluding_C3,strict_herzog,False,27,0,0.0,,,,1.0,,
window_false_positive,cycle_regularity:SD cycle length >=4 days,population,cycle,3,B_minimum_data_excluding_C3,strict_herzog,False,27,2,2.0,1.0,0.34238022750665303,1.0,0.9259259259259259,,
window_false_positive,cycle_regularity:SD cycle length >=4 days,population,cycle,6,B_minimum_data_excluding_C3,strict_herzog,False,27,5,3.0,0.6,0.2307242812760128,0.882379225767352,0.8148148148148149,,
window_false_positive,cycle_regularity:SD cycle length >=4 days,population,cycle,12,B_minimum_data_excluding_C3,strict_herzog,False,27,0,0.0,,,,1.0,,
window_false_positive,cycle_regularity:SD cycle length >=4 days,population,full,full_diary,B_minimum_data_excluding_C3,strict_herzog,False,27,21,12.0,0.5714285714285714,0.3654655436930671,0.7553003107462404,0.2222222222222222,,
window_false_positive,cycle_regularity:SD cycle length >=4 days,healthy_ovulatory,calendar,1,C_reproducibility_any,strict_herzog,False,12,0,0.0,,,,1.0,,
window_false_positive,cycle_regularity:SD cycle length >=4 days,healthy_ovulatory,calendar,3,C_reproducibility_any,strict_herzog,False,12,0,0.0,,,,1.0,,
window_false_positive,cycle_regularity:SD cycle length >=4 days,healthy_ovulatory,calendar,4,C_reproducibility_any,strict_herzog,False,12,0,0.0,,,,1.0,,
window_false_positive,cycle_regularity:SD cycle length >=4 days,healthy_ovulatory,calendar,6,C_reproducibility_any,strict_herzog,False,12,3,0.0,0.0,5.551115123125783e-17,0.5614970317550454,0.75,,
window_false_positive,cycle_regularity:SD cycle length >=4 days,healthy_ovulatory,calendar,12,C_reproducibility_any,strict_herzog,False,12,0,0.0,,,,1.0,,
window_false_positive,cycle_regularity:SD cycle length >=4 days,healthy_ovulatory,cycle,3,C_reproducibility_any,strict_herzog,False,12,0,0.0,,,,1.0,,
window_false_positive,cycle_regularity:SD cycle length >=4 days,healthy_ovulatory,cycle,6,C_reproducibility_any,strict_herzog,False,12,3,0.0,0.0,5.551115123125783e-17,0.5614970317550454,0.75,,
window_false_positive,cycle_regularity:SD cycle length >=4 days,healthy_ovulatory,cycle,12,C_reproducibility_any,strict_herzog,False,12,0,0.0,,,,1.0,,
window_false_positive,cycle_regularity:SD cycle length >=4 days,healthy_ovulatory,full,full_diary,C_reproducibility_any,strict_herzog,False,12,3,0.0,0.0,5.551115123125783e-17,0.5614970317550454,0.75,,
window_false_positive,cycle_regularity:SD cycle length >=4 days,population,calendar,1,C_reproducibility_any,strict_herzog,False,27,0,0.0,,,,1.0,,
window_false_positive,cycle_regularity:SD cycle length >=4 days,population,calendar,3,C_reproducibility_any,strict_herzog,False,27,0,0.0,,,,1.0,,
window_false_positive,cycle_regularity:SD cycle length >=4 days,population,calendar,4,C_reproducibility_any,strict_herzog,False,27,0,0.0,,,,1.0,,
window_false_positive,cycle_regularity:SD cycle length >=4 days,population,calendar,6,C_reproducibility_any,strict_herzog,False,27,3,1.0,0.3333333333333333,0.06149194472039621,0.7923403991979522,0.8888888888888888,,
window_false_positive,cycle_regularity:SD cycle length >=4 days,population,calendar,12,C_reproducibility_any,strict_herzog,False,27,0,0.0,,,,1.0,,
window_false_positive,cycle_regularity:SD cycle length >=4 days,population,cycle,3,C_reproducibility_any,strict_herzog,False,27,0,0.0,,,,1.0,,
window_false_positive,cycle_regularity:SD cycle length >=4 days,population,cycle,6,C_reproducibility_any,strict_herzog,False,27,3,1.0,0.3333333333333333,0.06149194472039621,0.7923403991979522,0.8888888888888888,,
window_false_positive,cycle_regularity:SD cycle length >=4 days,population,cycle,12,C_reproducibility_any,strict_herzog,False,27,0,0.0,,,,1.0,,
window_false_positive,cycle_regularity:SD cycle length >=4 days,population,full,full_diary,C_reproducibility_any,strict_herzog,False,27,3,1.0,0.3333333333333333,0.06149194472039621,0.7923403991979522,0.8888888888888888,,
window_false_positive,cycle_regularity:SD cycle length >=4 days,healthy_ovulatory,calendar,1,C_reproducibility_12cycle_any,strict_herzog,False,12,0,0.0,,,,1.0,,
window_false_positive,cycle_regularity:SD cycle length >=4 days,healthy_ovulatory,calendar,3,C_reproducibility_12cycle_any,strict_herzog,False,12,0,0.0,,,,1.0,,
window_false_positive,cycle_regularity:SD cycle length >=4 days,healthy_ovulatory,calendar,4,C_reproducibility_12cycle_any,strict_herzog,False,12,0,0.0,,,,1.0,,
window_false_positive,cycle_regularity:SD cycle length >=4 days,healthy_ovulatory,calendar,6,C_reproducibility_12cycle_any,strict_herzog,False,12,0,0.0,,,,1.0,,
window_false_positive,cycle_regularity:SD cycle length >=4 days,healthy_ovulatory,calendar,12,C_reproducibility_12cycle_any,strict_herzog,False,12,0,0.0,,,,1.0,,
window_false_positive,cycle_regularity:SD cycle length >=4 days,healthy_ovulatory,cycle,3,C_reproducibility_12cycle_any,strict_herzog,False,12,0,0.0,,,,1.0,,
window_false_positive,cycle_regularity:SD cycle length >=4 days,healthy_ovulatory,cycle,6,C_reproducibility_12cycle_any,strict_herzog,False,12,0,0.0,,,,1.0,,
window_false_positive,cycle_regularity:SD cycle length >=4 days,healthy_ovulatory,cycle,12,C_reproducibility_12cycle_any,strict_herzog,False,12,0,0.0,,,,1.0,,
window_false_positive,cycle_regularity:SD cycle length >=4 days,healthy_ovulatory,full,full_diary,C_reproducibility_12cycle_any,strict_herzog,False,12,0,0.0,,,,1.0,,
window_false_positive,cycle_regularity:SD cycle length >=4 days,population,calendar,1,C_reproducibility_12cycle_any,strict_herzog,False,27,0,0.0,,,,1.0,,
window_false_positive,cycle_regularity:SD cycle length >=4 days,population,calendar,3,C_reproducibility_12cycle_any,strict_herzog,False,27,0,0.0,,,,1.0,,
window_false_positive,cycle_regularity:SD cycle length >=4 days,population,calendar,4,C_reproducibility_12cycle_any,strict_herzog,False,27,0,0.0,,,,1.0,,
window_false_positive,cycle_regularity:SD cycle length >=4 days,population,calendar,6,C_reproducibility_12cycle_any,strict_herzog,False,27,0,0.0,,,,1.0,,
window_false_positive,cycle_regularity:SD cycle length >=4 days,population,calendar,12,C_reproducibility_12cycle_any,strict_herzog,False,27,0,0.0,,,,1.0,,
window_false_positive,cycle_regularity:SD cycle length >=4 days,population,cycle,3,C_reproducibility_12cycle_any,strict_herzog,False,27,0,0.0,,,,1.0,,
window_false_positive,cycle_regularity:SD cycle length >=4 days,population,cycle,6,C_reproducibility_12cycle_any,strict_herzog,False,27,0,0.0,,,,1.0,,
window_false_positive,cycle_regularity:SD cycle length >=4 days,population,cycle,12,C_reproducibility_12cycle_any,strict_herzog,False,27,0,0.0,,,,1.0,,
window_false_positive,cycle_regularity:SD cycle length >=4 days,population,full,full_diary,C_reproducibility_12cycle_any,strict_herzog,False,27,0,0.0,,,,1.0,,
window_false_positive,cycle_regularity:SD cycle length >=4 days,healthy_ovulatory,calendar,1,D_nb_regression_any,strict_herzog,False,12,0,0.0,,,,1.0,,
window_false_positive,cycle_regularity:SD cycle length >=4 days,healthy_ovulatory,calendar,3,D_nb_regression_any,strict_herzog,False,12,0,0.0,,,,1.0,,
window_false_positive,cycle_regularity:SD cycle length >=4 days,healthy_ovulatory,calendar,4,D_nb_regression_any,strict_herzog,False,12,8,0.0,0.0,0.0,0.32440756488388023,0.33333333333333337,,
window_false_positive,cycle_regularity:SD cycle length >=4 days,healthy_ovulatory,calendar,6,D_nb_regression_any,strict_herzog,False,12,9,0.0,0.0,0.0,0.2991450484195441,0.25,,
window_false_positive,cycle_regularity:SD cycle length >=4 days,healthy_ovulatory,calendar,12,D_nb_regression_any,strict_herzog,False,12,0,0.0,,,,1.0,,
window_false_positive,cycle_regularity:SD cycle length >=4 days,healthy_ovulatory,cycle,3,D_nb_regression_any,strict_herzog,False,12,0,0.0,,,,1.0,,
window_false_positive,cycle_regularity:SD cycle length >=4 days,healthy_ovulatory,cycle,6,D_nb_regression_any,strict_herzog,False,12,7,0.0,0.0,5.551115123125783e-17,0.35433043506668743,0.41666666666666663,,
window_false_positive,cycle_regularity:SD cycle length >=4 days,healthy_ovulatory,cycle,12,D_nb_regression_any,strict_herzog,False,12,0,0.0,,,,1.0,,
window_false_positive,cycle_regularity:SD cycle length >=4 days,healthy_ovulatory,full,full_diary,D_nb_regression_any,strict_herzog,False,12,9,0.0,0.0,0.0,0.2991450484195441,0.25,,
window_false_positive,cycle_regularity:SD cycle length >=4 days,population,calendar,1,D_nb_regression_any,strict_herzog,False,27,0,0.0,,,,1.0,,
window_false_positive,cycle_regularity:SD cycle length >=4 days,population,calendar,3,D_nb_regression_any,strict_herzog,False,27,0,0.0,,,,1.0,,
window_false_positive,cycle_regularity:SD cycle length >=4 days,population,calendar,4,D_nb_regression_any,strict_herzog,False,27,19,0.0,0.0,0.0,0.16817922405261626,0.2962962962962963,,
window_false_positive,cycle_regularity:SD cycle length >=4 days,population,calendar,6,D_nb_regression_any,strict_herzog,False,27,21,2.0,0.09523809523809523,0.026518767438074548,0.28914139073918255,0.2222222222222222,,
window_false_positive,cycle_regularity:SD cycle length >=4 days,population,calendar,12,D_nb_regression_any,strict_herzog,False,27,0,0.0,,,,1.0,,
window_false_positive,cycle_regularity:SD cycle length >=4 days,population,cycle,3,D_nb_regression_any,strict_herzog,False,27,2,0.0,0.0,0.0,0.6576197724933469,0.9259259259259259,,
window_false_positive,cycle_regularity:SD cycle length >=4 days,population,cycle,6,D_nb_regression_any,strict_herzog,False,27,5,0.0,0.0,0.0,0.43448246478317476,0.8148148148148149,,
window_false_positive,cycle_regularity:SD cycle length >=4 days,population,cycle,12,D_nb_regression_any,strict_herzog,False,27,0,0.0,,,,1.0,,
window_false_positive,cycle_regularity:SD cycle length >=4 days,population,full,full_diary,D_nb_regression_any,strict_herzog,False,27,21,2.0,0.09523809523809523,0.026518767438074548,0.28914139073918255,0.2222222222222222,,
window_false_positive,cycle_regularity:SD cycle length >=4 days,healthy_ovulatory,calendar,1,D_nb_regression_window_alpha_any,strict_herzog,False,12,0,0.0,,,,1.0,,
window_false_positive,cycle_regularity:SD cycle length >=4 days,healthy_ovulatory,calendar,3,D_nb_regression_window_alpha_any,strict_herzog,False,12,0,0.0,,,,1.0,,
window_false_positive,cycle_regularity:SD cycle length >=4 days,healthy_ovulatory,calendar,4,D_nb_regression_window_alpha_any,strict_herzog,False,12,0,0.0,,,,1.0,,
window_false_positive,cycle_regularity:SD cycle length >=4 days,healthy_ovulatory,calendar,6,D_nb_regression_window_alpha_any,strict_herzog,False,12,0,0.0,,,,1.0,,
window_false_positive,cycle_regularity:SD cycle length >=4 days,healthy_ovulatory,calendar,12,D_nb_regression_window_alpha_any,strict_herzog,False,12,0,0.0,,,,1.0,,
window_false_positive,cycle_regularity:SD cycle length >=4 days,healthy_ovulatory,cycle,3,D_nb_regression_window_alpha_any,strict_herzog,False,12,0,0.0,,,,1.0,,
window_false_positive,cycle_regularity:SD cycle length >=4 days,healthy_ovulatory,cycle,6,D_nb_regression_window_alpha_any,strict_herzog,False,12,0,0.0,,,,1.0,,
window_false_positive,cycle_regularity:SD cycle length >=4 days,healthy_ovulatory,cycle,12,D_nb_regression_window_alpha_any,strict_herzog,False,12,0,0.0,,,,1.0,,
window_false_positive,cycle_regularity:SD cycle length >=4 days,healthy_ovulatory,full,full_diary,D_nb_regression_window_alpha_any,strict_herzog,False,12,9,0.0,0.0,0.0,0.2991450484195441,0.25,,
window_false_positive,cycle_regularity:SD cycle length >=4 days,population,calendar,1,D_nb_regression_window_alpha_any,strict_herzog,False,27,0,0.0,,,,1.0,,
window_false_positive,cycle_regularity:SD cycle length >=4 days,population,calendar,3,D_nb_regression_window_alpha_any,strict_herzog,False,27,0,0.0,,,,1.0,,
window_false_positive,cycle_regularity:SD cycle length >=4 days,population,calendar,4,D_nb_regression_window_alpha_any,strict_herzog,False,27,0,0.0,,,,1.0,,
window_false_positive,cycle_regularity:SD cycle length >=4 days,population,calendar,6,D_nb_regression_window_alpha_any,strict_herzog,False,27,0,0.0,,,,1.0,,
window_false_positive,cycle_regularity:SD cycle length >=4 days,population,calendar,12,D_nb_regression_window_alpha_any,strict_herzog,False,27,0,0.0,,,,1.0,,
window_false_positive,cycle_regularity:SD cycle length >=4 days,population,cycle,3,D_nb_regression_window_alpha_any,strict_herzog,False,27,0,0.0,,,,1.0,,
window_false_positive,cycle_regularity:SD cycle length >=4 days,population,cycle,6,D_nb_regression_window_alpha_any,strict_herzog,False,27,0,0.0,,,,1.0,,
window_false_positive,cycle_regularity:SD cycle length >=4 days,population,cycle,12,D_nb_regression_window_alpha_any,strict_herzog,False,27,0,0.0,,,,1.0,,
window_false_positive,cycle_regularity:SD cycle length >=4 days,population,full,full_diary,D_nb_regression_window_alpha_any,strict_herzog,False,27,21,2.0,0.09523809523809523,0.026518767438074548,0.28914139073918255,0.2222222222222222,,
window_false_positive,cycle_regularity:SD cycle length >=4 days,healthy_ovulatory,calendar,1,H1_newmark_penry_any,strict_herzog,True,12,9,0.0,0.0,0.0,0.2991450484195441,0.25,,
window_false_positive,cycle_regularity:SD cycle length >=4 days,healthy_ovulatory,calendar,3,H1_newmark_penry_any,strict_herzog,True,12,10,0.0,0.0,0.0,0.2775327998628892,0.16666666666666663,,
window_false_positive,cycle_regularity:SD cycle length >=4 days,healthy_ovulatory,calendar,4,H1_newmark_penry_any,strict_herzog,True,12,11,1.0,0.09090909090909091,0.016232172885884855,0.37735843645159567,0.08333333333333337,,
window_false_positive,cycle_regularity:SD cycle length >=4 days,healthy_ovulatory,calendar,6,H1_newmark_penry_any,strict_herzog,True,12,11,0.0,0.0,0.0,0.2588329669680317,0.08333333333333337,,
window_false_positive,cycle_regularity:SD cycle length >=4 days,healthy_ovulatory,calendar,12,H1_newmark_penry_any,strict_herzog,True,12,0,0.0,,,,1.0,,
window_false_positive,cycle_regularity:SD cycle length >=4 days,healthy_ovulatory,cycle,3,H1_newmark_penry_any,strict_herzog,True,12,10,0.0,0.0,0.0,0.2775327998628892,0.16666666666666663,,
window_false_positive,cycle_regularity:SD cycle length >=4 days,healthy_ovulatory,cycle,6,H1_newmark_penry_any,strict_herzog,True,12,9,0.0,0.0,0.0,0.2991450484195441,0.25,,
window_false_positive,cycle_regularity:SD cycle length >=4 days,healthy_ovulatory,cycle,12,H1_newmark_penry_any,strict_herzog,True,12,0,0.0,,,,1.0,,
window_false_positive,cycle_regularity:SD cycle length >=4 days,healthy_ovulatory,full,full_diary,H1_newmark_penry_any,strict_herzog,True,12,11,0.0,0.0,0.0,0.2588329669680317,0.08333333333333337,,
window_false_positive,cycle_regularity:SD cycle length >=4 days,population,calendar,1,H1_newmark_penry_any,strict_herzog,True,27,19,4.0,0.21052631578947367,0.08507676632916253,0.43334278443814167,0.2962962962962963,,
window_false_positive,cycle_regularity:SD cycle length >=4 days,population,calendar,3,H1_newmark_penry_any,strict_herzog,True,27,22,1.0,0.045454545454545456,0.00806942762126385,0.21798045838657332,0.18518518518518523,,
window_false_positive,cycle_regularity:SD cycle length >=4 days,population,calendar,4,H1_newmark_penry_any,strict_herzog,True,27,23,1.0,0.043478260869565216,0.007716666143453149,0.20991155070258877,0.14814814814814814,,
window_false_positive,cycle_regularity:SD cycle length >=4 days,population,calendar,6,H1_newmark_penry_any,strict_herzog,True,27,24,1.0,0.041666666666666664,0.0073934561655057685,0.20241806478655938,0.11111111111111116,,
window_false_positive,cycle_regularity:SD cycle length >=4 days,population,calendar,12,H1_newmark_penry_any,strict_herzog,True,27,0,0.0,,,,1.0,,
window_false_positive,cycle_regularity:SD cycle length >=4 days,population,cycle,3,H1_newmark_penry_any,strict_herzog,True,27,21,2.0,0.09523809523809523,0.026518767438074548,0.28914139073918255,0.2222222222222222,,
window_false_positive,cycle_regularity:SD cycle length >=4 days,population,cycle,6,H1_newmark_penry_any,strict_herzog,True,27,7,2.0,0.2857142857142857,0.08221892400405678,0.6410655481673808,0.7407407407407407,,
window_false_positive,cycle_regularity:SD cycle length >=4 days,population,cycle,12,H1_newmark_penry_any,strict_herzog,True,27,0,0.0,,,,1.0,,
window_false_positive,cycle_regularity:SD cycle length >=4 days,population,full,full_diary,H1_newmark_penry_any,strict_herzog,True,27,24,1.0,0.041666666666666664,0.0073934561655057685,0.20241806478655938,0.11111111111111116,,
window_false_positive,cycle_regularity:SD cycle length >=4 days,healthy_ovulatory,calendar,1,H1_newmark_penry_66_7_any,strict_herzog,True,12,9,0.0,0.0,0.0,0.2991450484195441,0.25,,
window_false_positive,cycle_regularity:SD cycle length >=4 days,healthy_ovulatory,calendar,3,H1_newmark_penry_66_7_any,strict_herzog,True,12,10,0.0,0.0,0.0,0.2775327998628892,0.16666666666666663,,
window_false_positive,cycle_regularity:SD cycle length >=4 days,healthy_ovulatory,calendar,4,H1_newmark_penry_66_7_any,strict_herzog,True,12,11,1.0,0.09090909090909091,0.016232172885884855,0.37735843645159567,0.08333333333333337,,
window_false_positive,cycle_regularity:SD cycle length >=4 days,healthy_ovulatory,calendar,6,H1_newmark_penry_66_7_any,strict_herzog,True,12,11,0.0,0.0,0.0,0.2588329669680317,0.08333333333333337,,
window_false_positive,cycle_regularity:SD cycle length >=4 days,healthy_ovulatory,calendar,12,H1_newmark_penry_66_7_any,strict_herzog,True,12,0,0.0,,,,1.0,,
window_false_positive,cycle_regularity:SD cycle length >=4 days,healthy_ovulatory,cycle,3,H1_newmark_penry_66_7_any,strict_herzog,True,12,10,0.0,0.0,0.0,0.2775327998628892,0.16666666666666663,,
window_false_positive,cycle_regularity:SD cycle length >=4 days,healthy_ovulatory,cycle,6,H1_newmark_penry_66_7_any,strict_herzog,True,12,9,0.0,0.0,0.0,0.2991450484195441,0.25,,
window_false_positive,cycle_regularity:SD cycle length >=4 days,healthy_ovulatory,cycle,12,H1_newmark_penry_66_7_any,strict_herzog,True,12,0,0.0,,,,1.0,,
window_false_positive,cycle_regularity:SD cycle length >=4 days,healthy_ovulatory,full,full_diary,H1_newmark_penry_66_7_any,strict_herzog,True,12,11,0.0,0.0,0.0,0.2588329669680317,0.08333333333333337,,
window_false_positive,cycle_regularity:SD cycle length >=4 days,population,calendar,1,H1_newmark_penry_66_7_any,strict_herzog,True,27,19,1.0,0.05263157894736842,0.009351994062300362,0.24638731166898786,0.2962962962962963,,
window_false_positive,cycle_regularity:SD cycle length >=4 days,population,calendar,3,H1_newmark_penry_66_7_any,strict_herzog,True,27,22,1.0,0.045454545454545456,0.00806942762126385,0.21798045838657332,0.18518518518518523,,
window_false_positive,cycle_regularity:SD cycle length >=4 days,population,calendar,4,H1_newmark_penry_66_7_any,strict_herzog,True,27,23,0.0,0.0,0.0,0.14311661845042686,0.14814814814814814,,
window_false_positive,cycle_regularity:SD cycle length >=4 days,population,calendar,6,H1_newmark_penry_66_7_any,strict_herzog,True,27,24,1.0,0.041666666666666664,0.0073934561655057685,0.20241806478655938,0.11111111111111116,,
window_false_positive,cycle_regularity:SD cycle length >=4 days,population,calendar,12,H1_newmark_penry_66_7_any,strict_herzog,True,27,0,0.0,,,,1.0,,
window_false_positive,cycle_regularity:SD cycle length >=4 days,population,cycle,3,H1_newmark_penry_66_7_any,strict_herzog,True,27,21,0.0,0.0,0.0,0.154639018924847,0.2222222222222222,,
window_false_positive,cycle_regularity:SD cycle length >=4 days,population,cycle,6,H1_newmark_penry_66_7_any,strict_herzog,True,27,7,1.0,0.14285714285714285,0.02567962434474355,0.5131278292743189,0.7407407407407407,,
window_false_positive,cycle_regularity:SD cycle length >=4 days,population,cycle,12,H1_newmark_penry_66_7_any,strict_herzog,True,27,0,0.0,,,,1.0,,
window_false_positive,cycle_regularity:SD cycle length >=4 days,population,full,full_diary,H1_newmark_penry_66_7_any,strict_herzog,True,27,24,1.0,0.041666666666666664,0.0073934561655057685,0.20241806478655938,0.11111111111111116,,
window_false_positive,cycle_regularity:SD cycle length >=4 days,healthy_ovulatory,calendar,1,H2_duncan1993_any,strict_herzog,True,12,9,1.0,0.1111111111111111,0.019890887638544907,0.434999705576656,0.25,,
window_false_positive,cycle_regularity:SD cycle length >=4 days,healthy_ovulatory,calendar,3,H2_duncan1993_any,strict_herzog,True,12,10,0.0,0.0,0.0,0.2775327998628892,0.16666666666666663,,
window_false_positive,cycle_regularity:SD cycle length >=4 days,healthy_ovulatory,calendar,4,H2_duncan1993_any,strict_herzog,True,12,11,1.0,0.09090909090909091,0.016232172885884855,0.37735843645159567,0.08333333333333337,,
window_false_positive,cycle_regularity:SD cycle length >=4 days,healthy_ovulatory,calendar,6,H2_duncan1993_any,strict_herzog,True,12,11,0.0,0.0,0.0,0.2588329669680317,0.08333333333333337,,
window_false_positive,cycle_regularity:SD cycle length >=4 days,healthy_ovulatory,calendar,12,H2_duncan1993_any,strict_herzog,True,12,0,0.0,,,,1.0,,
window_false_positive,cycle_regularity:SD cycle length >=4 days,healthy_ovulatory,cycle,3,H2_duncan1993_any,strict_herzog,True,12,10,0.0,0.0,0.0,0.2775327998628892,0.16666666666666663,,
window_false_positive,cycle_regularity:SD cycle length >=4 days,healthy_ovulatory,cycle,6,H2_duncan1993_any,strict_herzog,True,12,9,0.0,0.0,0.0,0.2991450484195441,0.25,,
window_false_positive,cycle_regularity:SD cycle length >=4 days,healthy_ovulatory,cycle,12,H2_duncan1993_any,strict_herzog,True,12,0,0.0,,,,1.0,,
window_false_positive,cycle_regularity:SD cycle length >=4 days,healthy_ovulatory,full,full_diary,H2_duncan1993_any,strict_herzog,True,12,11,0.0,0.0,0.0,0.2588329669680317,0.08333333333333337,,
window_false_positive,cycle_regularity:SD cycle length >=4 days,population,calendar,1,H2_duncan1993_any,strict_herzog,True,27,19,1.0,0.05263157894736842,0.009351994062300362,0.24638731166898786,0.2962962962962963,,
window_false_positive,cycle_regularity:SD cycle length >=4 days,population,calendar,3,H2_duncan1993_any,strict_herzog,True,27,22,2.0,0.09090909090909091,0.025295428990995267,0.27814946841605814,0.18518518518518523,,
window_false_positive,cycle_regularity:SD cycle length >=4 days,population,calendar,4,H2_duncan1993_any,strict_herzog,True,27,23,1.0,0.043478260869565216,0.007716666143453149,0.20991155070258877,0.14814814814814814,,
window_false_positive,cycle_regularity:SD cycle length >=4 days,population,calendar,6,H2_duncan1993_any,strict_herzog,True,27,24,2.0,0.08333333333333333,0.023158815297043306,0.25848802193210685,0.11111111111111116,,
window_false_positive,cycle_regularity:SD cycle length >=4 days,population,calendar,12,H2_duncan1993_any,strict_herzog,True,27,0,0.0,,,,1.0,,
window_false_positive,cycle_regularity:SD cycle length >=4 days,population,cycle,3,H2_duncan1993_any,strict_herzog,True,27,21,0.0,0.0,0.0,0.154639018924847,0.2222222222222222,,
window_false_positive,cycle_regularity:SD cycle length >=4 days,population,cycle,6,H2_duncan1993_any,strict_herzog,True,27,7,2.0,0.2857142857142857,0.08221892400405678,0.6410655481673808,0.7407407407407407,,
window_false_positive,cycle_regularity:SD cycle length >=4 days,population,cycle,12,H2_duncan1993_any,strict_herzog,True,27,0,0.0,,,,1.0,,
window_false_positive,cycle_regularity:SD cycle length >=4 days,population,full,full_diary,H2_duncan1993_any,strict_herzog,True,27,24,2.0,0.08333333333333333,0.023158815297043306,0.25848802193210685,0.11111111111111116,,
window_false_positive,cycle_regularity:SD cycle length >=4 days,healthy_ovulatory,calendar,1,H3_herzog1997_twofold_any,strict_herzog,True,12,9,3.0,0.3333333333333333,0.1205838183869109,0.6457978644196036,0.25,,
window_false_positive,cycle_regularity:SD cycle length >=4 days,healthy_ovulatory,calendar,3,H3_herzog1997_twofold_any,strict_herzog,True,12,10,3.0,0.3,0.10779126740630099,0.6032218525388546,0.16666666666666663,,
window_false_positive,cycle_regularity:SD cycle length >=4 days,healthy_ovulatory,calendar,4,H3_herzog1997_twofold_any,strict_herzog,True,12,11,1.0,0.09090909090909091,0.016232172885884855,0.37735843645159567,0.08333333333333337,,
window_false_positive,cycle_regularity:SD cycle length >=4 days,healthy_ovulatory,calendar,6,H3_herzog1997_twofold_any,strict_herzog,True,12,11,2.0,0.18181818181818182,0.05136768974608513,0.4769805619608442,0.08333333333333337,,
window_false_positive,cycle_regularity:SD cycle length >=4 days,healthy_ovulatory,calendar,12,H3_herzog1997_twofold_any,strict_herzog,True,12,0,0.0,,,,1.0,,
window_false_positive,cycle_regularity:SD cycle length >=4 days,healthy_ovulatory,cycle,3,H3_herzog1997_twofold_any,strict_herzog,True,12,10,2.0,0.2,0.05668215145437519,0.5098375284633583,0.16666666666666663,,
window_false_positive,cycle_regularity:SD cycle length >=4 days,healthy_ovulatory,cycle,6,H3_herzog1997_twofold_any,strict_herzog,True,12,9,2.0,0.2222222222222222,0.06322510711784671,0.5474110308930111,0.25,,
window_false_positive,cycle_regularity:SD cycle length >=4 days,healthy_ovulatory,cycle,12,H3_herzog1997_twofold_any,strict_herzog,True,12,0,0.0,,,,1.0,,
window_false_positive,cycle_regularity:SD cycle length >=4 days,healthy_ovulatory,full,full_diary,H3_herzog1997_twofold_any,strict_herzog,True,12,11,2.0,0.18181818181818182,0.05136768974608513,0.4769805619608442,0.08333333333333337,,
window_false_positive,cycle_regularity:SD cycle length >=4 days,population,calendar,1,H3_herzog1997_twofold_any,strict_herzog,True,27,19,13.0,0.6842105263157895,0.46010407675327475,0.8463562091220773,0.2962962962962963,,
window_false_positive,cycle_regularity:SD cycle length >=4 days,population,calendar,3,H3_herzog1997_twofold_any,strict_herzog,True,27,22,16.0,0.7272727272727273,0.5184826598759762,0.8684923971201053,0.18518518518518523,,
window_false_positive,cycle_regularity:SD cycle length >=4 days,population,calendar,4,H3_herzog1997_twofold_any,strict_herzog,True,27,23,15.0,0.6521739130434783,0.44890335377263,0.8118872406120227,0.14814814814814814,,
window_false_positive,cycle_regularity:SD cycle length >=4 days,population,calendar,6,H3_herzog1997_twofold_any,strict_herzog,True,27,24,17.0,0.7083333333333334,0.5083230633550337,0.8508535180303913,0.11111111111111116,,
window_false_positive,cycle_regularity:SD cycle length >=4 days,population,calendar,12,H3_herzog1997_twofold_any,strict_herzog,True,27,0,0.0,,,,1.0,,
window_false_positive,cycle_regularity:SD cycle length >=4 days,population,cycle,3,H3_herzog1997_twofold_any,strict_herzog,True,27,21,15.0,0.7142857142857143,0.5004361928391441,0.8618613704787788,0.2222222222222222,,
window_false_positive,cycle_regularity:SD cycle length >=4 days,population,cycle,6,H3_herzog1997_twofold_any,strict_herzog,True,27,7,5.0,0.7142857142857143,0.35893445183261935,0.9177810759959433,0.7407407407407407,,
window_false_positive,cycle_regularity:SD cycle length >=4 days,population,cycle,12,H3_herzog1997_twofold_any,strict_herzog,True,27,0,0.0,,,,1.0,,
window_false_positive,cycle_regularity:SD cycle length >=4 days,population,full,full_diary,H3_herzog1997_twofold_any,strict_herzog,True,27,24,17.0,0.7083333333333334,0.5083230633550337,0.8508535180303913,0.11111111111111116,,
window_false_positive,cycle_regularity:SD cycle length >=4 days,healthy_ovulatory,calendar,1,H4_reddy2007_any_phase2x_any,strict_herzog,True,12,9,7.0,0.7777777777777778,0.45258896910698887,0.9367748928821533,0.25,,
window_false_positive,cycle_regularity:SD cycle length >=4 days,healthy_ovulatory,calendar,3,H4_reddy2007_any_phase2x_any,strict_herzog,True,12,10,6.0,0.6,0.31267376973365824,0.8318196702937638,0.16666666666666663,,
window_false_positive,cycle_regularity:SD cycle length >=4 days,healthy_ovulatory,calendar,4,H4_reddy2007_any_phase2x_any,strict_herzog,True,12,11,8.0,0.7272727272727273,0.43435469882387084,0.902539407099751,0.08333333333333337,,
window_false_positive,cycle_regularity:SD cycle length >=4 days,healthy_ovulatory,calendar,6,H4_reddy2007_any_phase2x_any,strict_herzog,True,12,11,3.0,0.2727272727272727,0.09746059290024889,0.5656453011761291,0.08333333333333337,,
window_false_positive,cycle_regularity:SD cycle length >=4 days,healthy_ovulatory,calendar,12,H4_reddy2007_any_phase2x_any,strict_herzog,True,12,0,0.0,,,,1.0,,
window_false_positive,cycle_regularity:SD cycle length >=4 days,healthy_ovulatory,cycle,3,H4_reddy2007_any_phase2x_any,strict_herzog,True,12,10,9.0,0.9,0.5958499732047615,0.9821237869049271,0.16666666666666663,,
window_false_positive,cycle_regularity:SD cycle length >=4 days,healthy_ovulatory,cycle,6,H4_reddy2007_any_phase2x_any,strict_herzog,True,12,9,4.0,0.4444444444444444,0.18877852109766452,0.733348706504507,0.25,,
window_false_positive,cycle_regularity:SD cycle length >=4 days,healthy_ovulatory,cycle,12,H4_reddy2007_any_phase2x_any,strict_herzog,True,12,0,0.0,,,,1.0,,
window_false_positive,cycle_regularity:SD cycle length >=4 days,healthy_ovulatory,full,full_diary,H4_reddy2007_any_phase2x_any,strict_herzog,True,12,11,3.0,0.2727272727272727,0.09746059290024889,0.5656453011761291,0.08333333333333337,,
window_false_positive,cycle_regularity:SD cycle length >=4 days,population,calendar,1,H4_reddy2007_any_phase2x_any,strict_herzog,True,27,19,19.0,1.0,0.8318207759473837,1.0,0.2962962962962963,,
window_false_positive,cycle_regularity:SD cycle length >=4 days,population,calendar,3,H4_reddy2007_any_phase2x_any,strict_herzog,True,27,22,19.0,0.8636363636363636,0.6666501283342828,0.9525099628594474,0.18518518518518523,,
window_false_positive,cycle_regularity:SD cycle length >=4 days,population,calendar,4,H4_reddy2007_any_phase2x_any,strict_herzog,True,27,23,19.0,0.8260869565217391,0.6286235235977387,0.9302134643693742,0.14814814814814814,,
window_false_positive,cycle_regularity:SD cycle length >=4 days,population,calendar,6,H4_reddy2007_any_phase2x_any,strict_herzog,True,27,24,17.0,0.7083333333333334,0.5083230633550337,0.8508535180303913,0.11111111111111116,,
window_false_positive,cycle_regularity:SD cycle length >=4 days,population,calendar,12,H4_reddy2007_any_phase2x_any,strict_herzog,True,27,0,0.0,,,,1.0,,
window_false_positive,cycle_regularity:SD cycle length >=4 days,population,cycle,3,H4_reddy2007_any_phase2x_any,strict_herzog,True,27,21,16.0,0.7619047619047619,0.5490882631704924,0.8937198697736354,0.2222222222222222,,
window_false_positive,cycle_regularity:SD cycle length >=4 days,population,cycle,6,H4_reddy2007_any_phase2x_any,strict_herzog,True,27,7,5.0,0.7142857142857143,0.35893445183261935,0.9177810759959433,0.7407407407407407,,
window_false_positive,cycle_regularity:SD cycle length >=4 days,population,cycle,12,H4_reddy2007_any_phase2x_any,strict_herzog,True,27,0,0.0,,,,1.0,,
window_false_positive,cycle_regularity:SD cycle length >=4 days,population,full,full_diary,H4_reddy2007_any_phase2x_any,strict_herzog,True,27,24,17.0,0.7083333333333334,0.5083230633550337,0.8508535180303913,0.11111111111111116,,
study_level_3month_n30,apparent_prevalence_all,healthy_ovulatory,study_mc_calendar,3,A_exact_any,strict_herzog,False,100,100,,0.0,0.0,0.0,,0.0,0.0
study_level_3month_n30,apparent_prevalence_classifiable,healthy_ovulatory,study_mc_calendar,3,A_exact_any,strict_herzog,False,0,0,,,,,,,
study_level_3month_n30,apparent_prevalence_all,healthy_ovulatory,study_mc_calendar,3,A_windowed_C1_only,strict_herzog,False,100,100,,0.17633333333333334,0.0825,0.26666666666666666,,0.0,0.0
study_level_3month_n30,apparent_prevalence_classifiable,healthy_ovulatory,study_mc_calendar,3,A_windowed_C1_only,strict_herzog,False,100,100,,0.22451558988515516,0.10480769230769231,0.34094202898550713,,0.0,0.0
study_level_3month_n30,apparent_prevalence_all,healthy_ovulatory,study_mc_calendar,3,A_windowed_C2_only,strict_herzog,False,100,100,,0.17433333333333334,0.1,0.26666666666666666,,0.0,0.0
study_level_3month_n30,apparent_prevalence_classifiable,healthy_ovulatory,study_mc_calendar,3,A_windowed_C2_only,strict_herzog,False,100,100,,0.2151612472873342,0.12,0.33460869565217366,,0.01,0.0
study_level_3month_n30,apparent_prevalence_all,healthy_ovulatory,study_mc_calendar,3,A_windowed_C3_only,strict_herzog,False,100,100,,0.0,0.0,0.0,,0.0,0.0
study_level_3month_n30,apparent_prevalence_classifiable,healthy_ovulatory,study_mc_calendar,3,A_windowed_C3_only,strict_herzog,False,0,0,,,,,,,
study_level_3month_n30,apparent_prevalence_all,healthy_ovulatory,study_mc_calendar,3,A_windowed_any,strict_herzog,False,100,100,,0.3,0.2,0.43333333333333335,,0.11,0.0
study_level_3month_n30,apparent_prevalence_classifiable,healthy_ovulatory,study_mc_calendar,3,A_windowed_any,strict_herzog,False,100,100,,0.3657770618270618,0.23066666666666666,0.522,,0.34,0.16
study_level_3month_n30,apparent_prevalence_all,healthy_ovulatory,study_mc_calendar,3,A_windowed_excluding_C3,strict_herzog,False,100,100,,0.3,0.2,0.43333333333333335,,0.11,0.0
study_level_3month_n30,apparent_prevalence_classifiable,healthy_ovulatory,study_mc_calendar,3,A_windowed_excluding_C3,strict_herzog,False,100,100,,0.3657770618270618,0.23066666666666666,0.522,,0.34,0.16
study_level_3month_n30,apparent_prevalence_all,healthy_ovulatory,study_mc_calendar,3,B_minimum_data_any,strict_herzog,False,100,100,,0.0,0.0,0.0,,0.0,0.0
study_level_3month_n30,apparent_prevalence_classifiable,healthy_ovulatory,study_mc_calendar,3,B_minimum_data_any,strict_herzog,False,0,0,,,,,,,
study_level_3month_n30,apparent_prevalence_all,healthy_ovulatory,study_mc_calendar,3,B_minimum_data_excluding_C3,strict_herzog,False,100,100,,0.0,0.0,0.0,,0.0,0.0
study_level_3month_n30,apparent_prevalence_classifiable,healthy_ovulatory,study_mc_calendar,3,B_minimum_data_excluding_C3,strict_herzog,False,0,0,,,,,,,
study_level_3month_n30,apparent_prevalence_all,healthy_ovulatory,study_mc_calendar,3,C_reproducibility_12cycle_any,strict_herzog,False,100,100,,0.0,0.0,0.0,,0.0,0.0
study_level_3month_n30,apparent_prevalence_classifiable,healthy_ovulatory,study_mc_calendar,3,C_reproducibility_12cycle_any,strict_herzog,False,0,0,,,,,,,
study_level_3month_n30,apparent_prevalence_all,healthy_ovulatory,study_mc_calendar,3,C_reproducibility_any,strict_herzog,False,100,100,,0.0,0.0,0.0,,0.0,0.0
study_level_3month_n30,apparent_prevalence_classifiable,healthy_ovulatory,study_mc_calendar,3,C_reproducibility_any,strict_herzog,False,0,0,,,,,,,
study_level_3month_n30,apparent_prevalence_all,healthy_ovulatory,study_mc_calendar,3,D_nb_regression_any,strict_herzog,False,100,100,,0.0,0.0,0.0,,0.0,0.0
study_level_3month_n30,apparent_prevalence_classifiable,healthy_ovulatory,study_mc_calendar,3,D_nb_regression_any,strict_herzog,False,0,0,,,,,,,
study_level_3month_n30,apparent_prevalence_all,healthy_ovulatory,study_mc_calendar,3,D_nb_regression_window_alpha_any,strict_herzog,False,100,100,,0.0,0.0,0.0,,0.0,0.0
study_level_3month_n30,apparent_prevalence_classifiable,healthy_ovulatory,study_mc_calendar,3,D_nb_regression_window_alpha_any,strict_herzog,False,0,0,,,,,,,
study_level_3month_n30,apparent_prevalence_all,healthy_ovulatory,study_mc_calendar,3,H1_newmark_penry_66_7_any,strict_herzog,True,100,100,,0.012666666666666666,0.0,0.05083333333333305,,0.0,0.0
study_level_3month_n30,apparent_prevalence_classifiable,healthy_ovulatory,study_mc_calendar,3,H1_newmark_penry_66_7_any,strict_herzog,True,100,100,,0.015172161493900625,0.0,0.06197552447552421,,0.0,0.0
study_level_3month_n30,apparent_prevalence_all,healthy_ovulatory,study_mc_calendar,3,H1_newmark_penry_any,strict_herzog,True,100,100,,0.05333333333333332,0.0,0.13333333333333333,,0.0,0.0
study_level_3month_n30,apparent_prevalence_classifiable,healthy_ovulatory,study_mc_calendar,3,H1_newmark_penry_any,strict_herzog,True,100,100,,0.06485807413198717,0.0,0.16,,0.0,0.0
study_level_3month_n30,apparent_prevalence_all,healthy_ovulatory,study_mc_calendar,3,H2_duncan1993_any,strict_herzog,True,100,100,,0.043999999999999984,0.0,0.1,,0.0,0.0
study_level_3month_n30,apparent_prevalence_classifiable,healthy_ovulatory,study_mc_calendar,3,H2_duncan1993_any,strict_herzog,True,100,100,,0.05337671145279841,0.0,0.12262499999999996,,0.0,0.0
study_level_3month_n30,apparent_prevalence_all,healthy_ovulatory,study_mc_calendar,3,H3_herzog1997_twofold_any,strict_herzog,True,100,100,,0.254,0.13333333333333333,0.36666666666666664,,0.0,0.0
study_level_3month_n30,apparent_prevalence_classifiable,healthy_ovulatory,study_mc_calendar,3,H3_herzog1997_twofold_any,strict_herzog,True,100,100,,0.31013483070874376,0.16660869565217393,0.45653409090909086,,0.11,0.04
study_level_3month_n30,apparent_prevalence_all,healthy_ovulatory,study_mc_calendar,3,H4_reddy2007_any_phase2x_any,strict_herzog,True,100,100,,0.637,0.5,0.7666666666666667,,1.0,0.99
study_level_3month_n30,apparent_prevalence_classifiable,healthy_ovulatory,study_mc_calendar,3,H4_reddy2007_any_phase2x_any,strict_herzog,True,100,100,,0.7764242260959652,0.6457826086956522,0.92,,1.0,1.0
study_level_3month_n30,apparent_prevalence_all,population,study_mc_calendar,3,A_exact_any,strict_herzog,False,100,100,,0.0,0.0,0.0,,0.0,0.0
study_level_3month_n30,apparent_prevalence_classifiable,population,study_mc_calendar,3,A_exact_any,strict_herzog,False,0,0,,,,,,,
study_level_3month_n30,apparent_prevalence_all,population,study_mc_calendar,3,A_windowed_C1_only,strict_herzog,False,100,100,,0.3416666666666666,0.21583333333333335,0.4666666666666667,,0.3,0.05
study_level_3month_n30,apparent_prevalence_classifiable,population,study_mc_calendar,3,A_windowed_C1_only,strict_herzog,False,100,100,,0.3898361933807211,0.24475,0.5,,0.53,0.28
study_level_3month_n30,apparent_prevalence_all,population,study_mc_calendar,3,A_windowed_C2_only,strict_herzog,False,100,100,,0.31666666666666665,0.2,0.4666666666666667,,0.18,0.04
study_level_3month_n30,apparent_prevalence_classifiable,population,study_mc_calendar,3,A_windowed_C2_only,strict_herzog,False,100,100,,0.36626101296116287,0.2221153846153846,0.5401442307692307,,0.35,0.16
study_level_3month_n30,apparent_prevalence_all,population,study_mc_calendar,3,A_windowed_C3_only,strict_herzog,False,100,100,,0.13966666666666666,0.06666666666666667,0.23333333333333334,,0.0,0.0
study_level_3month_n30,apparent_prevalence_classifiable,population,study_mc_calendar,3,A_windowed_C3_only,strict_herzog,False,100,100,,0.501396103896104,0.25,0.7645833333333331,,0.81,0.64
study_level_3month_n30,apparent_prevalence_all,population,study_mc_calendar,3,A_windowed_any,strict_herzog,False,100,100,,0.5136666666666666,0.3491666666666666,0.6333333333333333,,0.96,0.83
study_level_3month_n30,apparent_prevalence_classifiable,population,study_mc_calendar,3,A_windowed_any,strict_herzog,False,100,100,,0.5728149811236017,0.4035185185185185,0.6923076923076923,,0.98,0.96
study_level_3month_n30,apparent_prevalence_all,population,study_mc_calendar,3,A_windowed_excluding_C3,strict_herzog,False,100,100,,0.468,0.3333333333333333,0.6,,0.88,0.62
study_level_3month_n30,apparent_prevalence_classifiable,population,study_mc_calendar,3,A_windowed_excluding_C3,strict_herzog,False,100,100,,0.5220953103728966,0.38461538461538464,0.6538461538461539,,0.96,0.85
study_level_3month_n30,apparent_prevalence_all,population,study_mc_calendar,3,B_minimum_data_any,strict_herzog,False,100,100,,0.0,0.0,0.0,,0.0,0.0
study_level_3month_n30,apparent_prevalence_classifiable,population,study_mc_calendar,3,B_minimum_data_any,strict_herzog,False,0,0,,,,,,,
study_level_3month_n30,apparent_prevalence_all,population,study_mc_calendar,3,B_minimum_data_excluding_C3,strict_herzog,False,100,100,,0.0,0.0,0.0,,0.0,0.0
study_level_3month_n30,apparent_prevalence_classifiable,population,study_mc_calendar,3,B_minimum_data_excluding_C3,strict_herzog,False,0,0,,,,,,,
study_level_3month_n30,apparent_prevalence_all,population,study_mc_calendar,3,C_reproducibility_12cycle_any,strict_herzog,False,100,100,,0.0,0.0,0.0,,0.0,0.0
study_level_3month_n30,apparent_prevalence_classifiable,population,study_mc_calendar,3,C_reproducibility_12cycle_any,strict_herzog,False,0,0,,,,,,,
study_level_3month_n30,apparent_prevalence_all,population,study_mc_calendar,3,C_reproducibility_any,strict_herzog,False,100,100,,0.0,0.0,0.0,,0.0,0.0
study_level_3month_n30,apparent_prevalence_classifiable,population,study_mc_calendar,3,C_reproducibility_any,strict_herzog,False,0,0,,,,,,,
study_level_3month_n30,apparent_prevalence_all,population,study_mc_calendar,3,D_nb_regression_any,strict_herzog,False,100,100,,0.0,0.0,0.0,,0.0,0.0
study_level_3month_n30,apparent_prevalence_classifiable,population,study_mc_calendar,3,D_nb_regression_any,strict_herzog,False,0,0,,,,,,,
study_level_3month_n30,apparent_prevalence_all,population,study_mc_calendar,3,D_nb_regression_window_alpha_any,strict_herzog,False,100,100,,0.0,0.0,0.0,,0.0,0.0
study_level_3month_n30,apparent_prevalence_classifiable,population,study_mc_calendar,3,D_nb_regression_window_alpha_any,strict_herzog,False,0,0,,,,,,,
study_level_3month_n30,apparent_prevalence_all,population,study_mc_calendar,3,H1_newmark_penry_66_7_any,strict_herzog,True,100,100,,0.057333333333333326,0.0,0.1,,0.0,0.0
study_level_3month_n30,apparent_prevalence_classifiable,population,study_mc_calendar,3,H1_newmark_penry_66_7_any,strict_herzog,True,100,100,,0.06405314653418101,0.0,0.11780769230769227,,0.0,0.0
study_level_3month_n30,apparent_prevalence_all,population,study_mc_calendar,3,H1_newmark_penry_any,strict_herzog,True,100,100,,0.121,0.06666666666666667,0.21749999999999972,,0.0,0.0
study_level_3month_n30,apparent_prevalence_classifiable,population,study_mc_calendar,3,H1_newmark_penry_any,strict_herzog,True,100,100,,0.13512301025921714,0.07142857142857142,0.24086538461538445,,0.0,0.0
study_level_3month_n30,apparent_prevalence_all,population,study_mc_calendar,3,H2_duncan1993_any,strict_herzog,True,100,100,,0.07866666666666665,0.0,0.16666666666666666,,0.0,0.0
study_level_3month_n30,apparent_prevalence_classifiable,population,study_mc_calendar,3,H2_duncan1993_any,strict_herzog,True,100,100,,0.08778726579933477,0.0,0.18204365079365073,,0.0,0.0
study_level_3month_n30,apparent_prevalence_all,population,study_mc_calendar,3,H3_herzog1997_twofold_any,strict_herzog,True,100,100,,0.4856666666666667,0.3491666666666666,0.6174999999999997,,0.95,0.69
study_level_3month_n30,apparent_prevalence_classifiable,population,study_mc_calendar,3,H3_herzog1997_twofold_any,strict_herzog,True,100,100,,0.541340293742018,0.4035185185185185,0.6666666666666666,,0.98,0.95
study_level_3month_n30,apparent_prevalence_all,population,study_mc_calendar,3,H4_reddy2007_any_phase2x_any,strict_herzog,True,100,100,,0.6833333333333332,0.5333333333333333,0.8,,1.0,1.0
study_level_3month_n30,apparent_prevalence_classifiable,population,study_mc_calendar,3,H4_reddy2007_any_phase2x_any,strict_herzog,True,100,100,,0.7625836898095518,0.6221509971509972,0.8868589743589743,,1.0,1.0
