table_type,subset,cohort,window_type,window_value,definition,phase_mode,assumption_based_historical,n_windows,n_classifiable,positives,false_positive_rate,wilson95_low,wilson95_high,indeterminate_rate,p_prevalence_ge_39_1,p_prevalence_ge_44_2
window_false_positive,all,healthy_ovulatory,calendar,1,A_exact_any,strict_herzog,False,50,0,0.0,,,,1.0,,
window_false_positive,all,healthy_ovulatory,calendar,3,A_exact_any,strict_herzog,False,50,0,0.0,,,,1.0,,
window_false_positive,all,healthy_ovulatory,calendar,4,A_exact_any,strict_herzog,False,50,0,0.0,,,,1.0,,
window_false_positive,all,healthy_ovulatory,calendar,6,A_exact_any,strict_herzog,False,50,0,0.0,,,,1.0,,
window_false_positive,all,healthy_ovulatory,calendar,12,A_exact_any,strict_herzog,False,50,0,0.0,,,,1.0,,
window_false_positive,all,healthy_ovulatory,cycle,3,A_exact_any,strict_herzog,False,50,19,9.0,0.47368421052631576,0.2732980516117956,0.6829219075488682,0.62,,
window_false_positive,all,healthy_ovulatory,cycle,6,A_exact_any,strict_herzog,False,50,0,0.0,,,,1.0,,
window_false_positive,all,healthy_ovulatory,cycle,12,A_exact_any,strict_herzog,False,50,0,0.0,,,,1.0,,
window_false_positive,all,healthy_ovulatory,full,full_diary,A_exact_any,strict_herzog,False,50,0,0.0,,,,1.0,,
window_false_positive,all,population,calendar,1,A_exact_any,strict_herzog,False,50,0,0.0,,,,1.0,,
window_false_positive,all,population,calendar,3,A_exact_any,strict_herzog,False,50,0,0.0,,,,1.0,,
window_false_positive,all,population,calendar,4,A_exact_any,strict_herzog,False,50,0,0.0,,,,1.0,,
window_false_positive,all,population,calendar,6,A_exact_any,strict_herzog,False,50,0,0.0,,,,1.0,,
window_false_positive,all,population,calendar,12,A_exact_any,strict_herzog,False,50,0,0.0,,,,1.0,,
window_false_positive,all,population,cycle,3,A_exact_any,strict_herzog,False,50,20,10.0,0.5,0.29929800819821234,0.7007019918017876,0.6,,
window_false_positive,all,population,cycle,6,A_exact_any,strict_herzog,False,50,0,0.0,,,,1.0,,
window_false_positive,all,population,cycle,12,A_exact_any,strict_herzog,False,50,0,0.0,,,,1.0,,
window_false_positive,all,population,full,full_diary,A_exact_any,strict_herzog,False,50,0,0.0,,,,1.0,,
window_false_positive,all,healthy_ovulatory,calendar,1,A_windowed_any,strict_herzog,False,50,33,20.0,0.6060606060606061,0.43683440819940234,0.7531689256552291,0.33999999999999997,,
window_false_positive,all,healthy_ovulatory,calendar,3,A_windowed_any,strict_herzog,False,50,41,19.0,0.4634146341463415,0.32056233976336046,0.6125352873233052,0.18000000000000005,,
window_false_positive,all,healthy_ovulatory,calendar,4,A_windowed_any,strict_herzog,False,50,45,20.0,0.4444444444444444,0.3093893003499759,0.5882386550647896,0.09999999999999998,,
window_false_positive,all,healthy_ovulatory,calendar,6,A_windowed_any,strict_herzog,False,50,45,20.0,0.4444444444444444,0.3093893003499759,0.5882386550647896,0.09999999999999998,,
window_false_positive,all,healthy_ovulatory,calendar,12,A_windowed_any,strict_herzog,False,50,0,0.0,,,,1.0,,
window_false_positive,all,healthy_ovulatory,cycle,3,A_windowed_any,strict_herzog,False,50,43,20.0,0.46511627906976744,0.32511057704121815,0.6108435952768602,0.14,,
window_false_positive,all,healthy_ovulatory,cycle,6,A_windowed_any,strict_herzog,False,50,35,15.0,0.42857142857142855,0.2798456817718068,0.5914258885602508,0.30000000000000004,,
window_false_positive,all,healthy_ovulatory,cycle,12,A_windowed_any,strict_herzog,False,50,0,0.0,,,,1.0,,
window_false_positive,all,healthy_ovulatory,full,full_diary,A_windowed_any,strict_herzog,False,50,45,20.0,0.4444444444444444,0.3093893003499759,0.5882386550647896,0.09999999999999998,,
window_false_positive,all,population,calendar,1,A_windowed_any,strict_herzog,False,50,39,26.0,0.6666666666666666,0.5097739439934599,0.7936704381040163,0.21999999999999997,,
window_false_positive,all,population,calendar,3,A_windowed_any,strict_herzog,False,50,46,32.0,0.6956521739130435,0.5519435355159235,0.8092015919723277,0.07999999999999996,,
window_false_positive,all,population,calendar,4,A_windowed_any,strict_herzog,False,50,46,30.0,0.6521739130434783,0.5077005884206276,0.7731900662924567,0.07999999999999996,,
window_false_positive,all,population,calendar,6,A_windowed_any,strict_herzog,False,50,47,30.0,0.6382978723404256,0.4953589653479511,0.7603378675428585,0.06000000000000005,,
window_false_positive,all,population,calendar,12,A_windowed_any,strict_herzog,False,50,0,0.0,,,,1.0,,
window_false_positive,all,population,cycle,3,A_windowed_any,strict_herzog,False,50,45,33.0,0.7333333333333333,0.5896116224686505,0.8403509647893348,0.09999999999999998,,
window_false_positive,all,population,cycle,6,A_windowed_any,strict_herzog,False,50,18,12.0,0.6666666666666666,0.43749467295945105,0.837212252491663,0.64,,
window_false_positive,all,population,cycle,12,A_windowed_any,strict_herzog,False,50,0,0.0,,,,1.0,,
window_false_positive,all,population,full,full_diary,A_windowed_any,strict_herzog,False,50,47,30.0,0.6382978723404256,0.4953589653479511,0.7603378675428585,0.06000000000000005,,
window_false_positive,all,healthy_ovulatory,calendar,1,A_windowed_excluding_C3,strict_herzog,False,50,33,20.0,0.6060606060606061,0.43683440819940234,0.7531689256552291,0.33999999999999997,,
window_false_positive,all,healthy_ovulatory,calendar,3,A_windowed_excluding_C3,strict_herzog,False,50,41,19.0,0.4634146341463415,0.32056233976336046,0.6125352873233052,0.18000000000000005,,
window_false_positive,all,healthy_ovulatory,calendar,4,A_windowed_excluding_C3,strict_herzog,False,50,45,20.0,0.4444444444444444,0.3093893003499759,0.5882386550647896,0.09999999999999998,,
window_false_positive,all,healthy_ovulatory,calendar,6,A_windowed_excluding_C3,strict_herzog,False,50,45,20.0,0.4444444444444444,0.3093893003499759,0.5882386550647896,0.09999999999999998,,
window_false_positive,all,healthy_ovulatory,calendar,12,A_windowed_excluding_C3,strict_herzog,False,50,0,0.0,,,,1.0,,
window_false_positive,all,healthy_ovulatory,cycle,3,A_windowed_excluding_C3,strict_herzog,False,50,43,20.0,0.46511627906976744,0.32511057704121815,0.6108435952768602,0.14,,
window_false_positive,all,healthy_ovulatory,cycle,6,A_windowed_excluding_C3,strict_herzog,False,50,35,15.0,0.42857142857142855,0.2798456817718068,0.5914258885602508,0.30000000000000004,,
window_false_positive,all,healthy_ovulatory,cycle,12,A_windowed_excluding_C3,strict_herzog,False,50,0,0.0,,,,1.0,,
window_false_positive,all,healthy_ovulatory,full,full_diary,A_windowed_excluding_C3,strict_herzog,False,50,45,20.0,0.4444444444444444,0.3093893003499759,0.5882386550647896,0.09999999999999998,,
window_false_positive,all,population,calendar,1,A_windowed_excluding_C3,strict_herzog,False,50,39,24.0,0.6153846153846154,0.45899061456925083,0.7510862653443866,0.21999999999999997,,
window_false_positive,all,population,calendar,3,A_windowed_excluding_C3,strict_herzog,False,50,46,29.0,0.6304347826086957,0.48600096423389705,0.7547624540916037,0.07999999999999996,,
window_false_positive,all,population,calendar,4,A_windowed_excluding_C3,strict_herzog,False,50,46,29.0,0.6304347826086957,0.48600096423389705,0.7547624540916037,0.07999999999999996,,
window_false_positive,all,population,calendar,6,A_windowed_excluding_C3,strict_herzog,False,50,47,27.0,0.574468085106383,0.4328191934549279,0.7048637165632003,0.06000000000000005,,
window_false_positive,all,population,calendar,12,A_windowed_excluding_C3,strict_herzog,False,50,0,0.0,,,,1.0,,
window_false_positive,all,population,cycle,3,A_windowed_excluding_C3,strict_herzog,False,50,45,30.0,0.6666666666666666,0.5207048830990042,0.7864112506566996,0.09999999999999998,,
window_false_positive,all,population,cycle,6,A_windowed_excluding_C3,strict_herzog,False,50,18,11.0,0.6111111111111112,0.3861904160223791,0.7969475342783638,0.64,,
window_false_positive,all,population,cycle,12,A_windowed_excluding_C3,strict_herzog,False,50,0,0.0,,,,1.0,,
window_false_positive,all,population,full,full_diary,A_windowed_excluding_C3,strict_herzog,False,50,47,27.0,0.574468085106383,0.4328191934549279,0.7048637165632003,0.06000000000000005,,
window_false_positive,all,healthy_ovulatory,calendar,1,A_windowed_C1_only,strict_herzog,False,50,30,16.0,0.5333333333333333,0.36142299619873297,0.6976761109230025,0.4,,
window_false_positive,all,healthy_ovulatory,calendar,3,A_windowed_C1_only,strict_herzog,False,50,40,13.0,0.325,0.200845022317827,0.47982253810122333,0.19999999999999996,,
window_false_positive,all,healthy_ovulatory,calendar,4,A_windowed_C1_only,strict_herzog,False,50,42,16.0,0.38095238095238093,0.24999725763955144,0.5318595973284732,0.16000000000000003,,
window_false_positive,all,healthy_ovulatory,calendar,6,A_windowed_C1_only,strict_herzog,False,50,43,16.0,0.37209302325581395,0.2437633900965057,0.5214019084031153,0.14,,
window_false_positive,all,healthy_ovulatory,calendar,12,A_windowed_C1_only,strict_herzog,False,50,0,0.0,,,,1.0,,
window_false_positive,all,healthy_ovulatory,cycle,3,A_windowed_C1_only,strict_herzog,False,50,41,14.0,0.34146341463414637,0.21558808257384848,0.494501634801703,0.18000000000000005,,
window_false_positive,all,healthy_ovulatory,cycle,6,A_windowed_C1_only,strict_herzog,False,50,34,12.0,0.35294117647058826,0.21487920594879492,0.5208603688021826,0.31999999999999995,,
window_false_positive,all,healthy_ovulatory,cycle,12,A_windowed_C1_only,strict_herzog,False,50,0,0.0,,,,1.0,,
window_false_positive,all,healthy_ovulatory,full,full_diary,A_windowed_C1_only,strict_herzog,False,50,43,16.0,0.37209302325581395,0.2437633900965057,0.5214019084031153,0.14,,
window_false_positive,all,population,calendar,1,A_windowed_C1_only,strict_herzog,False,50,32,14.0,0.4375,0.2816533111504036,0.6067440886314801,0.36,,
window_false_positive,all,population,calendar,3,A_windowed_C1_only,strict_herzog,False,50,44,24.0,0.5454545454545454,0.40066183198961974,0.6829476585777909,0.12,,
window_false_positive,all,population,calendar,4,A_windowed_C1_only,strict_herzog,False,50,46,27.0,0.5869565217391305,0.44339497779846154,0.7171139677518723,0.07999999999999996,,
window_false_positive,all,population,calendar,6,A_windowed_C1_only,strict_herzog,False,50,47,23.0,0.48936170212765956,0.3527555503368215,0.6275754625177314,0.06000000000000005,,
window_false_positive,all,population,calendar,12,A_windowed_C1_only,strict_herzog,False,50,0,0.0,,,,1.0,,
window_false_positive,all,population,cycle,3,A_windowed_C1_only,strict_herzog,False,50,45,24.0,0.5333333333333333,0.3907745474012537,0.670648679349887,0.09999999999999998,,
window_false_positive,all,population,cycle,6,A_windowed_C1_only,strict_herzog,False,50,18,10.0,0.5555555555555556,0.33716415642042774,0.7544048187299437,0.64,,
window_false_positive,all,population,cycle,12,A_windowed_C1_only,strict_herzog,False,50,0,0.0,,,,1.0,,
window_false_positive,all,population,full,full_diary,A_windowed_C1_only,strict_herzog,False,50,47,23.0,0.48936170212765956,0.3527555503368215,0.6275754625177314,0.06000000000000005,,
window_false_positive,all,healthy_ovulatory,calendar,1,A_windowed_C2_only,strict_herzog,False,50,31,9.0,0.2903225806451613,0.1609580015630062,0.46592329330749926,0.38,,
window_false_positive,all,healthy_ovulatory,calendar,3,A_windowed_C2_only,strict_herzog,False,50,40,10.0,0.25,0.14187118639096302,0.40193961420768026,0.19999999999999996,,
window_false_positive,all,healthy_ovulatory,calendar,4,A_windowed_C2_only,strict_herzog,False,50,43,7.0,0.16279069767441862,0.08116627347062008,0.29972405893747167,0.14,,
window_false_positive,all,healthy_ovulatory,calendar,6,A_windowed_C2_only,strict_herzog,False,50,45,7.0,0.15555555555555556,0.07745423484758268,0.2878390887239627,0.09999999999999998,,
window_false_positive,all,healthy_ovulatory,calendar,12,A_windowed_C2_only,strict_herzog,False,50,0,0.0,,,,1.0,,
window_false_positive,all,healthy_ovulatory,cycle,3,A_windowed_C2_only,strict_herzog,False,50,41,7.0,0.17073170731707318,0.08525251977594998,0.3126261240040417,0.18000000000000005,,
window_false_positive,all,healthy_ovulatory,cycle,6,A_windowed_C2_only,strict_herzog,False,50,35,6.0,0.17142857142857143,0.08102640053701589,0.3268228229904496,0.30000000000000004,,
window_false_positive,all,healthy_ovulatory,cycle,12,A_windowed_C2_only,strict_herzog,False,50,0,0.0,,,,1.0,,
window_false_positive,all,healthy_ovulatory,full,full_diary,A_windowed_C2_only,strict_herzog,False,50,45,7.0,0.15555555555555556,0.07745423484758268,0.2878390887239627,0.09999999999999998,,
window_false_positive,all,population,calendar,1,A_windowed_C2_only,strict_herzog,False,50,35,12.0,0.34285714285714286,0.20831694987048957,0.5084805048600374,0.30000000000000004,,
window_false_positive,all,population,calendar,3,A_windowed_C2_only,strict_herzog,False,50,43,12.0,0.27906976744186046,0.16746613786237488,0.42691028681878873,0.14,,
window_false_positive,all,population,calendar,4,A_windowed_C2_only,strict_herzog,False,50,45,16.0,0.35555555555555557,0.23219082604215877,0.5016418580362313,0.09999999999999998,,
window_false_positive,all,population,calendar,6,A_windowed_C2_only,strict_herzog,False,50,46,12.0,0.2608695652173913,0.156008864456426,0.4025915352801559,0.07999999999999996,,
window_false_positive,all,population,calendar,12,A_windowed_C2_only,strict_herzog,False,50,0,0.0,,,,1.0,,
window_false_positive,all,population,cycle,3,A_windowed_C2_only,strict_herzog,False,50,44,18.0,0.4090909090909091,0.2768785562754973,0.555902462589681,0.12,,
window_false_positive,all,population,cycle,6,A_windowed_C2_only,strict_herzog,False,50,17,4.0,0.23529411764705882,0.09555044322080117,0.4726179811956498,0.6599999999999999,,
window_false_positive,all,population,cycle,12,A_windowed_C2_only,strict_herzog,False,50,0,0.0,,,,1.0,,
window_false_positive,all,population,full,full_diary,A_windowed_C2_only,strict_herzog,False,50,46,12.0,0.2608695652173913,0.156008864456426,0.4025915352801559,0.07999999999999996,,
window_false_positive,all,healthy_ovulatory,calendar,1,A_windowed_C3_only,strict_herzog,False,50,0,0.0,,,,1.0,,
window_false_positive,all,healthy_ovulatory,calendar,3,A_windowed_C3_only,strict_herzog,False,50,0,0.0,,,,1.0,,
window_false_positive,all,healthy_ovulatory,calendar,4,A_windowed_C3_only,strict_herzog,False,50,0,0.0,,,,1.0,,
window_false_positive,all,healthy_ovulatory,calendar,6,A_windowed_C3_only,strict_herzog,False,50,0,0.0,,,,1.0,,
window_false_positive,all,healthy_ovulatory,calendar,12,A_windowed_C3_only,strict_herzog,False,50,0,0.0,,,,1.0,,
window_false_positive,all,healthy_ovulatory,cycle,3,A_windowed_C3_only,strict_herzog,False,50,0,0.0,,,,1.0,,
window_false_positive,all,healthy_ovulatory,cycle,6,A_windowed_C3_only,strict_herzog,False,50,0,0.0,,,,1.0,,
window_false_positive,all,healthy_ovulatory,cycle,12,A_windowed_C3_only,strict_herzog,False,50,0,0.0,,,,1.0,,
window_false_positive,all,healthy_ovulatory,full,full_diary,A_windowed_C3_only,strict_herzog,False,50,0,0.0,,,,1.0,,
window_false_positive,all,population,calendar,1,A_windowed_C3_only,strict_herzog,False,50,10,8.0,0.8,0.49016247153664183,0.9433178485456247,0.8,,
window_false_positive,all,population,calendar,3,A_windowed_C3_only,strict_herzog,False,50,18,8.0,0.4444444444444444,0.24559518127005633,0.6628358435795723,0.64,,
window_false_positive,all,population,calendar,4,A_windowed_C3_only,strict_herzog,False,50,18,6.0,0.3333333333333333,0.1627877475083369,0.5625053270405489,0.64,,
window_false_positive,all,population,calendar,6,A_windowed_C3_only,strict_herzog,False,50,23,8.0,0.34782608695652173,0.1881127593879773,0.55109664622737,0.54,,
window_false_positive,all,population,calendar,12,A_windowed_C3_only,strict_herzog,False,50,0,0.0,,,,1.0,,
window_false_positive,all,population,cycle,3,A_windowed_C3_only,strict_herzog,False,50,12,4.0,0.3333333333333333,0.13812009109121315,0.6093779111272004,0.76,,
window_false_positive,all,population,cycle,6,A_windowed_C3_only,strict_herzog,False,50,6,2.0,0.3333333333333333,0.09677141110578041,0.700006684861608,0.88,,
window_false_positive,all,population,cycle,12,A_windowed_C3_only,strict_herzog,False,50,0,0.0,,,,1.0,,
window_false_positive,all,population,full,full_diary,A_windowed_C3_only,strict_herzog,False,50,23,8.0,0.34782608695652173,0.1881127593879773,0.55109664622737,0.54,,
window_false_positive,all,healthy_ovulatory,calendar,1,B_minimum_data_any,strict_herzog,False,50,0,0.0,,,,1.0,,
window_false_positive,all,healthy_ovulatory,calendar,3,B_minimum_data_any,strict_herzog,False,50,0,0.0,,,,1.0,,
window_false_positive,all,healthy_ovulatory,calendar,4,B_minimum_data_any,strict_herzog,False,50,35,15.0,0.42857142857142855,0.2798456817718068,0.5914258885602508,0.30000000000000004,,
window_false_positive,all,healthy_ovulatory,calendar,6,B_minimum_data_any,strict_herzog,False,50,37,15.0,0.40540540540540543,0.26346518192014284,0.5651403526977063,0.26,,
window_false_positive,all,healthy_ovulatory,calendar,12,B_minimum_data_any,strict_herzog,False,50,0,0.0,,,,1.0,,
window_false_positive,all,healthy_ovulatory,cycle,3,B_minimum_data_any,strict_herzog,False,50,0,0.0,,,,1.0,,
window_false_positive,all,healthy_ovulatory,cycle,6,B_minimum_data_any,strict_herzog,False,50,29,12.0,0.41379310344827586,0.255131773413224,0.5926216401212141,0.42000000000000004,,
window_false_positive,all,healthy_ovulatory,cycle,12,B_minimum_data_any,strict_herzog,False,50,0,0.0,,,,1.0,,
window_false_positive,all,healthy_ovulatory,full,full_diary,B_minimum_data_any,strict_herzog,False,50,37,15.0,0.40540540540540543,0.26346518192014284,0.5651403526977063,0.26,,
window_false_positive,all,population,calendar,1,B_minimum_data_any,strict_herzog,False,50,0,0.0,,,,1.0,,
window_false_positive,all,population,calendar,3,B_minimum_data_any,strict_herzog,False,50,0,0.0,,,,1.0,,
window_false_positive,all,population,calendar,4,B_minimum_data_any,strict_herzog,False,50,41,25.0,0.6097560975609756,0.45726856934123794,0.7434385493987647,0.18000000000000005,,
window_false_positive,all,population,calendar,6,B_minimum_data_any,strict_herzog,False,50,45,28.0,0.6222222222222222,0.47629934480889535,0.7489191532786209,0.09999999999999998,,
window_false_positive,all,population,calendar,12,B_minimum_data_any,strict_herzog,False,50,0,0.0,,,,1.0,,
window_false_positive,all,population,cycle,3,B_minimum_data_any,strict_herzog,False,50,2,2.0,1.0,0.34238022750665303,1.0,0.96,,
window_false_positive,all,population,cycle,6,B_minimum_data_any,strict_herzog,False,50,16,10.0,0.625,0.38641040545502714,0.8151876744113636,0.6799999999999999,,
window_false_positive,all,population,cycle,12,B_minimum_data_any,strict_herzog,False,50,0,0.0,,,,1.0,,
window_false_positive,all,population,full,full_diary,B_minimum_data_any,strict_herzog,False,50,45,28.0,0.6222222222222222,0.47629934480889535,0.7489191532786209,0.09999999999999998,,
window_false_positive,all,healthy_ovulatory,calendar,1,B_minimum_data_excluding_C3,strict_herzog,False,50,0,0.0,,,,1.0,,
window_false_positive,all,healthy_ovulatory,calendar,3,B_minimum_data_excluding_C3,strict_herzog,False,50,0,0.0,,,,1.0,,
window_false_positive,all,healthy_ovulatory,calendar,4,B_minimum_data_excluding_C3,strict_herzog,False,50,35,15.0,0.42857142857142855,0.2798456817718068,0.5914258885602508,0.30000000000000004,,
window_false_positive,all,healthy_ovulatory,calendar,6,B_minimum_data_excluding_C3,strict_herzog,False,50,37,15.0,0.40540540540540543,0.26346518192014284,0.5651403526977063,0.26,,
window_false_positive,all,healthy_ovulatory,calendar,12,B_minimum_data_excluding_C3,strict_herzog,False,50,0,0.0,,,,1.0,,
window_false_positive,all,healthy_ovulatory,cycle,3,B_minimum_data_excluding_C3,strict_herzog,False,50,0,0.0,,,,1.0,,
window_false_positive,all,healthy_ovulatory,cycle,6,B_minimum_data_excluding_C3,strict_herzog,False,50,29,12.0,0.41379310344827586,0.255131773413224,0.5926216401212141,0.42000000000000004,,
window_false_positive,all,healthy_ovulatory,cycle,12,B_minimum_data_excluding_C3,strict_herzog,False,50,0,0.0,,,,1.0,,
window_false_positive,all,healthy_ovulatory,full,full_diary,B_minimum_data_excluding_C3,strict_herzog,False,50,37,15.0,0.40540540540540543,0.26346518192014284,0.5651403526977063,0.26,,
window_false_positive,all,population,calendar,1,B_minimum_data_excluding_C3,strict_herzog,False,50,0,0.0,,,,1.0,,
window_false_positive,all,population,calendar,3,B_minimum_data_excluding_C3,strict_herzog,False,50,0,0.0,,,,1.0,,
window_false_positive,all,population,calendar,4,B_minimum_data_excluding_C3,strict_herzog,False,50,41,24.0,0.5853658536585366,0.4336710313403013,0.7224345054574786,0.18000000000000005,,
window_false_positive,all,population,calendar,6,B_minimum_data_excluding_C3,strict_herzog,False,50,45,25.0,0.5555555555555556,0.41176134493521055,0.6906106996500242,0.09999999999999998,,
window_false_positive,all,population,calendar,12,B_minimum_data_excluding_C3,strict_herzog,False,50,0,0.0,,,,1.0,,
window_false_positive,all,population,cycle,3,B_minimum_data_excluding_C3,strict_herzog,False,50,2,2.0,1.0,0.34238022750665303,1.0,0.96,,
window_false_positive,all,population,cycle,6,B_minimum_data_excluding_C3,strict_herzog,False,50,16,9.0,0.5625,0.331785563988119,0.7690134759450765,0.6799999999999999,,
window_false_positive,all,population,cycle,12,B_minimum_data_excluding_C3,strict_herzog,False,50,0,0.0,,,,1.0,,
window_false_positive,all,population,full,full_diary,B_minimum_data_excluding_C3,strict_herzog,False,50,45,25.0,0.5555555555555556,0.41176134493521055,0.6906106996500242,0.09999999999999998,,
window_false_positive,all,healthy_ovulatory,calendar,1,C_reproducibility_any,strict_herzog,False,50,0,0.0,,,,1.0,,
window_false_positive,all,healthy_ovulatory,calendar,3,C_reproducibility_any,strict_herzog,False,50,0,0.0,,,,1.0,,
window_false_positive,all,healthy_ovulatory,calendar,4,C_reproducibility_any,strict_herzog,False,50,0,0.0,,,,1.0,,
window_false_positive,all,healthy_ovulatory,calendar,6,C_reproducibility_any,strict_herzog,False,50,17,6.0,0.35294117647058826,0.17309720397243744,0.5869963651478132,0.6599999999999999,,
window_false_positive,all,healthy_ovulatory,calendar,12,C_reproducibility_any,strict_herzog,False,50,0,0.0,,,,1.0,,
window_false_positive,all,healthy_ovulatory,cycle,3,C_reproducibility_any,strict_herzog,False,50,0,0.0,,,,1.0,,
window_false_positive,all,healthy_ovulatory,cycle,6,C_reproducibility_any,strict_herzog,False,50,17,6.0,0.35294117647058826,0.17309720397243744,0.5869963651478132,0.6599999999999999,,
window_false_positive,all,healthy_ovulatory,cycle,12,C_reproducibility_any,strict_herzog,False,50,0,0.0,,,,1.0,,
window_false_positive,all,healthy_ovulatory,full,full_diary,C_reproducibility_any,strict_herzog,False,50,17,6.0,0.35294117647058826,0.17309720397243744,0.5869963651478132,0.6599999999999999,,
window_false_positive,all,population,calendar,1,C_reproducibility_any,strict_herzog,False,50,0,0.0,,,,1.0,,
window_false_positive,all,population,calendar,3,C_reproducibility_any,strict_herzog,False,50,0,0.0,,,,1.0,,
window_false_positive,all,population,calendar,4,C_reproducibility_any,strict_herzog,False,50,0,0.0,,,,1.0,,
window_false_positive,all,population,calendar,6,C_reproducibility_any,strict_herzog,False,50,12,3.0,0.25,0.08894166839405471,0.5323053349335657,0.76,,
window_false_positive,all,population,calendar,12,C_reproducibility_any,strict_herzog,False,50,0,0.0,,,,1.0,,
window_false_positive,all,population,cycle,3,C_reproducibility_any,strict_herzog,False,50,0,0.0,,,,1.0,,
window_false_positive,all,population,cycle,6,C_reproducibility_any,strict_herzog,False,50,12,3.0,0.25,0.08894166839405471,0.5323053349335657,0.76,,
window_false_positive,all,population,cycle,12,C_reproducibility_any,strict_herzog,False,50,0,0.0,,,,1.0,,
window_false_positive,all,population,full,full_diary,C_reproducibility_any,strict_herzog,False,50,12,3.0,0.25,0.08894166839405471,0.5323053349335657,0.76,,
window_false_positive,all,healthy_ovulatory,calendar,1,C_reproducibility_12cycle_any,strict_herzog,False,50,0,0.0,,,,1.0,,
window_false_positive,all,healthy_ovulatory,calendar,3,C_reproducibility_12cycle_any,strict_herzog,False,50,0,0.0,,,,1.0,,
window_false_positive,all,healthy_ovulatory,calendar,4,C_reproducibility_12cycle_any,strict_herzog,False,50,0,0.0,,,,1.0,,
window_false_positive,all,healthy_ovulatory,calendar,6,C_reproducibility_12cycle_any,strict_herzog,False,50,0,0.0,,,,1.0,,
window_false_positive,all,healthy_ovulatory,calendar,12,C_reproducibility_12cycle_any,strict_herzog,False,50,0,0.0,,,,1.0,,
window_false_positive,all,healthy_ovulatory,cycle,3,C_reproducibility_12cycle_any,strict_herzog,False,50,0,0.0,,,,1.0,,
window_false_positive,all,healthy_ovulatory,cycle,6,C_reproducibility_12cycle_any,strict_herzog,False,50,0,0.0,,,,1.0,,
window_false_positive,all,healthy_ovulatory,cycle,12,C_reproducibility_12cycle_any,strict_herzog,False,50,0,0.0,,,,1.0,,
window_false_positive,all,healthy_ovulatory,full,full_diary,C_reproducibility_12cycle_any,strict_herzog,False,50,0,0.0,,,,1.0,,
window_false_positive,all,population,calendar,1,C_reproducibility_12cycle_any,strict_herzog,False,50,0,0.0,,,,1.0,,
window_false_positive,all,population,calendar,3,C_reproducibility_12cycle_any,strict_herzog,False,50,0,0.0,,,,1.0,,
window_false_positive,all,population,calendar,4,C_reproducibility_12cycle_any,strict_herzog,False,50,0,0.0,,,,1.0,,
window_false_positive,all,population,calendar,6,C_reproducibility_12cycle_any,strict_herzog,False,50,0,0.0,,,,1.0,,
window_false_positive,all,population,calendar,12,C_reproducibility_12cycle_any,strict_herzog,False,50,0,0.0,,,,1.0,,
window_false_positive,all,population,cycle,3,C_reproducibility_12cycle_any,strict_herzog,False,50,0,0.0,,,,1.0,,
window_false_positive,all,population,cycle,6,C_reproducibility_12cycle_any,strict_herzog,False,50,0,0.0,,,,1.0,,
window_false_positive,all,population,cycle,12,C_reproducibility_12cycle_any,strict_herzog,False,50,0,0.0,,,,1.0,,
window_false_positive,all,population,full,full_diary,C_reproducibility_12cycle_any,strict_herzog,False,50,0,0.0,,,,1.0,,
window_false_positive,all,healthy_ovulatory,calendar,1,D_nb_regression_any,strict_herzog,False,50,0,0.0,,,,1.0,,
window_false_positive,all,healthy_ovulatory,calendar,3,D_nb_regression_any,strict_herzog,False,50,0,0.0,,,,1.0,,
window_false_positive,all,healthy_ovulatory,calendar,4,D_nb_regression_any,strict_herzog,False,50,35,3.0,0.08571428571428572,0.02958236826696982,0.22379273965896496,0.30000000000000004,,
window_false_positive,all,healthy_ovulatory,calendar,6,D_nb_regression_any,strict_herzog,False,50,37,4.0,0.10810810810810811,0.04285189940411474,0.24708531544126025,0.26,,
window_false_positive,all,healthy_ovulatory,calendar,12,D_nb_regression_any,strict_herzog,False,50,0,0.0,,,,1.0,,
window_false_positive,all,healthy_ovulatory,cycle,3,D_nb_regression_any,strict_herzog,False,50,0,0.0,,,,1.0,,
window_false_positive,all,healthy_ovulatory,cycle,6,D_nb_regression_any,strict_herzog,False,50,29,3.0,0.10344827586206896,0.03581489135067707,0.26385081090773804,0.42000000000000004,,
window_false_positive,all,healthy_ovulatory,cycle,12,D_nb_regression_any,strict_herzog,False,50,0,0.0,,,,1.0,,
window_false_positive,all,healthy_ovulatory,full,full_diary,D_nb_regression_any,strict_herzog,False,50,37,4.0,0.10810810810810811,0.04285189940411474,0.24708531544126025,0.26,,
window_false_positive,all,population,calendar,1,D_nb_regression_any,strict_herzog,False,50,0,0.0,,,,1.0,,
window_false_positive,all,population,calendar,3,D_nb_regression_any,strict_herzog,False,50,0,0.0,,,,1.0,,
window_false_positive,all,population,calendar,4,D_nb_regression_any,strict_herzog,False,50,41,5.0,0.12195121951219512,0.053233364685777176,0.25544211520976884,0.18000000000000005,,
window_false_positive,all,population,calendar,6,D_nb_regression_any,strict_herzog,False,50,45,10.0,0.2222222222222222,0.12544685532626396,0.36269292174756296,0.09999999999999998,,
window_false_positive,all,population,calendar,12,D_nb_regression_any,strict_herzog,False,50,0,0.0,,,,1.0,,
window_false_positive,all,population,cycle,3,D_nb_regression_any,strict_herzog,False,50,2,0.0,0.0,0.0,0.6576197724933469,0.96,,
window_false_positive,all,population,cycle,6,D_nb_regression_any,strict_herzog,False,50,16,3.0,0.1875,0.06591599071428142,0.4300888096197414,0.6799999999999999,,
window_false_positive,all,population,cycle,12,D_nb_regression_any,strict_herzog,False,50,0,0.0,,,,1.0,,
window_false_positive,all,population,full,full_diary,D_nb_regression_any,strict_herzog,False,50,45,10.0,0.2222222222222222,0.12544685532626396,0.36269292174756296,0.09999999999999998,,
window_false_positive,all,healthy_ovulatory,calendar,1,D_nb_regression_window_alpha_any,strict_herzog,False,50,0,0.0,,,,1.0,,
window_false_positive,all,healthy_ovulatory,calendar,3,D_nb_regression_window_alpha_any,strict_herzog,False,50,0,0.0,,,,1.0,,
window_false_positive,all,healthy_ovulatory,calendar,4,D_nb_regression_window_alpha_any,strict_herzog,False,50,35,3.0,0.08571428571428572,0.02958236826696982,0.22379273965896496,0.30000000000000004,,
window_false_positive,all,healthy_ovulatory,calendar,6,D_nb_regression_window_alpha_any,strict_herzog,False,50,37,4.0,0.10810810810810811,0.04285189940411474,0.24708531544126025,0.26,,
window_false_positive,all,healthy_ovulatory,calendar,12,D_nb_regression_window_alpha_any,strict_herzog,False,50,0,0.0,,,,1.0,,
window_false_positive,all,healthy_ovulatory,cycle,3,D_nb_regression_window_alpha_any,strict_herzog,False,50,0,0.0,,,,1.0,,
window_false_positive,all,healthy_ovulatory,cycle,6,D_nb_regression_window_alpha_any,strict_herzog,False,50,29,3.0,0.10344827586206896,0.03581489135067707,0.26385081090773804,0.42000000000000004,,
window_false_positive,all,healthy_ovulatory,cycle,12,D_nb_regression_window_alpha_any,strict_herzog,False,50,0,0.0,,,,1.0,,
window_false_positive,all,healthy_ovulatory,full,full_diary,D_nb_regression_window_alpha_any,strict_herzog,False,50,37,4.0,0.10810810810810811,0.04285189940411474,0.24708531544126025,0.26,,
window_false_positive,all,population,calendar,1,D_nb_regression_window_alpha_any,strict_herzog,False,50,0,0.0,,,,1.0,,
window_false_positive,all,population,calendar,3,D_nb_regression_window_alpha_any,strict_herzog,False,50,0,0.0,,,,1.0,,
window_false_positive,all,population,calendar,4,D_nb_regression_window_alpha_any,strict_herzog,False,50,41,5.0,0.12195121951219512,0.053233364685777176,0.25544211520976884,0.18000000000000005,,
window_false_positive,all,population,calendar,6,D_nb_regression_window_alpha_any,strict_herzog,False,50,45,10.0,0.2222222222222222,0.12544685532626396,0.36269292174756296,0.09999999999999998,,
window_false_positive,all,population,calendar,12,D_nb_regression_window_alpha_any,strict_herzog,False,50,0,0.0,,,,1.0,,
window_false_positive,all,population,cycle,3,D_nb_regression_window_alpha_any,strict_herzog,False,50,2,1.0,0.5,0.09453120573423074,0.9054687942657693,0.96,,
window_false_positive,all,population,cycle,6,D_nb_regression_window_alpha_any,strict_herzog,False,50,16,3.0,0.1875,0.06591599071428142,0.4300888096197414,0.6799999999999999,,
window_false_positive,all,population,cycle,12,D_nb_regression_window_alpha_any,strict_herzog,False,50,0,0.0,,,,1.0,,
window_false_positive,all,population,full,full_diary,D_nb_regression_window_alpha_any,strict_herzog,False,50,45,10.0,0.2222222222222222,0.12544685532626396,0.36269292174756296,0.09999999999999998,,
window_false_positive,all,healthy_ovulatory,calendar,1,H1_newmark_penry_any,strict_herzog,True,50,33,6.0,0.18181818181818182,0.08610768208940667,0.3438823163466992,0.33999999999999997,,
window_false_positive,all,healthy_ovulatory,calendar,3,H1_newmark_penry_any,strict_herzog,True,50,41,8.0,0.1951219512195122,0.10234437385158025,0.3401358518706343,0.18000000000000005,,
window_false_positive,all,healthy_ovulatory,calendar,4,H1_newmark_penry_any,strict_herzog,True,50,45,7.0,0.15555555555555556,0.07745423484758268,0.2878390887239627,0.09999999999999998,,
window_false_positive,all,healthy_ovulatory,calendar,6,H1_newmark_penry_any,strict_herzog,True,50,45,4.0,0.08888888888888889,0.03511111672637024,0.20733575334289356,0.09999999999999998,,
window_false_positive,all,healthy_ovulatory,calendar,12,H1_newmark_penry_any,strict_herzog,True,50,0,0.0,,,,1.0,,
window_false_positive,all,healthy_ovulatory,cycle,3,H1_newmark_penry_any,strict_herzog,True,50,43,6.0,0.13953488372093023,0.06555723427964878,0.2726358796738286,0.14,,
window_false_positive,all,healthy_ovulatory,cycle,6,H1_newmark_penry_any,strict_herzog,True,50,35,5.0,0.14285714285714285,0.06260231079433715,0.29375554086595146,0.30000000000000004,,
window_false_positive,all,healthy_ovulatory,cycle,12,H1_newmark_penry_any,strict_herzog,True,50,0,0.0,,,,1.0,,
window_false_positive,all,healthy_ovulatory,full,full_diary,H1_newmark_penry_any,strict_herzog,True,50,45,4.0,0.08888888888888889,0.03511111672637024,0.20733575334289356,0.09999999999999998,,
window_false_positive,all,population,calendar,1,H1_newmark_penry_any,strict_herzog,True,50,39,8.0,0.20512820512820512,0.10779718230710382,0.35533968013582296,0.21999999999999997,,
window_false_positive,all,population,calendar,3,H1_newmark_penry_any,strict_herzog,True,50,46,9.0,0.1956521739130435,0.10650610134398542,0.3317125892298462,0.07999999999999996,,
window_false_positive,all,population,calendar,4,H1_newmark_penry_any,strict_herzog,True,50,46,9.0,0.1956521739130435,0.10650610134398542,0.3317125892298462,0.07999999999999996,,
window_false_positive,all,population,calendar,6,H1_newmark_penry_any,strict_herzog,True,50,47,7.0,0.14893617021276595,0.07406719996431721,0.2768562242359355,0.06000000000000005,,
window_false_positive,all,population,calendar,12,H1_newmark_penry_any,strict_herzog,True,50,0,0.0,,,,1.0,,
window_false_positive,all,population,cycle,3,H1_newmark_penry_any,strict_herzog,True,50,45,8.0,0.17777777777777778,0.09294389514104148,0.3132982462645977,0.09999999999999998,,
window_false_positive,all,population,cycle,6,H1_newmark_penry_any,strict_herzog,True,50,18,5.0,0.2777777777777778,0.12499753379553993,0.5087265656029746,0.64,,
window_false_positive,all,population,cycle,12,H1_newmark_penry_any,strict_herzog,True,50,0,0.0,,,,1.0,,
window_false_positive,all,population,full,full_diary,H1_newmark_penry_any,strict_herzog,True,50,47,7.0,0.14893617021276595,0.07406719996431721,0.2768562242359355,0.06000000000000005,,
window_false_positive,all,healthy_ovulatory,calendar,1,H1_newmark_penry_66_7_any,strict_herzog,True,50,33,5.0,0.15151515151515152,0.06650457281607568,0.3091987588044212,0.33999999999999997,,
window_false_positive,all,healthy_ovulatory,calendar,3,H1_newmark_penry_66_7_any,strict_herzog,True,50,41,4.0,0.0975609756097561,0.03859708489808934,0.22547681305523387,0.18000000000000005,,
window_false_positive,all,healthy_ovulatory,calendar,4,H1_newmark_penry_66_7_any,strict_herzog,True,50,45,4.0,0.08888888888888889,0.03511111672637024,0.20733575334289356,0.09999999999999998,,
window_false_positive,all,healthy_ovulatory,calendar,6,H1_newmark_penry_66_7_any,strict_herzog,True,50,45,0.0,0.0,0.0,0.07865159873288836,0.09999999999999998,,
window_false_positive,all,healthy_ovulatory,calendar,12,H1_newmark_penry_66_7_any,strict_herzog,True,50,0,0.0,,,,1.0,,
window_false_positive,all,healthy_ovulatory,cycle,3,H1_newmark_penry_66_7_any,strict_herzog,True,50,43,3.0,0.06976744186046512,0.024011589577214484,0.18608986901241975,0.14,,
window_false_positive,all,healthy_ovulatory,cycle,6,H1_newmark_penry_66_7_any,strict_herzog,True,50,35,0.0,0.0,6.938893903907228e-18,0.09890099232440402,0.30000000000000004,,
window_false_positive,all,healthy_ovulatory,cycle,12,H1_newmark_penry_66_7_any,strict_herzog,True,50,0,0.0,,,,1.0,,
window_false_positive,all,healthy_ovulatory,full,full_diary,H1_newmark_penry_66_7_any,strict_herzog,True,50,45,0.0,0.0,0.0,0.07865159873288836,0.09999999999999998,,
window_false_positive,all,population,calendar,1,H1_newmark_penry_66_7_any,strict_herzog,True,50,39,5.0,0.1282051282051282,0.05602817536971394,0.26705743379745456,0.21999999999999997,,
window_false_positive,all,population,calendar,3,H1_newmark_penry_66_7_any,strict_herzog,True,50,46,5.0,0.10869565217391304,0.04733145858098943,0.2303782864425083,0.07999999999999996,,
window_false_positive,all,population,calendar,4,H1_newmark_penry_66_7_any,strict_herzog,True,50,46,1.0,0.021739130434782608,0.0038478542580502872,0.11335294521511355,0.07999999999999996,,
window_false_positive,all,population,calendar,6,H1_newmark_penry_66_7_any,strict_herzog,True,50,47,2.0,0.0425531914893617,0.011748275966789345,0.1424852767789945,0.06000000000000005,,
window_false_positive,all,population,calendar,12,H1_newmark_penry_66_7_any,strict_herzog,True,50,0,0.0,,,,1.0,,
window_false_positive,all,population,cycle,3,H1_newmark_penry_66_7_any,strict_herzog,True,50,45,2.0,0.044444444444444446,0.012274126706719846,0.14827510769435623,0.09999999999999998,,
window_false_positive,all,population,cycle,6,H1_newmark_penry_66_7_any,strict_herzog,True,50,18,4.0,0.2222222222222222,0.09000928108601694,0.45214584316212625,0.64,,
window_false_positive,all,population,cycle,12,H1_newmark_penry_66_7_any,strict_herzog,True,50,0,0.0,,,,1.0,,
window_false_positive,all,population,full,full_diary,H1_newmark_penry_66_7_any,strict_herzog,True,50,47,2.0,0.0425531914893617,0.011748275966789345,0.1424852767789945,0.06000000000000005,,
window_false_positive,all,healthy_ovulatory,calendar,1,H2_duncan1993_any,strict_herzog,True,50,33,9.0,0.2727272727272727,0.1506744088542064,0.44217559002872625,0.33999999999999997,,
window_false_positive,all,healthy_ovulatory,calendar,3,H2_duncan1993_any,strict_herzog,True,50,41,3.0,0.07317073170731707,0.02519783063390993,0.19427448537719041,0.18000000000000005,,
window_false_positive,all,healthy_ovulatory,calendar,4,H2_duncan1993_any,strict_herzog,True,50,45,5.0,0.1111111111111111,0.04840471794567186,0.2349909699576858,0.09999999999999998,,
window_false_positive,all,healthy_ovulatory,calendar,6,H2_duncan1993_any,strict_herzog,True,50,45,1.0,0.022222222222222223,0.003933598882833428,0.1156668176841488,0.09999999999999998,,
window_false_positive,all,healthy_ovulatory,calendar,12,H2_duncan1993_any,strict_herzog,True,50,0,0.0,,,,1.0,,
window_false_positive,all,healthy_ovulatory,cycle,3,H2_duncan1993_any,strict_herzog,True,50,43,6.0,0.13953488372093023,0.06555723427964878,0.2726358796738286,0.14,,
window_false_positive,all,healthy_ovulatory,cycle,6,H2_duncan1993_any,strict_herzog,True,50,35,1.0,0.02857142857142857,0.005061491855444203,0.14533087233613673,0.30000000000000004,,
window_false_positive,all,healthy_ovulatory,cycle,12,H2_duncan1993_any,strict_herzog,True,50,0,0.0,,,,1.0,,
window_false_positive,all,healthy_ovulatory,full,full_diary,H2_duncan1993_any,strict_herzog,True,50,45,1.0,0.022222222222222223,0.003933598882833428,0.1156668176841488,0.09999999999999998,,
window_false_positive,all,population,calendar,1,H2_duncan1993_any,strict_herzog,True,50,39,5.0,0.1282051282051282,0.05602817536971394,0.26705743379745456,0.21999999999999997,,
window_false_positive,all,population,calendar,3,H2_duncan1993_any,strict_herzog,True,50,46,6.0,0.13043478260869565,0.06117840362035115,0.25665857779073004,0.07999999999999996,,
window_false_positive,all,population,calendar,4,H2_duncan1993_any,strict_herzog,True,50,46,3.0,0.06521739130434782,0.022427861429288584,0.17502741081904216,0.07999999999999996,,
window_false_positive,all,population,calendar,6,H2_duncan1993_any,strict_herzog,True,50,47,3.0,0.06382978723404255,0.021945385205433238,0.17162614183124436,0.06000000000000005,,
window_false_positive,all,population,calendar,12,H2_duncan1993_any,strict_herzog,True,50,0,0.0,,,,1.0,,
window_false_positive,all,population,cycle,3,H2_duncan1993_any,strict_herzog,True,50,45,3.0,0.06666666666666667,0.022932032599250987,0.17856601963591895,0.09999999999999998,,
window_false_positive,all,population,cycle,6,H2_duncan1993_any,strict_herzog,True,50,18,4.0,0.2222222222222222,0.09000928108601694,0.45214584316212625,0.64,,
window_false_positive,all,population,cycle,12,H2_duncan1993_any,strict_herzog,True,50,0,0.0,,,,1.0,,
window_false_positive,all,population,full,full_diary,H2_duncan1993_any,strict_herzog,True,50,47,3.0,0.06382978723404255,0.021945385205433238,0.17162614183124436,0.06000000000000005,,
window_false_positive,all,healthy_ovulatory,calendar,1,H3_herzog1997_twofold_any,strict_herzog,True,50,33,17.0,0.5151515151515151,0.3521837544891414,0.674959578918663,0.33999999999999997,,
window_false_positive,all,healthy_ovulatory,calendar,3,H3_herzog1997_twofold_any,strict_herzog,True,50,41,19.0,0.4634146341463415,0.32056233976336046,0.6125352873233052,0.18000000000000005,,
window_false_positive,all,healthy_ovulatory,calendar,4,H3_herzog1997_twofold_any,strict_herzog,True,50,45,17.0,0.37777777777777777,0.2510808467213792,0.5237006551911046,0.09999999999999998,,
window_false_positive,all,healthy_ovulatory,calendar,6,H3_herzog1997_twofold_any,strict_herzog,True,50,45,19.0,0.4222222222222222,0.289687024672703,0.5669921129079686,0.09999999999999998,,
window_false_positive,all,healthy_ovulatory,calendar,12,H3_herzog1997_twofold_any,strict_herzog,True,50,0,0.0,,,,1.0,,
window_false_positive,all,healthy_ovulatory,cycle,3,H3_herzog1997_twofold_any,strict_herzog,True,50,43,16.0,0.37209302325581395,0.2437633900965057,0.5214019084031153,0.14,,
window_false_positive,all,healthy_ovulatory,cycle,6,H3_herzog1997_twofold_any,strict_herzog,True,50,35,14.0,0.4,0.2555072885938059,0.5642729098710749,0.30000000000000004,,
window_false_positive,all,healthy_ovulatory,cycle,12,H3_herzog1997_twofold_any,strict_herzog,True,50,0,0.0,,,,1.0,,
window_false_positive,all,healthy_ovulatory,full,full_diary,H3_herzog1997_twofold_any,strict_herzog,True,50,45,19.0,0.4222222222222222,0.289687024672703,0.5669921129079686,0.09999999999999998,,
window_false_positive,all,population,calendar,1,H3_herzog1997_twofold_any,strict_herzog,True,50,39,26.0,0.6666666666666666,0.5097739439934599,0.7936704381040163,0.21999999999999997,,
window_false_positive,all,population,calendar,3,H3_herzog1997_twofold_any,strict_herzog,True,50,46,30.0,0.6521739130434783,0.5077005884206276,0.7731900662924567,0.07999999999999996,,
window_false_positive,all,population,calendar,4,H3_herzog1997_twofold_any,strict_herzog,True,50,46,30.0,0.6521739130434783,0.5077005884206276,0.7731900662924567,0.07999999999999996,,
window_false_positive,all,population,calendar,6,H3_herzog1997_twofold_any,strict_herzog,True,50,47,28.0,0.5957446808510638,0.4534212295011096,0.7235996548079124,0.06000000000000005,,
window_false_positive,all,population,calendar,12,H3_herzog1997_twofold_any,strict_herzog,True,50,0,0.0,,,,1.0,,
window_false_positive,all,population,cycle,3,H3_herzog1997_twofold_any,strict_herzog,True,50,45,31.0,0.6888888888888889,0.5433519442263318,0.804713007363466,0.09999999999999998,,
window_false_positive,all,population,cycle,6,H3_herzog1997_twofold_any,strict_herzog,True,50,18,12.0,0.6666666666666666,0.43749467295945105,0.837212252491663,0.64,,
window_false_positive,all,population,cycle,12,H3_herzog1997_twofold_any,strict_herzog,True,50,0,0.0,,,,1.0,,
window_false_positive,all,population,full,full_diary,H3_herzog1997_twofold_any,strict_herzog,True,50,47,28.0,0.5957446808510638,0.4534212295011096,0.7235996548079124,0.06000000000000005,,
window_false_positive,all,healthy_ovulatory,calendar,1,H4_reddy2007_any_phase2x_any,strict_herzog,True,50,33,30.0,0.9090909090909091,0.7642739435353026,0.9685960584754184,0.33999999999999997,,
window_false_positive,all,healthy_ovulatory,calendar,3,H4_reddy2007_any_phase2x_any,strict_herzog,True,50,41,28.0,0.6829268292682927,0.5301580035565572,0.8043538610101142,0.18000000000000005,,
window_false_positive,all,healthy_ovulatory,calendar,4,H4_reddy2007_any_phase2x_any,strict_herzog,True,50,45,32.0,0.7111111111111111,0.5663145942523844,0.8226991751715074,0.09999999999999998,,
window_false_positive,all,healthy_ovulatory,calendar,6,H4_reddy2007_any_phase2x_any,strict_herzog,True,50,45,24.0,0.5333333333333333,0.3907745474012537,0.670648679349887,0.09999999999999998,,
window_false_positive,all,healthy_ovulatory,calendar,12,H4_reddy2007_any_phase2x_any,strict_herzog,True,50,0,0.0,,,,1.0,,
window_false_positive,all,healthy_ovulatory,cycle,3,H4_reddy2007_any_phase2x_any,strict_herzog,True,50,43,33.0,0.7674418604651163,0.62255479702191,0.8684632152061552,0.14,,
window_false_positive,all,healthy_ovulatory,cycle,6,H4_reddy2007_any_phase2x_any,strict_herzog,True,50,35,17.0,0.4857142857142857,0.32994236002509725,0.6443119540413141,0.30000000000000004,,
window_false_positive,all,healthy_ovulatory,cycle,12,H4_reddy2007_any_phase2x_any,strict_herzog,True,50,0,0.0,,,,1.0,,
window_false_positive,all,healthy_ovulatory,full,full_diary,H4_reddy2007_any_phase2x_any,strict_herzog,True,50,45,24.0,0.5333333333333333,0.3907745474012537,0.670648679349887,0.09999999999999998,,
window_false_positive,all,population,calendar,1,H4_reddy2007_any_phase2x_any,strict_herzog,True,50,39,37.0,0.9487179487179487,0.8311435995238639,0.9858220445847259,0.21999999999999997,,
window_false_positive,all,population,calendar,3,H4_reddy2007_any_phase2x_any,strict_herzog,True,50,46,35.0,0.7608695652173914,0.6206486144237798,0.8608782222272219,0.07999999999999996,,
window_false_positive,all,population,calendar,4,H4_reddy2007_any_phase2x_any,strict_herzog,True,50,46,32.0,0.6956521739130435,0.5519435355159235,0.8092015919723277,0.07999999999999996,,
window_false_positive,all,population,calendar,6,H4_reddy2007_any_phase2x_any,strict_herzog,True,50,47,28.0,0.5957446808510638,0.4534212295011096,0.7235996548079124,0.06000000000000005,,
window_false_positive,all,population,calendar,12,H4_reddy2007_any_phase2x_any,strict_herzog,True,50,0,0.0,,,,1.0,,
window_false_positive,all,population,cycle,3,H4_reddy2007_any_phase2x_any,strict_herzog,True,50,45,34.0,0.7555555555555555,0.6132661994297965,0.8576452056622828,0.09999999999999998,,
window_false_positive,all,population,cycle,6,H4_reddy2007_any_phase2x_any,strict_herzog,True,50,18,10.0,0.5555555555555556,0.33716415642042774,0.7544048187299437,0.64,,
window_false_positive,all,population,cycle,12,H4_reddy2007_any_phase2x_any,strict_herzog,True,50,0,0.0,,,,1.0,,
window_false_positive,all,population,full,full_diary,H4_reddy2007_any_phase2x_any,strict_herzog,True,50,47,28.0,0.5957446808510638,0.4534212295011096,0.7235996548079124,0.06000000000000005,,
window_false_positive,ge_1_seizure_day_per_month,healthy_ovulatory,calendar,1,A_exact_any,strict_herzog,False,33,0,0.0,,,,1.0,,
window_false_positive,ge_1_seizure_day_per_month,healthy_ovulatory,calendar,3,A_exact_any,strict_herzog,False,35,0,0.0,,,,1.0,,
window_false_positive,ge_1_seizure_day_per_month,healthy_ovulatory,calendar,4,A_exact_any,strict_herzog,False,35,0,0.0,,,,1.0,,
window_false_positive,ge_1_seizure_day_per_month,healthy_ovulatory,calendar,6,A_exact_any,strict_herzog,False,35,0,0.0,,,,1.0,,
window_false_positive,ge_1_seizure_day_per_month,healthy_ovulatory,cycle,3,A_exact_any,strict_herzog,False,33,19,9.0,0.47368421052631576,0.2732980516117956,0.6829219075488682,0.4242424242424242,,
window_false_positive,ge_1_seizure_day_per_month,healthy_ovulatory,cycle,6,A_exact_any,strict_herzog,False,28,0,0.0,,,,1.0,,
window_false_positive,ge_1_seizure_day_per_month,healthy_ovulatory,full,full_diary,A_exact_any,strict_herzog,False,35,0,0.0,,,,1.0,,
window_false_positive,ge_1_seizure_day_per_month,population,calendar,1,A_exact_any,strict_herzog,False,39,0,0.0,,,,1.0,,
window_false_positive,ge_1_seizure_day_per_month,population,calendar,3,A_exact_any,strict_herzog,False,39,0,0.0,,,,1.0,,
window_false_positive,ge_1_seizure_day_per_month,population,calendar,4,A_exact_any,strict_herzog,False,41,0,0.0,,,,1.0,,
window_false_positive,ge_1_seizure_day_per_month,population,calendar,6,A_exact_any,strict_herzog,False,41,0,0.0,,,,1.0,,
window_false_positive,ge_1_seizure_day_per_month,population,cycle,3,A_exact_any,strict_herzog,False,42,20,10.0,0.5,0.29929800819821234,0.7007019918017876,0.5238095238095238,,
window_false_positive,ge_1_seizure_day_per_month,population,cycle,6,A_exact_any,strict_herzog,False,14,0,0.0,,,,1.0,,
window_false_positive,ge_1_seizure_day_per_month,population,full,full_diary,A_exact_any,strict_herzog,False,41,0,0.0,,,,1.0,,
window_false_positive,ge_1_seizure_day_per_month,healthy_ovulatory,calendar,1,A_windowed_any,strict_herzog,False,33,33,20.0,0.6060606060606061,0.43683440819940234,0.7531689256552291,0.0,,
window_false_positive,ge_1_seizure_day_per_month,healthy_ovulatory,calendar,3,A_windowed_any,strict_herzog,False,35,35,17.0,0.4857142857142857,0.32994236002509725,0.6443119540413141,0.0,,
window_false_positive,ge_1_seizure_day_per_month,healthy_ovulatory,calendar,4,A_windowed_any,strict_herzog,False,35,35,15.0,0.42857142857142855,0.2798456817718068,0.5914258885602508,0.0,,
window_false_positive,ge_1_seizure_day_per_month,healthy_ovulatory,calendar,6,A_windowed_any,strict_herzog,False,35,35,14.0,0.4,0.2555072885938059,0.5642729098710749,0.0,,
window_false_positive,ge_1_seizure_day_per_month,healthy_ovulatory,cycle,3,A_windowed_any,strict_herzog,False,33,33,16.0,0.48484848484848486,0.32504042108133696,0.6478162455108585,0.0,,
window_false_positive,ge_1_seizure_day_per_month,healthy_ovulatory,cycle,6,A_windowed_any,strict_herzog,False,28,28,12.0,0.42857142857142855,0.26508547124123694,0.6092921437253123,0.0,,
window_false_positive,ge_1_seizure_day_per_month,healthy_ovulatory,full,full_diary,A_windowed_any,strict_herzog,False,35,35,14.0,0.4,0.2555072885938059,0.5642729098710749,0.0,,
window_false_positive,ge_1_seizure_day_per_month,population,calendar,1,A_windowed_any,strict_herzog,False,39,39,26.0,0.6666666666666666,0.5097739439934599,0.7936704381040163,0.0,,
window_false_positive,ge_1_seizure_day_per_month,population,calendar,3,A_windowed_any,strict_herzog,False,39,39,26.0,0.6666666666666666,0.5097739439934599,0.7936704381040163,0.0,,
window_false_positive,ge_1_seizure_day_per_month,population,calendar,4,A_windowed_any,strict_herzog,False,41,41,25.0,0.6097560975609756,0.45726856934123794,0.7434385493987647,0.0,,
window_false_positive,ge_1_seizure_day_per_month,population,calendar,6,A_windowed_any,strict_herzog,False,41,41,26.0,0.6341463414634146,0.4812070108791201,0.7641016898031056,0.0,,
window_false_positive,ge_1_seizure_day_per_month,population,cycle,3,A_windowed_any,strict_herzog,False,42,42,30.0,0.7142857142857143,0.5643279073180463,0.8283297537395091,0.0,,
window_false_positive,ge_1_seizure_day_per_month,population,cycle,6,A_windowed_any,strict_herzog,False,14,14,8.0,0.5714285714285714,0.3259064457965074,0.7861920109552588,0.0,,
window_false_positive,ge_1_seizure_day_per_month,population,full,full_diary,A_windowed_any,strict_herzog,False,41,41,26.0,0.6341463414634146,0.4812070108791201,0.7641016898031056,0.0,,
window_false_positive,ge_1_seizure_day_per_month,healthy_ovulatory,calendar,1,A_windowed_excluding_C3,strict_herzog,False,33,33,20.0,0.6060606060606061,0.43683440819940234,0.7531689256552291,0.0,,
window_false_positive,ge_1_seizure_day_per_month,healthy_ovulatory,calendar,3,A_windowed_excluding_C3,strict_herzog,False,35,35,17.0,0.4857142857142857,0.32994236002509725,0.6443119540413141,0.0,,
window_false_positive,ge_1_seizure_day_per_month,healthy_ovulatory,calendar,4,A_windowed_excluding_C3,strict_herzog,False,35,35,15.0,0.42857142857142855,0.2798456817718068,0.5914258885602508,0.0,,
window_false_positive,ge_1_seizure_day_per_month,healthy_ovulatory,calendar,6,A_windowed_excluding_C3,strict_herzog,False,35,35,14.0,0.4,0.2555072885938059,0.5642729098710749,0.0,,
window_false_positive,ge_1_seizure_day_per_month,healthy_ovulatory,cycle,3,A_windowed_excluding_C3,strict_herzog,False,33,33,16.0,0.48484848484848486,0.32504042108133696,0.6478162455108585,0.0,,
window_false_positive,ge_1_seizure_day_per_month,healthy_ovulatory,cycle,6,A_windowed_excluding_C3,strict_herzog,False,28,28,12.0,0.42857142857142855,0.26508547124123694,0.6092921437253123,0.0,,
window_false_positive,ge_1_seizure_day_per_month,healthy_ovulatory,full,full_diary,A_windowed_excluding_C3,strict_herzog,False,35,35,14.0,0.4,0.2555072885938059,0.5642729098710749,0.0,,
window_false_positive,ge_1_seizure_day_per_month,population,calendar,1,A_windowed_excluding_C3,strict_herzog,False,39,39,24.0,0.6153846153846154,0.45899061456925083,0.7510862653443866,0.0,,
window_false_positive,ge_1_seizure_day_per_month,population,calendar,3,A_windowed_excluding_C3,strict_herzog,False,39,39,23.0,0.5897435897435898,0.43418622882896973,0.7292068999927483,0.0,,
window_false_positive,ge_1_seizure_day_per_month,population,calendar,4,A_windowed_excluding_C3,strict_herzog,False,41,41,24.0,0.5853658536585366,0.4336710313403013,0.7224345054574786,0.0,,
window_false_positive,ge_1_seizure_day_per_month,population,calendar,6,A_windowed_excluding_C3,strict_herzog,False,41,41,23.0,0.5609756097560976,0.4104052722210608,0.7010986826344964,0.0,,
window_false_positive,ge_1_seizure_day_per_month,population,cycle,3,A_windowed_excluding_C3,strict_herzog,False,42,42,27.0,0.6428571428571429,0.4916636571945582,0.7701081168438123,0.0,,
window_false_positive,ge_1_seizure_day_per_month,population,cycle,6,A_windowed_excluding_C3,strict_herzog,False,14,14,7.0,0.5,0.26799202452413634,0.7320079754758637,0.0,,
window_false_positive,ge_1_seizure_day_per_month,population,full,full_diary,A_windowed_excluding_C3,strict_herzog,False,41,41,23.0,0.5609756097560976,0.4104052722210608,0.7010986826344964,0.0,,
window_false_positive,ge_1_seizure_day_per_month,healthy_ovulatory,calendar,1,A_windowed_C1_only,strict_herzog,False,33,30,16.0,0.5333333333333333,0.36142299619873297,0.6976761109230025,0.09090909090909094,,
window_false_positive,ge_1_seizure_day_per_month,healthy_ovulatory,calendar,3,A_windowed_C1_only,strict_herzog,False,35,35,12.0,0.34285714285714286,0.20831694987048957,0.5084805048600374,0.0,,
window_false_positive,ge_1_seizure_day_per_month,healthy_ovulatory,calendar,4,A_windowed_C1_only,strict_herzog,False,35,35,14.0,0.4,0.2555072885938059,0.5642729098710749,0.0,,
window_false_positive,ge_1_seizure_day_per_month,healthy_ovulatory,calendar,6,A_windowed_C1_only,strict_herzog,False,35,35,12.0,0.34285714285714286,0.20831694987048957,0.5084805048600374,0.0,,
window_false_positive,ge_1_seizure_day_per_month,healthy_ovulatory,cycle,3,A_windowed_C1_only,strict_herzog,False,33,33,12.0,0.36363636363636365,0.2218717823524236,0.5338382169773361,0.0,,
window_false_positive,ge_1_seizure_day_per_month,healthy_ovulatory,cycle,6,A_windowed_C1_only,strict_herzog,False,28,28,10.0,0.35714285714285715,0.2070582950773768,0.5416969348557219,0.0,,
window_false_positive,ge_1_seizure_day_per_month,healthy_ovulatory,full,full_diary,A_windowed_C1_only,strict_herzog,False,35,35,12.0,0.34285714285714286,0.20831694987048957,0.5084805048600374,0.0,,
window_false_positive,ge_1_seizure_day_per_month,population,calendar,1,A_windowed_C1_only,strict_herzog,False,39,32,14.0,0.4375,0.2816533111504036,0.6067440886314801,0.17948717948717952,,
window_false_positive,ge_1_seizure_day_per_month,population,calendar,3,A_windowed_C1_only,strict_herzog,False,39,39,20.0,0.5128205128205128,0.36199362884457964,0.6613482467013799,0.0,,
window_false_positive,ge_1_seizure_day_per_month,population,calendar,4,A_windowed_C1_only,strict_herzog,False,41,41,22.0,0.5365853658536586,0.38746471267669474,0.6794376602366394,0.0,,
window_false_positive,ge_1_seizure_day_per_month,population,calendar,6,A_windowed_C1_only,strict_herzog,False,41,41,19.0,0.4634146341463415,0.32056233976336046,0.6125352873233052,0.0,,
window_false_positive,ge_1_seizure_day_per_month,population,cycle,3,A_windowed_C1_only,strict_herzog,False,42,42,21.0,0.5,0.3552598959637448,0.6447401040362553,0.0,,
window_false_positive,ge_1_seizure_day_per_month,population,cycle,6,A_windowed_C1_only,strict_herzog,False,14,14,6.0,0.42857142857142855,0.21380798904474121,0.6740935542034926,0.0,,
window_false_positive,ge_1_seizure_day_per_month,population,full,full_diary,A_windowed_C1_only,strict_herzog,False,41,41,19.0,0.4634146341463415,0.32056233976336046,0.6125352873233052,0.0,,
window_false_positive,ge_1_seizure_day_per_month,healthy_ovulatory,calendar,1,A_windowed_C2_only,strict_herzog,False,33,31,9.0,0.2903225806451613,0.1609580015630062,0.46592329330749926,0.06060606060606055,,
window_false_positive,ge_1_seizure_day_per_month,healthy_ovulatory,calendar,3,A_windowed_C2_only,strict_herzog,False,35,35,9.0,0.2571428571428571,0.14163027069060447,0.42069306843839166,0.0,,
window_false_positive,ge_1_seizure_day_per_month,healthy_ovulatory,calendar,4,A_windowed_C2_only,strict_herzog,False,35,35,4.0,0.11428571428571428,0.04535179333097357,0.2595146864621381,0.0,,
window_false_positive,ge_1_seizure_day_per_month,healthy_ovulatory,calendar,6,A_windowed_C2_only,strict_herzog,False,35,35,4.0,0.11428571428571428,0.04535179333097357,0.2595146864621381,0.0,,
window_false_positive,ge_1_seizure_day_per_month,healthy_ovulatory,cycle,3,A_windowed_C2_only,strict_herzog,False,33,33,5.0,0.15151515151515152,0.06650457281607568,0.3091987588044212,0.0,,
window_false_positive,ge_1_seizure_day_per_month,healthy_ovulatory,cycle,6,A_windowed_C2_only,strict_herzog,False,28,28,5.0,0.17857142857142858,0.07878501945604277,0.35591424789342946,0.0,,
window_false_positive,ge_1_seizure_day_per_month,healthy_ovulatory,full,full_diary,A_windowed_C2_only,strict_herzog,False,35,35,4.0,0.11428571428571428,0.04535179333097357,0.2595146864621381,0.0,,
window_false_positive,ge_1_seizure_day_per_month,population,calendar,1,A_windowed_C2_only,strict_herzog,False,39,35,12.0,0.34285714285714286,0.20831694987048957,0.5084805048600374,0.10256410256410253,,
window_false_positive,ge_1_seizure_day_per_month,population,calendar,3,A_windowed_C2_only,strict_herzog,False,39,38,10.0,0.2631578947368421,0.14971621254798143,0.42008846187466364,0.02564102564102566,,
window_false_positive,ge_1_seizure_day_per_month,population,calendar,4,A_windowed_C2_only,strict_herzog,False,41,41,16.0,0.3902439024390244,0.2565614506012352,0.5427314306587621,0.0,,
window_false_positive,ge_1_seizure_day_per_month,population,calendar,6,A_windowed_C2_only,strict_herzog,False,41,41,11.0,0.2682926829268293,0.1569496404781167,0.41933533107076637,0.0,,
window_false_positive,ge_1_seizure_day_per_month,population,cycle,3,A_windowed_C2_only,strict_herzog,False,42,42,17.0,0.40476190476190477,0.27042861147481323,0.5550568724996064,0.0,,
window_false_positive,ge_1_seizure_day_per_month,population,cycle,6,A_windowed_C2_only,strict_herzog,False,14,14,4.0,0.2857142857142857,0.11721378644576919,0.5464908432989318,0.0,,
window_false_positive,ge_1_seizure_day_per_month,population,full,full_diary,A_windowed_C2_only,strict_herzog,False,41,41,11.0,0.2682926829268293,0.1569496404781167,0.41933533107076637,0.0,,
window_false_positive,ge_1_seizure_day_per_month,healthy_ovulatory,calendar,1,A_windowed_C3_only,strict_herzog,False,33,0,0.0,,,,1.0,,
window_false_positive,ge_1_seizure_day_per_month,healthy_ovulatory,calendar,3,A_windowed_C3_only,strict_herzog,False,35,0,0.0,,,,1.0,,
window_false_positive,ge_1_seizure_day_per_month,healthy_ovulatory,calendar,4,A_windowed_C3_only,strict_herzog,False,35,0,0.0,,,,1.0,,
window_false_positive,ge_1_seizure_day_per_month,healthy_ovulatory,calendar,6,A_windowed_C3_only,strict_herzog,False,35,0,0.0,,,,1.0,,
window_false_positive,ge_1_seizure_day_per_month,healthy_ovulatory,cycle,3,A_windowed_C3_only,strict_herzog,False,33,0,0.0,,,,1.0,,
window_false_positive,ge_1_seizure_day_per_month,healthy_ovulatory,cycle,6,A_windowed_C3_only,strict_herzog,False,28,0,0.0,,,,1.0,,
window_false_positive,ge_1_seizure_day_per_month,healthy_ovulatory,full,full_diary,A_windowed_C3_only,strict_herzog,False,35,0,0.0,,,,1.0,,
window_false_positive,ge_1_seizure_day_per_month,population,calendar,1,A_windowed_C3_only,strict_herzog,False,39,10,8.0,0.8,0.49016247153664183,0.9433178485456247,0.7435897435897436,,
window_false_positive,ge_1_seizure_day_per_month,population,calendar,3,A_windowed_C3_only,strict_herzog,False,39,17,8.0,0.47058823529411764,0.26165106442409436,0.6903676493999558,0.5641025641025641,,
window_false_positive,ge_1_seizure_day_per_month,population,calendar,4,A_windowed_C3_only,strict_herzog,False,41,16,5.0,0.3125,0.14164643854782039,0.5559564416525933,0.6097560975609756,,
window_false_positive,ge_1_seizure_day_per_month,population,calendar,6,A_windowed_C3_only,strict_herzog,False,41,21,8.0,0.38095238095238093,0.20751011368564493,0.5912134622488425,0.4878048780487805,,
window_false_positive,ge_1_seizure_day_per_month,population,cycle,3,A_windowed_C3_only,strict_herzog,False,42,12,4.0,0.3333333333333333,0.13812009109121315,0.6093779111272004,0.7142857142857143,,
window_false_positive,ge_1_seizure_day_per_month,population,cycle,6,A_windowed_C3_only,strict_herzog,False,14,5,2.0,0.4,0.11762077423264783,0.769275718723987,0.6428571428571428,,
window_false_positive,ge_1_seizure_day_per_month,population,full,full_diary,A_windowed_C3_only,strict_herzog,False,41,21,8.0,0.38095238095238093,0.20751011368564493,0.5912134622488425,0.4878048780487805,,
window_false_positive,ge_1_seizure_day_per_month,healthy_ovulatory,calendar,1,B_minimum_data_any,strict_herzog,False,33,0,0.0,,,,1.0,,
window_false_positive,ge_1_seizure_day_per_month,healthy_ovulatory,calendar,3,B_minimum_data_any,strict_herzog,False,35,0,0.0,,,,1.0,,
window_false_positive,ge_1_seizure_day_per_month,healthy_ovulatory,calendar,4,B_minimum_data_any,strict_herzog,False,35,35,15.0,0.42857142857142855,0.2798456817718068,0.5914258885602508,0.0,,
window_false_positive,ge_1_seizure_day_per_month,healthy_ovulatory,calendar,6,B_minimum_data_any,strict_herzog,False,35,35,14.0,0.4,0.2555072885938059,0.5642729098710749,0.0,,
window_false_positive,ge_1_seizure_day_per_month,healthy_ovulatory,cycle,3,B_minimum_data_any,strict_herzog,False,33,0,0.0,,,,1.0,,
window_false_positive,ge_1_seizure_day_per_month,healthy_ovulatory,cycle,6,B_minimum_data_any,strict_herzog,False,28,28,12.0,0.42857142857142855,0.26508547124123694,0.6092921437253123,0.0,,
window_false_positive,ge_1_seizure_day_per_month,healthy_ovulatory,full,full_diary,B_minimum_data_any,strict_herzog,False,35,35,14.0,0.4,0.2555072885938059,0.5642729098710749,0.0,,
window_false_positive,ge_1_seizure_day_per_month,population,calendar,1,B_minimum_data_any,strict_herzog,False,39,0,0.0,,,,1.0,,
window_false_positive,ge_1_seizure_day_per_month,population,calendar,3,B_minimum_data_any,strict_herzog,False,39,0,0.0,,,,1.0,,
window_false_positive,ge_1_seizure_day_per_month,population,calendar,4,B_minimum_data_any,strict_herzog,False,41,41,25.0,0.6097560975609756,0.45726856934123794,0.7434385493987647,0.0,,
window_false_positive,ge_1_seizure_day_per_month,population,calendar,6,B_minimum_data_any,strict_herzog,False,41,41,26.0,0.6341463414634146,0.4812070108791201,0.7641016898031056,0.0,,
window_false_positive,ge_1_seizure_day_per_month,population,cycle,3,B_minimum_data_any,strict_herzog,False,42,2,2.0,1.0,0.34238022750665303,1.0,0.9523809523809523,,
window_false_positive,ge_1_seizure_day_per_month,population,cycle,6,B_minimum_data_any,strict_herzog,False,14,14,8.0,0.5714285714285714,0.3259064457965074,0.7861920109552588,0.0,,
window_false_positive,ge_1_seizure_day_per_month,population,full,full_diary,B_minimum_data_any,strict_herzog,False,41,41,26.0,0.6341463414634146,0.4812070108791201,0.7641016898031056,0.0,,
window_false_positive,ge_1_seizure_day_per_month,healthy_ovulatory,calendar,1,B_minimum_data_excluding_C3,strict_herzog,False,33,0,0.0,,,,1.0,,
window_false_positive,ge_1_seizure_day_per_month,healthy_ovulatory,calendar,3,B_minimum_data_excluding_C3,strict_herzog,False,35,0,0.0,,,,1.0,,
window_false_positive,ge_1_seizure_day_per_month,healthy_ovulatory,calendar,4,B_minimum_data_excluding_C3,strict_herzog,False,35,35,15.0,0.42857142857142855,0.2798456817718068,0.5914258885602508,0.0,,
window_false_positive,ge_1_seizure_day_per_month,healthy_ovulatory,calendar,6,B_minimum_data_excluding_C3,strict_herzog,False,35,35,14.0,0.4,0.2555072885938059,0.5642729098710749,0.0,,
window_false_positive,ge_1_seizure_day_per_month,healthy_ovulatory,cycle,3,B_minimum_data_excluding_C3,strict_herzog,False,33,0,0.0,,,,1.0,,
window_false_positive,ge_1_seizure_day_per_month,healthy_ovulatory,cycle,6,B_minimum_data_excluding_C3,strict_herzog,False,28,28,12.0,0.42857142857142855,0.26508547124123694,0.6092921437253123,0.0,,
window_false_positive,ge_1_seizure_day_per_month,healthy_ovulatory,full,full_diary,B_minimum_data_excluding_C3,strict_herzog,False,35,35,14.0,0.4,0.2555072885938059,0.5642729098710749,0.0,,
window_false_positive,ge_1_seizure_day_per_month,population,calendar,1,B_minimum_data_excluding_C3,strict_herzog,False,39,0,0.0,,,,1.0,,
window_false_positive,ge_1_seizure_day_per_month,population,calendar,3,B_minimum_data_excluding_C3,strict_herzog,False,39,0,0.0,,,,1.0,,
window_false_positive,ge_1_seizure_day_per_month,population,calendar,4,B_minimum_data_excluding_C3,strict_herzog,False,41,41,24.0,0.5853658536585366,0.4336710313403013,0.7224345054574786,0.0,,
window_false_positive,ge_1_seizure_day_per_month,population,calendar,6,B_minimum_data_excluding_C3,strict_herzog,False,41,41,23.0,0.5609756097560976,0.4104052722210608,0.7010986826344964,0.0,,
window_false_positive,ge_1_seizure_day_per_month,population,cycle,3,B_minimum_data_excluding_C3,strict_herzog,False,42,2,2.0,1.0,0.34238022750665303,1.0,0.9523809523809523,,
window_false_positive,ge_1_seizure_day_per_month,population,cycle,6,B_minimum_data_excluding_C3,strict_herzog,False,14,14,7.0,0.5,0.26799202452413634,0.7320079754758637,0.0,,
window_false_positive,ge_1_seizure_day_per_month,population,full,full_diary,B_minimum_data_excluding_C3,strict_herzog,False,41,41,23.0,0.5609756097560976,0.4104052722210608,0.7010986826344964,0.0,,
window_false_positive,ge_1_seizure_day_per_month,healthy_ovulatory,calendar,1,C_reproducibility_any,strict_herzog,False,33,0,0.0,,,,1.0,,
window_false_positive,ge_1_seizure_day_per_month,healthy_ovulatory,calendar,3,C_reproducibility_any,strict_herzog,False,35,0,0.0,,,,1.0,,
window_false_positive,ge_1_seizure_day_per_month,healthy_ovulatory,calendar,4,C_reproducibility_any,strict_herzog,False,35,0,0.0,,,,1.0,,
window_false_positive,ge_1_seizure_day_per_month,healthy_ovulatory,calendar,6,C_reproducibility_any,strict_herzog,False,35,17,6.0,0.35294117647058826,0.17309720397243744,0.5869963651478132,0.5142857142857142,,
window_false_positive,ge_1_seizure_day_per_month,healthy_ovulatory,cycle,3,C_reproducibility_any,strict_herzog,False,33,0,0.0,,,,1.0,,
window_false_positive,ge_1_seizure_day_per_month,healthy_ovulatory,cycle,6,C_reproducibility_any,strict_herzog,False,28,17,6.0,0.35294117647058826,0.17309720397243744,0.5869963651478132,0.3928571428571429,,
window_false_positive,ge_1_seizure_day_per_month,healthy_ovulatory,full,full_diary,C_reproducibility_any,strict_herzog,False,35,17,6.0,0.35294117647058826,0.17309720397243744,0.5869963651478132,0.5142857142857142,,
window_false_positive,ge_1_seizure_day_per_month,population,calendar,1,C_reproducibility_any,strict_herzog,False,39,0,0.0,,,,1.0,,
window_false_positive,ge_1_seizure_day_per_month,population,calendar,3,C_reproducibility_any,strict_herzog,False,39,0,0.0,,,,1.0,,
window_false_positive,ge_1_seizure_day_per_month,population,calendar,4,C_reproducibility_any,strict_herzog,False,41,0,0.0,,,,1.0,,
window_false_positive,ge_1_seizure_day_per_month,population,calendar,6,C_reproducibility_any,strict_herzog,False,41,12,3.0,0.25,0.08894166839405471,0.5323053349335657,0.7073170731707317,,
window_false_positive,ge_1_seizure_day_per_month,population,cycle,3,C_reproducibility_any,strict_herzog,False,42,0,0.0,,,,1.0,,
window_false_positive,ge_1_seizure_day_per_month,population,cycle,6,C_reproducibility_any,strict_herzog,False,14,12,3.0,0.25,0.08894166839405471,0.5323053349335657,0.1428571428571429,,
window_false_positive,ge_1_seizure_day_per_month,population,full,full_diary,C_reproducibility_any,strict_herzog,False,41,12,3.0,0.25,0.08894166839405471,0.5323053349335657,0.7073170731707317,,
window_false_positive,ge_1_seizure_day_per_month,healthy_ovulatory,calendar,1,C_reproducibility_12cycle_any,strict_herzog,False,33,0,0.0,,,,1.0,,
window_false_positive,ge_1_seizure_day_per_month,healthy_ovulatory,calendar,3,C_reproducibility_12cycle_any,strict_herzog,False,35,0,0.0,,,,1.0,,
window_false_positive,ge_1_seizure_day_per_month,healthy_ovulatory,calendar,4,C_reproducibility_12cycle_any,strict_herzog,False,35,0,0.0,,,,1.0,,
window_false_positive,ge_1_seizure_day_per_month,healthy_ovulatory,calendar,6,C_reproducibility_12cycle_any,strict_herzog,False,35,0,0.0,,,,1.0,,
window_false_positive,ge_1_seizure_day_per_month,healthy_ovulatory,cycle,3,C_reproducibility_12cycle_any,strict_herzog,False,33,0,0.0,,,,1.0,,
window_false_positive,ge_1_seizure_day_per_month,healthy_ovulatory,cycle,6,C_reproducibility_12cycle_any,strict_herzog,False,28,0,0.0,,,,1.0,,
window_false_positive,ge_1_seizure_day_per_month,healthy_ovulatory,full,full_diary,C_reproducibility_12cycle_any,strict_herzog,False,35,0,0.0,,,,1.0,,
window_false_positive,ge_1_seizure_day_per_month,population,calendar,1,C_reproducibility_12cycle_any,strict_herzog,False,39,0,0.0,,,,1.0,,
window_false_positive,ge_1_seizure_day_per_month,population,calendar,3,C_reproducibility_12cycle_any,strict_herzog,False,39,0,0.0,,,,1.0,,
window_false_positive,ge_1_seizure_day_per_month,population,calendar,4,C_reproducibility_12cycle_any,strict_herzog,False,41,0,0.0,,,,1.0,,
window_false_positive,ge_1_seizure_day_per_month,population,calendar,6,C_reproducibility_12cycle_any,strict_herzog,False,41,0,0.0,,,,1.0,,
window_false_positive,ge_1_seizure_day_per_month,population,cycle,3,C_reproducibility_12cycle_any,strict_herzog,False,42,0,0.0,,,,1.0,,
window_false_positive,ge_1_seizure_day_per_month,population,cycle,6,C_reproducibility_12cycle_any,strict_herzog,False,14,0,0.0,,,,1.0,,
window_false_positive,ge_1_seizure_day_per_month,population,full,full_diary,C_reproducibility_12cycle_any,strict_herzog,False,41,0,0.0,,,,1.0,,
window_false_positive,ge_1_seizure_day_per_month,healthy_ovulatory,calendar,1,D_nb_regression_any,strict_herzog,False,33,0,0.0,,,,1.0,,
window_false_positive,ge_1_seizure_day_per_month,healthy_ovulatory,calendar,3,D_nb_regression_any,strict_herzog,False,35,0,0.0,,,,1.0,,
window_false_positive,ge_1_seizure_day_per_month,healthy_ovulatory,calendar,4,D_nb_regression_any,strict_herzog,False,35,35,3.0,0.08571428571428572,0.02958236826696982,0.22379273965896496,0.0,,
window_false_positive,ge_1_seizure_day_per_month,healthy_ovulatory,calendar,6,D_nb_regression_any,strict_herzog,False,35,35,4.0,0.11428571428571428,0.04535179333097357,0.2595146864621381,0.0,,
window_false_positive,ge_1_seizure_day_per_month,healthy_ovulatory,cycle,3,D_nb_regression_any,strict_herzog,False,33,0,0.0,,,,1.0,,
window_false_positive,ge_1_seizure_day_per_month,healthy_ovulatory,cycle,6,D_nb_regression_any,strict_herzog,False,28,28,3.0,0.10714285714285714,0.03711836682929999,0.27195851548672156,0.0,,
window_false_positive,ge_1_seizure_day_per_month,healthy_ovulatory,full,full_diary,D_nb_regression_any,strict_herzog,False,35,35,4.0,0.11428571428571428,0.04535179333097357,0.2595146864621381,0.0,,
window_false_positive,ge_1_seizure_day_per_month,population,calendar,1,D_nb_regression_any,strict_herzog,False,39,0,0.0,,,,1.0,,
window_false_positive,ge_1_seizure_day_per_month,population,calendar,3,D_nb_regression_any,strict_herzog,False,39,0,0.0,,,,1.0,,
window_false_positive,ge_1_seizure_day_per_month,population,calendar,4,D_nb_regression_any,strict_herzog,False,41,41,5.0,0.12195121951219512,0.053233364685777176,0.25544211520976884,0.0,,
window_false_positive,ge_1_seizure_day_per_month,population,calendar,6,D_nb_regression_any,strict_herzog,False,41,41,9.0,0.21951219512195122,0.12003174778217568,0.3670500598822617,0.0,,
window_false_positive,ge_1_seizure_day_per_month,population,cycle,3,D_nb_regression_any,strict_herzog,False,42,2,0.0,0.0,0.0,0.6576197724933469,0.9523809523809523,,
window_false_positive,ge_1_seizure_day_per_month,population,cycle,6,D_nb_regression_any,strict_herzog,False,14,14,3.0,0.21428571428571427,0.07571386712693184,0.47589230586600295,0.0,,
window_false_positive,ge_1_seizure_day_per_month,population,full,full_diary,D_nb_regression_any,strict_herzog,False,41,41,9.0,0.21951219512195122,0.12003174778217568,0.3670500598822617,0.0,,
window_false_positive,ge_1_seizure_day_per_month,healthy_ovulatory,calendar,1,D_nb_regression_window_alpha_any,strict_herzog,False,33,0,0.0,,,,1.0,,
window_false_positive,ge_1_seizure_day_per_month,healthy_ovulatory,calendar,3,D_nb_regression_window_alpha_any,strict_herzog,False,35,0,0.0,,,,1.0,,
window_false_positive,ge_1_seizure_day_per_month,healthy_ovulatory,calendar,4,D_nb_regression_window_alpha_any,strict_herzog,False,35,35,3.0,0.08571428571428572,0.02958236826696982,0.22379273965896496,0.0,,
window_false_positive,ge_1_seizure_day_per_month,healthy_ovulatory,calendar,6,D_nb_regression_window_alpha_any,strict_herzog,False,35,35,4.0,0.11428571428571428,0.04535179333097357,0.2595146864621381,0.0,,
window_false_positive,ge_1_seizure_day_per_month,healthy_ovulatory,cycle,3,D_nb_regression_window_alpha_any,strict_herzog,False,33,0,0.0,,,,1.0,,
window_false_positive,ge_1_seizure_day_per_month,healthy_ovulatory,cycle,6,D_nb_regression_window_alpha_any,strict_herzog,False,28,28,3.0,0.10714285714285714,0.03711836682929999,0.27195851548672156,0.0,,
window_false_positive,ge_1_seizure_day_per_month,healthy_ovulatory,full,full_diary,D_nb_regression_window_alpha_any,strict_herzog,False,35,35,4.0,0.11428571428571428,0.04535179333097357,0.2595146864621381,0.0,,
window_false_positive,ge_1_seizure_day_per_month,population,calendar,1,D_nb_regression_window_alpha_any,strict_herzog,False,39,0,0.0,,,,1.0,,
window_false_positive,ge_1_seizure_day_per_month,population,calendar,3,D_nb_regression_window_alpha_any,strict_herzog,False,39,0,0.0,,,,1.0,,
window_false_positive,ge_1_seizure_day_per_month,population,calendar,4,D_nb_regression_window_alpha_any,strict_herzog,False,41,41,5.0,0.12195121951219512,0.053233364685777176,0.25544211520976884,0.0,,
window_false_positive,ge_1_seizure_day_per_month,population,calendar,6,D_nb_regression_window_alpha_any,strict_herzog,False,41,41,9.0,0.21951219512195122,0.12003174778217568,0.3670500598822617,0.0,,
window_false_positive,ge_1_seizure_day_per_month,population,cycle,3,D_nb_regression_window_alpha_any,strict_herzog,False,42,2,1.0,0.5,0.09453120573423074,0.9054687942657693,0.9523809523809523,,
window_false_positive,ge_1_seizure_day_per_month,population,cycle,6,D_nb_regression_window_alpha_any,strict_herzog,False,14,14,3.0,0.21428571428571427,0.07571386712693184,0.47589230586600295,0.0,,
window_false_positive,ge_1_seizure_day_per_month,population,full,full_diary,D_nb_regression_window_alpha_any,strict_herzog,False,41,41,9.0,0.21951219512195122,0.12003174778217568,0.3670500598822617,0.0,,
window_false_positive,ge_1_seizure_day_per_month,healthy_ovulatory,calendar,1,H1_newmark_penry_any,strict_herzog,True,33,33,6.0,0.18181818181818182,0.08610768208940667,0.3438823163466992,0.0,,
window_false_positive,ge_1_seizure_day_per_month,healthy_ovulatory,calendar,3,H1_newmark_penry_any,strict_herzog,True,35,35,7.0,0.2,0.10042446473798625,0.3589161306566562,0.0,,
window_false_positive,ge_1_seizure_day_per_month,healthy_ovulatory,calendar,4,H1_newmark_penry_any,strict_herzog,True,35,35,5.0,0.14285714285714285,0.06260231079433715,0.29375554086595146,0.0,,
window_false_positive,ge_1_seizure_day_per_month,healthy_ovulatory,calendar,6,H1_newmark_penry_any,strict_herzog,True,35,35,3.0,0.08571428571428572,0.02958236826696982,0.22379273965896496,0.0,,
window_false_positive,ge_1_seizure_day_per_month,healthy_ovulatory,cycle,3,H1_newmark_penry_any,strict_herzog,True,33,33,4.0,0.12121212121212122,0.04816161309413555,0.2732550517107524,0.0,,
window_false_positive,ge_1_seizure_day_per_month,healthy_ovulatory,cycle,6,H1_newmark_penry_any,strict_herzog,True,28,28,4.0,0.14285714285714285,0.05699005319749392,0.31489802163525293,0.0,,
window_false_positive,ge_1_seizure_day_per_month,healthy_ovulatory,full,full_diary,H1_newmark_penry_any,strict_herzog,True,35,35,3.0,0.08571428571428572,0.02958236826696982,0.22379273965896496,0.0,,
window_false_positive,ge_1_seizure_day_per_month,population,calendar,1,H1_newmark_penry_any,strict_herzog,True,39,39,8.0,0.20512820512820512,0.10779718230710382,0.35533968013582296,0.0,,
window_false_positive,ge_1_seizure_day_per_month,population,calendar,3,H1_newmark_penry_any,strict_herzog,True,39,39,6.0,0.15384615384615385,0.07247472376982099,0.29729463648926696,0.0,,
window_false_positive,ge_1_seizure_day_per_month,population,calendar,4,H1_newmark_penry_any,strict_herzog,True,41,41,8.0,0.1951219512195122,0.10234437385158025,0.3401358518706343,0.0,,
window_false_positive,ge_1_seizure_day_per_month,population,calendar,6,H1_newmark_penry_any,strict_herzog,True,41,41,5.0,0.12195121951219512,0.053233364685777176,0.25544211520976884,0.0,,
window_false_positive,ge_1_seizure_day_per_month,population,cycle,3,H1_newmark_penry_any,strict_herzog,True,42,42,7.0,0.16666666666666666,0.08315916646398076,0.3060400274464885,0.0,,
window_false_positive,ge_1_seizure_day_per_month,population,cycle,6,H1_newmark_penry_any,strict_herzog,True,14,14,2.0,0.14285714285714285,0.040093921271464966,0.39941379496970353,0.0,,
window_false_positive,ge_1_seizure_day_per_month,population,full,full_diary,H1_newmark_penry_any,strict_herzog,True,41,41,5.0,0.12195121951219512,0.053233364685777176,0.25544211520976884,0.0,,
window_false_positive,ge_1_seizure_day_per_month,healthy_ovulatory,calendar,1,H1_newmark_penry_66_7_any,strict_herzog,True,33,33,5.0,0.15151515151515152,0.06650457281607568,0.3091987588044212,0.0,,
window_false_positive,ge_1_seizure_day_per_month,healthy_ovulatory,calendar,3,H1_newmark_penry_66_7_any,strict_herzog,True,35,35,3.0,0.08571428571428572,0.02958236826696982,0.22379273965896496,0.0,,
window_false_positive,ge_1_seizure_day_per_month,healthy_ovulatory,calendar,4,H1_newmark_penry_66_7_any,strict_herzog,True,35,35,2.0,0.05714285714285714,0.015813161857108654,0.1860705742016492,0.0,,
window_false_positive,ge_1_seizure_day_per_month,healthy_ovulatory,calendar,6,H1_newmark_penry_66_7_any,strict_herzog,True,35,35,0.0,0.0,6.938893903907228e-18,0.09890099232440402,0.0,,
window_false_positive,ge_1_seizure_day_per_month,healthy_ovulatory,cycle,3,H1_newmark_penry_66_7_any,strict_herzog,True,33,33,1.0,0.030303030303030304,0.00536941053687183,0.1531872538211892,0.0,,
window_false_positive,ge_1_seizure_day_per_month,healthy_ovulatory,cycle,6,H1_newmark_penry_66_7_any,strict_herzog,True,28,28,0.0,0.0,1.3877787807814457e-17,0.12064330476584563,0.0,,
window_false_positive,ge_1_seizure_day_per_month,healthy_ovulatory,full,full_diary,H1_newmark_penry_66_7_any,strict_herzog,True,35,35,0.0,0.0,6.938893903907228e-18,0.09890099232440402,0.0,,
window_false_positive,ge_1_seizure_day_per_month,population,calendar,1,H1_newmark_penry_66_7_any,strict_herzog,True,39,39,5.0,0.1282051282051282,0.05602817536971394,0.26705743379745456,0.0,,
window_false_positive,ge_1_seizure_day_per_month,population,calendar,3,H1_newmark_penry_66_7_any,strict_herzog,True,39,39,2.0,0.05128205128205128,0.014177955415274113,0.16885640047613612,0.0,,
window_false_positive,ge_1_seizure_day_per_month,population,calendar,4,H1_newmark_penry_66_7_any,strict_herzog,True,41,41,0.0,0.0,0.0,0.08566757018443186,0.0,,
window_false_positive,ge_1_seizure_day_per_month,population,calendar,6,H1_newmark_penry_66_7_any,strict_herzog,True,41,41,0.0,0.0,0.0,0.08566757018443186,0.0,,
window_false_positive,ge_1_seizure_day_per_month,population,cycle,3,H1_newmark_penry_66_7_any,strict_herzog,True,42,42,1.0,0.023809523809523808,0.004215404134432499,0.12321201573766646,0.0,,
window_false_positive,ge_1_seizure_day_per_month,population,cycle,6,H1_newmark_penry_66_7_any,strict_herzog,True,14,14,1.0,0.07142857142857142,0.012722215247890939,0.31468704424151117,0.0,,
window_false_positive,ge_1_seizure_day_per_month,population,full,full_diary,H1_newmark_penry_66_7_any,strict_herzog,True,41,41,0.0,0.0,0.0,0.08566757018443186,0.0,,
window_false_positive,ge_1_seizure_day_per_month,healthy_ovulatory,calendar,1,H2_duncan1993_any,strict_herzog,True,33,33,9.0,0.2727272727272727,0.1506744088542064,0.44217559002872625,0.0,,
window_false_positive,ge_1_seizure_day_per_month,healthy_ovulatory,calendar,3,H2_duncan1993_any,strict_herzog,True,35,35,1.0,0.02857142857142857,0.005061491855444203,0.14533087233613673,0.0,,
window_false_positive,ge_1_seizure_day_per_month,healthy_ovulatory,calendar,4,H2_duncan1993_any,strict_herzog,True,35,35,2.0,0.05714285714285714,0.015813161857108654,0.1860705742016492,0.0,,
window_false_positive,ge_1_seizure_day_per_month,healthy_ovulatory,calendar,6,H2_duncan1993_any,strict_herzog,True,35,35,0.0,0.0,6.938893903907228e-18,0.09890099232440402,0.0,,
window_false_positive,ge_1_seizure_day_per_month,healthy_ovulatory,cycle,3,H2_duncan1993_any,strict_herzog,True,33,33,2.0,0.06060606060606061,0.016780883087191875,0.1960624480864781,0.0,,
window_false_positive,ge_1_seizure_day_per_month,healthy_ovulatory,cycle,6,H2_duncan1993_any,strict_herzog,True,28,28,0.0,0.0,1.3877787807814457e-17,0.12064330476584563,0.0,,
window_false_positive,ge_1_seizure_day_per_month,healthy_ovulatory,full,full_diary,H2_duncan1993_any,strict_herzog,True,35,35,0.0,0.0,6.938893903907228e-18,0.09890099232440402,0.0,,
window_false_positive,ge_1_seizure_day_per_month,population,calendar,1,H2_duncan1993_any,strict_herzog,True,39,39,5.0,0.1282051282051282,0.05602817536971394,0.26705743379745456,0.0,,
window_false_positive,ge_1_seizure_day_per_month,population,calendar,3,H2_duncan1993_any,strict_herzog,True,39,39,2.0,0.05128205128205128,0.014177955415274113,0.16885640047613612,0.0,,
window_false_positive,ge_1_seizure_day_per_month,population,calendar,4,H2_duncan1993_any,strict_herzog,True,41,41,1.0,0.024390243902439025,0.004318531568912411,0.1259506205577423,0.0,,
window_false_positive,ge_1_seizure_day_per_month,population,calendar,6,H2_duncan1993_any,strict_herzog,True,41,41,0.0,0.0,0.0,0.08566757018443186,0.0,,
window_false_positive,ge_1_seizure_day_per_month,population,cycle,3,H2_duncan1993_any,strict_herzog,True,42,42,2.0,0.047619047619047616,0.013157524908905607,0.15789852396958842,0.0,,
window_false_positive,ge_1_seizure_day_per_month,population,cycle,6,H2_duncan1993_any,strict_herzog,True,14,14,0.0,0.0,1.3877787807814457e-17,0.2153108027376358,0.0,,
window_false_positive,ge_1_seizure_day_per_month,population,full,full_diary,H2_duncan1993_any,strict_herzog,True,41,41,0.0,0.0,0.0,0.08566757018443186,0.0,,
window_false_positive,ge_1_seizure_day_per_month,healthy_ovulatory,calendar,1,H3_herzog1997_twofold_any,strict_herzog,True,33,33,17.0,0.5151515151515151,0.3521837544891414,0.674959578918663,0.0,,
window_false_positive,ge_1_seizure_day_per_month,healthy_ovulatory,calendar,3,H3_herzog1997_twofold_any,strict_herzog,True,35,35,17.0,0.4857142857142857,0.32994236002509725,0.6443119540413141,0.0,,
window_false_positive,ge_1_seizure_day_per_month,healthy_ovulatory,calendar,4,H3_herzog1997_twofold_any,strict_herzog,True,35,35,12.0,0.34285714285714286,0.20831694987048957,0.5084805048600374,0.0,,
window_false_positive,ge_1_seizure_day_per_month,healthy_ovulatory,calendar,6,H3_herzog1997_twofold_any,strict_herzog,True,35,35,13.0,0.37142857142857144,0.2316581950336571,0.5366306315640468,0.0,,
window_false_positive,ge_1_seizure_day_per_month,healthy_ovulatory,cycle,3,H3_herzog1997_twofold_any,strict_herzog,True,33,33,12.0,0.36363636363636365,0.2218717823524236,0.5338382169773361,0.0,,
window_false_positive,ge_1_seizure_day_per_month,healthy_ovulatory,cycle,6,H3_herzog1997_twofold_any,strict_herzog,True,28,28,11.0,0.39285714285714285,0.2356568654157959,0.5759095570340281,0.0,,
window_false_positive,ge_1_seizure_day_per_month,healthy_ovulatory,full,full_diary,H3_herzog1997_twofold_any,strict_herzog,True,35,35,13.0,0.37142857142857144,0.2316581950336571,0.5366306315640468,0.0,,
window_false_positive,ge_1_seizure_day_per_month,population,calendar,1,H3_herzog1997_twofold_any,strict_herzog,True,39,39,26.0,0.6666666666666666,0.5097739439934599,0.7936704381040163,0.0,,
window_false_positive,ge_1_seizure_day_per_month,population,calendar,3,H3_herzog1997_twofold_any,strict_herzog,True,39,39,24.0,0.6153846153846154,0.45899061456925083,0.7510862653443866,0.0,,
window_false_positive,ge_1_seizure_day_per_month,population,calendar,4,H3_herzog1997_twofold_any,strict_herzog,True,41,41,25.0,0.6097560975609756,0.45726856934123794,0.7434385493987647,0.0,,
window_false_positive,ge_1_seizure_day_per_month,population,calendar,6,H3_herzog1997_twofold_any,strict_herzog,True,41,41,24.0,0.5853658536585366,0.4336710313403013,0.7224345054574786,0.0,,
window_false_positive,ge_1_seizure_day_per_month,population,cycle,3,H3_herzog1997_twofold_any,strict_herzog,True,42,42,28.0,0.6666666666666666,0.5155250737683379,0.7898753292764273,0.0,,
window_false_positive,ge_1_seizure_day_per_month,population,cycle,6,H3_herzog1997_twofold_any,strict_herzog,True,14,14,8.0,0.5714285714285714,0.3259064457965074,0.7861920109552588,0.0,,
window_false_positive,ge_1_seizure_day_per_month,population,full,full_diary,H3_herzog1997_twofold_any,strict_herzog,True,41,41,24.0,0.5853658536585366,0.4336710313403013,0.7224345054574786,0.0,,
window_false_positive,ge_1_seizure_day_per_month,healthy_ovulatory,calendar,1,H4_reddy2007_any_phase2x_any,strict_herzog,True,33,33,30.0,0.9090909090909091,0.7642739435353026,0.9685960584754184,0.0,,
window_false_positive,ge_1_seizure_day_per_month,healthy_ovulatory,calendar,3,H4_reddy2007_any_phase2x_any,strict_herzog,True,35,35,22.0,0.6285714285714286,0.4633693684359532,0.7683418049663429,0.0,,
window_false_positive,ge_1_seizure_day_per_month,healthy_ovulatory,calendar,4,H4_reddy2007_any_phase2x_any,strict_herzog,True,35,35,22.0,0.6285714285714286,0.4633693684359532,0.7683418049663429,0.0,,
window_false_positive,ge_1_seizure_day_per_month,healthy_ovulatory,calendar,6,H4_reddy2007_any_phase2x_any,strict_herzog,True,35,35,15.0,0.42857142857142855,0.2798456817718068,0.5914258885602508,0.0,,
window_false_positive,ge_1_seizure_day_per_month,healthy_ovulatory,cycle,3,H4_reddy2007_any_phase2x_any,strict_herzog,True,33,33,23.0,0.696969696969697,0.5266186485419944,0.8262446857594641,0.0,,
window_false_positive,ge_1_seizure_day_per_month,healthy_ovulatory,cycle,6,H4_reddy2007_any_phase2x_any,strict_herzog,True,28,28,12.0,0.42857142857142855,0.26508547124123694,0.6092921437253123,0.0,,
window_false_positive,ge_1_seizure_day_per_month,healthy_ovulatory,full,full_diary,H4_reddy2007_any_phase2x_any,strict_herzog,True,35,35,15.0,0.42857142857142855,0.2798456817718068,0.5914258885602508,0.0,,
window_false_positive,ge_1_seizure_day_per_month,population,calendar,1,H4_reddy2007_any_phase2x_any,strict_herzog,True,39,39,37.0,0.9487179487179487,0.8311435995238639,0.9858220445847259,0.0,,
window_false_positive,ge_1_seizure_day_per_month,population,calendar,3,H4_reddy2007_any_phase2x_any,strict_herzog,True,39,39,28.0,0.717948717948718,0.5622468051697918,0.8345650791115233,0.0,,
window_false_positive,ge_1_seizure_day_per_month,population,calendar,4,H4_reddy2007_any_phase2x_any,strict_herzog,True,41,41,27.0,0.6585365853658537,0.5054983651982969,0.7844119174261515,0.0,,
window_false_positive,ge_1_seizure_day_per_month,population,calendar,6,H4_reddy2007_any_phase2x_any,strict_herzog,True,41,41,22.0,0.5365853658536586,0.38746471267669474,0.6794376602366394,0.0,,
window_false_positive,ge_1_seizure_day_per_month,population,cycle,3,H4_reddy2007_any_phase2x_any,strict_herzog,True,42,42,31.0,0.7380952380952381,0.5893126929422804,0.8469735971216702,0.0,,
window_false_positive,ge_1_seizure_day_per_month,population,cycle,6,H4_reddy2007_any_phase2x_any,strict_herzog,True,14,14,6.0,0.42857142857142855,0.21380798904474121,0.6740935542034926,0.0,,
window_false_positive,ge_1_seizure_day_per_month,population,full,full_diary,H4_reddy2007_any_phase2x_any,strict_herzog,True,41,41,22.0,0.5365853658536586,0.38746471267669474,0.6794376602366394,0.0,,
window_false_positive,ge_2_seizures_per_month,healthy_ovulatory,calendar,1,A_exact_any,strict_herzog,False,28,0,0.0,,,,1.0,,
window_false_positive,ge_2_seizures_per_month,healthy_ovulatory,calendar,3,A_exact_any,strict_herzog,False,30,0,0.0,,,,1.0,,
window_false_positive,ge_2_seizures_per_month,healthy_ovulatory,calendar,4,A_exact_any,strict_herzog,False,28,0,0.0,,,,1.0,,
window_false_positive,ge_2_seizures_per_month,healthy_ovulatory,calendar,6,A_exact_any,strict_herzog,False,28,0,0.0,,,,1.0,,
window_false_positive,ge_2_seizures_per_month,healthy_ovulatory,cycle,3,A_exact_any,strict_herzog,False,26,17,7.0,0.4117647058823529,0.2161105679021481,0.6399455735700021,0.34615384615384615,,
window_false_positive,ge_2_seizures_per_month,healthy_ovulatory,cycle,6,A_exact_any,strict_herzog,False,20,0,0.0,,,,1.0,,
window_false_positive,ge_2_seizures_per_month,healthy_ovulatory,full,full_diary,A_exact_any,strict_herzog,False,28,0,0.0,,,,1.0,,
window_false_positive,ge_2_seizures_per_month,population,calendar,1,A_exact_any,strict_herzog,False,30,0,0.0,,,,1.0,,
window_false_positive,ge_2_seizures_per_month,population,calendar,3,A_exact_any,strict_herzog,False,31,0,0.0,,,,1.0,,
window_false_positive,ge_2_seizures_per_month,population,calendar,4,A_exact_any,strict_herzog,False,31,0,0.0,,,,1.0,,
window_false_positive,ge_2_seizures_per_month,population,calendar,6,A_exact_any,strict_herzog,False,31,0,0.0,,,,1.0,,
window_false_positive,ge_2_seizures_per_month,population,cycle,3,A_exact_any,strict_herzog,False,34,16,7.0,0.4375,0.23098652405492354,0.6682144360118811,0.5294117647058824,,
window_false_positive,ge_2_seizures_per_month,population,cycle,6,A_exact_any,strict_herzog,False,10,0,0.0,,,,1.0,,
window_false_positive,ge_2_seizures_per_month,population,full,full_diary,A_exact_any,strict_herzog,False,31,0,0.0,,,,1.0,,
window_false_positive,ge_2_seizures_per_month,healthy_ovulatory,calendar,1,A_windowed_any,strict_herzog,False,28,28,17.0,0.6071428571428571,0.42409044296597176,0.764343134584204,0.0,,
window_false_positive,ge_2_seizures_per_month,healthy_ovulatory,calendar,3,A_windowed_any,strict_herzog,False,30,30,15.0,0.5,0.33154125640533766,0.6684587435946623,0.0,,
window_false_positive,ge_2_seizures_per_month,healthy_ovulatory,calendar,4,A_windowed_any,strict_herzog,False,28,28,13.0,0.4642857142857143,0.29531569982795375,0.641873107655321,0.0,,
window_false_positive,ge_2_seizures_per_month,healthy_ovulatory,calendar,6,A_windowed_any,strict_herzog,False,28,28,12.0,0.42857142857142855,0.26508547124123694,0.6092921437253123,0.0,,
window_false_positive,ge_2_seizures_per_month,healthy_ovulatory,cycle,3,A_windowed_any,strict_herzog,False,26,26,13.0,0.5,0.3206059352575905,0.6793940647424095,0.0,,
window_false_positive,ge_2_seizures_per_month,healthy_ovulatory,cycle,6,A_windowed_any,strict_herzog,False,20,20,9.0,0.45,0.2581978582556243,0.6579146575496577,0.0,,
window_false_positive,ge_2_seizures_per_month,healthy_ovulatory,full,full_diary,A_windowed_any,strict_herzog,False,28,28,12.0,0.42857142857142855,0.26508547124123694,0.6092921437253123,0.0,,
window_false_positive,ge_2_seizures_per_month,population,calendar,1,A_windowed_any,strict_herzog,False,30,30,19.0,0.6333333333333333,0.4551356365479487,0.7812607919389929,0.0,,
window_false_positive,ge_2_seizures_per_month,population,calendar,3,A_windowed_any,strict_herzog,False,31,31,20.0,0.6451612903225806,0.46947954064368874,0.788833409061346,0.0,,
window_false_positive,ge_2_seizures_per_month,population,calendar,4,A_windowed_any,strict_herzog,False,31,31,16.0,0.5161290322580645,0.348403954480288,0.6802974843758269,0.0,,
window_false_positive,ge_2_seizures_per_month,population,calendar,6,A_windowed_any,strict_herzog,False,31,31,18.0,0.5806451612903226,0.4076626249536972,0.7358445693268778,0.0,,
window_false_positive,ge_2_seizures_per_month,population,cycle,3,A_windowed_any,strict_herzog,False,34,34,23.0,0.6764705882352942,0.508428945939082,0.808683564359745,0.0,,
window_false_positive,ge_2_seizures_per_month,population,cycle,6,A_windowed_any,strict_herzog,False,10,10,4.0,0.4,0.16818032970623614,0.6873262302663417,0.0,,
window_false_positive,ge_2_seizures_per_month,population,full,full_diary,A_windowed_any,strict_herzog,False,31,31,18.0,0.5806451612903226,0.4076626249536972,0.7358445693268778,0.0,,
window_false_positive,ge_2_seizures_per_month,healthy_ovulatory,calendar,1,A_windowed_excluding_C3,strict_herzog,False,28,28,17.0,0.6071428571428571,0.42409044296597176,0.764343134584204,0.0,,
window_false_positive,ge_2_seizures_per_month,healthy_ovulatory,calendar,3,A_windowed_excluding_C3,strict_herzog,False,30,30,15.0,0.5,0.33154125640533766,0.6684587435946623,0.0,,
window_false_positive,ge_2_seizures_per_month,healthy_ovulatory,calendar,4,A_windowed_excluding_C3,strict_herzog,False,28,28,13.0,0.4642857142857143,0.29531569982795375,0.641873107655321,0.0,,
window_false_positive,ge_2_seizures_per_month,healthy_ovulatory,calendar,6,A_windowed_excluding_C3,strict_herzog,False,28,28,12.0,0.42857142857142855,0.26508547124123694,0.6092921437253123,0.0,,
window_false_positive,ge_2_seizures_per_month,healthy_ovulatory,cycle,3,A_windowed_excluding_C3,strict_herzog,False,26,26,13.0,0.5,0.3206059352575905,0.6793940647424095,0.0,,
window_false_positive,ge_2_seizures_per_month,healthy_ovulatory,cycle,6,A_windowed_excluding_C3,strict_herzog,False,20,20,9.0,0.45,0.2581978582556243,0.6579146575496577,0.0,,
window_false_positive,ge_2_seizures_per_month,healthy_ovulatory,full,full_diary,A_windowed_excluding_C3,strict_herzog,False,28,28,12.0,0.42857142857142855,0.26508547124123694,0.6092921437253123,0.0,,
window_false_positive,ge_2_seizures_per_month,population,calendar,1,A_windowed_excluding_C3,strict_herzog,False,30,30,18.0,0.6,0.42320360253322475,0.7540937188319815,0.0,,
window_false_positive,ge_2_seizures_per_month,population,calendar,3,A_windowed_excluding_C3,strict_herzog,False,31,31,18.0,0.5806451612903226,0.4076626249536972,0.7358445693268778,0.0,,
window_false_positive,ge_2_seizures_per_month,population,calendar,4,A_windowed_excluding_C3,strict_herzog,False,31,31,16.0,0.5161290322580645,0.348403954480288,0.6802974843758269,0.0,,
window_false_positive,ge_2_seizures_per_month,population,calendar,6,A_windowed_excluding_C3,strict_herzog,False,31,31,16.0,0.5161290322580645,0.348403954480288,0.6802974843758269,0.0,,
window_false_positive,ge_2_seizures_per_month,population,cycle,3,A_windowed_excluding_C3,strict_herzog,False,34,34,21.0,0.6176470588235294,0.450410173444307,0.7609981667549109,0.0,,
window_false_positive,ge_2_seizures_per_month,population,cycle,6,A_windowed_excluding_C3,strict_herzog,False,10,10,4.0,0.4,0.16818032970623614,0.6873262302663417,0.0,,
window_false_positive,ge_2_seizures_per_month,population,full,full_diary,A_windowed_excluding_C3,strict_herzog,False,31,31,16.0,0.5161290322580645,0.348403954480288,0.6802974843758269,0.0,,
window_false_positive,ge_2_seizures_per_month,healthy_ovulatory,calendar,1,A_windowed_C1_only,strict_herzog,False,28,26,14.0,0.5384615384615384,0.35457938746858797,0.7124414646960878,0.0714285714285714,,
window_false_positive,ge_2_seizures_per_month,healthy_ovulatory,calendar,3,A_windowed_C1_only,strict_herzog,False,30,30,10.0,0.3333333333333333,0.19230498083676134,0.5121994835545616,0.0,,
window_false_positive,ge_2_seizures_per_month,healthy_ovulatory,calendar,4,A_windowed_C1_only,strict_herzog,False,28,28,12.0,0.42857142857142855,0.26508547124123694,0.6092921437253123,0.0,,
window_false_positive,ge_2_seizures_per_month,healthy_ovulatory,calendar,6,A_windowed_C1_only,strict_herzog,False,28,28,12.0,0.42857142857142855,0.26508547124123694,0.6092921437253123,0.0,,
window_false_positive,ge_2_seizures_per_month,healthy_ovulatory,cycle,3,A_windowed_C1_only,strict_herzog,False,26,26,9.0,0.34615384615384615,0.19412230322940519,0.5377942881118919,0.0,,
window_false_positive,ge_2_seizures_per_month,healthy_ovulatory,cycle,6,A_windowed_C1_only,strict_herzog,False,20,20,9.0,0.45,0.2581978582556243,0.6579146575496577,0.0,,
window_false_positive,ge_2_seizures_per_month,healthy_ovulatory,full,full_diary,A_windowed_C1_only,strict_herzog,False,28,28,12.0,0.42857142857142855,0.26508547124123694,0.6092921437253123,0.0,,
window_false_positive,ge_2_seizures_per_month,population,calendar,1,A_windowed_C1_only,strict_herzog,False,30,26,11.0,0.4230769230769231,0.2554444331365656,0.6105138625340828,0.1333333333333333,,
window_false_positive,ge_2_seizures_per_month,population,calendar,3,A_windowed_C1_only,strict_herzog,False,31,31,16.0,0.5161290322580645,0.348403954480288,0.6802974843758269,0.0,,
window_false_positive,ge_2_seizures_per_month,population,calendar,4,A_windowed_C1_only,strict_herzog,False,31,31,15.0,0.4838709677419355,0.31970251562417307,0.651596045519712,0.0,,
window_false_positive,ge_2_seizures_per_month,population,calendar,6,A_windowed_C1_only,strict_herzog,False,31,31,13.0,0.41935483870967744,0.2641554306731223,0.5923373750463029,0.0,,
window_false_positive,ge_2_seizures_per_month,population,cycle,3,A_windowed_C1_only,strict_herzog,False,34,34,16.0,0.47058823529411764,0.3145150447508847,0.6326328701993107,0.0,,
window_false_positive,ge_2_seizures_per_month,population,cycle,6,A_windowed_C1_only,strict_herzog,False,10,10,3.0,0.3,0.10779126740630099,0.6032218525388546,0.0,,
window_false_positive,ge_2_seizures_per_month,population,full,full_diary,A_windowed_C1_only,strict_herzog,False,31,31,13.0,0.41935483870967744,0.2641554306731223,0.5923373750463029,0.0,,
window_false_positive,ge_2_seizures_per_month,healthy_ovulatory,calendar,1,A_windowed_C2_only,strict_herzog,False,28,28,8.0,0.2857142857142857,0.15253996056669092,0.4705928843329571,0.0,,
window_false_positive,ge_2_seizures_per_month,healthy_ovulatory,calendar,3,A_windowed_C2_only,strict_herzog,False,30,30,8.0,0.26666666666666666,0.14182663319596317,0.4444796169518888,0.0,,
window_false_positive,ge_2_seizures_per_month,healthy_ovulatory,calendar,4,A_windowed_C2_only,strict_herzog,False,28,28,3.0,0.10714285714285714,0.03711836682929999,0.27195851548672156,0.0,,
window_false_positive,ge_2_seizures_per_month,healthy_ovulatory,calendar,6,A_windowed_C2_only,strict_herzog,False,28,28,2.0,0.07142857142857142,0.01981206411530574,0.22645362568399052,0.0,,
window_false_positive,ge_2_seizures_per_month,healthy_ovulatory,cycle,3,A_windowed_C2_only,strict_herzog,False,26,26,4.0,0.15384615384615385,0.06150033723578355,0.3353119932821348,0.0,,
window_false_positive,ge_2_seizures_per_month,healthy_ovulatory,cycle,6,A_windowed_C2_only,strict_herzog,False,20,20,2.0,0.1,0.027866481213768224,0.3010336452284873,0.0,,
window_false_positive,ge_2_seizures_per_month,healthy_ovulatory,full,full_diary,A_windowed_C2_only,strict_herzog,False,28,28,2.0,0.07142857142857142,0.01981206411530574,0.22645362568399052,0.0,,
window_false_positive,ge_2_seizures_per_month,population,calendar,1,A_windowed_C2_only,strict_herzog,False,30,29,9.0,0.3103448275862069,0.17275616744483216,0.4923013423309317,0.033333333333333326,,
window_false_positive,ge_2_seizures_per_month,population,calendar,3,A_windowed_C2_only,strict_herzog,False,31,31,9.0,0.2903225806451613,0.1609580015630062,0.46592329330749926,0.0,,
window_false_positive,ge_2_seizures_per_month,population,calendar,4,A_windowed_C2_only,strict_herzog,False,31,31,11.0,0.3548387096774194,0.21116659093865403,0.5305204593563113,0.0,,
window_false_positive,ge_2_seizures_per_month,population,calendar,6,A_windowed_C2_only,strict_herzog,False,31,31,6.0,0.1935483870967742,0.09187008361586096,0.36280257811795463,0.0,,
window_false_positive,ge_2_seizures_per_month,population,cycle,3,A_windowed_C2_only,strict_herzog,False,34,34,13.0,0.38235294117647056,0.23900183324508897,0.549589826555693,0.0,,
window_false_positive,ge_2_seizures_per_month,population,cycle,6,A_windowed_C2_only,strict_herzog,False,10,10,2.0,0.2,0.05668215145437519,0.5098375284633583,0.0,,
window_false_positive,ge_2_seizures_per_month,population,full,full_diary,A_windowed_C2_only,strict_herzog,False,31,31,6.0,0.1935483870967742,0.09187008361586096,0.36280257811795463,0.0,,
window_false_positive,ge_2_seizures_per_month,healthy_ovulatory,calendar,1,A_windowed_C3_only,strict_herzog,False,28,0,0.0,,,,1.0,,
window_false_positive,ge_2_seizures_per_month,healthy_ovulatory,calendar,3,A_windowed_C3_only,strict_herzog,False,30,0,0.0,,,,1.0,,
window_false_positive,ge_2_seizures_per_month,healthy_ovulatory,calendar,4,A_windowed_C3_only,strict_herzog,False,28,0,0.0,,,,1.0,,
window_false_positive,ge_2_seizures_per_month,healthy_ovulatory,calendar,6,A_windowed_C3_only,strict_herzog,False,28,0,0.0,,,,1.0,,
window_false_positive,ge_2_seizures_per_month,healthy_ovulatory,cycle,3,A_windowed_C3_only,strict_herzog,False,26,0,0.0,,,,1.0,,
window_false_positive,ge_2_seizures_per_month,healthy_ovulatory,cycle,6,A_windowed_C3_only,strict_herzog,False,20,0,0.0,,,,1.0,,
window_false_positive,ge_2_seizures_per_month,healthy_ovulatory,full,full_diary,A_windowed_C3_only,strict_herzog,False,28,0,0.0,,,,1.0,,
window_false_positive,ge_2_seizures_per_month,population,calendar,1,A_windowed_C3_only,strict_herzog,False,30,7,5.0,0.7142857142857143,0.35893445183261935,0.9177810759959433,0.7666666666666666,,
window_false_positive,ge_2_seizures_per_month,population,calendar,3,A_windowed_C3_only,strict_herzog,False,31,13,5.0,0.38461538461538464,0.17709707797762575,0.6447710848733431,0.5806451612903225,,
window_false_positive,ge_2_seizures_per_month,population,calendar,4,A_windowed_C3_only,strict_herzog,False,31,11,3.0,0.2727272727272727,0.09746059290024889,0.5656453011761291,0.6451612903225806,,
window_false_positive,ge_2_seizures_per_month,population,calendar,6,A_windowed_C3_only,strict_herzog,False,31,17,6.0,0.35294117647058826,0.17309720397243744,0.5869963651478132,0.4516129032258065,,
window_false_positive,ge_2_seizures_per_month,population,cycle,3,A_windowed_C3_only,strict_herzog,False,34,9,3.0,0.3333333333333333,0.1205838183869109,0.6457978644196036,0.7352941176470589,,
window_false_positive,ge_2_seizures_per_month,population,cycle,6,A_windowed_C3_only,strict_herzog,False,10,3,0.0,0.0,5.551115123125783e-17,0.5614970317550454,0.7,,
window_false_positive,ge_2_seizures_per_month,population,full,full_diary,A_windowed_C3_only,strict_herzog,False,31,17,6.0,0.35294117647058826,0.17309720397243744,0.5869963651478132,0.4516129032258065,,
window_false_positive,ge_2_seizures_per_month,healthy_ovulatory,calendar,1,B_minimum_data_any,strict_herzog,False,28,0,0.0,,,,1.0,,
window_false_positive,ge_2_seizures_per_month,healthy_ovulatory,calendar,3,B_minimum_data_any,strict_herzog,False,30,0,0.0,,,,1.0,,
window_false_positive,ge_2_seizures_per_month,healthy_ovulatory,calendar,4,B_minimum_data_any,strict_herzog,False,28,28,13.0,0.4642857142857143,0.29531569982795375,0.641873107655321,0.0,,
window_false_positive,ge_2_seizures_per_month,healthy_ovulatory,calendar,6,B_minimum_data_any,strict_herzog,False,28,28,12.0,0.42857142857142855,0.26508547124123694,0.6092921437253123,0.0,,
window_false_positive,ge_2_seizures_per_month,healthy_ovulatory,cycle,3,B_minimum_data_any,strict_herzog,False,26,0,0.0,,,,1.0,,
window_false_positive,ge_2_seizures_per_month,healthy_ovulatory,cycle,6,B_minimum_data_any,strict_herzog,False,20,20,9.0,0.45,0.2581978582556243,0.6579146575496577,0.0,,
window_false_positive,ge_2_seizures_per_month,healthy_ovulatory,full,full_diary,B_minimum_data_any,strict_herzog,False,28,28,12.0,0.42857142857142855,0.26508547124123694,0.6092921437253123,0.0,,
window_false_positive,ge_2_seizures_per_month,population,calendar,1,B_minimum_data_any,strict_herzog,False,30,0,0.0,,,,1.0,,
window_false_positive,ge_2_seizures_per_month,population,calendar,3,B_minimum_data_any,strict_herzog,False,31,0,0.0,,,,1.0,,
window_false_positive,ge_2_seizures_per_month,population,calendar,4,B_minimum_data_any,strict_herzog,False,31,31,16.0,0.5161290322580645,0.348403954480288,0.6802974843758269,0.0,,
window_false_positive,ge_2_seizures_per_month,population,calendar,6,B_minimum_data_any,strict_herzog,False,31,31,18.0,0.5806451612903226,0.4076626249536972,0.7358445693268778,0.0,,
window_false_positive,ge_2_seizures_per_month,population,cycle,3,B_minimum_data_any,strict_herzog,False,34,2,2.0,1.0,0.34238022750665303,1.0,0.9411764705882353,,
window_false_positive,ge_2_seizures_per_month,population,cycle,6,B_minimum_data_any,strict_herzog,False,10,10,4.0,0.4,0.16818032970623614,0.6873262302663417,0.0,,
window_false_positive,ge_2_seizures_per_month,population,full,full_diary,B_minimum_data_any,strict_herzog,False,31,31,18.0,0.5806451612903226,0.4076626249536972,0.7358445693268778,0.0,,
window_false_positive,ge_2_seizures_per_month,healthy_ovulatory,calendar,1,B_minimum_data_excluding_C3,strict_herzog,False,28,0,0.0,,,,1.0,,
window_false_positive,ge_2_seizures_per_month,healthy_ovulatory,calendar,3,B_minimum_data_excluding_C3,strict_herzog,False,30,0,0.0,,,,1.0,,
window_false_positive,ge_2_seizures_per_month,healthy_ovulatory,calendar,4,B_minimum_data_excluding_C3,strict_herzog,False,28,28,13.0,0.4642857142857143,0.29531569982795375,0.641873107655321,0.0,,
window_false_positive,ge_2_seizures_per_month,healthy_ovulatory,calendar,6,B_minimum_data_excluding_C3,strict_herzog,False,28,28,12.0,0.42857142857142855,0.26508547124123694,0.6092921437253123,0.0,,
window_false_positive,ge_2_seizures_per_month,healthy_ovulatory,cycle,3,B_minimum_data_excluding_C3,strict_herzog,False,26,0,0.0,,,,1.0,,
window_false_positive,ge_2_seizures_per_month,healthy_ovulatory,cycle,6,B_minimum_data_excluding_C3,strict_herzog,False,20,20,9.0,0.45,0.2581978582556243,0.6579146575496577,0.0,,
window_false_positive,ge_2_seizures_per_month,healthy_ovulatory,full,full_diary,B_minimum_data_excluding_C3,strict_herzog,False,28,28,12.0,0.42857142857142855,0.26508547124123694,0.6092921437253123,0.0,,
window_false_positive,ge_2_seizures_per_month,population,calendar,1,B_minimum_data_excluding_C3,strict_herzog,False,30,0,0.0,,,,1.0,,
window_false_positive,ge_2_seizures_per_month,population,calendar,3,B_minimum_data_excluding_C3,strict_herzog,False,31,0,0.0,,,,1.0,,
window_false_positive,ge_2_seizures_per_month,population,calendar,4,B_minimum_data_excluding_C3,strict_herzog,False,31,31,16.0,0.5161290322580645,0.348403954480288,0.6802974843758269,0.0,,
window_false_positive,ge_2_seizures_per_month,population,calendar,6,B_minimum_data_excluding_C3,strict_herzog,False,31,31,16.0,0.5161290322580645,0.348403954480288,0.6802974843758269,0.0,,
window_false_positive,ge_2_seizures_per_month,population,cycle,3,B_minimum_data_excluding_C3,strict_herzog,False,34,2,2.0,1.0,0.34238022750665303,1.0,0.9411764705882353,,
window_false_positive,ge_2_seizures_per_month,population,cycle,6,B_minimum_data_excluding_C3,strict_herzog,False,10,10,4.0,0.4,0.16818032970623614,0.6873262302663417,0.0,,
window_false_positive,ge_2_seizures_per_month,population,full,full_diary,B_minimum_data_excluding_C3,strict_herzog,False,31,31,16.0,0.5161290322580645,0.348403954480288,0.6802974843758269,0.0,,
window_false_positive,ge_2_seizures_per_month,healthy_ovulatory,calendar,1,C_reproducibility_any,strict_herzog,False,28,0,0.0,,,,1.0,,
window_false_positive,ge_2_seizures_per_month,healthy_ovulatory,calendar,3,C_reproducibility_any,strict_herzog,False,30,0,0.0,,,,1.0,,
window_false_positive,ge_2_seizures_per_month,healthy_ovulatory,calendar,4,C_reproducibility_any,strict_herzog,False,28,0,0.0,,,,1.0,,
window_false_positive,ge_2_seizures_per_month,healthy_ovulatory,calendar,6,C_reproducibility_any,strict_herzog,False,28,17,6.0,0.35294117647058826,0.17309720397243744,0.5869963651478132,0.3928571428571429,,
window_false_positive,ge_2_seizures_per_month,healthy_ovulatory,cycle,3,C_reproducibility_any,strict_herzog,False,26,0,0.0,,,,1.0,,
window_false_positive,ge_2_seizures_per_month,healthy_ovulatory,cycle,6,C_reproducibility_any,strict_herzog,False,20,16,6.0,0.375,0.18481232558863633,0.6135895945449727,0.19999999999999996,,
window_false_positive,ge_2_seizures_per_month,healthy_ovulatory,full,full_diary,C_reproducibility_any,strict_herzog,False,28,17,6.0,0.35294117647058826,0.17309720397243744,0.5869963651478132,0.3928571428571429,,
window_false_positive,ge_2_seizures_per_month,population,calendar,1,C_reproducibility_any,strict_herzog,False,30,0,0.0,,,,1.0,,
window_false_positive,ge_2_seizures_per_month,population,calendar,3,C_reproducibility_any,strict_herzog,False,31,0,0.0,,,,1.0,,
window_false_positive,ge_2_seizures_per_month,population,calendar,4,C_reproducibility_any,strict_herzog,False,31,0,0.0,,,,1.0,,
window_false_positive,ge_2_seizures_per_month,population,calendar,6,C_reproducibility_any,strict_herzog,False,31,10,1.0,0.1,0.017876213095072896,0.4041500267952385,0.6774193548387097,,
window_false_positive,ge_2_seizures_per_month,population,cycle,3,C_reproducibility_any,strict_herzog,False,34,0,0.0,,,,1.0,,
window_false_positive,ge_2_seizures_per_month,population,cycle,6,C_reproducibility_any,strict_herzog,False,10,9,1.0,0.1111111111111111,0.019890887638544907,0.434999705576656,0.09999999999999998,,
window_false_positive,ge_2_seizures_per_month,population,full,full_diary,C_reproducibility_any,strict_herzog,False,31,10,1.0,0.1,0.017876213095072896,0.4041500267952385,0.6774193548387097,,
window_false_positive,ge_2_seizures_per_month,healthy_ovulatory,calendar,1,C_reproducibility_12cycle_any,strict_herzog,False,28,0,0.0,,,,1.0,,
window_false_positive,ge_2_seizures_per_month,healthy_ovulatory,calendar,3,C_reproducibility_12cycle_any,strict_herzog,False,30,0,0.0,,,,1.0,,
window_false_positive,ge_2_seizures_per_month,healthy_ovulatory,calendar,4,C_reproducibility_12cycle_any,strict_herzog,False,28,0,0.0,,,,1.0,,
window_false_positive,ge_2_seizures_per_month,healthy_ovulatory,calendar,6,C_reproducibility_12cycle_any,strict_herzog,False,28,0,0.0,,,,1.0,,
window_false_positive,ge_2_seizures_per_month,healthy_ovulatory,cycle,3,C_reproducibility_12cycle_any,strict_herzog,False,26,0,0.0,,,,1.0,,
window_false_positive,ge_2_seizures_per_month,healthy_ovulatory,cycle,6,C_reproducibility_12cycle_any,strict_herzog,False,20,0,0.0,,,,1.0,,
window_false_positive,ge_2_seizures_per_month,healthy_ovulatory,full,full_diary,C_reproducibility_12cycle_any,strict_herzog,False,28,0,0.0,,,,1.0,,
window_false_positive,ge_2_seizures_per_month,population,calendar,1,C_reproducibility_12cycle_any,strict_herzog,False,30,0,0.0,,,,1.0,,
window_false_positive,ge_2_seizures_per_month,population,calendar,3,C_reproducibility_12cycle_any,strict_herzog,False,31,0,0.0,,,,1.0,,
window_false_positive,ge_2_seizures_per_month,population,calendar,4,C_reproducibility_12cycle_any,strict_herzog,False,31,0,0.0,,,,1.0,,
window_false_positive,ge_2_seizures_per_month,population,calendar,6,C_reproducibility_12cycle_any,strict_herzog,False,31,0,0.0,,,,1.0,,
window_false_positive,ge_2_seizures_per_month,population,cycle,3,C_reproducibility_12cycle_any,strict_herzog,False,34,0,0.0,,,,1.0,,
window_false_positive,ge_2_seizures_per_month,population,cycle,6,C_reproducibility_12cycle_any,strict_herzog,False,10,0,0.0,,,,1.0,,
window_false_positive,ge_2_seizures_per_month,population,full,full_diary,C_reproducibility_12cycle_any,strict_herzog,False,31,0,0.0,,,,1.0,,
window_false_positive,ge_2_seizures_per_month,healthy_ovulatory,calendar,1,D_nb_regression_any,strict_herzog,False,28,0,0.0,,,,1.0,,
window_false_positive,ge_2_seizures_per_month,healthy_ovulatory,calendar,3,D_nb_regression_any,strict_herzog,False,30,0,0.0,,,,1.0,,
window_false_positive,ge_2_seizures_per_month,healthy_ovulatory,calendar,4,D_nb_regression_any,strict_herzog,False,28,28,3.0,0.10714285714285714,0.03711836682929999,0.27195851548672156,0.0,,
window_false_positive,ge_2_seizures_per_month,healthy_ovulatory,calendar,6,D_nb_regression_any,strict_herzog,False,28,28,4.0,0.14285714285714285,0.05699005319749392,0.31489802163525293,0.0,,
window_false_positive,ge_2_seizures_per_month,healthy_ovulatory,cycle,3,D_nb_regression_any,strict_herzog,False,26,0,0.0,,,,1.0,,
window_false_positive,ge_2_seizures_per_month,healthy_ovulatory,cycle,6,D_nb_regression_any,strict_herzog,False,20,20,3.0,0.15,0.052368745896216595,0.36041886474075696,0.0,,
window_false_positive,ge_2_seizures_per_month,healthy_ovulatory,full,full_diary,D_nb_regression_any,strict_herzog,False,28,28,4.0,0.14285714285714285,0.05699005319749392,0.31489802163525293,0.0,,
window_false_positive,ge_2_seizures_per_month,population,calendar,1,D_nb_regression_any,strict_herzog,False,30,0,0.0,,,,1.0,,
window_false_positive,ge_2_seizures_per_month,population,calendar,3,D_nb_regression_any,strict_herzog,False,31,0,0.0,,,,1.0,,
window_false_positive,ge_2_seizures_per_month,population,calendar,4,D_nb_regression_any,strict_herzog,False,31,31,5.0,0.16129032258064516,0.070926244433653,0.3263435395879326,0.0,,
window_false_positive,ge_2_seizures_per_month,population,calendar,6,D_nb_regression_any,strict_herzog,False,31,31,7.0,0.22580645161290322,0.11395135561262493,0.3981241838334205,0.0,,
window_false_positive,ge_2_seizures_per_month,population,cycle,3,D_nb_regression_any,strict_herzog,False,34,2,0.0,0.0,0.0,0.6576197724933469,0.9411764705882353,,
window_false_positive,ge_2_seizures_per_month,population,cycle,6,D_nb_regression_any,strict_herzog,False,10,10,1.0,0.1,0.017876213095072896,0.4041500267952385,0.0,,
window_false_positive,ge_2_seizures_per_month,population,full,full_diary,D_nb_regression_any,strict_herzog,False,31,31,7.0,0.22580645161290322,0.11395135561262493,0.3981241838334205,0.0,,
window_false_positive,ge_2_seizures_per_month,healthy_ovulatory,calendar,1,D_nb_regression_window_alpha_any,strict_herzog,False,28,0,0.0,,,,1.0,,
window_false_positive,ge_2_seizures_per_month,healthy_ovulatory,calendar,3,D_nb_regression_window_alpha_any,strict_herzog,False,30,0,0.0,,,,1.0,,
window_false_positive,ge_2_seizures_per_month,healthy_ovulatory,calendar,4,D_nb_regression_window_alpha_any,strict_herzog,False,28,28,3.0,0.10714285714285714,0.03711836682929999,0.27195851548672156,0.0,,
window_false_positive,ge_2_seizures_per_month,healthy_ovulatory,calendar,6,D_nb_regression_window_alpha_any,strict_herzog,False,28,28,4.0,0.14285714285714285,0.05699005319749392,0.31489802163525293,0.0,,
window_false_positive,ge_2_seizures_per_month,healthy_ovulatory,cycle,3,D_nb_regression_window_alpha_any,strict_herzog,False,26,0,0.0,,,,1.0,,
window_false_positive,ge_2_seizures_per_month,healthy_ovulatory,cycle,6,D_nb_regression_window_alpha_any,strict_herzog,False,20,20,3.0,0.15,0.052368745896216595,0.36041886474075696,0.0,,
window_false_positive,ge_2_seizures_per_month,healthy_ovulatory,full,full_diary,D_nb_regression_window_alpha_any,strict_herzog,False,28,28,4.0,0.14285714285714285,0.05699005319749392,0.31489802163525293,0.0,,
window_false_positive,ge_2_seizures_per_month,population,calendar,1,D_nb_regression_window_alpha_any,strict_herzog,False,30,0,0.0,,,,1.0,,
window_false_positive,ge_2_seizures_per_month,population,calendar,3,D_nb_regression_window_alpha_any,strict_herzog,False,31,0,0.0,,,,1.0,,
window_false_positive,ge_2_seizures_per_month,population,calendar,4,D_nb_regression_window_alpha_any,strict_herzog,False,31,31,5.0,0.16129032258064516,0.070926244433653,0.3263435395879326,0.0,,
window_false_positive,ge_2_seizures_per_month,population,calendar,6,D_nb_regression_window_alpha_any,strict_herzog,False,31,31,7.0,0.22580645161290322,0.11395135561262493,0.3981241838334205,0.0,,
window_false_positive,ge_2_seizures_per_month,population,cycle,3,D_nb_regression_window_alpha_any,strict_herzog,False,34,2,1.0,0.5,0.09453120573423074,0.9054687942657693,0.9411764705882353,,
window_false_positive,ge_2_seizures_per_month,population,cycle,6,D_nb_regression_window_alpha_any,strict_herzog,False,10,10,1.0,0.1,0.017876213095072896,0.4041500267952385,0.0,,
window_false_positive,ge_2_seizures_per_month,population,full,full_diary,D_nb_regression_window_alpha_any,strict_herzog,False,31,31,7.0,0.22580645161290322,0.11395135561262493,0.3981241838334205,0.0,,
window_false_positive,ge_2_seizures_per_month,healthy_ovulatory,calendar,1,H1_newmark_penry_any,strict_herzog,True,28,28,4.0,0.14285714285714285,0.05699005319749392,0.31489802163525293,0.0,,
window_false_positive,ge_2_seizures_per_month,healthy_ovulatory,calendar,3,H1_newmark_penry_any,strict_herzog,True,30,30,7.0,0.23333333333333334,0.11792388144489496,0.40928326158122164,0.0,,
window_false_positive,ge_2_seizures_per_month,healthy_ovulatory,calendar,4,H1_newmark_penry_any,strict_herzog,True,28,28,5.0,0.17857142857142858,0.07878501945604277,0.35591424789342946,0.0,,
window_false_positive,ge_2_seizures_per_month,healthy_ovulatory,calendar,6,H1_newmark_penry_any,strict_herzog,True,28,28,3.0,0.10714285714285714,0.03711836682929999,0.27195851548672156,0.0,,
window_false_positive,ge_2_seizures_per_month,healthy_ovulatory,cycle,3,H1_newmark_penry_any,strict_herzog,True,26,26,3.0,0.11538461538461539,0.04003244623610615,0.2897590321171364,0.0,,
window_false_positive,ge_2_seizures_per_month,healthy_ovulatory,cycle,6,H1_newmark_penry_any,strict_herzog,True,20,20,4.0,0.2,0.08065766257979806,0.41601743225189364,0.0,,
window_false_positive,ge_2_seizures_per_month,healthy_ovulatory,full,full_diary,H1_newmark_penry_any,strict_herzog,True,28,28,3.0,0.10714285714285714,0.03711836682929999,0.27195851548672156,0.0,,
window_false_positive,ge_2_seizures_per_month,population,calendar,1,H1_newmark_penry_any,strict_herzog,True,30,30,5.0,0.16666666666666666,0.0733654237184855,0.3356435050641603,0.0,,
window_false_positive,ge_2_seizures_per_month,population,calendar,3,H1_newmark_penry_any,strict_herzog,True,31,31,5.0,0.16129032258064516,0.070926244433653,0.3263435395879326,0.0,,
window_false_positive,ge_2_seizures_per_month,population,calendar,4,H1_newmark_penry_any,strict_herzog,True,31,31,5.0,0.16129032258064516,0.070926244433653,0.3263435395879326,0.0,,
window_false_positive,ge_2_seizures_per_month,population,calendar,6,H1_newmark_penry_any,strict_herzog,True,31,31,3.0,0.0967741935483871,0.033464644163197374,0.24899938443392833,0.0,,
window_false_positive,ge_2_seizures_per_month,population,cycle,3,H1_newmark_penry_any,strict_herzog,True,34,34,6.0,0.17647058823529413,0.0834896904537232,0.33513737399842747,0.0,,
window_false_positive,ge_2_seizures_per_month,population,cycle,6,H1_newmark_penry_any,strict_herzog,True,10,10,1.0,0.1,0.017876213095072896,0.4041500267952385,0.0,,
window_false_positive,ge_2_seizures_per_month,population,full,full_diary,H1_newmark_penry_any,strict_herzog,True,31,31,3.0,0.0967741935483871,0.033464644163197374,0.24899938443392833,0.0,,
window_false_positive,ge_2_seizures_per_month,healthy_ovulatory,calendar,1,H1_newmark_penry_66_7_any,strict_herzog,True,28,28,3.0,0.10714285714285714,0.03711836682929999,0.27195851548672156,0.0,,
window_false_positive,ge_2_seizures_per_month,healthy_ovulatory,calendar,3,H1_newmark_penry_66_7_any,strict_herzog,True,30,30,3.0,0.1,0.03459988874733419,0.25621082579184085,0.0,,
window_false_positive,ge_2_seizures_per_month,healthy_ovulatory,calendar,4,H1_newmark_penry_66_7_any,strict_herzog,True,28,28,2.0,0.07142857142857142,0.01981206411530574,0.22645362568399052,0.0,,
window_false_positive,ge_2_seizures_per_month,healthy_ovulatory,calendar,6,H1_newmark_penry_66_7_any,strict_herzog,True,28,28,0.0,0.0,1.3877787807814457e-17,0.12064330476584563,0.0,,
window_false_positive,ge_2_seizures_per_month,healthy_ovulatory,cycle,3,H1_newmark_penry_66_7_any,strict_herzog,True,26,26,1.0,0.038461538461538464,0.006821984993543487,0.18892778903034757,0.0,,
window_false_positive,ge_2_seizures_per_month,healthy_ovulatory,cycle,6,H1_newmark_penry_66_7_any,strict_herzog,True,20,20,0.0,0.0,0.0,0.16112515805281938,0.0,,
window_false_positive,ge_2_seizures_per_month,healthy_ovulatory,full,full_diary,H1_newmark_penry_66_7_any,strict_herzog,True,28,28,0.0,0.0,1.3877787807814457e-17,0.12064330476584563,0.0,,
window_false_positive,ge_2_seizures_per_month,population,calendar,1,H1_newmark_penry_66_7_any,strict_herzog,True,30,30,2.0,0.06666666666666667,0.018477023791270378,0.2132345836261692,0.0,,
window_false_positive,ge_2_seizures_per_month,population,calendar,3,H1_newmark_penry_66_7_any,strict_herzog,True,31,31,1.0,0.03225806451612903,0.005717221525416816,0.16194105164724906,0.0,,
window_false_positive,ge_2_seizures_per_month,population,calendar,4,H1_newmark_penry_66_7_any,strict_herzog,True,31,31,0.0,0.0,0.0,0.11025539546043596,0.0,,
window_false_positive,ge_2_seizures_per_month,population,calendar,6,H1_newmark_penry_66_7_any,strict_herzog,True,31,31,0.0,0.0,0.0,0.11025539546043596,0.0,,
window_false_positive,ge_2_seizures_per_month,population,cycle,3,H1_newmark_penry_66_7_any,strict_herzog,True,34,34,1.0,0.029411764705882353,0.0052109062762689395,0.1491557329268593,0.0,,
window_false_positive,ge_2_seizures_per_month,population,cycle,6,H1_newmark_penry_66_7_any,strict_herzog,True,10,10,0.0,0.0,0.0,0.2775327998628892,0.0,,
window_false_positive,ge_2_seizures_per_month,population,full,full_diary,H1_newmark_penry_66_7_any,strict_herzog,True,31,31,0.0,0.0,0.0,0.11025539546043596,0.0,,
window_false_positive,ge_2_seizures_per_month,healthy_ovulatory,calendar,1,H2_duncan1993_any,strict_herzog,True,28,28,6.0,0.21428571428571427,0.10212460332897882,0.39538585653721864,0.0,,
window_false_positive,ge_2_seizures_per_month,healthy_ovulatory,calendar,3,H2_duncan1993_any,strict_herzog,True,30,30,1.0,0.03333333333333333,0.005908590381612455,0.16670390991409173,0.0,,
window_false_positive,ge_2_seizures_per_month,healthy_ovulatory,calendar,4,H2_duncan1993_any,strict_herzog,True,28,28,2.0,0.07142857142857142,0.01981206411530574,0.22645362568399052,0.0,,
window_false_positive,ge_2_seizures_per_month,healthy_ovulatory,calendar,6,H2_duncan1993_any,strict_herzog,True,28,28,0.0,0.0,1.3877787807814457e-17,0.12064330476584563,0.0,,
window_false_positive,ge_2_seizures_per_month,healthy_ovulatory,cycle,3,H2_duncan1993_any,strict_herzog,True,26,26,1.0,0.038461538461538464,0.006821984993543487,0.18892778903034757,0.0,,
window_false_positive,ge_2_seizures_per_month,healthy_ovulatory,cycle,6,H2_duncan1993_any,strict_herzog,True,20,20,0.0,0.0,0.0,0.16112515805281938,0.0,,
window_false_positive,ge_2_seizures_per_month,healthy_ovulatory,full,full_diary,H2_duncan1993_any,strict_herzog,True,28,28,0.0,0.0,1.3877787807814457e-17,0.12064330476584563,0.0,,
window_false_positive,ge_2_seizures_per_month,population,calendar,1,H2_duncan1993_any,strict_herzog,True,30,30,2.0,0.06666666666666667,0.018477023791270378,0.2132345836261692,0.0,,
window_false_positive,ge_2_seizures_per_month,population,calendar,3,H2_duncan1993_any,strict_herzog,True,31,31,0.0,0.0,0.0,0.11025539546043596,0.0,,
window_false_positive,ge_2_seizures_per_month,population,calendar,4,H2_duncan1993_any,strict_herzog,True,31,31,0.0,0.0,0.0,0.11025539546043596,0.0,,
window_false_positive,ge_2_seizures_per_month,population,calendar,6,H2_duncan1993_any,strict_herzog,True,31,31,0.0,0.0,0.0,0.11025539546043596,0.0,,
window_false_positive,ge_2_seizures_per_month,population,cycle,3,H2_duncan1993_any,strict_herzog,True,34,34,2.0,0.058823529411764705,0.016282655210122746,0.19093606904280996,0.0,,
window_false_positive,ge_2_seizures_per_month,population,cycle,6,H2_duncan1993_any,strict_herzog,True,10,10,0.0,0.0,0.0,0.2775327998628892,0.0,,
window_false_positive,ge_2_seizures_per_month,population,full,full_diary,H2_duncan1993_any,strict_herzog,True,31,31,0.0,0.0,0.0,0.11025539546043596,0.0,,
window_false_positive,ge_2_seizures_per_month,healthy_ovulatory,calendar,1,H3_herzog1997_twofold_any,strict_herzog,True,28,28,14.0,0.5,0.32633127457293465,0.6736687254270654,0.0,,
window_false_positive,ge_2_seizures_per_month,healthy_ovulatory,calendar,3,H3_herzog1997_twofold_any,strict_herzog,True,30,30,15.0,0.5,0.33154125640533766,0.6684587435946623,0.0,,
window_false_positive,ge_2_seizures_per_month,healthy_ovulatory,calendar,4,H3_herzog1997_twofold_any,strict_herzog,True,28,28,11.0,0.39285714285714285,0.2356568654157959,0.5759095570340281,0.0,,
window_false_positive,ge_2_seizures_per_month,healthy_ovulatory,calendar,6,H3_herzog1997_twofold_any,strict_herzog,True,28,28,11.0,0.39285714285714285,0.2356568654157959,0.5759095570340281,0.0,,
window_false_positive,ge_2_seizures_per_month,healthy_ovulatory,cycle,3,H3_herzog1997_twofold_any,strict_herzog,True,26,26,9.0,0.34615384615384615,0.19412230322940519,0.5377942881118919,0.0,,
window_false_positive,ge_2_seizures_per_month,healthy_ovulatory,cycle,6,H3_herzog1997_twofold_any,strict_herzog,True,20,20,8.0,0.4,0.21880653237281708,0.6134184992377468,0.0,,
window_false_positive,ge_2_seizures_per_month,healthy_ovulatory,full,full_diary,H3_herzog1997_twofold_any,strict_herzog,True,28,28,11.0,0.39285714285714285,0.2356568654157959,0.5759095570340281,0.0,,
window_false_positive,ge_2_seizures_per_month,population,calendar,1,H3_herzog1997_twofold_any,strict_herzog,True,30,30,19.0,0.6333333333333333,0.4551356365479487,0.7812607919389929,0.0,,
window_false_positive,ge_2_seizures_per_month,population,calendar,3,H3_herzog1997_twofold_any,strict_herzog,True,31,31,18.0,0.5806451612903226,0.4076626249536972,0.7358445693268778,0.0,,
window_false_positive,ge_2_seizures_per_month,population,calendar,4,H3_herzog1997_twofold_any,strict_herzog,True,31,31,16.0,0.5161290322580645,0.348403954480288,0.6802974843758269,0.0,,
window_false_positive,ge_2_seizures_per_month,population,calendar,6,H3_herzog1997_twofold_any,strict_herzog,True,31,31,17.0,0.5483870967741935,0.37772167637354503,0.7083826401947998,0.0,,
window_false_positive,ge_2_seizures_per_month,population,cycle,3,H3_herzog1997_twofold_any,strict_herzog,True,34,34,21.0,0.6176470588235294,0.450410173444307,0.7609981667549109,0.0,,
window_false_positive,ge_2_seizures_per_month,population,cycle,6,H3_herzog1997_twofold_any,strict_herzog,True,10,10,4.0,0.4,0.16818032970623614,0.6873262302663417,0.0,,
window_false_positive,ge_2_seizures_per_month,population,full,full_diary,H3_herzog1997_twofold_any,strict_herzog,True,31,31,17.0,0.5483870967741935,0.37772167637354503,0.7083826401947998,0.0,,
window_false_positive,ge_2_seizures_per_month,healthy_ovulatory,calendar,1,H4_reddy2007_any_phase2x_any,strict_herzog,True,28,28,25.0,0.8928571428571429,0.7280414845132785,0.9628816331707,0.0,,
window_false_positive,ge_2_seizures_per_month,healthy_ovulatory,calendar,3,H4_reddy2007_any_phase2x_any,strict_herzog,True,30,30,18.0,0.6,0.42320360253322475,0.7540937188319815,0.0,,
window_false_positive,ge_2_seizures_per_month,healthy_ovulatory,calendar,4,H4_reddy2007_any_phase2x_any,strict_herzog,True,28,28,20.0,0.7142857142857143,0.5294071156670429,0.847460039433309,0.0,,
window_false_positive,ge_2_seizures_per_month,healthy_ovulatory,calendar,6,H4_reddy2007_any_phase2x_any,strict_herzog,True,28,28,13.0,0.4642857142857143,0.29531569982795375,0.641873107655321,0.0,,
window_false_positive,ge_2_seizures_per_month,healthy_ovulatory,cycle,3,H4_reddy2007_any_phase2x_any,strict_herzog,True,26,26,18.0,0.6923076923076923,0.5001174167780164,0.8349868440453624,0.0,,
window_false_positive,ge_2_seizures_per_month,healthy_ovulatory,cycle,6,H4_reddy2007_any_phase2x_any,strict_herzog,True,20,20,9.0,0.45,0.2581978582556243,0.6579146575496577,0.0,,
window_false_positive,ge_2_seizures_per_month,healthy_ovulatory,full,full_diary,H4_reddy2007_any_phase2x_any,strict_herzog,True,28,28,13.0,0.4642857142857143,0.29531569982795375,0.641873107655321,0.0,,
window_false_positive,ge_2_seizures_per_month,population,calendar,1,H4_reddy2007_any_phase2x_any,strict_herzog,True,30,30,28.0,0.9333333333333333,0.7867654163738308,0.9815229762087295,0.0,,
window_false_positive,ge_2_seizures_per_month,population,calendar,3,H4_reddy2007_any_phase2x_any,strict_herzog,True,31,31,21.0,0.6774193548387096,0.5014100930808565,0.8143057343364082,0.0,,
window_false_positive,ge_2_seizures_per_month,population,calendar,4,H4_reddy2007_any_phase2x_any,strict_herzog,True,31,31,19.0,0.6129032258064516,0.4382410861966073,0.7626689857961975,0.0,,
window_false_positive,ge_2_seizures_per_month,population,calendar,6,H4_reddy2007_any_phase2x_any,strict_herzog,True,31,31,16.0,0.5161290322580645,0.348403954480288,0.6802974843758269,0.0,,
window_false_positive,ge_2_seizures_per_month,population,cycle,3,H4_reddy2007_any_phase2x_any,strict_herzog,True,34,34,25.0,0.7352941176470589,0.5688285871705534,0.8539880932278825,0.0,,
window_false_positive,ge_2_seizures_per_month,population,cycle,6,H4_reddy2007_any_phase2x_any,strict_herzog,True,10,10,3.0,0.3,0.10779126740630099,0.6032218525388546,0.0,,
window_false_positive,ge_2_seizures_per_month,population,full,full_diary,H4_reddy2007_any_phase2x_any,strict_herzog,True,31,31,16.0,0.5161290322580645,0.348403954480288,0.6802974843758269,0.0,,
window_false_positive,strict_23_35_day_cycles_only,healthy_ovulatory,calendar,1,A_exact_any,strict_herzog,False,39,0,0.0,,,,1.0,,
window_false_positive,strict_23_35_day_cycles_only,healthy_ovulatory,calendar,3,A_exact_any,strict_herzog,False,28,0,0.0,,,,1.0,,
window_false_positive,strict_23_35_day_cycles_only,healthy_ovulatory,calendar,4,A_exact_any,strict_herzog,False,25,0,0.0,,,,1.0,,
window_false_positive,strict_23_35_day_cycles_only,healthy_ovulatory,calendar,6,A_exact_any,strict_herzog,False,21,0,0.0,,,,1.0,,
window_false_positive,strict_23_35_day_cycles_only,healthy_ovulatory,cycle,3,A_exact_any,strict_herzog,False,37,19,9.0,0.47368421052631576,0.2732980516117956,0.6829219075488682,0.4864864864864865,,
window_false_positive,strict_23_35_day_cycles_only,healthy_ovulatory,cycle,6,A_exact_any,strict_herzog,False,18,0,0.0,,,,1.0,,
window_false_positive,strict_23_35_day_cycles_only,healthy_ovulatory,full,full_diary,A_exact_any,strict_herzog,False,21,0,0.0,,,,1.0,,
window_false_positive,strict_23_35_day_cycles_only,population,calendar,1,A_exact_any,strict_herzog,False,27,0,0.0,,,,1.0,,
window_false_positive,strict_23_35_day_cycles_only,population,calendar,3,A_exact_any,strict_herzog,False,19,0,0.0,,,,1.0,,
window_false_positive,strict_23_35_day_cycles_only,population,calendar,4,A_exact_any,strict_herzog,False,15,0,0.0,,,,1.0,,
window_false_positive,strict_23_35_day_cycles_only,population,calendar,6,A_exact_any,strict_herzog,False,13,0,0.0,,,,1.0,,
window_false_positive,strict_23_35_day_cycles_only,population,cycle,3,A_exact_any,strict_herzog,False,21,20,10.0,0.5,0.29929800819821234,0.7007019918017876,0.04761904761904767,,
window_false_positive,strict_23_35_day_cycles_only,population,cycle,6,A_exact_any,strict_herzog,False,9,0,0.0,,,,1.0,,
window_false_positive,strict_23_35_day_cycles_only,population,full,full_diary,A_exact_any,strict_herzog,False,13,0,0.0,,,,1.0,,
window_false_positive,strict_23_35_day_cycles_only,healthy_ovulatory,calendar,1,A_windowed_any,strict_herzog,False,39,25,16.0,0.64,0.44518497748164865,0.7975211922554178,0.3589743589743589,,
window_false_positive,strict_23_35_day_cycles_only,healthy_ovulatory,calendar,3,A_windowed_any,strict_herzog,False,28,23,12.0,0.5217391304347826,0.32962737336427406,0.7076284258335335,0.1785714285714286,,
window_false_positive,strict_23_35_day_cycles_only,healthy_ovulatory,calendar,4,A_windowed_any,strict_herzog,False,25,23,11.0,0.4782608695652174,0.29237157416646653,0.6703726266357259,0.07999999999999996,,
window_false_positive,strict_23_35_day_cycles_only,healthy_ovulatory,calendar,6,A_windowed_any,strict_herzog,False,21,19,10.0,0.5263157894736842,0.3170780924511316,0.7267019483882042,0.09523809523809523,,
window_false_positive,strict_23_35_day_cycles_only,healthy_ovulatory,cycle,3,A_windowed_any,strict_herzog,False,37,32,15.0,0.46875,0.30869387108068835,0.6355048288102536,0.1351351351351351,,
window_false_positive,strict_23_35_day_cycles_only,healthy_ovulatory,cycle,6,A_windowed_any,strict_herzog,False,18,17,8.0,0.47058823529411764,0.26165106442409436,0.6903676493999558,0.05555555555555558,,
window_false_positive,strict_23_35_day_cycles_only,healthy_ovulatory,full,full_diary,A_windowed_any,strict_herzog,False,21,19,10.0,0.5263157894736842,0.3170780924511316,0.7267019483882042,0.09523809523809523,,
window_false_positive,strict_23_35_day_cycles_only,population,calendar,1,A_windowed_any,strict_herzog,False,27,22,12.0,0.5454545454545454,0.3465979532073493,0.7307970581918668,0.18518518518518523,,
window_false_positive,strict_23_35_day_cycles_only,population,calendar,3,A_windowed_any,strict_herzog,False,19,19,8.0,0.42105263157894735,0.23141891282454238,0.6372409646574496,0.0,,
window_false_positive,strict_23_35_day_cycles_only,population,calendar,4,A_windowed_any,strict_herzog,False,15,15,9.0,0.6,0.357468301206246,0.8017550385865841,0.0,,
window_false_positive,strict_23_35_day_cycles_only,population,calendar,6,A_windowed_any,strict_herzog,False,13,13,8.0,0.6153846153846154,0.35522891512665694,0.8229029220223743,0.0,,
window_false_positive,strict_23_35_day_cycles_only,population,cycle,3,A_windowed_any,strict_herzog,False,21,20,12.0,0.6,0.38658150076225317,0.7811934676271829,0.04761904761904767,,
window_false_positive,strict_23_35_day_cycles_only,population,cycle,6,A_windowed_any,strict_herzog,False,9,9,5.0,0.5555555555555556,0.26665129349549305,0.8112214789023355,0.0,,
window_false_positive,strict_23_35_day_cycles_only,population,full,full_diary,A_windowed_any,strict_herzog,False,13,13,8.0,0.6153846153846154,0.35522891512665694,0.8229029220223743,0.0,,
window_false_positive,strict_23_35_day_cycles_only,healthy_ovulatory,calendar,1,A_windowed_excluding_C3,strict_herzog,False,39,25,16.0,0.64,0.44518497748164865,0.7975211922554178,0.3589743589743589,,
window_false_positive,strict_23_35_day_cycles_only,healthy_ovulatory,calendar,3,A_windowed_excluding_C3,strict_herzog,False,28,23,12.0,0.5217391304347826,0.32962737336427406,0.7076284258335335,0.1785714285714286,,
window_false_positive,strict_23_35_day_cycles_only,healthy_ovulatory,calendar,4,A_windowed_excluding_C3,strict_herzog,False,25,23,11.0,0.4782608695652174,0.29237157416646653,0.6703726266357259,0.07999999999999996,,
window_false_positive,strict_23_35_day_cycles_only,healthy_ovulatory,calendar,6,A_windowed_excluding_C3,strict_herzog,False,21,19,10.0,0.5263157894736842,0.3170780924511316,0.7267019483882042,0.09523809523809523,,
window_false_positive,strict_23_35_day_cycles_only,healthy_ovulatory,cycle,3,A_windowed_excluding_C3,strict_herzog,False,37,32,15.0,0.46875,0.30869387108068835,0.6355048288102536,0.1351351351351351,,
window_false_positive,strict_23_35_day_cycles_only,healthy_ovulatory,cycle,6,A_windowed_excluding_C3,strict_herzog,False,18,17,8.0,0.47058823529411764,0.26165106442409436,0.6903676493999558,0.05555555555555558,,
window_false_positive,strict_23_35_day_cycles_only,healthy_ovulatory,full,full_diary,A_windowed_excluding_C3,strict_herzog,False,21,19,10.0,0.5263157894736842,0.3170780924511316,0.7267019483882042,0.09523809523809523,,
window_false_positive,strict_23_35_day_cycles_only,population,calendar,1,A_windowed_excluding_C3,strict_herzog,False,27,22,10.0,0.45454545454545453,0.2692029418081331,0.6534020467926505,0.18518518518518523,,
window_false_positive,strict_23_35_day_cycles_only,population,calendar,3,A_windowed_excluding_C3,strict_herzog,False,19,19,8.0,0.42105263157894735,0.23141891282454238,0.6372409646574496,0.0,,
window_false_positive,strict_23_35_day_cycles_only,population,calendar,4,A_windowed_excluding_C3,strict_herzog,False,15,15,9.0,0.6,0.357468301206246,0.8017550385865841,0.0,,
window_false_positive,strict_23_35_day_cycles_only,population,calendar,6,A_windowed_excluding_C3,strict_herzog,False,13,13,8.0,0.6153846153846154,0.35522891512665694,0.8229029220223743,0.0,,
window_false_positive,strict_23_35_day_cycles_only,population,cycle,3,A_windowed_excluding_C3,strict_herzog,False,21,20,11.0,0.55,0.3420853424503424,0.7418021417443758,0.04761904761904767,,
window_false_positive,strict_23_35_day_cycles_only,population,cycle,6,A_windowed_excluding_C3,strict_herzog,False,9,9,5.0,0.5555555555555556,0.26665129349549305,0.8112214789023355,0.0,,
window_false_positive,strict_23_35_day_cycles_only,population,full,full_diary,A_windowed_excluding_C3,strict_herzog,False,13,13,8.0,0.6153846153846154,0.35522891512665694,0.8229029220223743,0.0,,
window_false_positive,strict_23_35_day_cycles_only,healthy_ovulatory,calendar,1,A_windowed_C1_only,strict_herzog,False,39,22,12.0,0.5454545454545454,0.3465979532073493,0.7307970581918668,0.4358974358974359,,
window_false_positive,strict_23_35_day_cycles_only,healthy_ovulatory,calendar,3,A_windowed_C1_only,strict_herzog,False,28,22,8.0,0.36363636363636365,0.19733204670366122,0.5704829190986899,0.2142857142857143,,
window_false_positive,strict_23_35_day_cycles_only,healthy_ovulatory,calendar,4,A_windowed_C1_only,strict_herzog,False,25,20,8.0,0.4,0.21880653237281708,0.6134184992377468,0.19999999999999996,,
window_false_positive,strict_23_35_day_cycles_only,healthy_ovulatory,calendar,6,A_windowed_C1_only,strict_herzog,False,21,17,7.0,0.4117647058823529,0.2161105679021481,0.6399455735700021,0.19047619047619047,,
window_false_positive,strict_23_35_day_cycles_only,healthy_ovulatory,cycle,3,A_windowed_C1_only,strict_herzog,False,37,30,11.0,0.36666666666666664,0.21873920806100708,0.5448643634520511,0.18918918918918914,,
window_false_positive,strict_23_35_day_cycles_only,healthy_ovulatory,cycle,6,A_windowed_C1_only,strict_herzog,False,18,16,6.0,0.375,0.18481232558863633,0.6135895945449727,0.11111111111111116,,
window_false_positive,strict_23_35_day_cycles_only,healthy_ovulatory,full,full_diary,A_windowed_C1_only,strict_herzog,False,21,17,7.0,0.4117647058823529,0.2161105679021481,0.6399455735700021,0.19047619047619047,,
window_false_positive,strict_23_35_day_cycles_only,population,calendar,1,A_windowed_C1_only,strict_herzog,False,27,21,7.0,0.3333333333333333,0.17194752605083477,0.5462654802574476,0.2222222222222222,,
window_false_positive,strict_23_35_day_cycles_only,population,calendar,3,A_windowed_C1_only,strict_herzog,False,19,19,8.0,0.42105263157894735,0.23141891282454238,0.6372409646574496,0.0,,
window_false_positive,strict_23_35_day_cycles_only,population,calendar,4,A_windowed_C1_only,strict_herzog,False,15,15,9.0,0.6,0.357468301206246,0.8017550385865841,0.0,,
window_false_positive,strict_23_35_day_cycles_only,population,calendar,6,A_windowed_C1_only,strict_herzog,False,13,13,6.0,0.46153846153846156,0.23206067809538303,0.7085620428549398,0.0,,
window_false_positive,strict_23_35_day_cycles_only,population,cycle,3,A_windowed_C1_only,strict_herzog,False,21,20,8.0,0.4,0.21880653237281708,0.6134184992377468,0.04761904761904767,,
window_false_positive,strict_23_35_day_cycles_only,population,cycle,6,A_windowed_C1_only,strict_herzog,False,9,9,4.0,0.4444444444444444,0.18877852109766452,0.733348706504507,0.0,,
window_false_positive,strict_23_35_day_cycles_only,population,full,full_diary,A_windowed_C1_only,strict_herzog,False,13,13,6.0,0.46153846153846156,0.23206067809538303,0.7085620428549398,0.0,,
window_false_positive,strict_23_35_day_cycles_only,healthy_ovulatory,calendar,1,A_windowed_C2_only,strict_herzog,False,39,23,7.0,0.30434782608695654,0.15604024453214022,0.508657562687592,0.41025641025641024,,
window_false_positive,strict_23_35_day_cycles_only,healthy_ovulatory,calendar,3,A_windowed_C2_only,strict_herzog,False,28,22,5.0,0.22727272727272727,0.10123039985248516,0.4343995317522171,0.2142857142857143,,
window_false_positive,strict_23_35_day_cycles_only,healthy_ovulatory,calendar,4,A_windowed_C2_only,strict_herzog,False,25,22,4.0,0.18181818181818182,0.07306884583422052,0.38516607437126543,0.12,,
window_false_positive,strict_23_35_day_cycles_only,healthy_ovulatory,calendar,6,A_windowed_C2_only,strict_herzog,False,21,19,6.0,0.3157894736842105,0.1536437908779228,0.5398959232467253,0.09523809523809523,,
window_false_positive,strict_23_35_day_cycles_only,healthy_ovulatory,cycle,3,A_windowed_C2_only,strict_herzog,False,37,30,4.0,0.13333333333333333,0.053096554840547455,0.296813266820363,0.18918918918918914,,
window_false_positive,strict_23_35_day_cycles_only,healthy_ovulatory,cycle,6,A_windowed_C2_only,strict_herzog,False,18,17,4.0,0.23529411764705882,0.09555044322080117,0.4726179811956498,0.05555555555555558,,
window_false_positive,strict_23_35_day_cycles_only,healthy_ovulatory,full,full_diary,A_windowed_C2_only,strict_herzog,False,21,19,6.0,0.3157894736842105,0.1536437908779228,0.5398959232467253,0.09523809523809523,,
window_false_positive,strict_23_35_day_cycles_only,population,calendar,1,A_windowed_C2_only,strict_herzog,False,27,20,4.0,0.2,0.08065766257979806,0.41601743225189364,0.2592592592592593,,
window_false_positive,strict_23_35_day_cycles_only,population,calendar,3,A_windowed_C2_only,strict_herzog,False,19,18,2.0,0.1111111111111111,0.03101952264561239,0.32799765130178804,0.052631578947368474,,
window_false_positive,strict_23_35_day_cycles_only,population,calendar,4,A_windowed_C2_only,strict_herzog,False,15,14,4.0,0.2857142857142857,0.11721378644576919,0.5464908432989318,0.06666666666666665,,
window_false_positive,strict_23_35_day_cycles_only,population,calendar,6,A_windowed_C2_only,strict_herzog,False,13,13,3.0,0.23076923076923078,0.08179528718498569,0.5025637594672749,0.0,,
window_false_positive,strict_23_35_day_cycles_only,population,cycle,3,A_windowed_C2_only,strict_herzog,False,21,20,6.0,0.3,0.1454772448676043,0.5189728183535235,0.04761904761904767,,
window_false_positive,strict_23_35_day_cycles_only,population,cycle,6,A_windowed_C2_only,strict_herzog,False,9,9,1.0,0.1111111111111111,0.019890887638544907,0.434999705576656,0.0,,
window_false_positive,strict_23_35_day_cycles_only,population,full,full_diary,A_windowed_C2_only,strict_herzog,False,13,13,3.0,0.23076923076923078,0.08179528718498569,0.5025637594672749,0.0,,
window_false_positive,strict_23_35_day_cycles_only,healthy_ovulatory,calendar,1,A_windowed_C3_only,strict_herzog,False,39,0,0.0,,,,1.0,,
window_false_positive,strict_23_35_day_cycles_only,healthy_ovulatory,calendar,3,A_windowed_C3_only,strict_herzog,False,28,0,0.0,,,,1.0,,
window_false_positive,strict_23_35_day_cycles_only,healthy_ovulatory,calendar,4,A_windowed_C3_only,strict_herzog,False,25,0,0.0,,,,1.0,,
window_false_positive,strict_23_35_day_cycles_only,healthy_ovulatory,calendar,6,A_windowed_C3_only,strict_herzog,False,21,0,0.0,,,,1.0,,
window_false_positive,strict_23_35_day_cycles_only,healthy_ovulatory,cycle,3,A_windowed_C3_only,strict_herzog,False,37,0,0.0,,,,1.0,,
window_false_positive,strict_23_35_day_cycles_only,healthy_ovulatory,cycle,6,A_windowed_C3_only,strict_herzog,False,18,0,0.0,,,,1.0,,
window_false_positive,strict_23_35_day_cycles_only,healthy_ovulatory,full,full_diary,A_windowed_C3_only,strict_herzog,False,21,0,0.0,,,,1.0,,
window_false_positive,strict_23_35_day_cycles_only,population,calendar,1,A_windowed_C3_only,strict_herzog,False,27,3,2.0,0.6666666666666666,0.2076596008020477,0.9385080552796037,0.8888888888888888,,
window_false_positive,strict_23_35_day_cycles_only,population,calendar,3,A_windowed_C3_only,strict_herzog,False,19,5,0.0,0.0,0.0,0.43448246478317476,0.736842105263158,,
window_false_positive,strict_23_35_day_cycles_only,population,calendar,4,A_windowed_C3_only,strict_herzog,False,15,2,0.0,0.0,0.0,0.6576197724933469,0.8666666666666667,,
window_false_positive,strict_23_35_day_cycles_only,population,calendar,6,A_windowed_C3_only,strict_herzog,False,13,3,1.0,0.3333333333333333,0.06149194472039621,0.7923403991979522,0.7692307692307692,,
window_false_positive,strict_23_35_day_cycles_only,population,cycle,3,A_windowed_C3_only,strict_herzog,False,21,3,1.0,0.3333333333333333,0.06149194472039621,0.7923403991979522,0.8571428571428572,,
window_false_positive,strict_23_35_day_cycles_only,population,cycle,6,A_windowed_C3_only,strict_herzog,False,9,2,0.0,0.0,0.0,0.6576197724933469,0.7777777777777778,,
window_false_positive,strict_23_35_day_cycles_only,population,full,full_diary,A_windowed_C3_only,strict_herzog,False,13,3,1.0,0.3333333333333333,0.06149194472039621,0.7923403991979522,0.7692307692307692,,
window_false_positive,strict_23_35_day_cycles_only,healthy_ovulatory,calendar,1,B_minimum_data_any,strict_herzog,False,39,0,0.0,,,,1.0,,
window_false_positive,strict_23_35_day_cycles_only,healthy_ovulatory,calendar,3,B_minimum_data_any,strict_herzog,False,28,0,0.0,,,,1.0,,
window_false_positive,strict_23_35_day_cycles_only,healthy_ovulatory,calendar,4,B_minimum_data_any,strict_herzog,False,25,16,7.0,0.4375,0.23098652405492354,0.6682144360118811,0.36,,
window_false_positive,strict_23_35_day_cycles_only,healthy_ovulatory,calendar,6,B_minimum_data_any,strict_herzog,False,21,13,6.0,0.46153846153846156,0.23206067809538303,0.7085620428549398,0.38095238095238093,,
window_false_positive,strict_23_35_day_cycles_only,healthy_ovulatory,cycle,3,B_minimum_data_any,strict_herzog,False,37,0,0.0,,,,1.0,,
window_false_positive,strict_23_35_day_cycles_only,healthy_ovulatory,cycle,6,B_minimum_data_any,strict_herzog,False,18,13,6.0,0.46153846153846156,0.23206067809538303,0.7085620428549398,0.2777777777777778,,
window_false_positive,strict_23_35_day_cycles_only,healthy_ovulatory,full,full_diary,B_minimum_data_any,strict_herzog,False,21,13,6.0,0.46153846153846156,0.23206067809538303,0.7085620428549398,0.38095238095238093,,
window_false_positive,strict_23_35_day_cycles_only,population,calendar,1,B_minimum_data_any,strict_herzog,False,27,0,0.0,,,,1.0,,
window_false_positive,strict_23_35_day_cycles_only,population,calendar,3,B_minimum_data_any,strict_herzog,False,19,0,0.0,,,,1.0,,
window_false_positive,strict_23_35_day_cycles_only,population,calendar,4,B_minimum_data_any,strict_herzog,False,15,13,7.0,0.5384615384615384,0.29143795714506004,0.7679393219046169,0.1333333333333333,,
window_false_positive,strict_23_35_day_cycles_only,population,calendar,6,B_minimum_data_any,strict_herzog,False,13,13,8.0,0.6153846153846154,0.35522891512665694,0.8229029220223743,0.0,,
window_false_positive,strict_23_35_day_cycles_only,population,cycle,3,B_minimum_data_any,strict_herzog,False,21,0,0.0,,,,1.0,,
window_false_positive,strict_23_35_day_cycles_only,population,cycle,6,B_minimum_data_any,strict_herzog,False,9,9,5.0,0.5555555555555556,0.26665129349549305,0.8112214789023355,0.0,,
window_false_positive,strict_23_35_day_cycles_only,population,full,full_diary,B_minimum_data_any,strict_herzog,False,13,13,8.0,0.6153846153846154,0.35522891512665694,0.8229029220223743,0.0,,
window_false_positive,strict_23_35_day_cycles_only,healthy_ovulatory,calendar,1,B_minimum_data_excluding_C3,strict_herzog,False,39,0,0.0,,,,1.0,,
window_false_positive,strict_23_35_day_cycles_only,healthy_ovulatory,calendar,3,B_minimum_data_excluding_C3,strict_herzog,False,28,0,0.0,,,,1.0,,
window_false_positive,strict_23_35_day_cycles_only,healthy_ovulatory,calendar,4,B_minimum_data_excluding_C3,strict_herzog,False,25,16,7.0,0.4375,0.23098652405492354,0.6682144360118811,0.36,,
window_false_positive,strict_23_35_day_cycles_only,healthy_ovulatory,calendar,6,B_minimum_data_excluding_C3,strict_herzog,False,21,13,6.0,0.46153846153846156,0.23206067809538303,0.7085620428549398,0.38095238095238093,,
window_false_positive,strict_23_35_day_cycles_only,healthy_ovulatory,cycle,3,B_minimum_data_excluding_C3,strict_herzog,False,37,0,0.0,,,,1.0,,
window_false_positive,strict_23_35_day_cycles_only,healthy_ovulatory,cycle,6,B_minimum_data_excluding_C3,strict_herzog,False,18,13,6.0,0.46153846153846156,0.23206067809538303,0.7085620428549398,0.2777777777777778,,
window_false_positive,strict_23_35_day_cycles_only,healthy_ovulatory,full,full_diary,B_minimum_data_excluding_C3,strict_herzog,False,21,13,6.0,0.46153846153846156,0.23206067809538303,0.7085620428549398,0.38095238095238093,,
window_false_positive,strict_23_35_day_cycles_only,population,calendar,1,B_minimum_data_excluding_C3,strict_herzog,False,27,0,0.0,,,,1.0,,
window_false_positive,strict_23_35_day_cycles_only,population,calendar,3,B_minimum_data_excluding_C3,strict_herzog,False,19,0,0.0,,,,1.0,,
window_false_positive,strict_23_35_day_cycles_only,population,calendar,4,B_minimum_data_excluding_C3,strict_herzog,False,15,13,7.0,0.5384615384615384,0.29143795714506004,0.7679393219046169,0.1333333333333333,,
window_false_positive,strict_23_35_day_cycles_only,population,calendar,6,B_minimum_data_excluding_C3,strict_herzog,False,13,13,8.0,0.6153846153846154,0.35522891512665694,0.8229029220223743,0.0,,
window_false_positive,strict_23_35_day_cycles_only,population,cycle,3,B_minimum_data_excluding_C3,strict_herzog,False,21,0,0.0,,,,1.0,,
window_false_positive,strict_23_35_day_cycles_only,population,cycle,6,B_minimum_data_excluding_C3,strict_herzog,False,9,9,5.0,0.5555555555555556,0.26665129349549305,0.8112214789023355,0.0,,
window_false_positive,strict_23_35_day_cycles_only,population,full,full_diary,B_minimum_data_excluding_C3,strict_herzog,False,13,13,8.0,0.6153846153846154,0.35522891512665694,0.8229029220223743,0.0,,
window_false_positive,strict_23_35_day_cycles_only,healthy_ovulatory,calendar,1,C_reproducibility_any,strict_herzog,False,39,0,0.0,,,,1.0,,
window_false_positive,strict_23_35_day_cycles_only,healthy_ovulatory,calendar,3,C_reproducibility_any,strict_herzog,False,28,0,0.0,,,,1.0,,
window_false_positive,strict_23_35_day_cycles_only,healthy_ovulatory,calendar,4,C_reproducibility_any,strict_herzog,False,25,0,0.0,,,,1.0,,
window_false_positive,strict_23_35_day_cycles_only,healthy_ovulatory,calendar,6,C_reproducibility_any,strict_herzog,False,21,9,3.0,0.3333333333333333,0.1205838183869109,0.6457978644196036,0.5714285714285714,,
window_false_positive,strict_23_35_day_cycles_only,healthy_ovulatory,cycle,3,C_reproducibility_any,strict_herzog,False,37,0,0.0,,,,1.0,,
window_false_positive,strict_23_35_day_cycles_only,healthy_ovulatory,cycle,6,C_reproducibility_any,strict_herzog,False,18,9,3.0,0.3333333333333333,0.1205838183869109,0.6457978644196036,0.5,,
window_false_positive,strict_23_35_day_cycles_only,healthy_ovulatory,full,full_diary,C_reproducibility_any,strict_herzog,False,21,9,3.0,0.3333333333333333,0.1205838183869109,0.6457978644196036,0.5714285714285714,,
window_false_positive,strict_23_35_day_cycles_only,population,calendar,1,C_reproducibility_any,strict_herzog,False,27,0,0.0,,,,1.0,,
window_false_positive,strict_23_35_day_cycles_only,population,calendar,3,C_reproducibility_any,strict_herzog,False,19,0,0.0,,,,1.0,,
window_false_positive,strict_23_35_day_cycles_only,population,calendar,4,C_reproducibility_any,strict_herzog,False,15,0,0.0,,,,1.0,,
window_false_positive,strict_23_35_day_cycles_only,population,calendar,6,C_reproducibility_any,strict_herzog,False,13,5,0.0,0.0,0.0,0.43448246478317476,0.6153846153846154,,
window_false_positive,strict_23_35_day_cycles_only,population,cycle,3,C_reproducibility_any,strict_herzog,False,21,0,0.0,,,,1.0,,
window_false_positive,strict_23_35_day_cycles_only,population,cycle,6,C_reproducibility_any,strict_herzog,False,9,7,0.0,0.0,5.551115123125783e-17,0.35433043506668743,0.2222222222222222,,
window_false_positive,strict_23_35_day_cycles_only,population,full,full_diary,C_reproducibility_any,strict_herzog,False,13,5,0.0,0.0,0.0,0.43448246478317476,0.6153846153846154,,
window_false_positive,strict_23_35_day_cycles_only,healthy_ovulatory,calendar,1,C_reproducibility_12cycle_any,strict_herzog,False,39,0,0.0,,,,1.0,,
window_false_positive,strict_23_35_day_cycles_only,healthy_ovulatory,calendar,3,C_reproducibility_12cycle_any,strict_herzog,False,28,0,0.0,,,,1.0,,
window_false_positive,strict_23_35_day_cycles_only,healthy_ovulatory,calendar,4,C_reproducibility_12cycle_any,strict_herzog,False,25,0,0.0,,,,1.0,,
window_false_positive,strict_23_35_day_cycles_only,healthy_ovulatory,calendar,6,C_reproducibility_12cycle_any,strict_herzog,False,21,0,0.0,,,,1.0,,
window_false_positive,strict_23_35_day_cycles_only,healthy_ovulatory,cycle,3,C_reproducibility_12cycle_any,strict_herzog,False,37,0,0.0,,,,1.0,,
window_false_positive,strict_23_35_day_cycles_only,healthy_ovulatory,cycle,6,C_reproducibility_12cycle_any,strict_herzog,False,18,0,0.0,,,,1.0,,
window_false_positive,strict_23_35_day_cycles_only,healthy_ovulatory,full,full_diary,C_reproducibility_12cycle_any,strict_herzog,False,21,0,0.0,,,,1.0,,
window_false_positive,strict_23_35_day_cycles_only,population,calendar,1,C_reproducibility_12cycle_any,strict_herzog,False,27,0,0.0,,,,1.0,,
window_false_positive,strict_23_35_day_cycles_only,population,calendar,3,C_reproducibility_12cycle_any,strict_herzog,False,19,0,0.0,,,,1.0,,
window_false_positive,strict_23_35_day_cycles_only,population,calendar,4,C_reproducibility_12cycle_any,strict_herzog,False,15,0,0.0,,,,1.0,,
window_false_positive,strict_23_35_day_cycles_only,population,calendar,6,C_reproducibility_12cycle_any,strict_herzog,False,13,0,0.0,,,,1.0,,
window_false_positive,strict_23_35_day_cycles_only,population,cycle,3,C_reproducibility_12cycle_any,strict_herzog,False,21,0,0.0,,,,1.0,,
window_false_positive,strict_23_35_day_cycles_only,population,cycle,6,C_reproducibility_12cycle_any,strict_herzog,False,9,0,0.0,,,,1.0,,
window_false_positive,strict_23_35_day_cycles_only,population,full,full_diary,C_reproducibility_12cycle_any,strict_herzog,False,13,0,0.0,,,,1.0,,
window_false_positive,strict_23_35_day_cycles_only,healthy_ovulatory,calendar,1,D_nb_regression_any,strict_herzog,False,39,0,0.0,,,,1.0,,
window_false_positive,strict_23_35_day_cycles_only,healthy_ovulatory,calendar,3,D_nb_regression_any,strict_herzog,False,28,0,0.0,,,,1.0,,
window_false_positive,strict_23_35_day_cycles_only,healthy_ovulatory,calendar,4,D_nb_regression_any,strict_herzog,False,25,16,2.0,0.125,0.03497748774324047,0.36022827265758695,0.36,,
window_false_positive,strict_23_35_day_cycles_only,healthy_ovulatory,calendar,6,D_nb_regression_any,strict_herzog,False,21,13,2.0,0.15384615384615385,0.043258178358081184,0.4223463101948254,0.38095238095238093,,
window_false_positive,strict_23_35_day_cycles_only,healthy_ovulatory,cycle,3,D_nb_regression_any,strict_herzog,False,37,0,0.0,,,,1.0,,
window_false_positive,strict_23_35_day_cycles_only,healthy_ovulatory,cycle,6,D_nb_regression_any,strict_herzog,False,18,13,2.0,0.15384615384615385,0.043258178358081184,0.4223463101948254,0.2777777777777778,,
window_false_positive,strict_23_35_day_cycles_only,healthy_ovulatory,full,full_diary,D_nb_regression_any,strict_herzog,False,21,13,2.0,0.15384615384615385,0.043258178358081184,0.4223463101948254,0.38095238095238093,,
window_false_positive,strict_23_35_day_cycles_only,population,calendar,1,D_nb_regression_any,strict_herzog,False,27,0,0.0,,,,1.0,,
window_false_positive,strict_23_35_day_cycles_only,population,calendar,3,D_nb_regression_any,strict_herzog,False,19,0,0.0,,,,1.0,,
window_false_positive,strict_23_35_day_cycles_only,population,calendar,4,D_nb_regression_any,strict_herzog,False,15,13,2.0,0.15384615384615385,0.043258178358081184,0.4223463101948254,0.1333333333333333,,
window_false_positive,strict_23_35_day_cycles_only,population,calendar,6,D_nb_regression_any,strict_herzog,False,13,13,1.0,0.07692307692307693,0.013710421242556586,0.3331395092109959,0.0,,
window_false_positive,strict_23_35_day_cycles_only,population,cycle,3,D_nb_regression_any,strict_herzog,False,21,0,0.0,,,,1.0,,
window_false_positive,strict_23_35_day_cycles_only,population,cycle,6,D_nb_regression_any,strict_herzog,False,9,9,0.0,0.0,0.0,0.2991450484195441,0.0,,
window_false_positive,strict_23_35_day_cycles_only,population,full,full_diary,D_nb_regression_any,strict_herzog,False,13,13,1.0,0.07692307692307693,0.013710421242556586,0.3331395092109959,0.0,,
window_false_positive,strict_23_35_day_cycles_only,healthy_ovulatory,calendar,1,D_nb_regression_window_alpha_any,strict_herzog,False,39,0,0.0,,,,1.0,,
window_false_positive,strict_23_35_day_cycles_only,healthy_ovulatory,calendar,3,D_nb_regression_window_alpha_any,strict_herzog,False,28,0,0.0,,,,1.0,,
window_false_positive,strict_23_35_day_cycles_only,healthy_ovulatory,calendar,4,D_nb_regression_window_alpha_any,strict_herzog,False,25,16,2.0,0.125,0.03497748774324047,0.36022827265758695,0.36,,
window_false_positive,strict_23_35_day_cycles_only,healthy_ovulatory,calendar,6,D_nb_regression_window_alpha_any,strict_herzog,False,21,13,2.0,0.15384615384615385,0.043258178358081184,0.4223463101948254,0.38095238095238093,,
window_false_positive,strict_23_35_day_cycles_only,healthy_ovulatory,cycle,3,D_nb_regression_window_alpha_any,strict_herzog,False,37,0,0.0,,,,1.0,,
window_false_positive,strict_23_35_day_cycles_only,healthy_ovulatory,cycle,6,D_nb_regression_window_alpha_any,strict_herzog,False,18,13,2.0,0.15384615384615385,0.043258178358081184,0.4223463101948254,0.2777777777777778,,
window_false_positive,strict_23_35_day_cycles_only,healthy_ovulatory,full,full_diary,D_nb_regression_window_alpha_any,strict_herzog,False,21,13,2.0,0.15384615384615385,0.043258178358081184,0.4223463101948254,0.38095238095238093,,
window_false_positive,strict_23_35_day_cycles_only,population,calendar,1,D_nb_regression_window_alpha_any,strict_herzog,False,27,0,0.0,,,,1.0,,
window_false_positive,strict_23_35_day_cycles_only,population,calendar,3,D_nb_regression_window_alpha_any,strict_herzog,False,19,0,0.0,,,,1.0,,
window_false_positive,strict_23_35_day_cycles_only,population,calendar,4,D_nb_regression_window_alpha_any,strict_herzog,False,15,13,2.0,0.15384615384615385,0.043258178358081184,0.4223463101948254,0.1333333333333333,,
window_false_positive,strict_23_35_day_cycles_only,population,calendar,6,D_nb_regression_window_alpha_any,strict_herzog,False,13,13,1.0,0.07692307692307693,0.013710421242556586,0.3331395092109959,0.0,,
window_false_positive,strict_23_35_day_cycles_only,population,cycle,3,D_nb_regression_window_alpha_any,strict_herzog,False,21,0,0.0,,,,1.0,,
window_false_positive,strict_23_35_day_cycles_only,population,cycle,6,D_nb_regression_window_alpha_any,strict_herzog,False,9,9,0.0,0.0,0.0,0.2991450484195441,0.0,,
window_false_positive,strict_23_35_day_cycles_only,population,full,full_diary,D_nb_regression_window_alpha_any,strict_herzog,False,13,13,1.0,0.07692307692307693,0.013710421242556586,0.3331395092109959,0.0,,
window_false_positive,strict_23_35_day_cycles_only,healthy_ovulatory,calendar,1,H1_newmark_penry_any,strict_herzog,True,39,25,6.0,0.24,0.11496313693401444,0.4342968335542908,0.3589743589743589,,
window_false_positive,strict_23_35_day_cycles_only,healthy_ovulatory,calendar,3,H1_newmark_penry_any,strict_herzog,True,28,23,5.0,0.21739130434782608,0.09663978026586204,0.4190348301626401,0.1785714285714286,,
window_false_positive,strict_23_35_day_cycles_only,healthy_ovulatory,calendar,4,H1_newmark_penry_any,strict_herzog,True,25,23,3.0,0.13043478260869565,0.04537659093631238,0.32127482270095964,0.07999999999999996,,
window_false_positive,strict_23_35_day_cycles_only,healthy_ovulatory,calendar,6,H1_newmark_penry_any,strict_herzog,True,21,19,3.0,0.15789473684210525,0.05520471638534141,0.37565475270329074,0.09523809523809523,,
window_false_positive,strict_23_35_day_cycles_only,healthy_ovulatory,cycle,3,H1_newmark_penry_any,strict_herzog,True,37,32,6.0,0.1875,0.08889544689565954,0.3530915520137596,0.1351351351351351,,
window_false_positive,strict_23_35_day_cycles_only,healthy_ovulatory,cycle,6,H1_newmark_penry_any,strict_herzog,True,18,17,3.0,0.17647058823529413,0.06191126637620997,0.41029458568834126,0.05555555555555558,,
window_false_positive,strict_23_35_day_cycles_only,healthy_ovulatory,full,full_diary,H1_newmark_penry_any,strict_herzog,True,21,19,3.0,0.15789473684210525,0.05520471638534141,0.37565475270329074,0.09523809523809523,,
window_false_positive,strict_23_35_day_cycles_only,population,calendar,1,H1_newmark_penry_any,strict_herzog,True,27,22,4.0,0.18181818181818182,0.07306884583422052,0.38516607437126543,0.18518518518518523,,
window_false_positive,strict_23_35_day_cycles_only,population,calendar,3,H1_newmark_penry_any,strict_herzog,True,19,19,2.0,0.10526315789473684,0.02935856029887013,0.31394082711109006,0.0,,
window_false_positive,strict_23_35_day_cycles_only,population,calendar,4,H1_newmark_penry_any,strict_herzog,True,15,15,4.0,0.26666666666666666,0.10897453325692374,0.5195043405598057,0.0,,
window_false_positive,strict_23_35_day_cycles_only,population,calendar,6,H1_newmark_penry_any,strict_herzog,True,13,13,1.0,0.07692307692307693,0.013710421242556586,0.3331395092109959,0.0,,
window_false_positive,strict_23_35_day_cycles_only,population,cycle,3,H1_newmark_penry_any,strict_herzog,True,21,20,2.0,0.1,0.027866481213768224,0.3010336452284873,0.04761904761904767,,
window_false_positive,strict_23_35_day_cycles_only,population,cycle,6,H1_newmark_penry_any,strict_herzog,True,9,9,2.0,0.2222222222222222,0.06322510711784671,0.5474110308930111,0.0,,
window_false_positive,strict_23_35_day_cycles_only,population,full,full_diary,H1_newmark_penry_any,strict_herzog,True,13,13,1.0,0.07692307692307693,0.013710421242556586,0.3331395092109959,0.0,,
window_false_positive,strict_23_35_day_cycles_only,healthy_ovulatory,calendar,1,H1_newmark_penry_66_7_any,strict_herzog,True,39,25,5.0,0.2,0.08860584686802572,0.3913095036954033,0.3589743589743589,,
window_false_positive,strict_23_35_day_cycles_only,healthy_ovulatory,calendar,3,H1_newmark_penry_66_7_any,strict_herzog,True,28,23,3.0,0.13043478260869565,0.04537659093631238,0.32127482270095964,0.1785714285714286,,
window_false_positive,strict_23_35_day_cycles_only,healthy_ovulatory,calendar,4,H1_newmark_penry_66_7_any,strict_herzog,True,25,23,2.0,0.08695652173913043,0.024180004484220363,0.26795981075743663,0.07999999999999996,,
window_false_positive,strict_23_35_day_cycles_only,healthy_ovulatory,calendar,6,H1_newmark_penry_66_7_any,strict_herzog,True,21,19,0.0,0.0,0.0,0.16817922405261626,0.09523809523809523,,
window_false_positive,strict_23_35_day_cycles_only,healthy_ovulatory,cycle,3,H1_newmark_penry_66_7_any,strict_herzog,True,37,32,3.0,0.09375,0.032401551298366194,0.24218154728387864,0.1351351351351351,,
window_false_positive,strict_23_35_day_cycles_only,healthy_ovulatory,cycle,6,H1_newmark_penry_66_7_any,strict_herzog,True,18,17,0.0,0.0,0.0,0.1843181350088518,0.05555555555555558,,
window_false_positive,strict_23_35_day_cycles_only,healthy_ovulatory,full,full_diary,H1_newmark_penry_66_7_any,strict_herzog,True,21,19,0.0,0.0,0.0,0.16817922405261626,0.09523809523809523,,
window_false_positive,strict_23_35_day_cycles_only,population,calendar,1,H1_newmark_penry_66_7_any,strict_herzog,True,27,22,3.0,0.13636363636363635,0.04749003714055253,0.33334987166571717,0.18518518518518523,,
window_false_positive,strict_23_35_day_cycles_only,population,calendar,3,H1_newmark_penry_66_7_any,strict_herzog,True,19,19,1.0,0.05263157894736842,0.009351994062300362,0.24638731166898786,0.0,,
window_false_positive,strict_23_35_day_cycles_only,population,calendar,4,H1_newmark_penry_66_7_any,strict_herzog,True,15,15,1.0,0.06666666666666667,0.011866895493268553,0.2981652987378003,0.0,,
window_false_positive,strict_23_35_day_cycles_only,population,calendar,6,H1_newmark_penry_66_7_any,strict_herzog,True,13,13,1.0,0.07692307692307693,0.013710421242556586,0.3331395092109959,0.0,,
window_false_positive,strict_23_35_day_cycles_only,population,cycle,3,H1_newmark_penry_66_7_any,strict_herzog,True,21,20,0.0,0.0,0.0,0.16112515805281938,0.04761904761904767,,
window_false_positive,strict_23_35_day_cycles_only,population,cycle,6,H1_newmark_penry_66_7_any,strict_herzog,True,9,9,1.0,0.1111111111111111,0.019890887638544907,0.434999705576656,0.0,,
window_false_positive,strict_23_35_day_cycles_only,population,full,full_diary,H1_newmark_penry_66_7_any,strict_herzog,True,13,13,1.0,0.07692307692307693,0.013710421242556586,0.3331395092109959,0.0,,
window_false_positive,strict_23_35_day_cycles_only,healthy_ovulatory,calendar,1,H2_duncan1993_any,strict_herzog,True,39,25,9.0,0.36,0.20247880774458224,0.5548150225183514,0.3589743589743589,,
window_false_positive,strict_23_35_day_cycles_only,healthy_ovulatory,calendar,3,H2_duncan1993_any,strict_herzog,True,28,23,2.0,0.08695652173913043,0.024180004484220363,0.26795981075743663,0.1785714285714286,,
window_false_positive,strict_23_35_day_cycles_only,healthy_ovulatory,calendar,4,H2_duncan1993_any,strict_herzog,True,25,23,3.0,0.13043478260869565,0.04537659093631238,0.32127482270095964,0.07999999999999996,,
window_false_positive,strict_23_35_day_cycles_only,healthy_ovulatory,calendar,6,H2_duncan1993_any,strict_herzog,True,21,19,1.0,0.05263157894736842,0.009351994062300362,0.24638731166898786,0.09523809523809523,,
window_false_positive,strict_23_35_day_cycles_only,healthy_ovulatory,cycle,3,H2_duncan1993_any,strict_herzog,True,37,32,5.0,0.15625,0.0686442028250571,0.3175414959753039,0.1351351351351351,,
window_false_positive,strict_23_35_day_cycles_only,healthy_ovulatory,cycle,6,H2_duncan1993_any,strict_herzog,True,18,17,1.0,0.058823529411764705,0.010460400984997564,0.26982030637575405,0.05555555555555558,,
window_false_positive,strict_23_35_day_cycles_only,healthy_ovulatory,full,full_diary,H2_duncan1993_any,strict_herzog,True,21,19,1.0,0.05263157894736842,0.009351994062300362,0.24638731166898786,0.09523809523809523,,
window_false_positive,strict_23_35_day_cycles_only,population,calendar,1,H2_duncan1993_any,strict_herzog,True,27,22,3.0,0.13636363636363635,0.04749003714055253,0.33334987166571717,0.18518518518518523,,
window_false_positive,strict_23_35_day_cycles_only,population,calendar,3,H2_duncan1993_any,strict_herzog,True,19,19,2.0,0.10526315789473684,0.02935856029887013,0.31394082711109006,0.0,,
window_false_positive,strict_23_35_day_cycles_only,population,calendar,4,H2_duncan1993_any,strict_herzog,True,15,15,2.0,0.13333333333333333,0.03736125910306537,0.37881982832322364,0.0,,
window_false_positive,strict_23_35_day_cycles_only,population,calendar,6,H2_duncan1993_any,strict_herzog,True,13,13,1.0,0.07692307692307693,0.013710421242556586,0.3331395092109959,0.0,,
window_false_positive,strict_23_35_day_cycles_only,population,cycle,3,H2_duncan1993_any,strict_herzog,True,21,20,0.0,0.0,0.0,0.16112515805281938,0.04761904761904767,,
window_false_positive,strict_23_35_day_cycles_only,population,cycle,6,H2_duncan1993_any,strict_herzog,True,9,9,1.0,0.1111111111111111,0.019890887638544907,0.434999705576656,0.0,,
window_false_positive,strict_23_35_day_cycles_only,population,full,full_diary,H2_duncan1993_any,strict_herzog,True,13,13,1.0,0.07692307692307693,0.013710421242556586,0.3331395092109959,0.0,,
window_false_positive,strict_23_35_day_cycles_only,healthy_ovulatory,calendar,1,H3_herzog1997_twofold_any,strict_herzog,True,39,25,15.0,0.6,0.40739457358966996,0.7659669762225203,0.3589743589743589,,
window_false_positive,strict_23_35_day_cycles_only,healthy_ovulatory,calendar,3,H3_herzog1997_twofold_any,strict_herzog,True,28,23,12.0,0.5217391304347826,0.32962737336427406,0.7076284258335335,0.1785714285714286,,
window_false_positive,strict_23_35_day_cycles_only,healthy_ovulatory,calendar,4,H3_herzog1997_twofold_any,strict_herzog,True,25,23,10.0,0.43478260869565216,0.25634635325674215,0.6318862491498354,0.07999999999999996,,
window_false_positive,strict_23_35_day_cycles_only,healthy_ovulatory,calendar,6,H3_herzog1997_twofold_any,strict_herzog,True,21,19,10.0,0.5263157894736842,0.3170780924511316,0.7267019483882042,0.09523809523809523,,
window_false_positive,strict_23_35_day_cycles_only,healthy_ovulatory,cycle,3,H3_herzog1997_twofold_any,strict_herzog,True,37,32,13.0,0.40625,0.2551963484266544,0.5773997512461713,0.1351351351351351,,
window_false_positive,strict_23_35_day_cycles_only,healthy_ovulatory,cycle,6,H3_herzog1997_twofold_any,strict_herzog,True,18,17,8.0,0.47058823529411764,0.26165106442409436,0.6903676493999558,0.05555555555555558,,
window_false_positive,strict_23_35_day_cycles_only,healthy_ovulatory,full,full_diary,H3_herzog1997_twofold_any,strict_herzog,True,21,19,10.0,0.5263157894736842,0.3170780924511316,0.7267019483882042,0.09523809523809523,,
window_false_positive,strict_23_35_day_cycles_only,population,calendar,1,H3_herzog1997_twofold_any,strict_herzog,True,27,22,12.0,0.5454545454545454,0.3465979532073493,0.7307970581918668,0.18518518518518523,,
window_false_positive,strict_23_35_day_cycles_only,population,calendar,3,H3_herzog1997_twofold_any,strict_herzog,True,19,19,7.0,0.3684210526315789,0.19149512745135075,0.5896046683519692,0.0,,
window_false_positive,strict_23_35_day_cycles_only,population,calendar,4,H3_herzog1997_twofold_any,strict_herzog,True,15,15,9.0,0.6,0.357468301206246,0.8017550385865841,0.0,,
window_false_positive,strict_23_35_day_cycles_only,population,calendar,6,H3_herzog1997_twofold_any,strict_herzog,True,13,13,7.0,0.5384615384615384,0.29143795714506004,0.7679393219046169,0.0,,
window_false_positive,strict_23_35_day_cycles_only,population,cycle,3,H3_herzog1997_twofold_any,strict_herzog,True,21,20,10.0,0.5,0.29929800819821234,0.7007019918017876,0.04761904761904767,,
window_false_positive,strict_23_35_day_cycles_only,population,cycle,6,H3_herzog1997_twofold_any,strict_herzog,True,9,9,5.0,0.5555555555555556,0.26665129349549305,0.8112214789023355,0.0,,
window_false_positive,strict_23_35_day_cycles_only,population,full,full_diary,H3_herzog1997_twofold_any,strict_herzog,True,13,13,7.0,0.5384615384615384,0.29143795714506004,0.7679393219046169,0.0,,
window_false_positive,strict_23_35_day_cycles_only,healthy_ovulatory,calendar,1,H4_reddy2007_any_phase2x_any,strict_herzog,True,39,25,24.0,0.96,0.8045593626380625,0.9929037664980127,0.3589743589743589,,
window_false_positive,strict_23_35_day_cycles_only,healthy_ovulatory,calendar,3,H4_reddy2007_any_phase2x_any,strict_herzog,True,28,23,18.0,0.782608695652174,0.5809651698373599,0.9033602197341379,0.1785714285714286,,
window_false_positive,strict_23_35_day_cycles_only,healthy_ovulatory,calendar,4,H4_reddy2007_any_phase2x_any,strict_herzog,True,25,23,16.0,0.6956521739130435,0.49134243731240795,0.8439597554678597,0.07999999999999996,,
window_false_positive,strict_23_35_day_cycles_only,healthy_ovulatory,calendar,6,H4_reddy2007_any_phase2x_any,strict_herzog,True,21,19,13.0,0.6842105263157895,0.46010407675327475,0.8463562091220773,0.09523809523809523,,
window_false_positive,strict_23_35_day_cycles_only,healthy_ovulatory,cycle,3,H4_reddy2007_any_phase2x_any,strict_herzog,True,37,32,24.0,0.75,0.5789344100575552,0.8674759908149096,0.1351351351351351,,
window_false_positive,strict_23_35_day_cycles_only,healthy_ovulatory,cycle,6,H4_reddy2007_any_phase2x_any,strict_herzog,True,18,17,9.0,0.5294117647058824,0.30963235060004424,0.7383489355759056,0.05555555555555558,,
window_false_positive,strict_23_35_day_cycles_only,healthy_ovulatory,full,full_diary,H4_reddy2007_any_phase2x_any,strict_herzog,True,21,19,13.0,0.6842105263157895,0.46010407675327475,0.8463562091220773,0.09523809523809523,,
window_false_positive,strict_23_35_day_cycles_only,population,calendar,1,H4_reddy2007_any_phase2x_any,strict_herzog,True,27,22,20.0,0.9090909090909091,0.7218505315839417,0.9747045710090046,0.18518518518518523,,
window_false_positive,strict_23_35_day_cycles_only,population,calendar,3,H4_reddy2007_any_phase2x_any,strict_herzog,True,19,19,12.0,0.631578947368421,0.41039533164803066,0.8085048725486492,0.0,,
window_false_positive,strict_23_35_day_cycles_only,population,calendar,4,H4_reddy2007_any_phase2x_any,strict_herzog,True,15,15,9.0,0.6,0.357468301206246,0.8017550385865841,0.0,,
window_false_positive,strict_23_35_day_cycles_only,population,calendar,6,H4_reddy2007_any_phase2x_any,strict_herzog,True,13,13,5.0,0.38461538461538464,0.17709707797762575,0.6447710848733431,0.0,,
window_false_positive,strict_23_35_day_cycles_only,population,cycle,3,H4_reddy2007_any_phase2x_any,strict_herzog,True,21,20,13.0,0.65,0.4328542766852363,0.8188081758989179,0.04761904761904767,,
window_false_positive,strict_23_35_day_cycles_only,population,cycle,6,H4_reddy2007_any_phase2x_any,strict_herzog,True,9,9,4.0,0.4444444444444444,0.18877852109766452,0.733348706504507,0.0,,
window_false_positive,strict_23_35_day_cycles_only,population,full,full_diary,H4_reddy2007_any_phase2x_any,strict_herzog,True,13,13,5.0,0.38461538461538464,0.17709707797762575,0.6447710848733431,0.0,,
window_false_positive,common_classifiable_subset,healthy_ovulatory,calendar,6,A_exact_any,strict_herzog,False,17,0,0.0,,,,1.0,,
window_false_positive,common_classifiable_subset,healthy_ovulatory,cycle,6,A_exact_any,strict_herzog,False,17,0,0.0,,,,1.0,,
window_false_positive,common_classifiable_subset,healthy_ovulatory,full,full_diary,A_exact_any,strict_herzog,False,17,0,0.0,,,,1.0,,
window_false_positive,common_classifiable_subset,population,calendar,6,A_exact_any,strict_herzog,False,12,0,0.0,,,,1.0,,
window_false_positive,common_classifiable_subset,population,cycle,6,A_exact_any,strict_herzog,False,12,0,0.0,,,,1.0,,
window_false_positive,common_classifiable_subset,population,full,full_diary,A_exact_any,strict_herzog,False,12,0,0.0,,,,1.0,,
window_false_positive,common_classifiable_subset,healthy_ovulatory,calendar,6,A_windowed_any,strict_herzog,False,17,17,9.0,0.5294117647058824,0.30963235060004424,0.7383489355759056,0.0,,
window_false_positive,common_classifiable_subset,healthy_ovulatory,cycle,6,A_windowed_any,strict_herzog,False,17,17,9.0,0.5294117647058824,0.30963235060004424,0.7383489355759056,0.0,,
window_false_positive,common_classifiable_subset,healthy_ovulatory,full,full_diary,A_windowed_any,strict_herzog,False,17,17,9.0,0.5294117647058824,0.30963235060004424,0.7383489355759056,0.0,,
window_false_positive,common_classifiable_subset,population,calendar,6,A_windowed_any,strict_herzog,False,12,12,7.0,0.5833333333333334,0.31951131254954973,0.8067396863412435,0.0,,
window_false_positive,common_classifiable_subset,population,cycle,6,A_windowed_any,strict_herzog,False,12,12,7.0,0.5833333333333334,0.31951131254954973,0.8067396863412435,0.0,,
window_false_positive,common_classifiable_subset,population,full,full_diary,A_windowed_any,strict_herzog,False,12,12,7.0,0.5833333333333334,0.31951131254954973,0.8067396863412435,0.0,,
window_false_positive,common_classifiable_subset,healthy_ovulatory,calendar,6,A_windowed_excluding_C3,strict_herzog,False,17,17,9.0,0.5294117647058824,0.30963235060004424,0.7383489355759056,0.0,,
window_false_positive,common_classifiable_subset,healthy_ovulatory,cycle,6,A_windowed_excluding_C3,strict_herzog,False,17,17,9.0,0.5294117647058824,0.30963235060004424,0.7383489355759056,0.0,,
window_false_positive,common_classifiable_subset,healthy_ovulatory,full,full_diary,A_windowed_excluding_C3,strict_herzog,False,17,17,9.0,0.5294117647058824,0.30963235060004424,0.7383489355759056,0.0,,
window_false_positive,common_classifiable_subset,population,calendar,6,A_windowed_excluding_C3,strict_herzog,False,12,12,6.0,0.5,0.2537815976337061,0.7462184023662939,0.0,,
window_false_positive,common_classifiable_subset,population,cycle,6,A_windowed_excluding_C3,strict_herzog,False,12,12,6.0,0.5,0.2537815976337061,0.7462184023662939,0.0,,
window_false_positive,common_classifiable_subset,population,full,full_diary,A_windowed_excluding_C3,strict_herzog,False,12,12,6.0,0.5,0.2537815976337061,0.7462184023662939,0.0,,
window_false_positive,common_classifiable_subset,healthy_ovulatory,calendar,6,A_windowed_C1_only,strict_herzog,False,17,17,9.0,0.5294117647058824,0.30963235060004424,0.7383489355759056,0.0,,
window_false_positive,common_classifiable_subset,healthy_ovulatory,cycle,6,A_windowed_C1_only,strict_herzog,False,17,17,9.0,0.5294117647058824,0.30963235060004424,0.7383489355759056,0.0,,
window_false_positive,common_classifiable_subset,healthy_ovulatory,full,full_diary,A_windowed_C1_only,strict_herzog,False,17,17,9.0,0.5294117647058824,0.30963235060004424,0.7383489355759056,0.0,,
window_false_positive,common_classifiable_subset,population,calendar,6,A_windowed_C1_only,strict_herzog,False,12,12,5.0,0.4166666666666667,0.19326031365875665,0.6804886874504503,0.0,,
window_false_positive,common_classifiable_subset,population,cycle,6,A_windowed_C1_only,strict_herzog,False,12,12,5.0,0.4166666666666667,0.19326031365875665,0.6804886874504503,0.0,,
window_false_positive,common_classifiable_subset,population,full,full_diary,A_windowed_C1_only,strict_herzog,False,12,12,5.0,0.4166666666666667,0.19326031365875665,0.6804886874504503,0.0,,
window_false_positive,common_classifiable_subset,healthy_ovulatory,calendar,6,A_windowed_C2_only,strict_herzog,False,17,17,2.0,0.11764705882352941,0.03287977376379267,0.3433635059488588,0.0,,
window_false_positive,common_classifiable_subset,healthy_ovulatory,cycle,6,A_windowed_C2_only,strict_herzog,False,17,17,3.0,0.17647058823529413,0.06191126637620997,0.41029458568834126,0.0,,
window_false_positive,common_classifiable_subset,healthy_ovulatory,full,full_diary,A_windowed_C2_only,strict_herzog,False,17,17,2.0,0.11764705882352941,0.03287977376379267,0.3433635059488588,0.0,,
window_false_positive,common_classifiable_subset,population,calendar,6,A_windowed_C2_only,strict_herzog,False,12,12,3.0,0.25,0.08894166839405471,0.5323053349335657,0.0,,
window_false_positive,common_classifiable_subset,population,cycle,6,A_windowed_C2_only,strict_herzog,False,12,12,4.0,0.3333333333333333,0.13812009109121315,0.6093779111272004,0.0,,
window_false_positive,common_classifiable_subset,population,full,full_diary,A_windowed_C2_only,strict_herzog,False,12,12,3.0,0.25,0.08894166839405471,0.5323053349335657,0.0,,
window_false_positive,common_classifiable_subset,healthy_ovulatory,calendar,6,A_windowed_C3_only,strict_herzog,False,17,0,0.0,,,,1.0,,
window_false_positive,common_classifiable_subset,healthy_ovulatory,cycle,6,A_windowed_C3_only,strict_herzog,False,17,0,0.0,,,,1.0,,
window_false_positive,common_classifiable_subset,healthy_ovulatory,full,full_diary,A_windowed_C3_only,strict_herzog,False,17,0,0.0,,,,1.0,,
window_false_positive,common_classifiable_subset,population,calendar,6,A_windowed_C3_only,strict_herzog,False,12,4,2.0,0.5,0.15003898915214947,0.8499610108478506,0.6666666666666667,,
window_false_positive,common_classifiable_subset,population,cycle,6,A_windowed_C3_only,strict_herzog,False,12,4,2.0,0.5,0.15003898915214947,0.8499610108478506,0.6666666666666667,,
window_false_positive,common_classifiable_subset,population,full,full_diary,A_windowed_C3_only,strict_herzog,False,12,4,2.0,0.5,0.15003898915214947,0.8499610108478506,0.6666666666666667,,
window_false_positive,common_classifiable_subset,healthy_ovulatory,calendar,6,B_minimum_data_any,strict_herzog,False,17,17,9.0,0.5294117647058824,0.30963235060004424,0.7383489355759056,0.0,,
window_false_positive,common_classifiable_subset,healthy_ovulatory,cycle,6,B_minimum_data_any,strict_herzog,False,17,17,9.0,0.5294117647058824,0.30963235060004424,0.7383489355759056,0.0,,
window_false_positive,common_classifiable_subset,healthy_ovulatory,full,full_diary,B_minimum_data_any,strict_herzog,False,17,17,9.0,0.5294117647058824,0.30963235060004424,0.7383489355759056,0.0,,
window_false_positive,common_classifiable_subset,population,calendar,6,B_minimum_data_any,strict_herzog,False,12,12,7.0,0.5833333333333334,0.31951131254954973,0.8067396863412435,0.0,,
window_false_positive,common_classifiable_subset,population,cycle,6,B_minimum_data_any,strict_herzog,False,12,12,7.0,0.5833333333333334,0.31951131254954973,0.8067396863412435,0.0,,
window_false_positive,common_classifiable_subset,population,full,full_diary,B_minimum_data_any,strict_herzog,False,12,12,7.0,0.5833333333333334,0.31951131254954973,0.8067396863412435,0.0,,
window_false_positive,common_classifiable_subset,healthy_ovulatory,calendar,6,B_minimum_data_excluding_C3,strict_herzog,False,17,17,9.0,0.5294117647058824,0.30963235060004424,0.7383489355759056,0.0,,
window_false_positive,common_classifiable_subset,healthy_ovulatory,cycle,6,B_minimum_data_excluding_C3,strict_herzog,False,17,17,9.0,0.5294117647058824,0.30963235060004424,0.7383489355759056,0.0,,
window_false_positive,common_classifiable_subset,healthy_ovulatory,full,full_diary,B_minimum_data_excluding_C3,strict_herzog,False,17,17,9.0,0.5294117647058824,0.30963235060004424,0.7383489355759056,0.0,,
window_false_positive,common_classifiable_subset,population,calendar,6,B_minimum_data_excluding_C3,strict_herzog,False,12,12,6.0,0.5,0.2537815976337061,0.7462184023662939,0.0,,
window_false_positive,common_classifiable_subset,population,cycle,6,B_minimum_data_excluding_C3,strict_herzog,False,12,12,6.0,0.5,0.2537815976337061,0.7462184023662939,0.0,,
window_false_positive,common_classifiable_subset,population,full,full_diary,B_minimum_data_excluding_C3,strict_herzog,False,12,12,6.0,0.5,0.2537815976337061,0.7462184023662939,0.0,,
window_false_positive,common_classifiable_subset,healthy_ovulatory,calendar,6,C_reproducibility_any,strict_herzog,False,17,17,6.0,0.35294117647058826,0.17309720397243744,0.5869963651478132,0.0,,
window_false_positive,common_classifiable_subset,healthy_ovulatory,cycle,6,C_reproducibility_any,strict_herzog,False,17,17,6.0,0.35294117647058826,0.17309720397243744,0.5869963651478132,0.0,,
window_false_positive,common_classifiable_subset,healthy_ovulatory,full,full_diary,C_reproducibility_any,strict_herzog,False,17,17,6.0,0.35294117647058826,0.17309720397243744,0.5869963651478132,0.0,,
window_false_positive,common_classifiable_subset,population,calendar,6,C_reproducibility_any,strict_herzog,False,12,12,3.0,0.25,0.08894166839405471,0.5323053349335657,0.0,,
window_false_positive,common_classifiable_subset,population,cycle,6,C_reproducibility_any,strict_herzog,False,12,12,3.0,0.25,0.08894166839405471,0.5323053349335657,0.0,,
window_false_positive,common_classifiable_subset,population,full,full_diary,C_reproducibility_any,strict_herzog,False,12,12,3.0,0.25,0.08894166839405471,0.5323053349335657,0.0,,
window_false_positive,common_classifiable_subset,healthy_ovulatory,calendar,6,C_reproducibility_12cycle_any,strict_herzog,False,17,0,0.0,,,,1.0,,
window_false_positive,common_classifiable_subset,healthy_ovulatory,cycle,6,C_reproducibility_12cycle_any,strict_herzog,False,17,0,0.0,,,,1.0,,
window_false_positive,common_classifiable_subset,healthy_ovulatory,full,full_diary,C_reproducibility_12cycle_any,strict_herzog,False,17,0,0.0,,,,1.0,,
window_false_positive,common_classifiable_subset,population,calendar,6,C_reproducibility_12cycle_any,strict_herzog,False,12,0,0.0,,,,1.0,,
window_false_positive,common_classifiable_subset,population,cycle,6,C_reproducibility_12cycle_any,strict_herzog,False,12,0,0.0,,,,1.0,,
window_false_positive,common_classifiable_subset,population,full,full_diary,C_reproducibility_12cycle_any,strict_herzog,False,12,0,0.0,,,,1.0,,
window_false_positive,common_classifiable_subset,healthy_ovulatory,calendar,6,D_nb_regression_any,strict_herzog,False,17,17,2.0,0.11764705882352941,0.03287977376379267,0.3433635059488588,0.0,,
window_false_positive,common_classifiable_subset,healthy_ovulatory,cycle,6,D_nb_regression_any,strict_herzog,False,17,17,3.0,0.17647058823529413,0.06191126637620997,0.41029458568834126,0.0,,
window_false_positive,common_classifiable_subset,healthy_ovulatory,full,full_diary,D_nb_regression_any,strict_herzog,False,17,17,2.0,0.11764705882352941,0.03287977376379267,0.3433635059488588,0.0,,
window_false_positive,common_classifiable_subset,population,calendar,6,D_nb_regression_any,strict_herzog,False,12,12,3.0,0.25,0.08894166839405471,0.5323053349335657,0.0,,
window_false_positive,common_classifiable_subset,population,cycle,6,D_nb_regression_any,strict_herzog,False,12,12,3.0,0.25,0.08894166839405471,0.5323053349335657,0.0,,
window_false_positive,common_classifiable_subset,population,full,full_diary,D_nb_regression_any,strict_herzog,False,12,12,3.0,0.25,0.08894166839405471,0.5323053349335657,0.0,,
window_false_positive,common_classifiable_subset,healthy_ovulatory,calendar,6,D_nb_regression_window_alpha_any,strict_herzog,False,17,17,2.0,0.11764705882352941,0.03287977376379267,0.3433635059488588,0.0,,
window_false_positive,common_classifiable_subset,healthy_ovulatory,cycle,6,D_nb_regression_window_alpha_any,strict_herzog,False,17,17,3.0,0.17647058823529413,0.06191126637620997,0.41029458568834126,0.0,,
window_false_positive,common_classifiable_subset,healthy_ovulatory,full,full_diary,D_nb_regression_window_alpha_any,strict_herzog,False,17,17,2.0,0.11764705882352941,0.03287977376379267,0.3433635059488588,0.0,,
window_false_positive,common_classifiable_subset,population,calendar,6,D_nb_regression_window_alpha_any,strict_herzog,False,12,12,3.0,0.25,0.08894166839405471,0.5323053349335657,0.0,,
window_false_positive,common_classifiable_subset,population,cycle,6,D_nb_regression_window_alpha_any,strict_herzog,False,12,12,3.0,0.25,0.08894166839405471,0.5323053349335657,0.0,,
window_false_positive,common_classifiable_subset,population,full,full_diary,D_nb_regression_window_alpha_any,strict_herzog,False,12,12,3.0,0.25,0.08894166839405471,0.5323053349335657,0.0,,
window_false_positive,common_classifiable_subset,healthy_ovulatory,calendar,6,H1_newmark_penry_any,strict_herzog,True,17,17,3.0,0.17647058823529413,0.06191126637620997,0.41029458568834126,0.0,,
window_false_positive,common_classifiable_subset,healthy_ovulatory,cycle,6,H1_newmark_penry_any,strict_herzog,True,17,17,4.0,0.23529411764705882,0.09555044322080117,0.4726179811956498,0.0,,
window_false_positive,common_classifiable_subset,healthy_ovulatory,full,full_diary,H1_newmark_penry_any,strict_herzog,True,17,17,3.0,0.17647058823529413,0.06191126637620997,0.41029458568834126,0.0,,
window_false_positive,common_classifiable_subset,population,calendar,6,H1_newmark_penry_any,strict_herzog,True,12,12,2.0,0.16666666666666666,0.04696514218385381,0.4480308622529734,0.0,,
window_false_positive,common_classifiable_subset,population,cycle,6,H1_newmark_penry_any,strict_herzog,True,12,12,2.0,0.16666666666666666,0.04696514218385381,0.4480308622529734,0.0,,
window_false_positive,common_classifiable_subset,population,full,full_diary,H1_newmark_penry_any,strict_herzog,True,12,12,2.0,0.16666666666666666,0.04696514218385381,0.4480308622529734,0.0,,
window_false_positive,common_classifiable_subset,healthy_ovulatory,calendar,6,H1_newmark_penry_66_7_any,strict_herzog,True,17,17,0.0,0.0,0.0,0.1843181350088518,0.0,,
window_false_positive,common_classifiable_subset,healthy_ovulatory,cycle,6,H1_newmark_penry_66_7_any,strict_herzog,True,17,17,0.0,0.0,0.0,0.1843181350088518,0.0,,
window_false_positive,common_classifiable_subset,healthy_ovulatory,full,full_diary,H1_newmark_penry_66_7_any,strict_herzog,True,17,17,0.0,0.0,0.0,0.1843181350088518,0.0,,
window_false_positive,common_classifiable_subset,population,calendar,6,H1_newmark_penry_66_7_any,strict_herzog,True,12,12,0.0,0.0,2.7755575615628914e-17,0.24249400665524085,0.0,,
window_false_positive,common_classifiable_subset,population,cycle,6,H1_newmark_penry_66_7_any,strict_herzog,True,12,12,1.0,0.08333333333333333,0.014865094404917095,0.35387991114111694,0.0,,
window_false_positive,common_classifiable_subset,population,full,full_diary,H1_newmark_penry_66_7_any,strict_herzog,True,12,12,0.0,0.0,2.7755575615628914e-17,0.24249400665524085,0.0,,
window_false_positive,common_classifiable_subset,healthy_ovulatory,calendar,6,H2_duncan1993_any,strict_herzog,True,17,17,0.0,0.0,0.0,0.1843181350088518,0.0,,
window_false_positive,common_classifiable_subset,healthy_ovulatory,cycle,6,H2_duncan1993_any,strict_herzog,True,17,17,0.0,0.0,0.0,0.1843181350088518,0.0,,
window_false_positive,common_classifiable_subset,healthy_ovulatory,full,full_diary,H2_duncan1993_any,strict_herzog,True,17,17,0.0,0.0,0.0,0.1843181350088518,0.0,,
window_false_positive,common_classifiable_subset,population,calendar,6,H2_duncan1993_any,strict_herzog,True,12,12,0.0,0.0,2.7755575615628914e-17,0.24249400665524085,0.0,,
window_false_positive,common_classifiable_subset,population,cycle,6,H2_duncan1993_any,strict_herzog,True,12,12,0.0,0.0,2.7755575615628914e-17,0.24249400665524085,0.0,,
window_false_positive,common_classifiable_subset,population,full,full_diary,H2_duncan1993_any,strict_herzog,True,12,12,0.0,0.0,2.7755575615628914e-17,0.24249400665524085,0.0,,
window_false_positive,common_classifiable_subset,healthy_ovulatory,calendar,6,H3_herzog1997_twofold_any,strict_herzog,True,17,17,8.0,0.47058823529411764,0.26165106442409436,0.6903676493999558,0.0,,
window_false_positive,common_classifiable_subset,healthy_ovulatory,cycle,6,H3_herzog1997_twofold_any,strict_herzog,True,17,17,8.0,0.47058823529411764,0.26165106442409436,0.6903676493999558,0.0,,
window_false_positive,common_classifiable_subset,healthy_ovulatory,full,full_diary,H3_herzog1997_twofold_any,strict_herzog,True,17,17,8.0,0.47058823529411764,0.26165106442409436,0.6903676493999558,0.0,,
window_false_positive,common_classifiable_subset,population,calendar,6,H3_herzog1997_twofold_any,strict_herzog,True,12,12,7.0,0.5833333333333334,0.31951131254954973,0.8067396863412435,0.0,,
window_false_positive,common_classifiable_subset,population,cycle,6,H3_herzog1997_twofold_any,strict_herzog,True,12,12,7.0,0.5833333333333334,0.31951131254954973,0.8067396863412435,0.0,,
window_false_positive,common_classifiable_subset,population,full,full_diary,H3_herzog1997_twofold_any,strict_herzog,True,12,12,7.0,0.5833333333333334,0.31951131254954973,0.8067396863412435,0.0,,
window_false_positive,common_classifiable_subset,healthy_ovulatory,calendar,6,H4_reddy2007_any_phase2x_any,strict_herzog,True,17,17,8.0,0.47058823529411764,0.26165106442409436,0.6903676493999558,0.0,,
window_false_positive,common_classifiable_subset,healthy_ovulatory,cycle,6,H4_reddy2007_any_phase2x_any,strict_herzog,True,17,17,7.0,0.4117647058823529,0.2161105679021481,0.6399455735700021,0.0,,
window_false_positive,common_classifiable_subset,healthy_ovulatory,full,full_diary,H4_reddy2007_any_phase2x_any,strict_herzog,True,17,17,8.0,0.47058823529411764,0.26165106442409436,0.6903676493999558,0.0,,
window_false_positive,common_classifiable_subset,population,calendar,6,H4_reddy2007_any_phase2x_any,strict_herzog,True,12,12,5.0,0.4166666666666667,0.19326031365875665,0.6804886874504503,0.0,,
window_false_positive,common_classifiable_subset,population,cycle,6,H4_reddy2007_any_phase2x_any,strict_herzog,True,12,12,5.0,0.4166666666666667,0.19326031365875665,0.6804886874504503,0.0,,
window_false_positive,common_classifiable_subset,population,full,full_diary,H4_reddy2007_any_phase2x_any,strict_herzog,True,12,12,5.0,0.4166666666666667,0.19326031365875665,0.6804886874504503,0.0,,
window_false_positive,seizure_frequency:1 to <4 seizure-days/month,healthy_ovulatory,calendar,1,A_exact_any,strict_herzog,False,20,0,0.0,,,,1.0,,
window_false_positive,seizure_frequency:1 to <4 seizure-days/month,healthy_ovulatory,calendar,3,A_exact_any,strict_herzog,False,20,0,0.0,,,,1.0,,
window_false_positive,seizure_frequency:1 to <4 seizure-days/month,healthy_ovulatory,calendar,4,A_exact_any,strict_herzog,False,20,0,0.0,,,,1.0,,
window_false_positive,seizure_frequency:1 to <4 seizure-days/month,healthy_ovulatory,calendar,6,A_exact_any,strict_herzog,False,20,0,0.0,,,,1.0,,
window_false_positive,seizure_frequency:1 to <4 seizure-days/month,healthy_ovulatory,calendar,12,A_exact_any,strict_herzog,False,20,0,0.0,,,,1.0,,
window_false_positive,seizure_frequency:1 to <4 seizure-days/month,healthy_ovulatory,cycle,3,A_exact_any,strict_herzog,False,20,7,6.0,0.8571428571428571,0.4868721707256811,0.9743203756552565,0.65,,
window_false_positive,seizure_frequency:1 to <4 seizure-days/month,healthy_ovulatory,cycle,6,A_exact_any,strict_herzog,False,20,0,0.0,,,,1.0,,
window_false_positive,seizure_frequency:1 to <4 seizure-days/month,healthy_ovulatory,cycle,12,A_exact_any,strict_herzog,False,20,0,0.0,,,,1.0,,
window_false_positive,seizure_frequency:1 to <4 seizure-days/month,healthy_ovulatory,full,full_diary,A_exact_any,strict_herzog,False,20,0,0.0,,,,1.0,,
window_false_positive,seizure_frequency:1 to <4 seizure-days/month,population,calendar,1,A_exact_any,strict_herzog,False,25,0,0.0,,,,1.0,,
window_false_positive,seizure_frequency:1 to <4 seizure-days/month,population,calendar,3,A_exact_any,strict_herzog,False,25,0,0.0,,,,1.0,,
window_false_positive,seizure_frequency:1 to <4 seizure-days/month,population,calendar,4,A_exact_any,strict_herzog,False,25,0,0.0,,,,1.0,,
window_false_positive,seizure_frequency:1 to <4 seizure-days/month,population,calendar,6,A_exact_any,strict_herzog,False,25,0,0.0,,,,1.0,,
window_false_positive,seizure_frequency:1 to <4 seizure-days/month,population,calendar,12,A_exact_any,strict_herzog,False,25,0,0.0,,,,1.0,,
window_false_positive,seizure_frequency:1 to <4 seizure-days/month,population,cycle,3,A_exact_any,strict_herzog,False,25,10,4.0,0.4,0.16818032970623614,0.6873262302663417,0.6,,
window_false_positive,seizure_frequency:1 to <4 seizure-days/month,population,cycle,6,A_exact_any,strict_herzog,False,25,0,0.0,,,,1.0,,
window_false_positive,seizure_frequency:1 to <4 seizure-days/month,population,cycle,12,A_exact_any,strict_herzog,False,25,0,0.0,,,,1.0,,
window_false_positive,seizure_frequency:1 to <4 seizure-days/month,population,full,full_diary,A_exact_any,strict_herzog,False,25,0,0.0,,,,1.0,,
window_false_positive,seizure_frequency:1 to <4 seizure-days/month,healthy_ovulatory,calendar,1,A_windowed_any,strict_herzog,False,20,16,12.0,0.75,0.5050168346449122,0.8981793250878696,0.19999999999999996,,
window_false_positive,seizure_frequency:1 to <4 seizure-days/month,healthy_ovulatory,calendar,3,A_windowed_any,strict_herzog,False,20,20,13.0,0.65,0.4328542766852363,0.8188081758989179,0.0,,
window_false_positive,seizure_frequency:1 to <4 seizure-days/month,healthy_ovulatory,calendar,4,A_windowed_any,strict_herzog,False,20,20,10.0,0.5,0.29929800819821234,0.7007019918017876,0.0,,
window_false_positive,seizure_frequency:1 to <4 seizure-days/month,healthy_ovulatory,calendar,6,A_windowed_any,strict_herzog,False,20,20,9.0,0.45,0.2581978582556243,0.6579146575496577,0.0,,
window_false_positive,seizure_frequency:1 to <4 seizure-days/month,healthy_ovulatory,calendar,12,A_windowed_any,strict_herzog,False,20,0,0.0,,,,1.0,,
window_false_positive,seizure_frequency:1 to <4 seizure-days/month,healthy_ovulatory,cycle,3,A_windowed_any,strict_herzog,False,20,20,12.0,0.6,0.38658150076225317,0.7811934676271829,0.0,,
window_false_positive,seizure_frequency:1 to <4 seizure-days/month,healthy_ovulatory,cycle,6,A_windowed_any,strict_herzog,False,20,15,7.0,0.4666666666666667,0.24809535365737387,0.698830199745016,0.25,,
window_false_positive,seizure_frequency:1 to <4 seizure-days/month,healthy_ovulatory,cycle,12,A_windowed_any,strict_herzog,False,20,0,0.0,,,,1.0,,
window_false_positive,seizure_frequency:1 to <4 seizure-days/month,healthy_ovulatory,full,full_diary,A_windowed_any,strict_herzog,False,20,20,9.0,0.45,0.2581978582556243,0.6579146575496577,0.0,,
window_false_positive,seizure_frequency:1 to <4 seizure-days/month,population,calendar,1,A_windowed_any,strict_herzog,False,25,21,14.0,0.6666666666666666,0.4537345197425524,0.8280524739491653,0.16000000000000003,,
window_false_positive,seizure_frequency:1 to <4 seizure-days/month,population,calendar,3,A_windowed_any,strict_herzog,False,25,25,16.0,0.64,0.44518497748164865,0.7975211922554178,0.0,,
window_false_positive,seizure_frequency:1 to <4 seizure-days/month,population,calendar,4,A_windowed_any,strict_herzog,False,25,25,16.0,0.64,0.44518497748164865,0.7975211922554178,0.0,,
window_false_positive,seizure_frequency:1 to <4 seizure-days/month,population,calendar,6,A_windowed_any,strict_herzog,False,25,25,17.0,0.68,0.48410269273102247,0.8279480969309202,0.0,,
window_false_positive,seizure_frequency:1 to <4 seizure-days/month,population,calendar,12,A_windowed_any,strict_herzog,False,25,0,0.0,,,,1.0,,
window_false_positive,seizure_frequency:1 to <4 seizure-days/month,population,cycle,3,A_windowed_any,strict_herzog,False,25,25,19.0,0.76,0.5657031664457093,0.8850368630659855,0.0,,
window_false_positive,seizure_frequency:1 to <4 seizure-days/month,population,cycle,6,A_windowed_any,strict_herzog,False,25,9,7.0,0.7777777777777778,0.45258896910698887,0.9367748928821533,0.64,,
window_false_positive,seizure_frequency:1 to <4 seizure-days/month,population,cycle,12,A_windowed_any,strict_herzog,False,25,0,0.0,,,,1.0,,
window_false_positive,seizure_frequency:1 to <4 seizure-days/month,population,full,full_diary,A_windowed_any,strict_herzog,False,25,25,17.0,0.68,0.48410269273102247,0.8279480969309202,0.0,,
window_false_positive,seizure_frequency:1 to <4 seizure-days/month,healthy_ovulatory,calendar,1,A_windowed_excluding_C3,strict_herzog,False,20,16,12.0,0.75,0.5050168346449122,0.8981793250878696,0.19999999999999996,,
window_false_positive,seizure_frequency:1 to <4 seizure-days/month,healthy_ovulatory,calendar,3,A_windowed_excluding_C3,strict_herzog,False,20,20,13.0,0.65,0.4328542766852363,0.8188081758989179,0.0,,
window_false_positive,seizure_frequency:1 to <4 seizure-days/month,healthy_ovulatory,calendar,4,A_windowed_excluding_C3,strict_herzog,False,20,20,10.0,0.5,0.29929800819821234,0.7007019918017876,0.0,,
window_false_positive,seizure_frequency:1 to <4 seizure-days/month,healthy_ovulatory,calendar,6,A_windowed_excluding_C3,strict_herzog,False,20,20,9.0,0.45,0.2581978582556243,0.6579146575496577,0.0,,
window_false_positive,seizure_frequency:1 to <4 seizure-days/month,healthy_ovulatory,calendar,12,A_windowed_excluding_C3,strict_herzog,False,20,0,0.0,,,,1.0,,
window_false_positive,seizure_frequency:1 to <4 seizure-days/month,healthy_ovulatory,cycle,3,A_windowed_excluding_C3,strict_herzog,False,20,20,12.0,0.6,0.38658150076225317,0.7811934676271829,0.0,,
window_false_positive,seizure_frequency:1 to <4 seizure-days/month,healthy_ovulatory,cycle,6,A_windowed_excluding_C3,strict_herzog,False,20,15,7.0,0.4666666666666667,0.24809535365737387,0.698830199745016,0.25,,
window_false_positive,seizure_frequency:1 to <4 seizure-days/month,healthy_ovulatory,cycle,12,A_windowed_excluding_C3,strict_herzog,False,20,0,0.0,,,,1.0,,
window_false_positive,seizure_frequency:1 to <4 seizure-days/month,healthy_ovulatory,full,full_diary,A_windowed_excluding_C3,strict_herzog,False,20,20,9.0,0.45,0.2581978582556243,0.6579146575496577,0.0,,
window_false_positive,seizure_frequency:1 to <4 seizure-days/month,population,calendar,1,A_windowed_excluding_C3,strict_herzog,False,25,21,14.0,0.6666666666666666,0.4537345197425524,0.8280524739491653,0.16000000000000003,,
window_false_positive,seizure_frequency:1 to <4 seizure-days/month,population,calendar,3,A_windowed_excluding_C3,strict_herzog,False,25,25,14.0,0.56,0.3706733186979878,0.7333436111893266,0.0,,
window_false_positive,seizure_frequency:1 to <4 seizure-days/month,population,calendar,4,A_windowed_excluding_C3,strict_herzog,False,25,25,15.0,0.6,0.40739457358966996,0.7659669762225203,0.0,,
window_false_positive,seizure_frequency:1 to <4 seizure-days/month,population,calendar,6,A_windowed_excluding_C3,strict_herzog,False,25,25,15.0,0.6,0.40739457358966996,0.7659669762225203,0.0,,
window_false_positive,seizure_frequency:1 to <4 seizure-days/month,population,calendar,12,A_windowed_excluding_C3,strict_herzog,False,25,0,0.0,,,,1.0,,
window_false_positive,seizure_frequency:1 to <4 seizure-days/month,population,cycle,3,A_windowed_excluding_C3,strict_herzog,False,25,25,18.0,0.72,0.5242339480963842,0.8571614614904344,0.0,,
window_false_positive,seizure_frequency:1 to <4 seizure-days/month,population,cycle,6,A_windowed_excluding_C3,strict_herzog,False,25,9,6.0,0.6666666666666666,0.3542021355803963,0.879416181613089,0.64,,
window_false_positive,seizure_frequency:1 to <4 seizure-days/month,population,cycle,12,A_windowed_excluding_C3,strict_herzog,False,25,0,0.0,,,,1.0,,
window_false_positive,seizure_frequency:1 to <4 seizure-days/month,population,full,full_diary,A_windowed_excluding_C3,strict_herzog,False,25,25,15.0,0.6,0.40739457358966996,0.7659669762225203,0.0,,
window_false_positive,seizure_frequency:1 to <4 seizure-days/month,healthy_ovulatory,calendar,1,A_windowed_C1_only,strict_herzog,False,20,13,8.0,0.6153846153846154,0.35522891512665694,0.8229029220223743,0.35,,
window_false_positive,seizure_frequency:1 to <4 seizure-days/month,healthy_ovulatory,calendar,3,A_windowed_C1_only,strict_herzog,False,20,20,9.0,0.45,0.2581978582556243,0.6579146575496577,0.0,,
window_false_positive,seizure_frequency:1 to <4 seizure-days/month,healthy_ovulatory,calendar,4,A_windowed_C1_only,strict_herzog,False,20,20,9.0,0.45,0.2581978582556243,0.6579146575496577,0.0,,
window_false_positive,seizure_frequency:1 to <4 seizure-days/month,healthy_ovulatory,calendar,6,A_windowed_C1_only,strict_herzog,False,20,20,7.0,0.35,0.1811918241010821,0.5671457233147637,0.0,,
window_false_positive,seizure_frequency:1 to <4 seizure-days/month,healthy_ovulatory,calendar,12,A_windowed_C1_only,strict_herzog,False,20,0,0.0,,,,1.0,,
window_false_positive,seizure_frequency:1 to <4 seizure-days/month,healthy_ovulatory,cycle,3,A_windowed_C1_only,strict_herzog,False,20,20,8.0,0.4,0.21880653237281708,0.6134184992377468,0.0,,
window_false_positive,seizure_frequency:1 to <4 seizure-days/month,healthy_ovulatory,cycle,6,A_windowed_C1_only,strict_herzog,False,20,15,5.0,0.3333333333333333,0.15176324439714725,0.5828645226148023,0.25,,
window_false_positive,seizure_frequency:1 to <4 seizure-days/month,healthy_ovulatory,cycle,12,A_windowed_C1_only,strict_herzog,False,20,0,0.0,,,,1.0,,
window_false_positive,seizure_frequency:1 to <4 seizure-days/month,healthy_ovulatory,full,full_diary,A_windowed_C1_only,strict_herzog,False,20,20,7.0,0.35,0.1811918241010821,0.5671457233147637,0.0,,
window_false_positive,seizure_frequency:1 to <4 seizure-days/month,population,calendar,1,A_windowed_C1_only,strict_herzog,False,25,15,7.0,0.4666666666666667,0.24809535365737387,0.698830199745016,0.4,,
window_false_positive,seizure_frequency:1 to <4 seizure-days/month,population,calendar,3,A_windowed_C1_only,strict_herzog,False,25,24,11.0,0.4583333333333333,0.2789133373121098,0.6492513464108052,0.040000000000000036,,
window_false_positive,seizure_frequency:1 to <4 seizure-days/month,population,calendar,4,A_windowed_C1_only,strict_herzog,False,25,25,13.0,0.52,0.3349851695035678,0.6996871404588704,0.0,,
window_false_positive,seizure_frequency:1 to <4 seizure-days/month,population,calendar,6,A_windowed_C1_only,strict_herzog,False,25,25,11.0,0.44,0.2666563888106735,0.6293266813020122,0.0,,
window_false_positive,seizure_frequency:1 to <4 seizure-days/month,population,calendar,12,A_windowed_C1_only,strict_herzog,False,25,0,0.0,,,,1.0,,
window_false_positive,seizure_frequency:1 to <4 seizure-days/month,population,cycle,3,A_windowed_C1_only,strict_herzog,False,25,25,13.0,0.52,0.3349851695035678,0.6996871404588704,0.0,,
window_false_positive,seizure_frequency:1 to <4 seizure-days/month,population,cycle,6,A_windowed_C1_only,strict_herzog,False,25,9,5.0,0.5555555555555556,0.26665129349549305,0.8112214789023355,0.64,,
window_false_positive,seizure_frequency:1 to <4 seizure-days/month,population,cycle,12,A_windowed_C1_only,strict_herzog,False,25,0,0.0,,,,1.0,,
window_false_positive,seizure_frequency:1 to <4 seizure-days/month,population,full,full_diary,A_windowed_C1_only,strict_herzog,False,25,25,11.0,0.44,0.2666563888106735,0.6293266813020122,0.0,,
window_false_positive,seizure_frequency:1 to <4 seizure-days/month,healthy_ovulatory,calendar,1,A_windowed_C2_only,strict_herzog,False,20,14,8.0,0.5714285714285714,0.3259064457965074,0.7861920109552588,0.30000000000000004,,
window_false_positive,seizure_frequency:1 to <4 seizure-days/month,healthy_ovulatory,calendar,3,A_windowed_C2_only,strict_herzog,False,20,20,8.0,0.4,0.21880653237281708,0.6134184992377468,0.0,,
window_false_positive,seizure_frequency:1 to <4 seizure-days/month,healthy_ovulatory,calendar,4,A_windowed_C2_only,strict_herzog,False,20,20,4.0,0.2,0.08065766257979806,0.41601743225189364,0.0,,
window_false_positive,seizure_frequency:1 to <4 seizure-days/month,healthy_ovulatory,calendar,6,A_windowed_C2_only,strict_herzog,False,20,20,4.0,0.2,0.08065766257979806,0.41601743225189364,0.0,,
window_false_positive,seizure_frequency:1 to <4 seizure-days/month,healthy_ovulatory,calendar,12,A_windowed_C2_only,strict_herzog,False,20,0,0.0,,,,1.0,,
window_false_positive,seizure_frequency:1 to <4 seizure-days/month,healthy_ovulatory,cycle,3,A_windowed_C2_only,strict_herzog,False,20,19,5.0,0.2631578947368421,0.11806412346782508,0.487915508978151,0.050000000000000044,,
window_false_positive,seizure_frequency:1 to <4 seizure-days/month,healthy_ovulatory,cycle,6,A_windowed_C2_only,strict_herzog,False,20,15,5.0,0.3333333333333333,0.15176324439714725,0.5828645226148023,0.25,,
window_false_positive,seizure_frequency:1 to <4 seizure-days/month,healthy_ovulatory,cycle,12,A_windowed_C2_only,strict_herzog,False,20,0,0.0,,,,1.0,,
window_false_positive,seizure_frequency:1 to <4 seizure-days/month,healthy_ovulatory,full,full_diary,A_windowed_C2_only,strict_herzog,False,20,20,4.0,0.2,0.08065766257979806,0.41601743225189364,0.0,,
window_false_positive,seizure_frequency:1 to <4 seizure-days/month,population,calendar,1,A_windowed_C2_only,strict_herzog,False,25,18,8.0,0.4444444444444444,0.24559518127005633,0.6628358435795723,0.28,,
window_false_positive,seizure_frequency:1 to <4 seizure-days/month,population,calendar,3,A_windowed_C2_only,strict_herzog,False,25,24,6.0,0.25,0.11999366228595004,0.44899444005154004,0.040000000000000036,,
window_false_positive,seizure_frequency:1 to <4 seizure-days/month,population,calendar,4,A_windowed_C2_only,strict_herzog,False,25,25,9.0,0.36,0.20247880774458224,0.5548150225183514,0.0,,
window_false_positive,seizure_frequency:1 to <4 seizure-days/month,population,calendar,6,A_windowed_C2_only,strict_herzog,False,25,25,8.0,0.32,0.1720519030690798,0.5158973072689775,0.0,,
window_false_positive,seizure_frequency:1 to <4 seizure-days/month,population,calendar,12,A_windowed_C2_only,strict_herzog,False,25,0,0.0,,,,1.0,,
window_false_positive,seizure_frequency:1 to <4 seizure-days/month,population,cycle,3,A_windowed_C2_only,strict_herzog,False,25,25,12.0,0.48,0.30031285954112974,0.6650148304964322,0.0,,
window_false_positive,seizure_frequency:1 to <4 seizure-days/month,population,cycle,6,A_windowed_C2_only,strict_herzog,False,25,9,3.0,0.3333333333333333,0.1205838183869109,0.6457978644196036,0.64,,
window_false_positive,seizure_frequency:1 to <4 seizure-days/month,population,cycle,12,A_windowed_C2_only,strict_herzog,False,25,0,0.0,,,,1.0,,
window_false_positive,seizure_frequency:1 to <4 seizure-days/month,population,full,full_diary,A_windowed_C2_only,strict_herzog,False,25,25,8.0,0.32,0.1720519030690798,0.5158973072689775,0.0,,
window_false_positive,seizure_frequency:1 to <4 seizure-days/month,healthy_ovulatory,calendar,1,A_windowed_C3_only,strict_herzog,False,20,0,0.0,,,,1.0,,
window_false_positive,seizure_frequency:1 to <4 seizure-days/month,healthy_ovulatory,calendar,3,A_windowed_C3_only,strict_herzog,False,20,0,0.0,,,,1.0,,
window_false_positive,seizure_frequency:1 to <4 seizure-days/month,healthy_ovulatory,calendar,4,A_windowed_C3_only,strict_herzog,False,20,0,0.0,,,,1.0,,
window_false_positive,seizure_frequency:1 to <4 seizure-days/month,healthy_ovulatory,calendar,6,A_windowed_C3_only,strict_herzog,False,20,0,0.0,,,,1.0,,
window_false_positive,seizure_frequency:1 to <4 seizure-days/month,healthy_ovulatory,calendar,12,A_windowed_C3_only,strict_herzog,False,20,0,0.0,,,,1.0,,
window_false_positive,seizure_frequency:1 to <4 seizure-days/month,healthy_ovulatory,cycle,3,A_windowed_C3_only,strict_herzog,False,20,0,0.0,,,,1.0,,
window_false_positive,seizure_frequency:1 to <4 seizure-days/month,healthy_ovulatory,cycle,6,A_windowed_C3_only,strict_herzog,False,20,0,0.0,,,,1.0,,
window_false_positive,seizure_frequency:1 to <4 seizure-days/month,healthy_ovulatory,cycle,12,A_windowed_C3_only,strict_herzog,False,20,0,0.0,,,,1.0,,
window_false_positive,seizure_frequency:1 to <4 seizure-days/month,healthy_ovulatory,full,full_diary,A_windowed_C3_only,strict_herzog,False,20,0,0.0,,,,1.0,,
window_false_positive,seizure_frequency:1 to <4 seizure-days/month,population,calendar,1,A_windowed_C3_only,strict_herzog,False,25,7,5.0,0.7142857142857143,0.35893445183261935,0.9177810759959433,0.72,,
window_false_positive,seizure_frequency:1 to <4 seizure-days/month,population,calendar,3,A_windowed_C3_only,strict_herzog,False,25,9,5.0,0.5555555555555556,0.26665129349549305,0.8112214789023355,0.64,,
window_false_positive,seizure_frequency:1 to <4 seizure-days/month,population,calendar,4,A_windowed_C3_only,strict_herzog,False,25,10,3.0,0.3,0.10779126740630099,0.6032218525388546,0.6,,
window_false_positive,seizure_frequency:1 to <4 seizure-days/month,population,calendar,6,A_windowed_C3_only,strict_herzog,False,25,12,5.0,0.4166666666666667,0.19326031365875665,0.6804886874504503,0.52,,
window_false_positive,seizure_frequency:1 to <4 seizure-days/month,population,calendar,12,A_windowed_C3_only,strict_herzog,False,25,0,0.0,,,,1.0,,
window_false_positive,seizure_frequency:1 to <4 seizure-days/month,population,cycle,3,A_windowed_C3_only,strict_herzog,False,25,7,1.0,0.14285714285714285,0.02567962434474355,0.5131278292743189,0.72,,
window_false_positive,seizure_frequency:1 to <4 seizure-days/month,population,cycle,6,A_windowed_C3_only,strict_herzog,False,25,3,2.0,0.6666666666666666,0.2076596008020477,0.9385080552796037,0.88,,
window_false_positive,seizure_frequency:1 to <4 seizure-days/month,population,cycle,12,A_windowed_C3_only,strict_herzog,False,25,0,0.0,,,,1.0,,
window_false_positive,seizure_frequency:1 to <4 seizure-days/month,population,full,full_diary,A_windowed_C3_only,strict_herzog,False,25,12,5.0,0.4166666666666667,0.19326031365875665,0.6804886874504503,0.52,,
window_false_positive,seizure_frequency:1 to <4 seizure-days/month,healthy_ovulatory,calendar,1,B_minimum_data_any,strict_herzog,False,20,0,0.0,,,,1.0,,
window_false_positive,seizure_frequency:1 to <4 seizure-days/month,healthy_ovulatory,calendar,3,B_minimum_data_any,strict_herzog,False,20,0,0.0,,,,1.0,,
window_false_positive,seizure_frequency:1 to <4 seizure-days/month,healthy_ovulatory,calendar,4,B_minimum_data_any,strict_herzog,False,20,20,10.0,0.5,0.29929800819821234,0.7007019918017876,0.0,,
window_false_positive,seizure_frequency:1 to <4 seizure-days/month,healthy_ovulatory,calendar,6,B_minimum_data_any,strict_herzog,False,20,20,9.0,0.45,0.2581978582556243,0.6579146575496577,0.0,,
window_false_positive,seizure_frequency:1 to <4 seizure-days/month,healthy_ovulatory,calendar,12,B_minimum_data_any,strict_herzog,False,20,0,0.0,,,,1.0,,
window_false_positive,seizure_frequency:1 to <4 seizure-days/month,healthy_ovulatory,cycle,3,B_minimum_data_any,strict_herzog,False,20,0,0.0,,,,1.0,,
window_false_positive,seizure_frequency:1 to <4 seizure-days/month,healthy_ovulatory,cycle,6,B_minimum_data_any,strict_herzog,False,20,15,7.0,0.4666666666666667,0.24809535365737387,0.698830199745016,0.25,,
window_false_positive,seizure_frequency:1 to <4 seizure-days/month,healthy_ovulatory,cycle,12,B_minimum_data_any,strict_herzog,False,20,0,0.0,,,,1.0,,
window_false_positive,seizure_frequency:1 to <4 seizure-days/month,healthy_ovulatory,full,full_diary,B_minimum_data_any,strict_herzog,False,20,20,9.0,0.45,0.2581978582556243,0.6579146575496577,0.0,,
window_false_positive,seizure_frequency:1 to <4 seizure-days/month,population,calendar,1,B_minimum_data_any,strict_herzog,False,25,0,0.0,,,,1.0,,
window_false_positive,seizure_frequency:1 to <4 seizure-days/month,population,calendar,3,B_minimum_data_any,strict_herzog,False,25,0,0.0,,,,1.0,,
window_false_positive,seizure_frequency:1 to <4 seizure-days/month,population,calendar,4,B_minimum_data_any,strict_herzog,False,25,24,15.0,0.625,0.42709962442674276,0.7884063244045122,0.040000000000000036,,
window_false_positive,seizure_frequency:1 to <4 seizure-days/month,population,calendar,6,B_minimum_data_any,strict_herzog,False,25,25,17.0,0.68,0.48410269273102247,0.8279480969309202,0.0,,
window_false_positive,seizure_frequency:1 to <4 seizure-days/month,population,calendar,12,B_minimum_data_any,strict_herzog,False,25,0,0.0,,,,1.0,,
window_false_positive,seizure_frequency:1 to <4 seizure-days/month,population,cycle,3,B_minimum_data_any,strict_herzog,False,25,2,2.0,1.0,0.34238022750665303,1.0,0.92,,
window_false_positive,seizure_frequency:1 to <4 seizure-days/month,population,cycle,6,B_minimum_data_any,strict_herzog,False,25,9,7.0,0.7777777777777778,0.45258896910698887,0.9367748928821533,0.64,,
window_false_positive,seizure_frequency:1 to <4 seizure-days/month,population,cycle,12,B_minimum_data_any,strict_herzog,False,25,0,0.0,,,,1.0,,
window_false_positive,seizure_frequency:1 to <4 seizure-days/month,population,full,full_diary,B_minimum_data_any,strict_herzog,False,25,25,17.0,0.68,0.48410269273102247,0.8279480969309202,0.0,,
window_false_positive,seizure_frequency:1 to <4 seizure-days/month,healthy_ovulatory,calendar,1,B_minimum_data_excluding_C3,strict_herzog,False,20,0,0.0,,,,1.0,,
window_false_positive,seizure_frequency:1 to <4 seizure-days/month,healthy_ovulatory,calendar,3,B_minimum_data_excluding_C3,strict_herzog,False,20,0,0.0,,,,1.0,,
window_false_positive,seizure_frequency:1 to <4 seizure-days/month,healthy_ovulatory,calendar,4,B_minimum_data_excluding_C3,strict_herzog,False,20,20,10.0,0.5,0.29929800819821234,0.7007019918017876,0.0,,
window_false_positive,seizure_frequency:1 to <4 seizure-days/month,healthy_ovulatory,calendar,6,B_minimum_data_excluding_C3,strict_herzog,False,20,20,9.0,0.45,0.2581978582556243,0.6579146575496577,0.0,,
window_false_positive,seizure_frequency:1 to <4 seizure-days/month,healthy_ovulatory,calendar,12,B_minimum_data_excluding_C3,strict_herzog,False,20,0,0.0,,,,1.0,,
window_false_positive,seizure_frequency:1 to <4 seizure-days/month,healthy_ovulatory,cycle,3,B_minimum_data_excluding_C3,strict_herzog,False,20,0,0.0,,,,1.0,,
window_false_positive,seizure_frequency:1 to <4 seizure-days/month,healthy_ovulatory,cycle,6,B_minimum_data_excluding_C3,strict_herzog,False,20,15,7.0,0.4666666666666667,0.24809535365737387,0.698830199745016,0.25,,
window_false_positive,seizure_frequency:1 to <4 seizure-days/month,healthy_ovulatory,cycle,12,B_minimum_data_excluding_C3,strict_herzog,False,20,0,0.0,,,,1.0,,
window_false_positive,seizure_frequency:1 to <4 seizure-days/month,healthy_ovulatory,full,full_diary,B_minimum_data_excluding_C3,strict_herzog,False,20,20,9.0,0.45,0.2581978582556243,0.6579146575496577,0.0,,
window_false_positive,seizure_frequency:1 to <4 seizure-days/month,population,calendar,1,B_minimum_data_excluding_C3,strict_herzog,False,25,0,0.0,,,,1.0,,
window_false_positive,seizure_frequency:1 to <4 seizure-days/month,population,calendar,3,B_minimum_data_excluding_C3,strict_herzog,False,25,0,0.0,,,,1.0,,
window_false_positive,seizure_frequency:1 to <4 seizure-days/month,population,calendar,4,B_minimum_data_excluding_C3,strict_herzog,False,25,24,14.0,0.5833333333333334,0.3883466586522876,0.7553239739018824,0.040000000000000036,,
window_false_positive,seizure_frequency:1 to <4 seizure-days/month,population,calendar,6,B_minimum_data_excluding_C3,strict_herzog,False,25,25,15.0,0.6,0.40739457358966996,0.7659669762225203,0.0,,
window_false_positive,seizure_frequency:1 to <4 seizure-days/month,population,calendar,12,B_minimum_data_excluding_C3,strict_herzog,False,25,0,0.0,,,,1.0,,
window_false_positive,seizure_frequency:1 to <4 seizure-days/month,population,cycle,3,B_minimum_data_excluding_C3,strict_herzog,False,25,2,2.0,1.0,0.34238022750665303,1.0,0.92,,
window_false_positive,seizure_frequency:1 to <4 seizure-days/month,population,cycle,6,B_minimum_data_excluding_C3,strict_herzog,False,25,9,6.0,0.6666666666666666,0.3542021355803963,0.879416181613089,0.64,,
window_false_positive,seizure_frequency:1 to <4 seizure-days/month,population,cycle,12,B_minimum_data_excluding_C3,strict_herzog,False,25,0,0.0,,,,1.0,,
window_false_positive,seizure_frequency:1 to <4 seizure-days/month,population,full,full_diary,B_minimum_data_excluding_C3,strict_herzog,False,25,25,15.0,0.6,0.40739457358966996,0.7659669762225203,0.0,,
window_false_positive,seizure_frequency:1 to <4 seizure-days/month,healthy_ovulatory,calendar,1,C_reproducibility_any,strict_herzog,False,20,0,0.0,,,,1.0,,
window_false_positive,seizure_frequency:1 to <4 seizure-days/month,healthy_ovulatory,calendar,3,C_reproducibility_any,strict_herzog,False,20,0,0.0,,,,1.0,,
window_false_positive,seizure_frequency:1 to <4 seizure-days/month,healthy_ovulatory,calendar,4,C_reproducibility_any,strict_herzog,False,20,0,0.0,,,,1.0,,
window_false_positive,seizure_frequency:1 to <4 seizure-days/month,healthy_ovulatory,calendar,6,C_reproducibility_any,strict_herzog,False,20,5,3.0,0.6,0.2307242812760128,0.882379225767352,0.75,,
window_false_positive,seizure_frequency:1 to <4 seizure-days/month,healthy_ovulatory,calendar,12,C_reproducibility_any,strict_herzog,False,20,0,0.0,,,,1.0,,
window_false_positive,seizure_frequency:1 to <4 seizure-days/month,healthy_ovulatory,cycle,3,C_reproducibility_any,strict_herzog,False,20,0,0.0,,,,1.0,,
window_false_positive,seizure_frequency:1 to <4 seizure-days/month,healthy_ovulatory,cycle,6,C_reproducibility_any,strict_herzog,False,20,5,3.0,0.6,0.2307242812760128,0.882379225767352,0.75,,
window_false_positive,seizure_frequency:1 to <4 seizure-days/month,healthy_ovulatory,cycle,12,C_reproducibility_any,strict_herzog,False,20,0,0.0,,,,1.0,,
window_false_positive,seizure_frequency:1 to <4 seizure-days/month,healthy_ovulatory,full,full_diary,C_reproducibility_any,strict_herzog,False,20,5,3.0,0.6,0.2307242812760128,0.882379225767352,0.75,,
window_false_positive,seizure_frequency:1 to <4 seizure-days/month,population,calendar,1,C_reproducibility_any,strict_herzog,False,25,0,0.0,,,,1.0,,
window_false_positive,seizure_frequency:1 to <4 seizure-days/month,population,calendar,3,C_reproducibility_any,strict_herzog,False,25,0,0.0,,,,1.0,,
window_false_positive,seizure_frequency:1 to <4 seizure-days/month,population,calendar,4,C_reproducibility_any,strict_herzog,False,25,0,0.0,,,,1.0,,
window_false_positive,seizure_frequency:1 to <4 seizure-days/month,population,calendar,6,C_reproducibility_any,strict_herzog,False,25,6,2.0,0.3333333333333333,0.09677141110578041,0.700006684861608,0.76,,
window_false_positive,seizure_frequency:1 to <4 seizure-days/month,population,calendar,12,C_reproducibility_any,strict_herzog,False,25,0,0.0,,,,1.0,,
window_false_positive,seizure_frequency:1 to <4 seizure-days/month,population,cycle,3,C_reproducibility_any,strict_herzog,False,25,0,0.0,,,,1.0,,
window_false_positive,seizure_frequency:1 to <4 seizure-days/month,population,cycle,6,C_reproducibility_any,strict_herzog,False,25,6,2.0,0.3333333333333333,0.09677141110578041,0.700006684861608,0.76,,
window_false_positive,seizure_frequency:1 to <4 seizure-days/month,population,cycle,12,C_reproducibility_any,strict_herzog,False,25,0,0.0,,,,1.0,,
window_false_positive,seizure_frequency:1 to <4 seizure-days/month,population,full,full_diary,C_reproducibility_any,strict_herzog,False,25,6,2.0,0.3333333333333333,0.09677141110578041,0.700006684861608,0.76,,
window_false_positive,seizure_frequency:1 to <4 seizure-days/month,healthy_ovulatory,calendar,1,C_reproducibility_12cycle_any,strict_herzog,False,20,0,0.0,,,,1.0,,
window_false_positive,seizure_frequency:1 to <4 seizure-days/month,healthy_ovulatory,calendar,3,C_reproducibility_12cycle_any,strict_herzog,False,20,0,0.0,,,,1.0,,
window_false_positive,seizure_frequency:1 to <4 seizure-days/month,healthy_ovulatory,calendar,4,C_reproducibility_12cycle_any,strict_herzog,False,20,0,0.0,,,,1.0,,
window_false_positive,seizure_frequency:1 to <4 seizure-days/month,healthy_ovulatory,calendar,6,C_reproducibility_12cycle_any,strict_herzog,False,20,0,0.0,,,,1.0,,
window_false_positive,seizure_frequency:1 to <4 seizure-days/month,healthy_ovulatory,calendar,12,C_reproducibility_12cycle_any,strict_herzog,False,20,0,0.0,,,,1.0,,
window_false_positive,seizure_frequency:1 to <4 seizure-days/month,healthy_ovulatory,cycle,3,C_reproducibility_12cycle_any,strict_herzog,False,20,0,0.0,,,,1.0,,
window_false_positive,seizure_frequency:1 to <4 seizure-days/month,healthy_ovulatory,cycle,6,C_reproducibility_12cycle_any,strict_herzog,False,20,0,0.0,,,,1.0,,
window_false_positive,seizure_frequency:1 to <4 seizure-days/month,healthy_ovulatory,cycle,12,C_reproducibility_12cycle_any,strict_herzog,False,20,0,0.0,,,,1.0,,
window_false_positive,seizure_frequency:1 to <4 seizure-days/month,healthy_ovulatory,full,full_diary,C_reproducibility_12cycle_any,strict_herzog,False,20,0,0.0,,,,1.0,,
window_false_positive,seizure_frequency:1 to <4 seizure-days/month,population,calendar,1,C_reproducibility_12cycle_any,strict_herzog,False,25,0,0.0,,,,1.0,,
window_false_positive,seizure_frequency:1 to <4 seizure-days/month,population,calendar,3,C_reproducibility_12cycle_any,strict_herzog,False,25,0,0.0,,,,1.0,,
window_false_positive,seizure_frequency:1 to <4 seizure-days/month,population,calendar,4,C_reproducibility_12cycle_any,strict_herzog,False,25,0,0.0,,,,1.0,,
window_false_positive,seizure_frequency:1 to <4 seizure-days/month,population,calendar,6,C_reproducibility_12cycle_any,strict_herzog,False,25,0,0.0,,,,1.0,,
window_false_positive,seizure_frequency:1 to <4 seizure-days/month,population,calendar,12,C_reproducibility_12cycle_any,strict_herzog,False,25,0,0.0,,,,1.0,,
window_false_positive,seizure_frequency:1 to <4 seizure-days/month,population,cycle,3,C_reproducibility_12cycle_any,strict_herzog,False,25,0,0.0,,,,1.0,,
window_false_positive,seizure_frequency:1 to <4 seizure-days/month,population,cycle,6,C_reproducibility_12cycle_any,strict_herzog,False,25,0,0.0,,,,1.0,,
window_false_positive,seizure_frequency:1 to <4 seizure-days/month,population,cycle,12,C_reproducibility_12cycle_any,strict_herzog,False,25,0,0.0,,,,1.0,,
window_false_positive,seizure_frequency:1 to <4 seizure-days/month,population,full,full_diary,C_reproducibility_12cycle_any,strict_herzog,False,25,0,0.0,,,,1.0,,
window_false_positive,seizure_frequency:1 to <4 seizure-days/month,healthy_ovulatory,calendar,1,D_nb_regression_any,strict_herzog,False,20,0,0.0,,,,1.0,,
window_false_positive,seizure_frequency:1 to <4 seizure-days/month,healthy_ovulatory,calendar,3,D_nb_regression_any,strict_herzog,False,20,0,0.0,,,,1.0,,
window_false_positive,seizure_frequency:1 to <4 seizure-days/month,healthy_ovulatory,calendar,4,D_nb_regression_any,strict_herzog,False,20,20,2.0,0.1,0.027866481213768224,0.3010336452284873,0.0,,
window_false_positive,seizure_frequency:1 to <4 seizure-days/month,healthy_ovulatory,calendar,6,D_nb_regression_any,strict_herzog,False,20,20,3.0,0.15,0.052368745896216595,0.36041886474075696,0.0,,
window_false_positive,seizure_frequency:1 to <4 seizure-days/month,healthy_ovulatory,calendar,12,D_nb_regression_any,strict_herzog,False,20,0,0.0,,,,1.0,,
window_false_positive,seizure_frequency:1 to <4 seizure-days/month,healthy_ovulatory,cycle,3,D_nb_regression_any,strict_herzog,False,20,0,0.0,,,,1.0,,
window_false_positive,seizure_frequency:1 to <4 seizure-days/month,healthy_ovulatory,cycle,6,D_nb_regression_any,strict_herzog,False,20,15,2.0,0.13333333333333333,0.03736125910306537,0.37881982832322364,0.25,,
window_false_positive,seizure_frequency:1 to <4 seizure-days/month,healthy_ovulatory,cycle,12,D_nb_regression_any,strict_herzog,False,20,0,0.0,,,,1.0,,
window_false_positive,seizure_frequency:1 to <4 seizure-days/month,healthy_ovulatory,full,full_diary,D_nb_regression_any,strict_herzog,False,20,20,3.0,0.15,0.052368745896216595,0.36041886474075696,0.0,,
window_false_positive,seizure_frequency:1 to <4 seizure-days/month,population,calendar,1,D_nb_regression_any,strict_herzog,False,25,0,0.0,,,,1.0,,
window_false_positive,seizure_frequency:1 to <4 seizure-days/month,population,calendar,3,D_nb_regression_any,strict_herzog,False,25,0,0.0,,,,1.0,,
window_false_positive,seizure_frequency:1 to <4 seizure-days/month,population,calendar,4,D_nb_regression_any,strict_herzog,False,25,24,2.0,0.08333333333333333,0.023158815297043306,0.25848802193210685,0.040000000000000036,,
window_false_positive,seizure_frequency:1 to <4 seizure-days/month,population,calendar,6,D_nb_regression_any,strict_herzog,False,25,25,4.0,0.16,0.0640345145667644,0.3465362160717886,0.0,,
window_false_positive,seizure_frequency:1 to <4 seizure-days/month,population,calendar,12,D_nb_regression_any,strict_herzog,False,25,0,0.0,,,,1.0,,
window_false_positive,seizure_frequency:1 to <4 seizure-days/month,population,cycle,3,D_nb_regression_any,strict_herzog,False,25,2,0.0,0.0,0.0,0.6576197724933469,0.92,,
window_false_positive,seizure_frequency:1 to <4 seizure-days/month,population,cycle,6,D_nb_regression_any,strict_herzog,False,25,9,2.0,0.2222222222222222,0.06322510711784671,0.5474110308930111,0.64,,
window_false_positive,seizure_frequency:1 to <4 seizure-days/month,population,cycle,12,D_nb_regression_any,strict_herzog,False,25,0,0.0,,,,1.0,,
window_false_positive,seizure_frequency:1 to <4 seizure-days/month,population,full,full_diary,D_nb_regression_any,strict_herzog,False,25,25,4.0,0.16,0.0640345145667644,0.3465362160717886,0.0,,
window_false_positive,seizure_frequency:1 to <4 seizure-days/month,healthy_ovulatory,calendar,1,D_nb_regression_window_alpha_any,strict_herzog,False,20,0,0.0,,,,1.0,,
window_false_positive,seizure_frequency:1 to <4 seizure-days/month,healthy_ovulatory,calendar,3,D_nb_regression_window_alpha_any,strict_herzog,False,20,0,0.0,,,,1.0,,
window_false_positive,seizure_frequency:1 to <4 seizure-days/month,healthy_ovulatory,calendar,4,D_nb_regression_window_alpha_any,strict_herzog,False,20,20,2.0,0.1,0.027866481213768224,0.3010336452284873,0.0,,
window_false_positive,seizure_frequency:1 to <4 seizure-days/month,healthy_ovulatory,calendar,6,D_nb_regression_window_alpha_any,strict_herzog,False,20,20,3.0,0.15,0.052368745896216595,0.36041886474075696,0.0,,
window_false_positive,seizure_frequency:1 to <4 seizure-days/month,healthy_ovulatory,calendar,12,D_nb_regression_window_alpha_any,strict_herzog,False,20,0,0.0,,,,1.0,,
window_false_positive,seizure_frequency:1 to <4 seizure-days/month,healthy_ovulatory,cycle,3,D_nb_regression_window_alpha_any,strict_herzog,False,20,0,0.0,,,,1.0,,
window_false_positive,seizure_frequency:1 to <4 seizure-days/month,healthy_ovulatory,cycle,6,D_nb_regression_window_alpha_any,strict_herzog,False,20,15,2.0,0.13333333333333333,0.03736125910306537,0.37881982832322364,0.25,,
window_false_positive,seizure_frequency:1 to <4 seizure-days/month,healthy_ovulatory,cycle,12,D_nb_regression_window_alpha_any,strict_herzog,False,20,0,0.0,,,,1.0,,
window_false_positive,seizure_frequency:1 to <4 seizure-days/month,healthy_ovulatory,full,full_diary,D_nb_regression_window_alpha_any,strict_herzog,False,20,20,3.0,0.15,0.052368745896216595,0.36041886474075696,0.0,,
window_false_positive,seizure_frequency:1 to <4 seizure-days/month,population,calendar,1,D_nb_regression_window_alpha_any,strict_herzog,False,25,0,0.0,,,,1.0,,
window_false_positive,seizure_frequency:1 to <4 seizure-days/month,population,calendar,3,D_nb_regression_window_alpha_any,strict_herzog,False,25,0,0.0,,,,1.0,,
window_false_positive,seizure_frequency:1 to <4 seizure-days/month,population,calendar,4,D_nb_regression_window_alpha_any,strict_herzog,False,25,24,2.0,0.08333333333333333,0.023158815297043306,0.25848802193210685,0.040000000000000036,,
window_false_positive,seizure_frequency:1 to <4 seizure-days/month,population,calendar,6,D_nb_regression_window_alpha_any,strict_herzog,False,25,25,4.0,0.16,0.0640345145667644,0.3465362160717886,0.0,,
window_false_positive,seizure_frequency:1 to <4 seizure-days/month,population,calendar,12,D_nb_regression_window_alpha_any,strict_herzog,False,25,0,0.0,,,,1.0,,
window_false_positive,seizure_frequency:1 to <4 seizure-days/month,population,cycle,3,D_nb_regression_window_alpha_any,strict_herzog,False,25,2,1.0,0.5,0.09453120573423074,0.9054687942657693,0.92,,
window_false_positive,seizure_frequency:1 to <4 seizure-days/month,population,cycle,6,D_nb_regression_window_alpha_any,strict_herzog,False,25,9,2.0,0.2222222222222222,0.06322510711784671,0.5474110308930111,0.64,,
window_false_positive,seizure_frequency:1 to <4 seizure-days/month,population,cycle,12,D_nb_regression_window_alpha_any,strict_herzog,False,25,0,0.0,,,,1.0,,
window_false_positive,seizure_frequency:1 to <4 seizure-days/month,population,full,full_diary,D_nb_regression_window_alpha_any,strict_herzog,False,25,25,4.0,0.16,0.0640345145667644,0.3465362160717886,0.0,,
window_false_positive,seizure_frequency:1 to <4 seizure-days/month,healthy_ovulatory,calendar,1,H1_newmark_penry_any,strict_herzog,True,20,16,3.0,0.1875,0.06591599071428142,0.4300888096197414,0.19999999999999996,,
window_false_positive,seizure_frequency:1 to <4 seizure-days/month,healthy_ovulatory,calendar,3,H1_newmark_penry_any,strict_herzog,True,20,20,5.0,0.25,0.11186170140766566,0.46870087761874407,0.0,,
window_false_positive,seizure_frequency:1 to <4 seizure-days/month,healthy_ovulatory,calendar,4,H1_newmark_penry_any,strict_herzog,True,20,20,3.0,0.15,0.052368745896216595,0.36041886474075696,0.0,,
window_false_positive,seizure_frequency:1 to <4 seizure-days/month,healthy_ovulatory,calendar,6,H1_newmark_penry_any,strict_herzog,True,20,20,1.0,0.05,0.008881448800795402,0.23613119344674205,0.0,,
window_false_positive,seizure_frequency:1 to <4 seizure-days/month,healthy_ovulatory,calendar,12,H1_newmark_penry_any,strict_herzog,True,20,0,0.0,,,,1.0,,
window_false_positive,seizure_frequency:1 to <4 seizure-days/month,healthy_ovulatory,cycle,3,H1_newmark_penry_any,strict_herzog,True,20,20,4.0,0.2,0.08065766257979806,0.41601743225189364,0.0,,
window_false_positive,seizure_frequency:1 to <4 seizure-days/month,healthy_ovulatory,cycle,6,H1_newmark_penry_any,strict_herzog,True,20,15,2.0,0.13333333333333333,0.03736125910306537,0.37881982832322364,0.25,,
window_false_positive,seizure_frequency:1 to <4 seizure-days/month,healthy_ovulatory,cycle,12,H1_newmark_penry_any,strict_herzog,True,20,0,0.0,,,,1.0,,
window_false_positive,seizure_frequency:1 to <4 seizure-days/month,healthy_ovulatory,full,full_diary,H1_newmark_penry_any,strict_herzog,True,20,20,1.0,0.05,0.008881448800795402,0.23613119344674205,0.0,,
window_false_positive,seizure_frequency:1 to <4 seizure-days/month,population,calendar,1,H1_newmark_penry_any,strict_herzog,True,25,21,5.0,0.23809523809523808,0.10628013022636465,0.4509117368295076,0.16000000000000003,,
window_false_positive,seizure_frequency:1 to <4 seizure-days/month,population,calendar,3,H1_newmark_penry_any,strict_herzog,True,25,25,5.0,0.2,0.08860584686802572,0.3913095036954033,0.0,,
window_false_positive,seizure_frequency:1 to <4 seizure-days/month,population,calendar,4,H1_newmark_penry_any,strict_herzog,True,25,25,5.0,0.2,0.08860584686802572,0.3913095036954033,0.0,,
window_false_positive,seizure_frequency:1 to <4 seizure-days/month,population,calendar,6,H1_newmark_penry_any,strict_herzog,True,25,25,3.0,0.12,0.04166817150440358,0.2995579392092732,0.0,,
window_false_positive,seizure_frequency:1 to <4 seizure-days/month,population,calendar,12,H1_newmark_penry_any,strict_herzog,True,25,0,0.0,,,,1.0,,
window_false_positive,seizure_frequency:1 to <4 seizure-days/month,population,cycle,3,H1_newmark_penry_any,strict_herzog,True,25,25,4.0,0.16,0.0640345145667644,0.3465362160717886,0.0,,
window_false_positive,seizure_frequency:1 to <4 seizure-days/month,population,cycle,6,H1_newmark_penry_any,strict_herzog,True,25,9,2.0,0.2222222222222222,0.06322510711784671,0.5474110308930111,0.64,,
window_false_positive,seizure_frequency:1 to <4 seizure-days/month,population,cycle,12,H1_newmark_penry_any,strict_herzog,True,25,0,0.0,,,,1.0,,
window_false_positive,seizure_frequency:1 to <4 seizure-days/month,population,full,full_diary,H1_newmark_penry_any,strict_herzog,True,25,25,3.0,0.12,0.04166817150440358,0.2995579392092732,0.0,,
window_false_positive,seizure_frequency:1 to <4 seizure-days/month,healthy_ovulatory,calendar,1,H1_newmark_penry_66_7_any,strict_herzog,True,20,16,3.0,0.1875,0.06591599071428142,0.4300888096197414,0.19999999999999996,,
window_false_positive,seizure_frequency:1 to <4 seizure-days/month,healthy_ovulatory,calendar,3,H1_newmark_penry_66_7_any,strict_herzog,True,20,20,3.0,0.15,0.052368745896216595,0.36041886474075696,0.0,,
window_false_positive,seizure_frequency:1 to <4 seizure-days/month,healthy_ovulatory,calendar,4,H1_newmark_penry_66_7_any,strict_herzog,True,20,20,1.0,0.05,0.008881448800795402,0.23613119344674205,0.0,,
window_false_positive,seizure_frequency:1 to <4 seizure-days/month,healthy_ovulatory,calendar,6,H1_newmark_penry_66_7_any,strict_herzog,True,20,20,0.0,0.0,0.0,0.16112515805281938,0.0,,
window_false_positive,seizure_frequency:1 to <4 seizure-days/month,healthy_ovulatory,calendar,12,H1_newmark_penry_66_7_any,strict_herzog,True,20,0,0.0,,,,1.0,,
window_false_positive,seizure_frequency:1 to <4 seizure-days/month,healthy_ovulatory,cycle,3,H1_newmark_penry_66_7_any,strict_herzog,True,20,20,1.0,0.05,0.008881448800795402,0.23613119344674205,0.0,,
window_false_positive,seizure_frequency:1 to <4 seizure-days/month,healthy_ovulatory,cycle,6,H1_newmark_penry_66_7_any,strict_herzog,True,20,15,0.0,0.0,0.0,0.20388330103584862,0.25,,
window_false_positive,seizure_frequency:1 to <4 seizure-days/month,healthy_ovulatory,cycle,12,H1_newmark_penry_66_7_any,strict_herzog,True,20,0,0.0,,,,1.0,,
window_false_positive,seizure_frequency:1 to <4 seizure-days/month,healthy_ovulatory,full,full_diary,H1_newmark_penry_66_7_any,strict_herzog,True,20,20,0.0,0.0,0.0,0.16112515805281938,0.0,,
window_false_positive,seizure_frequency:1 to <4 seizure-days/month,population,calendar,1,H1_newmark_penry_66_7_any,strict_herzog,True,25,21,3.0,0.14285714285714285,0.04981012499725268,0.34636060280620945,0.16000000000000003,,
window_false_positive,seizure_frequency:1 to <4 seizure-days/month,population,calendar,3,H1_newmark_penry_66_7_any,strict_herzog,True,25,25,2.0,0.08,0.022220401284847563,0.24966108950395313,0.0,,
window_false_positive,seizure_frequency:1 to <4 seizure-days/month,population,calendar,4,H1_newmark_penry_66_7_any,strict_herzog,True,25,25,0.0,0.0,1.3877787807814457e-17,0.13319225093904846,0.0,,
window_false_positive,seizure_frequency:1 to <4 seizure-days/month,population,calendar,6,H1_newmark_penry_66_7_any,strict_herzog,True,25,25,0.0,0.0,1.3877787807814457e-17,0.13319225093904846,0.0,,
window_false_positive,seizure_frequency:1 to <4 seizure-days/month,population,calendar,12,H1_newmark_penry_66_7_any,strict_herzog,True,25,0,0.0,,,,1.0,,
window_false_positive,seizure_frequency:1 to <4 seizure-days/month,population,cycle,3,H1_newmark_penry_66_7_any,strict_herzog,True,25,25,1.0,0.04,0.007096233501987265,0.19544063736193734,0.0,,
window_false_positive,seizure_frequency:1 to <4 seizure-days/month,population,cycle,6,H1_newmark_penry_66_7_any,strict_herzog,True,25,9,2.0,0.2222222222222222,0.06322510711784671,0.5474110308930111,0.64,,
window_false_positive,seizure_frequency:1 to <4 seizure-days/month,population,cycle,12,H1_newmark_penry_66_7_any,strict_herzog,True,25,0,0.0,,,,1.0,,
window_false_positive,seizure_frequency:1 to <4 seizure-days/month,population,full,full_diary,H1_newmark_penry_66_7_any,strict_herzog,True,25,25,0.0,0.0,1.3877787807814457e-17,0.13319225093904846,0.0,,
window_false_positive,seizure_frequency:1 to <4 seizure-days/month,healthy_ovulatory,calendar,1,H2_duncan1993_any,strict_herzog,True,20,16,5.0,0.3125,0.14164643854782039,0.5559564416525933,0.19999999999999996,,
window_false_positive,seizure_frequency:1 to <4 seizure-days/month,healthy_ovulatory,calendar,3,H2_duncan1993_any,strict_herzog,True,20,20,1.0,0.05,0.008881448800795402,0.23613119344674205,0.0,,
window_false_positive,seizure_frequency:1 to <4 seizure-days/month,healthy_ovulatory,calendar,4,H2_duncan1993_any,strict_herzog,True,20,20,1.0,0.05,0.008881448800795402,0.23613119344674205,0.0,,
window_false_positive,seizure_frequency:1 to <4 seizure-days/month,healthy_ovulatory,calendar,6,H2_duncan1993_any,strict_herzog,True,20,20,0.0,0.0,0.0,0.16112515805281938,0.0,,
window_false_positive,seizure_frequency:1 to <4 seizure-days/month,healthy_ovulatory,calendar,12,H2_duncan1993_any,strict_herzog,True,20,0,0.0,,,,1.0,,
window_false_positive,seizure_frequency:1 to <4 seizure-days/month,healthy_ovulatory,cycle,3,H2_duncan1993_any,strict_herzog,True,20,20,2.0,0.1,0.027866481213768224,0.3010336452284873,0.0,,
window_false_positive,seizure_frequency:1 to <4 seizure-days/month,healthy_ovulatory,cycle,6,H2_duncan1993_any,strict_herzog,True,20,15,0.0,0.0,0.0,0.20388330103584862,0.25,,
window_false_positive,seizure_frequency:1 to <4 seizure-days/month,healthy_ovulatory,cycle,12,H2_duncan1993_any,strict_herzog,True,20,0,0.0,,,,1.0,,
window_false_positive,seizure_frequency:1 to <4 seizure-days/month,healthy_ovulatory,full,full_diary,H2_duncan1993_any,strict_herzog,True,20,20,0.0,0.0,0.0,0.16112515805281938,0.0,,
window_false_positive,seizure_frequency:1 to <4 seizure-days/month,population,calendar,1,H2_duncan1993_any,strict_herzog,True,25,21,3.0,0.14285714285714285,0.04981012499725268,0.34636060280620945,0.16000000000000003,,
window_false_positive,seizure_frequency:1 to <4 seizure-days/month,population,calendar,3,H2_duncan1993_any,strict_herzog,True,25,25,3.0,0.12,0.04166817150440358,0.2995579392092732,0.0,,
window_false_positive,seizure_frequency:1 to <4 seizure-days/month,population,calendar,4,H2_duncan1993_any,strict_herzog,True,25,25,1.0,0.04,0.007096233501987265,0.19544063736193734,0.0,,
window_false_positive,seizure_frequency:1 to <4 seizure-days/month,population,calendar,6,H2_duncan1993_any,strict_herzog,True,25,25,0.0,0.0,1.3877787807814457e-17,0.13319225093904846,0.0,,
window_false_positive,seizure_frequency:1 to <4 seizure-days/month,population,calendar,12,H2_duncan1993_any,strict_herzog,True,25,0,0.0,,,,1.0,,
window_false_positive,seizure_frequency:1 to <4 seizure-days/month,population,cycle,3,H2_duncan1993_any,strict_herzog,True,25,25,2.0,0.08,0.022220401284847563,0.24966108950395313,0.0,,
window_false_positive,seizure_frequency:1 to <4 seizure-days/month,population,cycle,6,H2_duncan1993_any,strict_herzog,True,25,9,1.0,0.1111111111111111,0.019890887638544907,0.434999705576656,0.64,,
window_false_positive,seizure_frequency:1 to <4 seizure-days/month,population,cycle,12,H2_duncan1993_any,strict_herzog,True,25,0,0.0,,,,1.0,,
window_false_positive,seizure_frequency:1 to <4 seizure-days/month,population,full,full_diary,H2_duncan1993_any,strict_herzog,True,25,25,0.0,0.0,1.3877787807814457e-17,0.13319225093904846,0.0,,
window_false_positive,seizure_frequency:1 to <4 seizure-days/month,healthy_ovulatory,calendar,1,H3_herzog1997_twofold_any,strict_herzog,True,20,16,12.0,0.75,0.5050168346449122,0.8981793250878696,0.19999999999999996,,
window_false_positive,seizure_frequency:1 to <4 seizure-days/month,healthy_ovulatory,calendar,3,H3_herzog1997_twofold_any,strict_herzog,True,20,20,13.0,0.65,0.4328542766852363,0.8188081758989179,0.0,,
window_false_positive,seizure_frequency:1 to <4 seizure-days/month,healthy_ovulatory,calendar,4,H3_herzog1997_twofold_any,strict_herzog,True,20,20,9.0,0.45,0.2581978582556243,0.6579146575496577,0.0,,
window_false_positive,seizure_frequency:1 to <4 seizure-days/month,healthy_ovulatory,calendar,6,H3_herzog1997_twofold_any,strict_herzog,True,20,20,9.0,0.45,0.2581978582556243,0.6579146575496577,0.0,,
window_false_positive,seizure_frequency:1 to <4 seizure-days/month,healthy_ovulatory,calendar,12,H3_herzog1997_twofold_any,strict_herzog,True,20,0,0.0,,,,1.0,,
window_false_positive,seizure_frequency:1 to <4 seizure-days/month,healthy_ovulatory,cycle,3,H3_herzog1997_twofold_any,strict_herzog,True,20,20,10.0,0.5,0.29929800819821234,0.7007019918017876,0.0,,
window_false_positive,seizure_frequency:1 to <4 seizure-days/month,healthy_ovulatory,cycle,6,H3_herzog1997_twofold_any,strict_herzog,True,20,15,7.0,0.4666666666666667,0.24809535365737387,0.698830199745016,0.25,,
window_false_positive,seizure_frequency:1 to <4 seizure-days/month,healthy_ovulatory,cycle,12,H3_herzog1997_twofold_any,strict_herzog,True,20,0,0.0,,,,1.0,,
window_false_positive,seizure_frequency:1 to <4 seizure-days/month,healthy_ovulatory,full,full_diary,H3_herzog1997_twofold_any,strict_herzog,True,20,20,9.0,0.45,0.2581978582556243,0.6579146575496577,0.0,,
window_false_positive,seizure_frequency:1 to <4 seizure-days/month,population,calendar,1,H3_herzog1997_twofold_any,strict_herzog,True,25,21,14.0,0.6666666666666666,0.4537345197425524,0.8280524739491653,0.16000000000000003,,
window_false_positive,seizure_frequency:1 to <4 seizure-days/month,population,calendar,3,H3_herzog1997_twofold_any,strict_herzog,True,25,25,16.0,0.64,0.44518497748164865,0.7975211922554178,0.0,,
window_false_positive,seizure_frequency:1 to <4 seizure-days/month,population,calendar,4,H3_herzog1997_twofold_any,strict_herzog,True,25,25,16.0,0.64,0.44518497748164865,0.7975211922554178,0.0,,
window_false_positive,seizure_frequency:1 to <4 seizure-days/month,population,calendar,6,H3_herzog1997_twofold_any,strict_herzog,True,25,25,15.0,0.6,0.40739457358966996,0.7659669762225203,0.0,,
window_false_positive,seizure_frequency:1 to <4 seizure-days/month,population,calendar,12,H3_herzog1997_twofold_any,strict_herzog,True,25,0,0.0,,,,1.0,,
window_false_positive,seizure_frequency:1 to <4 seizure-days/month,population,cycle,3,H3_herzog1997_twofold_any,strict_herzog,True,25,25,17.0,0.68,0.48410269273102247,0.8279480969309202,0.0,,
window_false_positive,seizure_frequency:1 to <4 seizure-days/month,population,cycle,6,H3_herzog1997_twofold_any,strict_herzog,True,25,9,7.0,0.7777777777777778,0.45258896910698887,0.9367748928821533,0.64,,
window_false_positive,seizure_frequency:1 to <4 seizure-days/month,population,cycle,12,H3_herzog1997_twofold_any,strict_herzog,True,25,0,0.0,,,,1.0,,
window_false_positive,seizure_frequency:1 to <4 seizure-days/month,population,full,full_diary,H3_herzog1997_twofold_any,strict_herzog,True,25,25,15.0,0.6,0.40739457358966996,0.7659669762225203,0.0,,
window_false_positive,seizure_frequency:1 to <4 seizure-days/month,healthy_ovulatory,calendar,1,H4_reddy2007_any_phase2x_any,strict_herzog,True,20,16,15.0,0.9375,0.7167126242970107,0.9888806552353576,0.19999999999999996,,
window_false_positive,seizure_frequency:1 to <4 seizure-days/month,healthy_ovulatory,calendar,3,H4_reddy2007_any_phase2x_any,strict_herzog,True,20,20,15.0,0.75,0.531299122381256,0.8881382985923343,0.0,,
window_false_positive,seizure_frequency:1 to <4 seizure-days/month,healthy_ovulatory,calendar,4,H4_reddy2007_any_phase2x_any,strict_herzog,True,20,20,13.0,0.65,0.4328542766852363,0.8188081758989179,0.0,,
window_false_positive,seizure_frequency:1 to <4 seizure-days/month,healthy_ovulatory,calendar,6,H4_reddy2007_any_phase2x_any,strict_herzog,True,20,20,9.0,0.45,0.2581978582556243,0.6579146575496577,0.0,,
window_false_positive,seizure_frequency:1 to <4 seizure-days/month,healthy_ovulatory,calendar,12,H4_reddy2007_any_phase2x_any,strict_herzog,True,20,0,0.0,,,,1.0,,
window_false_positive,seizure_frequency:1 to <4 seizure-days/month,healthy_ovulatory,cycle,3,H4_reddy2007_any_phase2x_any,strict_herzog,True,20,20,14.0,0.7,0.4810271816464765,0.8545227551323956,0.0,,
window_false_positive,seizure_frequency:1 to <4 seizure-days/month,healthy_ovulatory,cycle,6,H4_reddy2007_any_phase2x_any,strict_herzog,True,20,15,7.0,0.4666666666666667,0.24809535365737387,0.698830199745016,0.25,,
window_false_positive,seizure_frequency:1 to <4 seizure-days/month,healthy_ovulatory,cycle,12,H4_reddy2007_any_phase2x_any,strict_herzog,True,20,0,0.0,,,,1.0,,
window_false_positive,seizure_frequency:1 to <4 seizure-days/month,healthy_ovulatory,full,full_diary,H4_reddy2007_any_phase2x_any,strict_herzog,True,20,20,9.0,0.45,0.2581978582556243,0.6579146575496577,0.0,,
window_false_positive,seizure_frequency:1 to <4 seizure-days/month,population,calendar,1,H4_reddy2007_any_phase2x_any,strict_herzog,True,25,21,21.0,1.0,0.8453609810751531,1.0,0.16000000000000003,,
window_false_positive,seizure_frequency:1 to <4 seizure-days/month,population,calendar,3,H4_reddy2007_any_phase2x_any,strict_herzog,True,25,25,21.0,0.84,0.6534637839282114,0.9359654854332355,0.0,,
window_false_positive,seizure_frequency:1 to <4 seizure-days/month,population,calendar,4,H4_reddy2007_any_phase2x_any,strict_herzog,True,25,25,17.0,0.68,0.48410269273102247,0.8279480969309202,0.0,,
window_false_positive,seizure_frequency:1 to <4 seizure-days/month,population,calendar,6,H4_reddy2007_any_phase2x_any,strict_herzog,True,25,25,13.0,0.52,0.3349851695035678,0.6996871404588704,0.0,,
window_false_positive,seizure_frequency:1 to <4 seizure-days/month,population,calendar,12,H4_reddy2007_any_phase2x_any,strict_herzog,True,25,0,0.0,,,,1.0,,
window_false_positive,seizure_frequency:1 to <4 seizure-days/month,population,cycle,3,H4_reddy2007_any_phase2x_any,strict_herzog,True,25,25,20.0,0.8,0.6086904963045967,0.9113941531319742,0.0,,
window_false_positive,seizure_frequency:1 to <4 seizure-days/month,population,cycle,6,H4_reddy2007_any_phase2x_any,strict_herzog,True,25,9,5.0,0.5555555555555556,0.26665129349549305,0.8112214789023355,0.64,,
window_false_positive,seizure_frequency:1 to <4 seizure-days/month,population,cycle,12,H4_reddy2007_any_phase2x_any,strict_herzog,True,25,0,0.0,,,,1.0,,
window_false_positive,seizure_frequency:1 to <4 seizure-days/month,population,full,full_diary,H4_reddy2007_any_phase2x_any,strict_herzog,True,25,25,13.0,0.52,0.3349851695035678,0.6996871404588704,0.0,,
window_false_positive,seizure_frequency:4 to <10 seizure-days/month,healthy_ovulatory,calendar,1,A_exact_any,strict_herzog,False,15,0,0.0,,,,1.0,,
window_false_positive,seizure_frequency:4 to <10 seizure-days/month,healthy_ovulatory,calendar,3,A_exact_any,strict_herzog,False,15,0,0.0,,,,1.0,,
window_false_positive,seizure_frequency:4 to <10 seizure-days/month,healthy_ovulatory,calendar,4,A_exact_any,strict_herzog,False,15,0,0.0,,,,1.0,,
window_false_positive,seizure_frequency:4 to <10 seizure-days/month,healthy_ovulatory,calendar,6,A_exact_any,strict_herzog,False,15,0,0.0,,,,1.0,,
window_false_positive,seizure_frequency:4 to <10 seizure-days/month,healthy_ovulatory,calendar,12,A_exact_any,strict_herzog,False,15,0,0.0,,,,1.0,,
window_false_positive,seizure_frequency:4 to <10 seizure-days/month,healthy_ovulatory,cycle,3,A_exact_any,strict_herzog,False,15,12,3.0,0.25,0.08894166839405471,0.5323053349335657,0.19999999999999996,,
window_false_positive,seizure_frequency:4 to <10 seizure-days/month,healthy_ovulatory,cycle,6,A_exact_any,strict_herzog,False,15,0,0.0,,,,1.0,,
window_false_positive,seizure_frequency:4 to <10 seizure-days/month,healthy_ovulatory,cycle,12,A_exact_any,strict_herzog,False,15,0,0.0,,,,1.0,,
window_false_positive,seizure_frequency:4 to <10 seizure-days/month,healthy_ovulatory,full,full_diary,A_exact_any,strict_herzog,False,15,0,0.0,,,,1.0,,
window_false_positive,seizure_frequency:4 to <10 seizure-days/month,population,calendar,1,A_exact_any,strict_herzog,False,16,0,0.0,,,,1.0,,
window_false_positive,seizure_frequency:4 to <10 seizure-days/month,population,calendar,3,A_exact_any,strict_herzog,False,16,0,0.0,,,,1.0,,
window_false_positive,seizure_frequency:4 to <10 seizure-days/month,population,calendar,4,A_exact_any,strict_herzog,False,16,0,0.0,,,,1.0,,
window_false_positive,seizure_frequency:4 to <10 seizure-days/month,population,calendar,6,A_exact_any,strict_herzog,False,16,0,0.0,,,,1.0,,
window_false_positive,seizure_frequency:4 to <10 seizure-days/month,population,calendar,12,A_exact_any,strict_herzog,False,16,0,0.0,,,,1.0,,
window_false_positive,seizure_frequency:4 to <10 seizure-days/month,population,cycle,3,A_exact_any,strict_herzog,False,16,9,5.0,0.5555555555555556,0.26665129349549305,0.8112214789023355,0.4375,,
window_false_positive,seizure_frequency:4 to <10 seizure-days/month,population,cycle,6,A_exact_any,strict_herzog,False,16,0,0.0,,,,1.0,,
window_false_positive,seizure_frequency:4 to <10 seizure-days/month,population,cycle,12,A_exact_any,strict_herzog,False,16,0,0.0,,,,1.0,,
window_false_positive,seizure_frequency:4 to <10 seizure-days/month,population,full,full_diary,A_exact_any,strict_herzog,False,16,0,0.0,,,,1.0,,
window_false_positive,seizure_frequency:4 to <10 seizure-days/month,healthy_ovulatory,calendar,1,A_windowed_any,strict_herzog,False,15,15,7.0,0.4666666666666667,0.24809535365737387,0.698830199745016,0.0,,
window_false_positive,seizure_frequency:4 to <10 seizure-days/month,healthy_ovulatory,calendar,3,A_windowed_any,strict_herzog,False,15,15,4.0,0.26666666666666666,0.10897453325692374,0.5195043405598057,0.0,,
window_false_positive,seizure_frequency:4 to <10 seizure-days/month,healthy_ovulatory,calendar,4,A_windowed_any,strict_herzog,False,15,15,5.0,0.3333333333333333,0.15176324439714725,0.5828645226148023,0.0,,
window_false_positive,seizure_frequency:4 to <10 seizure-days/month,healthy_ovulatory,calendar,6,A_windowed_any,strict_herzog,False,15,15,5.0,0.3333333333333333,0.15176324439714725,0.5828645226148023,0.0,,
window_false_positive,seizure_frequency:4 to <10 seizure-days/month,healthy_ovulatory,calendar,12,A_windowed_any,strict_herzog,False,15,0,0.0,,,,1.0,,
window_false_positive,seizure_frequency:4 to <10 seizure-days/month,healthy_ovulatory,cycle,3,A_windowed_any,strict_herzog,False,15,15,5.0,0.3333333333333333,0.15176324439714725,0.5828645226148023,0.0,,
window_false_positive,seizure_frequency:4 to <10 seizure-days/month,healthy_ovulatory,cycle,6,A_windowed_any,strict_herzog,False,15,13,5.0,0.38461538461538464,0.17709707797762575,0.6447710848733431,0.1333333333333333,,
window_false_positive,seizure_frequency:4 to <10 seizure-days/month,healthy_ovulatory,cycle,12,A_windowed_any,strict_herzog,False,15,0,0.0,,,,1.0,,
window_false_positive,seizure_frequency:4 to <10 seizure-days/month,healthy_ovulatory,full,full_diary,A_windowed_any,strict_herzog,False,15,15,5.0,0.3333333333333333,0.15176324439714725,0.5828645226148023,0.0,,
window_false_positive,seizure_frequency:4 to <10 seizure-days/month,population,calendar,1,A_windowed_any,strict_herzog,False,16,15,10.0,0.6666666666666666,0.41713547738519763,0.8482367556028527,0.0625,,
window_false_positive,seizure_frequency:4 to <10 seizure-days/month,population,calendar,3,A_windowed_any,strict_herzog,False,16,16,11.0,0.6875,0.44404355834740666,0.8583535614521796,0.0,,
window_false_positive,seizure_frequency:4 to <10 seizure-days/month,population,calendar,4,A_windowed_any,strict_herzog,False,16,16,9.0,0.5625,0.331785563988119,0.7690134759450765,0.0,,
window_false_positive,seizure_frequency:4 to <10 seizure-days/month,population,calendar,6,A_windowed_any,strict_herzog,False,16,16,9.0,0.5625,0.331785563988119,0.7690134759450765,0.0,,
window_false_positive,seizure_frequency:4 to <10 seizure-days/month,population,calendar,12,A_windowed_any,strict_herzog,False,16,0,0.0,,,,1.0,,
window_false_positive,seizure_frequency:4 to <10 seizure-days/month,population,cycle,3,A_windowed_any,strict_herzog,False,16,16,10.0,0.625,0.38641040545502714,0.8151876744113636,0.0,,
window_false_positive,seizure_frequency:4 to <10 seizure-days/month,population,cycle,6,A_windowed_any,strict_herzog,False,16,6,2.0,0.3333333333333333,0.09677141110578041,0.700006684861608,0.625,,
window_false_positive,seizure_frequency:4 to <10 seizure-days/month,population,cycle,12,A_windowed_any,strict_herzog,False,16,0,0.0,,,,1.0,,
window_false_positive,seizure_frequency:4 to <10 seizure-days/month,population,full,full_diary,A_windowed_any,strict_herzog,False,16,16,9.0,0.5625,0.331785563988119,0.7690134759450765,0.0,,
window_false_positive,seizure_frequency:4 to <10 seizure-days/month,healthy_ovulatory,calendar,1,A_windowed_excluding_C3,strict_herzog,False,15,15,7.0,0.4666666666666667,0.24809535365737387,0.698830199745016,0.0,,
window_false_positive,seizure_frequency:4 to <10 seizure-days/month,healthy_ovulatory,calendar,3,A_windowed_excluding_C3,strict_herzog,False,15,15,4.0,0.26666666666666666,0.10897453325692374,0.5195043405598057,0.0,,
window_false_positive,seizure_frequency:4 to <10 seizure-days/month,healthy_ovulatory,calendar,4,A_windowed_excluding_C3,strict_herzog,False,15,15,5.0,0.3333333333333333,0.15176324439714725,0.5828645226148023,0.0,,
window_false_positive,seizure_frequency:4 to <10 seizure-days/month,healthy_ovulatory,calendar,6,A_windowed_excluding_C3,strict_herzog,False,15,15,5.0,0.3333333333333333,0.15176324439714725,0.5828645226148023,0.0,,
window_false_positive,seizure_frequency:4 to <10 seizure-days/month,healthy_ovulatory,calendar,12,A_windowed_excluding_C3,strict_herzog,False,15,0,0.0,,,,1.0,,
window_false_positive,seizure_frequency:4 to <10 seizure-days/month,healthy_ovulatory,cycle,3,A_windowed_excluding_C3,strict_herzog,False,15,15,5.0,0.3333333333333333,0.15176324439714725,0.5828645226148023,0.0,,
window_false_positive,seizure_frequency:4 to <10 seizure-days/month,healthy_ovulatory,cycle,6,A_windowed_excluding_C3,strict_herzog,False,15,13,5.0,0.38461538461538464,0.17709707797762575,0.6447710848733431,0.1333333333333333,,
window_false_positive,seizure_frequency:4 to <10 seizure-days/month,healthy_ovulatory,cycle,12,A_windowed_excluding_C3,strict_herzog,False,15,0,0.0,,,,1.0,,
window_false_positive,seizure_frequency:4 to <10 seizure-days/month,healthy_ovulatory,full,full_diary,A_windowed_excluding_C3,strict_herzog,False,15,15,5.0,0.3333333333333333,0.15176324439714725,0.5828645226148023,0.0,,
window_false_positive,seizure_frequency:4 to <10 seizure-days/month,population,calendar,1,A_windowed_excluding_C3,strict_herzog,False,16,15,9.0,0.6,0.357468301206246,0.8017550385865841,0.0625,,
window_false_positive,seizure_frequency:4 to <10 seizure-days/month,population,calendar,3,A_windowed_excluding_C3,strict_herzog,False,16,16,10.0,0.625,0.38641040545502714,0.8151876744113636,0.0,,
window_false_positive,seizure_frequency:4 to <10 seizure-days/month,population,calendar,4,A_windowed_excluding_C3,strict_herzog,False,16,16,9.0,0.5625,0.331785563988119,0.7690134759450765,0.0,,
window_false_positive,seizure_frequency:4 to <10 seizure-days/month,population,calendar,6,A_windowed_excluding_C3,strict_herzog,False,16,16,8.0,0.5,0.27999563610326017,0.7200043638967398,0.0,,
window_false_positive,seizure_frequency:4 to <10 seizure-days/month,population,calendar,12,A_windowed_excluding_C3,strict_herzog,False,16,0,0.0,,,,1.0,,
window_false_positive,seizure_frequency:4 to <10 seizure-days/month,population,cycle,3,A_windowed_excluding_C3,strict_herzog,False,16,16,8.0,0.5,0.27999563610326017,0.7200043638967398,0.0,,
window_false_positive,seizure_frequency:4 to <10 seizure-days/month,population,cycle,6,A_windowed_excluding_C3,strict_herzog,False,16,6,2.0,0.3333333333333333,0.09677141110578041,0.700006684861608,0.625,,
window_false_positive,seizure_frequency:4 to <10 seizure-days/month,population,cycle,12,A_windowed_excluding_C3,strict_herzog,False,16,0,0.0,,,,1.0,,
window_false_positive,seizure_frequency:4 to <10 seizure-days/month,population,full,full_diary,A_windowed_excluding_C3,strict_herzog,False,16,16,8.0,0.5,0.27999563610326017,0.7200043638967398,0.0,,
window_false_positive,seizure_frequency:4 to <10 seizure-days/month,healthy_ovulatory,calendar,1,A_windowed_C1_only,strict_herzog,False,15,15,7.0,0.4666666666666667,0.24809535365737387,0.698830199745016,0.0,,
window_false_positive,seizure_frequency:4 to <10 seizure-days/month,healthy_ovulatory,calendar,3,A_windowed_C1_only,strict_herzog,False,15,15,3.0,0.2,0.07047549346981563,0.45185448715169363,0.0,,
window_false_positive,seizure_frequency:4 to <10 seizure-days/month,healthy_ovulatory,calendar,4,A_windowed_C1_only,strict_herzog,False,15,15,5.0,0.3333333333333333,0.15176324439714725,0.5828645226148023,0.0,,
window_false_positive,seizure_frequency:4 to <10 seizure-days/month,healthy_ovulatory,calendar,6,A_windowed_C1_only,strict_herzog,False,15,15,5.0,0.3333333333333333,0.15176324439714725,0.5828645226148023,0.0,,
window_false_positive,seizure_frequency:4 to <10 seizure-days/month,healthy_ovulatory,calendar,12,A_windowed_C1_only,strict_herzog,False,15,0,0.0,,,,1.0,,
window_false_positive,seizure_frequency:4 to <10 seizure-days/month,healthy_ovulatory,cycle,3,A_windowed_C1_only,strict_herzog,False,15,15,5.0,0.3333333333333333,0.15176324439714725,0.5828645226148023,0.0,,
window_false_positive,seizure_frequency:4 to <10 seizure-days/month,healthy_ovulatory,cycle,6,A_windowed_C1_only,strict_herzog,False,15,13,5.0,0.38461538461538464,0.17709707797762575,0.6447710848733431,0.1333333333333333,,
window_false_positive,seizure_frequency:4 to <10 seizure-days/month,healthy_ovulatory,cycle,12,A_windowed_C1_only,strict_herzog,False,15,0,0.0,,,,1.0,,
window_false_positive,seizure_frequency:4 to <10 seizure-days/month,healthy_ovulatory,full,full_diary,A_windowed_C1_only,strict_herzog,False,15,15,5.0,0.3333333333333333,0.15176324439714725,0.5828645226148023,0.0,,
window_false_positive,seizure_frequency:4 to <10 seizure-days/month,population,calendar,1,A_windowed_C1_only,strict_herzog,False,16,14,6.0,0.42857142857142855,0.21380798904474121,0.6740935542034926,0.125,,
window_false_positive,seizure_frequency:4 to <10 seizure-days/month,population,calendar,3,A_windowed_C1_only,strict_herzog,False,16,16,9.0,0.5625,0.331785563988119,0.7690134759450765,0.0,,
window_false_positive,seizure_frequency:4 to <10 seizure-days/month,population,calendar,4,A_windowed_C1_only,strict_herzog,False,16,16,9.0,0.5625,0.331785563988119,0.7690134759450765,0.0,,
window_false_positive,seizure_frequency:4 to <10 seizure-days/month,population,calendar,6,A_windowed_C1_only,strict_herzog,False,16,16,8.0,0.5,0.27999563610326017,0.7200043638967398,0.0,,
window_false_positive,seizure_frequency:4 to <10 seizure-days/month,population,calendar,12,A_windowed_C1_only,strict_herzog,False,16,0,0.0,,,,1.0,,
window_false_positive,seizure_frequency:4 to <10 seizure-days/month,population,cycle,3,A_windowed_C1_only,strict_herzog,False,16,16,7.0,0.4375,0.23098652405492354,0.6682144360118811,0.0,,
window_false_positive,seizure_frequency:4 to <10 seizure-days/month,population,cycle,6,A_windowed_C1_only,strict_herzog,False,16,6,2.0,0.3333333333333333,0.09677141110578041,0.700006684861608,0.625,,
window_false_positive,seizure_frequency:4 to <10 seizure-days/month,population,cycle,12,A_windowed_C1_only,strict_herzog,False,16,0,0.0,,,,1.0,,
window_false_positive,seizure_frequency:4 to <10 seizure-days/month,population,full,full_diary,A_windowed_C1_only,strict_herzog,False,16,16,8.0,0.5,0.27999563610326017,0.7200043638967398,0.0,,
window_false_positive,seizure_frequency:4 to <10 seizure-days/month,healthy_ovulatory,calendar,1,A_windowed_C2_only,strict_herzog,False,15,15,1.0,0.06666666666666667,0.011866895493268553,0.2981652987378003,0.0,,
window_false_positive,seizure_frequency:4 to <10 seizure-days/month,healthy_ovulatory,calendar,3,A_windowed_C2_only,strict_herzog,False,15,15,1.0,0.06666666666666667,0.011866895493268553,0.2981652987378003,0.0,,
window_false_positive,seizure_frequency:4 to <10 seizure-days/month,healthy_ovulatory,calendar,4,A_windowed_C2_only,strict_herzog,False,15,15,0.0,0.0,0.0,0.20388330103584862,0.0,,
window_false_positive,seizure_frequency:4 to <10 seizure-days/month,healthy_ovulatory,calendar,6,A_windowed_C2_only,strict_herzog,False,15,15,0.0,0.0,0.0,0.20388330103584862,0.0,,
window_false_positive,seizure_frequency:4 to <10 seizure-days/month,healthy_ovulatory,calendar,12,A_windowed_C2_only,strict_herzog,False,15,0,0.0,,,,1.0,,
window_false_positive,seizure_frequency:4 to <10 seizure-days/month,healthy_ovulatory,cycle,3,A_windowed_C2_only,strict_herzog,False,15,15,0.0,0.0,0.0,0.20388330103584862,0.0,,
window_false_positive,seizure_frequency:4 to <10 seizure-days/month,healthy_ovulatory,cycle,6,A_windowed_C2_only,strict_herzog,False,15,13,0.0,0.0,0.0,0.22809537235419838,0.1333333333333333,,
window_false_positive,seizure_frequency:4 to <10 seizure-days/month,healthy_ovulatory,cycle,12,A_windowed_C2_only,strict_herzog,False,15,0,0.0,,,,1.0,,
window_false_positive,seizure_frequency:4 to <10 seizure-days/month,healthy_ovulatory,full,full_diary,A_windowed_C2_only,strict_herzog,False,15,15,0.0,0.0,0.0,0.20388330103584862,0.0,,
window_false_positive,seizure_frequency:4 to <10 seizure-days/month,population,calendar,1,A_windowed_C2_only,strict_herzog,False,16,15,4.0,0.26666666666666666,0.10897453325692374,0.5195043405598057,0.0625,,
window_false_positive,seizure_frequency:4 to <10 seizure-days/month,population,calendar,3,A_windowed_C2_only,strict_herzog,False,16,16,5.0,0.3125,0.14164643854782039,0.5559564416525933,0.0,,
window_false_positive,seizure_frequency:4 to <10 seizure-days/month,population,calendar,4,A_windowed_C2_only,strict_herzog,False,16,16,6.0,0.375,0.18481232558863633,0.6135895945449727,0.0,,
window_false_positive,seizure_frequency:4 to <10 seizure-days/month,population,calendar,6,A_windowed_C2_only,strict_herzog,False,16,16,3.0,0.1875,0.06591599071428142,0.4300888096197414,0.0,,
window_false_positive,seizure_frequency:4 to <10 seizure-days/month,population,calendar,12,A_windowed_C2_only,strict_herzog,False,16,0,0.0,,,,1.0,,
window_false_positive,seizure_frequency:4 to <10 seizure-days/month,population,cycle,3,A_windowed_C2_only,strict_herzog,False,16,16,5.0,0.3125,0.14164643854782039,0.5559564416525933,0.0,,
window_false_positive,seizure_frequency:4 to <10 seizure-days/month,population,cycle,6,A_windowed_C2_only,strict_herzog,False,16,6,1.0,0.16666666666666666,0.030053369748306635,0.5635028221864702,0.625,,
window_false_positive,seizure_frequency:4 to <10 seizure-days/month,population,cycle,12,A_windowed_C2_only,strict_herzog,False,16,0,0.0,,,,1.0,,
window_false_positive,seizure_frequency:4 to <10 seizure-days/month,population,full,full_diary,A_windowed_C2_only,strict_herzog,False,16,16,3.0,0.1875,0.06591599071428142,0.4300888096197414,0.0,,
window_false_positive,seizure_frequency:4 to <10 seizure-days/month,healthy_ovulatory,calendar,1,A_windowed_C3_only,strict_herzog,False,15,0,0.0,,,,1.0,,
window_false_positive,seizure_frequency:4 to <10 seizure-days/month,healthy_ovulatory,calendar,3,A_windowed_C3_only,strict_herzog,False,15,0,0.0,,,,1.0,,
window_false_positive,seizure_frequency:4 to <10 seizure-days/month,healthy_ovulatory,calendar,4,A_windowed_C3_only,strict_herzog,False,15,0,0.0,,,,1.0,,
window_false_positive,seizure_frequency:4 to <10 seizure-days/month,healthy_ovulatory,calendar,6,A_windowed_C3_only,strict_herzog,False,15,0,0.0,,,,1.0,,
window_false_positive,seizure_frequency:4 to <10 seizure-days/month,healthy_ovulatory,calendar,12,A_windowed_C3_only,strict_herzog,False,15,0,0.0,,,,1.0,,
window_false_positive,seizure_frequency:4 to <10 seizure-days/month,healthy_ovulatory,cycle,3,A_windowed_C3_only,strict_herzog,False,15,0,0.0,,,,1.0,,
window_false_positive,seizure_frequency:4 to <10 seizure-days/month,healthy_ovulatory,cycle,6,A_windowed_C3_only,strict_herzog,False,15,0,0.0,,,,1.0,,
window_false_positive,seizure_frequency:4 to <10 seizure-days/month,healthy_ovulatory,cycle,12,A_windowed_C3_only,strict_herzog,False,15,0,0.0,,,,1.0,,
window_false_positive,seizure_frequency:4 to <10 seizure-days/month,healthy_ovulatory,full,full_diary,A_windowed_C3_only,strict_herzog,False,15,0,0.0,,,,1.0,,
window_false_positive,seizure_frequency:4 to <10 seizure-days/month,population,calendar,1,A_windowed_C3_only,strict_herzog,False,16,2,2.0,1.0,0.34238022750665303,1.0,0.875,,
window_false_positive,seizure_frequency:4 to <10 seizure-days/month,population,calendar,3,A_windowed_C3_only,strict_herzog,False,16,8,3.0,0.375,0.13684428582359742,0.6942576053973727,0.5,,
window_false_positive,seizure_frequency:4 to <10 seizure-days/month,population,calendar,4,A_windowed_C3_only,strict_herzog,False,16,6,2.0,0.3333333333333333,0.09677141110578041,0.700006684861608,0.625,,
window_false_positive,seizure_frequency:4 to <10 seizure-days/month,population,calendar,6,A_windowed_C3_only,strict_herzog,False,16,9,3.0,0.3333333333333333,0.1205838183869109,0.6457978644196036,0.4375,,
window_false_positive,seizure_frequency:4 to <10 seizure-days/month,population,calendar,12,A_windowed_C3_only,strict_herzog,False,16,0,0.0,,,,1.0,,
window_false_positive,seizure_frequency:4 to <10 seizure-days/month,population,cycle,3,A_windowed_C3_only,strict_herzog,False,16,5,3.0,0.6,0.2307242812760128,0.882379225767352,0.6875,,
window_false_positive,seizure_frequency:4 to <10 seizure-days/month,population,cycle,6,A_windowed_C3_only,strict_herzog,False,16,2,0.0,0.0,0.0,0.6576197724933469,0.875,,
window_false_positive,seizure_frequency:4 to <10 seizure-days/month,population,cycle,12,A_windowed_C3_only,strict_herzog,False,16,0,0.0,,,,1.0,,
window_false_positive,seizure_frequency:4 to <10 seizure-days/month,population,full,full_diary,A_windowed_C3_only,strict_herzog,False,16,9,3.0,0.3333333333333333,0.1205838183869109,0.6457978644196036,0.4375,,
window_false_positive,seizure_frequency:4 to <10 seizure-days/month,healthy_ovulatory,calendar,1,B_minimum_data_any,strict_herzog,False,15,0,0.0,,,,1.0,,
window_false_positive,seizure_frequency:4 to <10 seizure-days/month,healthy_ovulatory,calendar,3,B_minimum_data_any,strict_herzog,False,15,0,0.0,,,,1.0,,
window_false_positive,seizure_frequency:4 to <10 seizure-days/month,healthy_ovulatory,calendar,4,B_minimum_data_any,strict_herzog,False,15,15,5.0,0.3333333333333333,0.15176324439714725,0.5828645226148023,0.0,,
window_false_positive,seizure_frequency:4 to <10 seizure-days/month,healthy_ovulatory,calendar,6,B_minimum_data_any,strict_herzog,False,15,15,5.0,0.3333333333333333,0.15176324439714725,0.5828645226148023,0.0,,
window_false_positive,seizure_frequency:4 to <10 seizure-days/month,healthy_ovulatory,calendar,12,B_minimum_data_any,strict_herzog,False,15,0,0.0,,,,1.0,,
window_false_positive,seizure_frequency:4 to <10 seizure-days/month,healthy_ovulatory,cycle,3,B_minimum_data_any,strict_herzog,False,15,0,0.0,,,,1.0,,
window_false_positive,seizure_frequency:4 to <10 seizure-days/month,healthy_ovulatory,cycle,6,B_minimum_data_any,strict_herzog,False,15,13,5.0,0.38461538461538464,0.17709707797762575,0.6447710848733431,0.1333333333333333,,
window_false_positive,seizure_frequency:4 to <10 seizure-days/month,healthy_ovulatory,cycle,12,B_minimum_data_any,strict_herzog,False,15,0,0.0,,,,1.0,,
window_false_positive,seizure_frequency:4 to <10 seizure-days/month,healthy_ovulatory,full,full_diary,B_minimum_data_any,strict_herzog,False,15,15,5.0,0.3333333333333333,0.15176324439714725,0.5828645226148023,0.0,,
window_false_positive,seizure_frequency:4 to <10 seizure-days/month,population,calendar,1,B_minimum_data_any,strict_herzog,False,16,0,0.0,,,,1.0,,
window_false_positive,seizure_frequency:4 to <10 seizure-days/month,population,calendar,3,B_minimum_data_any,strict_herzog,False,16,0,0.0,,,,1.0,,
window_false_positive,seizure_frequency:4 to <10 seizure-days/month,population,calendar,4,B_minimum_data_any,strict_herzog,False,16,16,9.0,0.5625,0.331785563988119,0.7690134759450765,0.0,,
window_false_positive,seizure_frequency:4 to <10 seizure-days/month,population,calendar,6,B_minimum_data_any,strict_herzog,False,16,16,9.0,0.5625,0.331785563988119,0.7690134759450765,0.0,,
window_false_positive,seizure_frequency:4 to <10 seizure-days/month,population,calendar,12,B_minimum_data_any,strict_herzog,False,16,0,0.0,,,,1.0,,
window_false_positive,seizure_frequency:4 to <10 seizure-days/month,population,cycle,3,B_minimum_data_any,strict_herzog,False,16,0,0.0,,,,1.0,,
window_false_positive,seizure_frequency:4 to <10 seizure-days/month,population,cycle,6,B_minimum_data_any,strict_herzog,False,16,6,2.0,0.3333333333333333,0.09677141110578041,0.700006684861608,0.625,,
window_false_positive,seizure_frequency:4 to <10 seizure-days/month,population,cycle,12,B_minimum_data_any,strict_herzog,False,16,0,0.0,,,,1.0,,
window_false_positive,seizure_frequency:4 to <10 seizure-days/month,population,full,full_diary,B_minimum_data_any,strict_herzog,False,16,16,9.0,0.5625,0.331785563988119,0.7690134759450765,0.0,,
window_false_positive,seizure_frequency:4 to <10 seizure-days/month,healthy_ovulatory,calendar,1,B_minimum_data_excluding_C3,strict_herzog,False,15,0,0.0,,,,1.0,,
window_false_positive,seizure_frequency:4 to <10 seizure-days/month,healthy_ovulatory,calendar,3,B_minimum_data_excluding_C3,strict_herzog,False,15,0,0.0,,,,1.0,,
window_false_positive,seizure_frequency:4 to <10 seizure-days/month,healthy_ovulatory,calendar,4,B_minimum_data_excluding_C3,strict_herzog,False,15,15,5.0,0.3333333333333333,0.15176324439714725,0.5828645226148023,0.0,,
window_false_positive,seizure_frequency:4 to <10 seizure-days/month,healthy_ovulatory,calendar,6,B_minimum_data_excluding_C3,strict_herzog,False,15,15,5.0,0.3333333333333333,0.15176324439714725,0.5828645226148023,0.0,,
window_false_positive,seizure_frequency:4 to <10 seizure-days/month,healthy_ovulatory,calendar,12,B_minimum_data_excluding_C3,strict_herzog,False,15,0,0.0,,,,1.0,,
window_false_positive,seizure_frequency:4 to <10 seizure-days/month,healthy_ovulatory,cycle,3,B_minimum_data_excluding_C3,strict_herzog,False,15,0,0.0,,,,1.0,,
window_false_positive,seizure_frequency:4 to <10 seizure-days/month,healthy_ovulatory,cycle,6,B_minimum_data_excluding_C3,strict_herzog,False,15,13,5.0,0.38461538461538464,0.17709707797762575,0.6447710848733431,0.1333333333333333,,
window_false_positive,seizure_frequency:4 to <10 seizure-days/month,healthy_ovulatory,cycle,12,B_minimum_data_excluding_C3,strict_herzog,False,15,0,0.0,,,,1.0,,
window_false_positive,seizure_frequency:4 to <10 seizure-days/month,healthy_ovulatory,full,full_diary,B_minimum_data_excluding_C3,strict_herzog,False,15,15,5.0,0.3333333333333333,0.15176324439714725,0.5828645226148023,0.0,,
window_false_positive,seizure_frequency:4 to <10 seizure-days/month,population,calendar,1,B_minimum_data_excluding_C3,strict_herzog,False,16,0,0.0,,,,1.0,,
window_false_positive,seizure_frequency:4 to <10 seizure-days/month,population,calendar,3,B_minimum_data_excluding_C3,strict_herzog,False,16,0,0.0,,,,1.0,,
window_false_positive,seizure_frequency:4 to <10 seizure-days/month,population,calendar,4,B_minimum_data_excluding_C3,strict_herzog,False,16,16,9.0,0.5625,0.331785563988119,0.7690134759450765,0.0,,
window_false_positive,seizure_frequency:4 to <10 seizure-days/month,population,calendar,6,B_minimum_data_excluding_C3,strict_herzog,False,16,16,8.0,0.5,0.27999563610326017,0.7200043638967398,0.0,,
window_false_positive,seizure_frequency:4 to <10 seizure-days/month,population,calendar,12,B_minimum_data_excluding_C3,strict_herzog,False,16,0,0.0,,,,1.0,,
window_false_positive,seizure_frequency:4 to <10 seizure-days/month,population,cycle,3,B_minimum_data_excluding_C3,strict_herzog,False,16,0,0.0,,,,1.0,,
window_false_positive,seizure_frequency:4 to <10 seizure-days/month,population,cycle,6,B_minimum_data_excluding_C3,strict_herzog,False,16,6,2.0,0.3333333333333333,0.09677141110578041,0.700006684861608,0.625,,
window_false_positive,seizure_frequency:4 to <10 seizure-days/month,population,cycle,12,B_minimum_data_excluding_C3,strict_herzog,False,16,0,0.0,,,,1.0,,
window_false_positive,seizure_frequency:4 to <10 seizure-days/month,population,full,full_diary,B_minimum_data_excluding_C3,strict_herzog,False,16,16,8.0,0.5,0.27999563610326017,0.7200043638967398,0.0,,
window_false_positive,seizure_frequency:4 to <10 seizure-days/month,healthy_ovulatory,calendar,1,C_reproducibility_any,strict_herzog,False,15,0,0.0,,,,1.0,,
window_false_positive,seizure_frequency:4 to <10 seizure-days/month,healthy_ovulatory,calendar,3,C_reproducibility_any,strict_herzog,False,15,0,0.0,,,,1.0,,
window_false_positive,seizure_frequency:4 to <10 seizure-days/month,healthy_ovulatory,calendar,4,C_reproducibility_any,strict_herzog,False,15,0,0.0,,,,1.0,,
window_false_positive,seizure_frequency:4 to <10 seizure-days/month,healthy_ovulatory,calendar,6,C_reproducibility_any,strict_herzog,False,15,12,3.0,0.25,0.08894166839405471,0.5323053349335657,0.19999999999999996,,
window_false_positive,seizure_frequency:4 to <10 seizure-days/month,healthy_ovulatory,calendar,12,C_reproducibility_any,strict_herzog,False,15,0,0.0,,,,1.0,,
window_false_positive,seizure_frequency:4 to <10 seizure-days/month,healthy_ovulatory,cycle,3,C_reproducibility_any,strict_herzog,False,15,0,0.0,,,,1.0,,
window_false_positive,seizure_frequency:4 to <10 seizure-days/month,healthy_ovulatory,cycle,6,C_reproducibility_any,strict_herzog,False,15,12,3.0,0.25,0.08894166839405471,0.5323053349335657,0.19999999999999996,,
window_false_positive,seizure_frequency:4 to <10 seizure-days/month,healthy_ovulatory,cycle,12,C_reproducibility_any,strict_herzog,False,15,0,0.0,,,,1.0,,
window_false_positive,seizure_frequency:4 to <10 seizure-days/month,healthy_ovulatory,full,full_diary,C_reproducibility_any,strict_herzog,False,15,12,3.0,0.25,0.08894166839405471,0.5323053349335657,0.19999999999999996,,
window_false_positive,seizure_frequency:4 to <10 seizure-days/month,population,calendar,1,C_reproducibility_any,strict_herzog,False,16,0,0.0,,,,1.0,,
window_false_positive,seizure_frequency:4 to <10 seizure-days/month,population,calendar,3,C_reproducibility_any,strict_herzog,False,16,0,0.0,,,,1.0,,
window_false_positive,seizure_frequency:4 to <10 seizure-days/month,population,calendar,4,C_reproducibility_any,strict_herzog,False,16,0,0.0,,,,1.0,,
window_false_positive,seizure_frequency:4 to <10 seizure-days/month,population,calendar,6,C_reproducibility_any,strict_herzog,False,16,6,1.0,0.16666666666666666,0.030053369748306635,0.5635028221864702,0.625,,
window_false_positive,seizure_frequency:4 to <10 seizure-days/month,population,calendar,12,C_reproducibility_any,strict_herzog,False,16,0,0.0,,,,1.0,,
window_false_positive,seizure_frequency:4 to <10 seizure-days/month,population,cycle,3,C_reproducibility_any,strict_herzog,False,16,0,0.0,,,,1.0,,
window_false_positive,seizure_frequency:4 to <10 seizure-days/month,population,cycle,6,C_reproducibility_any,strict_herzog,False,16,6,1.0,0.16666666666666666,0.030053369748306635,0.5635028221864702,0.625,,
window_false_positive,seizure_frequency:4 to <10 seizure-days/month,population,cycle,12,C_reproducibility_any,strict_herzog,False,16,0,0.0,,,,1.0,,
window_false_positive,seizure_frequency:4 to <10 seizure-days/month,population,full,full_diary,C_reproducibility_any,strict_herzog,False,16,6,1.0,0.16666666666666666,0.030053369748306635,0.5635028221864702,0.625,,
window_false_positive,seizure_frequency:4 to <10 seizure-days/month,healthy_ovulatory,calendar,1,C_reproducibility_12cycle_any,strict_herzog,False,15,0,0.0,,,,1.0,,
window_false_positive,seizure_frequency:4 to <10 seizure-days/month,healthy_ovulatory,calendar,3,C_reproducibility_12cycle_any,strict_herzog,False,15,0,0.0,,,,1.0,,
window_false_positive,seizure_frequency:4 to <10 seizure-days/month,healthy_ovulatory,calendar,4,C_reproducibility_12cycle_any,strict_herzog,False,15,0,0.0,,,,1.0,,
window_false_positive,seizure_frequency:4 to <10 seizure-days/month,healthy_ovulatory,calendar,6,C_reproducibility_12cycle_any,strict_herzog,False,15,0,0.0,,,,1.0,,
window_false_positive,seizure_frequency:4 to <10 seizure-days/month,healthy_ovulatory,calendar,12,C_reproducibility_12cycle_any,strict_herzog,False,15,0,0.0,,,,1.0,,
window_false_positive,seizure_frequency:4 to <10 seizure-days/month,healthy_ovulatory,cycle,3,C_reproducibility_12cycle_any,strict_herzog,False,15,0,0.0,,,,1.0,,
window_false_positive,seizure_frequency:4 to <10 seizure-days/month,healthy_ovulatory,cycle,6,C_reproducibility_12cycle_any,strict_herzog,False,15,0,0.0,,,,1.0,,
window_false_positive,seizure_frequency:4 to <10 seizure-days/month,healthy_ovulatory,cycle,12,C_reproducibility_12cycle_any,strict_herzog,False,15,0,0.0,,,,1.0,,
window_false_positive,seizure_frequency:4 to <10 seizure-days/month,healthy_ovulatory,full,full_diary,C_reproducibility_12cycle_any,strict_herzog,False,15,0,0.0,,,,1.0,,
window_false_positive,seizure_frequency:4 to <10 seizure-days/month,population,calendar,1,C_reproducibility_12cycle_any,strict_herzog,False,16,0,0.0,,,,1.0,,
window_false_positive,seizure_frequency:4 to <10 seizure-days/month,population,calendar,3,C_reproducibility_12cycle_any,strict_herzog,False,16,0,0.0,,,,1.0,,
window_false_positive,seizure_frequency:4 to <10 seizure-days/month,population,calendar,4,C_reproducibility_12cycle_any,strict_herzog,False,16,0,0.0,,,,1.0,,
window_false_positive,seizure_frequency:4 to <10 seizure-days/month,population,calendar,6,C_reproducibility_12cycle_any,strict_herzog,False,16,0,0.0,,,,1.0,,
window_false_positive,seizure_frequency:4 to <10 seizure-days/month,population,calendar,12,C_reproducibility_12cycle_any,strict_herzog,False,16,0,0.0,,,,1.0,,
window_false_positive,seizure_frequency:4 to <10 seizure-days/month,population,cycle,3,C_reproducibility_12cycle_any,strict_herzog,False,16,0,0.0,,,,1.0,,
window_false_positive,seizure_frequency:4 to <10 seizure-days/month,population,cycle,6,C_reproducibility_12cycle_any,strict_herzog,False,16,0,0.0,,,,1.0,,
window_false_positive,seizure_frequency:4 to <10 seizure-days/month,population,cycle,12,C_reproducibility_12cycle_any,strict_herzog,False,16,0,0.0,,,,1.0,,
window_false_positive,seizure_frequency:4 to <10 seizure-days/month,population,full,full_diary,C_reproducibility_12cycle_any,strict_herzog,False,16,0,0.0,,,,1.0,,
window_false_positive,seizure_frequency:4 to <10 seizure-days/month,healthy_ovulatory,calendar,1,D_nb_regression_any,strict_herzog,False,15,0,0.0,,,,1.0,,
window_false_positive,seizure_frequency:4 to <10 seizure-days/month,healthy_ovulatory,calendar,3,D_nb_regression_any,strict_herzog,False,15,0,0.0,,,,1.0,,
window_false_positive,seizure_frequency:4 to <10 seizure-days/month,healthy_ovulatory,calendar,4,D_nb_regression_any,strict_herzog,False,15,15,1.0,0.06666666666666667,0.011866895493268553,0.2981652987378003,0.0,,
window_false_positive,seizure_frequency:4 to <10 seizure-days/month,healthy_ovulatory,calendar,6,D_nb_regression_any,strict_herzog,False,15,15,1.0,0.06666666666666667,0.011866895493268553,0.2981652987378003,0.0,,
window_false_positive,seizure_frequency:4 to <10 seizure-days/month,healthy_ovulatory,calendar,12,D_nb_regression_any,strict_herzog,False,15,0,0.0,,,,1.0,,
window_false_positive,seizure_frequency:4 to <10 seizure-days/month,healthy_ovulatory,cycle,3,D_nb_regression_any,strict_herzog,False,15,0,0.0,,,,1.0,,
window_false_positive,seizure_frequency:4 to <10 seizure-days/month,healthy_ovulatory,cycle,6,D_nb_regression_any,strict_herzog,False,15,13,1.0,0.07692307692307693,0.013710421242556586,0.3331395092109959,0.1333333333333333,,
window_false_positive,seizure_frequency:4 to <10 seizure-days/month,healthy_ovulatory,cycle,12,D_nb_regression_any,strict_herzog,False,15,0,0.0,,,,1.0,,
window_false_positive,seizure_frequency:4 to <10 seizure-days/month,healthy_ovulatory,full,full_diary,D_nb_regression_any,strict_herzog,False,15,15,1.0,0.06666666666666667,0.011866895493268553,0.2981652987378003,0.0,,
window_false_positive,seizure_frequency:4 to <10 seizure-days/month,population,calendar,1,D_nb_regression_any,strict_herzog,False,16,0,0.0,,,,1.0,,
window_false_positive,seizure_frequency:4 to <10 seizure-days/month,population,calendar,3,D_nb_regression_any,strict_herzog,False,16,0,0.0,,,,1.0,,
window_false_positive,seizure_frequency:4 to <10 seizure-days/month,population,calendar,4,D_nb_regression_any,strict_herzog,False,16,16,3.0,0.1875,0.06591599071428142,0.4300888096197414,0.0,,
window_false_positive,seizure_frequency:4 to <10 seizure-days/month,population,calendar,6,D_nb_regression_any,strict_herzog,False,16,16,5.0,0.3125,0.14164643854782039,0.5559564416525933,0.0,,
window_false_positive,seizure_frequency:4 to <10 seizure-days/month,population,calendar,12,D_nb_regression_any,strict_herzog,False,16,0,0.0,,,,1.0,,
window_false_positive,seizure_frequency:4 to <10 seizure-days/month,population,cycle,3,D_nb_regression_any,strict_herzog,False,16,0,0.0,,,,1.0,,
window_false_positive,seizure_frequency:4 to <10 seizure-days/month,population,cycle,6,D_nb_regression_any,strict_herzog,False,16,6,1.0,0.16666666666666666,0.030053369748306635,0.5635028221864702,0.625,,
window_false_positive,seizure_frequency:4 to <10 seizure-days/month,population,cycle,12,D_nb_regression_any,strict_herzog,False,16,0,0.0,,,,1.0,,
window_false_positive,seizure_frequency:4 to <10 seizure-days/month,population,full,full_diary,D_nb_regression_any,strict_herzog,False,16,16,5.0,0.3125,0.14164643854782039,0.5559564416525933,0.0,,
window_false_positive,seizure_frequency:4 to <10 seizure-days/month,healthy_ovulatory,calendar,1,D_nb_regression_window_alpha_any,strict_herzog,False,15,0,0.0,,,,1.0,,
window_false_positive,seizure_frequency:4 to <10 seizure-days/month,healthy_ovulatory,calendar,3,D_nb_regression_window_alpha_any,strict_herzog,False,15,0,0.0,,,,1.0,,
window_false_positive,seizure_frequency:4 to <10 seizure-days/month,healthy_ovulatory,calendar,4,D_nb_regression_window_alpha_any,strict_herzog,False,15,15,1.0,0.06666666666666667,0.011866895493268553,0.2981652987378003,0.0,,
window_false_positive,seizure_frequency:4 to <10 seizure-days/month,healthy_ovulatory,calendar,6,D_nb_regression_window_alpha_any,strict_herzog,False,15,15,1.0,0.06666666666666667,0.011866895493268553,0.2981652987378003,0.0,,
window_false_positive,seizure_frequency:4 to <10 seizure-days/month,healthy_ovulatory,calendar,12,D_nb_regression_window_alpha_any,strict_herzog,False,15,0,0.0,,,,1.0,,
window_false_positive,seizure_frequency:4 to <10 seizure-days/month,healthy_ovulatory,cycle,3,D_nb_regression_window_alpha_any,strict_herzog,False,15,0,0.0,,,,1.0,,
window_false_positive,seizure_frequency:4 to <10 seizure-days/month,healthy_ovulatory,cycle,6,D_nb_regression_window_alpha_any,strict_herzog,False,15,13,1.0,0.07692307692307693,0.013710421242556586,0.3331395092109959,0.1333333333333333,,
window_false_positive,seizure_frequency:4 to <10 seizure-days/month,healthy_ovulatory,cycle,12,D_nb_regression_window_alpha_any,strict_herzog,False,15,0,0.0,,,,1.0,,
window_false_positive,seizure_frequency:4 to <10 seizure-days/month,healthy_ovulatory,full,full_diary,D_nb_regression_window_alpha_any,strict_herzog,False,15,15,1.0,0.06666666666666667,0.011866895493268553,0.2981652987378003,0.0,,
window_false_positive,seizure_frequency:4 to <10 seizure-days/month,population,calendar,1,D_nb_regression_window_alpha_any,strict_herzog,False,16,0,0.0,,,,1.0,,
window_false_positive,seizure_frequency:4 to <10 seizure-days/month,population,calendar,3,D_nb_regression_window_alpha_any,strict_herzog,False,16,0,0.0,,,,1.0,,
window_false_positive,seizure_frequency:4 to <10 seizure-days/month,population,calendar,4,D_nb_regression_window_alpha_any,strict_herzog,False,16,16,3.0,0.1875,0.06591599071428142,0.4300888096197414,0.0,,
window_false_positive,seizure_frequency:4 to <10 seizure-days/month,population,calendar,6,D_nb_regression_window_alpha_any,strict_herzog,False,16,16,5.0,0.3125,0.14164643854782039,0.5559564416525933,0.0,,
window_false_positive,seizure_frequency:4 to <10 seizure-days/month,population,calendar,12,D_nb_regression_window_alpha_any,strict_herzog,False,16,0,0.0,,,,1.0,,
window_false_positive,seizure_frequency:4 to <10 seizure-days/month,population,cycle,3,D_nb_regression_window_alpha_any,strict_herzog,False,16,0,0.0,,,,1.0,,
window_false_positive,seizure_frequency:4 to <10 seizure-days/month,population,cycle,6,D_nb_regression_window_alpha_any,strict_herzog,False,16,6,1.0,0.16666666666666666,0.030053369748306635,0.5635028221864702,0.625,,
window_false_positive,seizure_frequency:4 to <10 seizure-days/month,population,cycle,12,D_nb_regression_window_alpha_any,strict_herzog,False,16,0,0.0,,,,1.0,,
window_false_positive,seizure_frequency:4 to <10 seizure-days/month,population,full,full_diary,D_nb_regression_window_alpha_any,strict_herzog,False,16,16,5.0,0.3125,0.14164643854782039,0.5559564416525933,0.0,,
window_false_positive,seizure_frequency:4 to <10 seizure-days/month,healthy_ovulatory,calendar,1,H1_newmark_penry_any,strict_herzog,True,15,15,3.0,0.2,0.07047549346981563,0.45185448715169363,0.0,,
window_false_positive,seizure_frequency:4 to <10 seizure-days/month,healthy_ovulatory,calendar,3,H1_newmark_penry_any,strict_herzog,True,15,15,2.0,0.13333333333333333,0.03736125910306537,0.37881982832322364,0.0,,
window_false_positive,seizure_frequency:4 to <10 seizure-days/month,healthy_ovulatory,calendar,4,H1_newmark_penry_any,strict_herzog,True,15,15,2.0,0.13333333333333333,0.03736125910306537,0.37881982832322364,0.0,,
window_false_positive,seizure_frequency:4 to <10 seizure-days/month,healthy_ovulatory,calendar,6,H1_newmark_penry_any,strict_herzog,True,15,15,2.0,0.13333333333333333,0.03736125910306537,0.37881982832322364,0.0,,
window_false_positive,seizure_frequency:4 to <10 seizure-days/month,healthy_ovulatory,calendar,12,H1_newmark_penry_any,strict_herzog,True,15,0,0.0,,,,1.0,,
window_false_positive,seizure_frequency:4 to <10 seizure-days/month,healthy_ovulatory,cycle,3,H1_newmark_penry_any,strict_herzog,True,15,15,1.0,0.06666666666666667,0.011866895493268553,0.2981652987378003,0.0,,
window_false_positive,seizure_frequency:4 to <10 seizure-days/month,healthy_ovulatory,cycle,6,H1_newmark_penry_any,strict_herzog,True,15,13,2.0,0.15384615384615385,0.043258178358081184,0.4223463101948254,0.1333333333333333,,
window_false_positive,seizure_frequency:4 to <10 seizure-days/month,healthy_ovulatory,cycle,12,H1_newmark_penry_any,strict_herzog,True,15,0,0.0,,,,1.0,,
window_false_positive,seizure_frequency:4 to <10 seizure-days/month,healthy_ovulatory,full,full_diary,H1_newmark_penry_any,strict_herzog,True,15,15,2.0,0.13333333333333333,0.03736125910306537,0.37881982832322364,0.0,,
window_false_positive,seizure_frequency:4 to <10 seizure-days/month,population,calendar,1,H1_newmark_penry_any,strict_herzog,True,16,15,2.0,0.13333333333333333,0.03736125910306537,0.37881982832322364,0.0625,,
window_false_positive,seizure_frequency:4 to <10 seizure-days/month,population,calendar,3,H1_newmark_penry_any,strict_herzog,True,16,16,2.0,0.125,0.03497748774324047,0.36022827265758695,0.0,,
window_false_positive,seizure_frequency:4 to <10 seizure-days/month,population,calendar,4,H1_newmark_penry_any,strict_herzog,True,16,16,3.0,0.1875,0.06591599071428142,0.4300888096197414,0.0,,
window_false_positive,seizure_frequency:4 to <10 seizure-days/month,population,calendar,6,H1_newmark_penry_any,strict_herzog,True,16,16,2.0,0.125,0.03497748774324047,0.36022827265758695,0.0,,
window_false_positive,seizure_frequency:4 to <10 seizure-days/month,population,calendar,12,H1_newmark_penry_any,strict_herzog,True,16,0,0.0,,,,1.0,,
window_false_positive,seizure_frequency:4 to <10 seizure-days/month,population,cycle,3,H1_newmark_penry_any,strict_herzog,True,16,16,2.0,0.125,0.03497748774324047,0.36022827265758695,0.0,,
window_false_positive,seizure_frequency:4 to <10 seizure-days/month,population,cycle,6,H1_newmark_penry_any,strict_herzog,True,16,6,1.0,0.16666666666666666,0.030053369748306635,0.5635028221864702,0.625,,
window_false_positive,seizure_frequency:4 to <10 seizure-days/month,population,cycle,12,H1_newmark_penry_any,strict_herzog,True,16,0,0.0,,,,1.0,,
window_false_positive,seizure_frequency:4 to <10 seizure-days/month,population,full,full_diary,H1_newmark_penry_any,strict_herzog,True,16,16,2.0,0.125,0.03497748774324047,0.36022827265758695,0.0,,
window_false_positive,seizure_frequency:4 to <10 seizure-days/month,healthy_ovulatory,calendar,1,H1_newmark_penry_66_7_any,strict_herzog,True,15,15,2.0,0.13333333333333333,0.03736125910306537,0.37881982832322364,0.0,,
window_false_positive,seizure_frequency:4 to <10 seizure-days/month,healthy_ovulatory,calendar,3,H1_newmark_penry_66_7_any,strict_herzog,True,15,15,0.0,0.0,0.0,0.20388330103584862,0.0,,
window_false_positive,seizure_frequency:4 to <10 seizure-days/month,healthy_ovulatory,calendar,4,H1_newmark_penry_66_7_any,strict_herzog,True,15,15,1.0,0.06666666666666667,0.011866895493268553,0.2981652987378003,0.0,,
window_false_positive,seizure_frequency:4 to <10 seizure-days/month,healthy_ovulatory,calendar,6,H1_newmark_penry_66_7_any,strict_herzog,True,15,15,0.0,0.0,0.0,0.20388330103584862,0.0,,
window_false_positive,seizure_frequency:4 to <10 seizure-days/month,healthy_ovulatory,calendar,12,H1_newmark_penry_66_7_any,strict_herzog,True,15,0,0.0,,,,1.0,,
window_false_positive,seizure_frequency:4 to <10 seizure-days/month,healthy_ovulatory,cycle,3,H1_newmark_penry_66_7_any,strict_herzog,True,15,15,1.0,0.06666666666666667,0.011866895493268553,0.2981652987378003,0.0,,
window_false_positive,seizure_frequency:4 to <10 seizure-days/month,healthy_ovulatory,cycle,6,H1_newmark_penry_66_7_any,strict_herzog,True,15,13,0.0,0.0,0.0,0.22809537235419838,0.1333333333333333,,
window_false_positive,seizure_frequency:4 to <10 seizure-days/month,healthy_ovulatory,cycle,12,H1_newmark_penry_66_7_any,strict_herzog,True,15,0,0.0,,,,1.0,,
window_false_positive,seizure_frequency:4 to <10 seizure-days/month,healthy_ovulatory,full,full_diary,H1_newmark_penry_66_7_any,strict_herzog,True,15,15,0.0,0.0,0.0,0.20388330103584862,0.0,,
window_false_positive,seizure_frequency:4 to <10 seizure-days/month,population,calendar,1,H1_newmark_penry_66_7_any,strict_herzog,True,16,15,1.0,0.06666666666666667,0.011866895493268553,0.2981652987378003,0.0625,,
window_false_positive,seizure_frequency:4 to <10 seizure-days/month,population,calendar,3,H1_newmark_penry_66_7_any,strict_herzog,True,16,16,1.0,0.0625,0.01111934476464252,0.28328737570298945,0.0,,
window_false_positive,seizure_frequency:4 to <10 seizure-days/month,population,calendar,4,H1_newmark_penry_66_7_any,strict_herzog,True,16,16,0.0,0.0,0.0,0.1936076805344365,0.0,,
window_false_positive,seizure_frequency:4 to <10 seizure-days/month,population,calendar,6,H1_newmark_penry_66_7_any,strict_herzog,True,16,16,0.0,0.0,0.0,0.1936076805344365,0.0,,
window_false_positive,seizure_frequency:4 to <10 seizure-days/month,population,calendar,12,H1_newmark_penry_66_7_any,strict_herzog,True,16,0,0.0,,,,1.0,,
window_false_positive,seizure_frequency:4 to <10 seizure-days/month,population,cycle,3,H1_newmark_penry_66_7_any,strict_herzog,True,16,16,0.0,0.0,0.0,0.1936076805344365,0.0,,
window_false_positive,seizure_frequency:4 to <10 seizure-days/month,population,cycle,6,H1_newmark_penry_66_7_any,strict_herzog,True,16,6,0.0,0.0,2.7755575615628914e-17,0.3903342879021653,0.625,,
window_false_positive,seizure_frequency:4 to <10 seizure-days/month,population,cycle,12,H1_newmark_penry_66_7_any,strict_herzog,True,16,0,0.0,,,,1.0,,
window_false_positive,seizure_frequency:4 to <10 seizure-days/month,population,full,full_diary,H1_newmark_penry_66_7_any,strict_herzog,True,16,16,0.0,0.0,0.0,0.1936076805344365,0.0,,
window_false_positive,seizure_frequency:4 to <10 seizure-days/month,healthy_ovulatory,calendar,1,H2_duncan1993_any,strict_herzog,True,15,15,4.0,0.26666666666666666,0.10897453325692374,0.5195043405598057,0.0,,
window_false_positive,seizure_frequency:4 to <10 seizure-days/month,healthy_ovulatory,calendar,3,H2_duncan1993_any,strict_herzog,True,15,15,0.0,0.0,0.0,0.20388330103584862,0.0,,
window_false_positive,seizure_frequency:4 to <10 seizure-days/month,healthy_ovulatory,calendar,4,H2_duncan1993_any,strict_herzog,True,15,15,1.0,0.06666666666666667,0.011866895493268553,0.2981652987378003,0.0,,
window_false_positive,seizure_frequency:4 to <10 seizure-days/month,healthy_ovulatory,calendar,6,H2_duncan1993_any,strict_herzog,True,15,15,0.0,0.0,0.0,0.20388330103584862,0.0,,
window_false_positive,seizure_frequency:4 to <10 seizure-days/month,healthy_ovulatory,calendar,12,H2_duncan1993_any,strict_herzog,True,15,0,0.0,,,,1.0,,
window_false_positive,seizure_frequency:4 to <10 seizure-days/month,healthy_ovulatory,cycle,3,H2_duncan1993_any,strict_herzog,True,15,15,1.0,0.06666666666666667,0.011866895493268553,0.2981652987378003,0.0,,
window_false_positive,seizure_frequency:4 to <10 seizure-days/month,healthy_ovulatory,cycle,6,H2_duncan1993_any,strict_herzog,True,15,13,0.0,0.0,0.0,0.22809537235419838,0.1333333333333333,,
window_false_positive,seizure_frequency:4 to <10 seizure-days/month,healthy_ovulatory,cycle,12,H2_duncan1993_any,strict_herzog,True,15,0,0.0,,,,1.0,,
window_false_positive,seizure_frequency:4 to <10 seizure-days/month,healthy_ovulatory,full,full_diary,H2_duncan1993_any,strict_herzog,True,15,15,0.0,0.0,0.0,0.20388330103584862,0.0,,
window_false_positive,seizure_frequency:4 to <10 seizure-days/month,population,calendar,1,H2_duncan1993_any,strict_herzog,True,16,15,1.0,0.06666666666666667,0.011866895493268553,0.2981652987378003,0.0625,,
window_false_positive,seizure_frequency:4 to <10 seizure-days/month,population,calendar,3,H2_duncan1993_any,strict_herzog,True,16,16,0.0,0.0,0.0,0.1936076805344365,0.0,,
window_false_positive,seizure_frequency:4 to <10 seizure-days/month,population,calendar,4,H2_duncan1993_any,strict_herzog,True,16,16,0.0,0.0,0.0,0.1936076805344365,0.0,,
window_false_positive,seizure_frequency:4 to <10 seizure-days/month,population,calendar,6,H2_duncan1993_any,strict_herzog,True,16,16,0.0,0.0,0.0,0.1936076805344365,0.0,,
window_false_positive,seizure_frequency:4 to <10 seizure-days/month,population,calendar,12,H2_duncan1993_any,strict_herzog,True,16,0,0.0,,,,1.0,,
window_false_positive,seizure_frequency:4 to <10 seizure-days/month,population,cycle,3,H2_duncan1993_any,strict_herzog,True,16,16,0.0,0.0,0.0,0.1936076805344365,0.0,,
window_false_positive,seizure_frequency:4 to <10 seizure-days/month,population,cycle,6,H2_duncan1993_any,strict_herzog,True,16,6,0.0,0.0,2.7755575615628914e-17,0.3903342879021653,0.625,,
window_false_positive,seizure_frequency:4 to <10 seizure-days/month,population,cycle,12,H2_duncan1993_any,strict_herzog,True,16,0,0.0,,,,1.0,,
window_false_positive,seizure_frequency:4 to <10 seizure-days/month,population,full,full_diary,H2_duncan1993_any,strict_herzog,True,16,16,0.0,0.0,0.0,0.1936076805344365,0.0,,
window_false_positive,seizure_frequency:4 to <10 seizure-days/month,healthy_ovulatory,calendar,1,H3_herzog1997_twofold_any,strict_herzog,True,15,15,5.0,0.3333333333333333,0.15176324439714725,0.5828645226148023,0.0,,
window_false_positive,seizure_frequency:4 to <10 seizure-days/month,healthy_ovulatory,calendar,3,H3_herzog1997_twofold_any,strict_herzog,True,15,15,4.0,0.26666666666666666,0.10897453325692374,0.5195043405598057,0.0,,
window_false_positive,seizure_frequency:4 to <10 seizure-days/month,healthy_ovulatory,calendar,4,H3_herzog1997_twofold_any,strict_herzog,True,15,15,3.0,0.2,0.07047549346981563,0.45185448715169363,0.0,,
window_false_positive,seizure_frequency:4 to <10 seizure-days/month,healthy_ovulatory,calendar,6,H3_herzog1997_twofold_any,strict_herzog,True,15,15,4.0,0.26666666666666666,0.10897453325692374,0.5195043405598057,0.0,,
window_false_positive,seizure_frequency:4 to <10 seizure-days/month,healthy_ovulatory,calendar,12,H3_herzog1997_twofold_any,strict_herzog,True,15,0,0.0,,,,1.0,,
window_false_positive,seizure_frequency:4 to <10 seizure-days/month,healthy_ovulatory,cycle,3,H3_herzog1997_twofold_any,strict_herzog,True,15,15,3.0,0.2,0.07047549346981563,0.45185448715169363,0.0,,
window_false_positive,seizure_frequency:4 to <10 seizure-days/month,healthy_ovulatory,cycle,6,H3_herzog1997_twofold_any,strict_herzog,True,15,13,4.0,0.3076923076923077,0.12680703655710515,0.5763065681945096,0.1333333333333333,,
window_false_positive,seizure_frequency:4 to <10 seizure-days/month,healthy_ovulatory,cycle,12,H3_herzog1997_twofold_any,strict_herzog,True,15,0,0.0,,,,1.0,,
window_false_positive,seizure_frequency:4 to <10 seizure-days/month,healthy_ovulatory,full,full_diary,H3_herzog1997_twofold_any,strict_herzog,True,15,15,4.0,0.26666666666666666,0.10897453325692374,0.5195043405598057,0.0,,
window_false_positive,seizure_frequency:4 to <10 seizure-days/month,population,calendar,1,H3_herzog1997_twofold_any,strict_herzog,True,16,15,10.0,0.6666666666666666,0.41713547738519763,0.8482367556028527,0.0625,,
window_false_positive,seizure_frequency:4 to <10 seizure-days/month,population,calendar,3,H3_herzog1997_twofold_any,strict_herzog,True,16,16,9.0,0.5625,0.331785563988119,0.7690134759450765,0.0,,
window_false_positive,seizure_frequency:4 to <10 seizure-days/month,population,calendar,4,H3_herzog1997_twofold_any,strict_herzog,True,16,16,9.0,0.5625,0.331785563988119,0.7690134759450765,0.0,,
window_false_positive,seizure_frequency:4 to <10 seizure-days/month,population,calendar,6,H3_herzog1997_twofold_any,strict_herzog,True,16,16,9.0,0.5625,0.331785563988119,0.7690134759450765,0.0,,
window_false_positive,seizure_frequency:4 to <10 seizure-days/month,population,calendar,12,H3_herzog1997_twofold_any,strict_herzog,True,16,0,0.0,,,,1.0,,
window_false_positive,seizure_frequency:4 to <10 seizure-days/month,population,cycle,3,H3_herzog1997_twofold_any,strict_herzog,True,16,16,10.0,0.625,0.38641040545502714,0.8151876744113636,0.0,,
window_false_positive,seizure_frequency:4 to <10 seizure-days/month,population,cycle,6,H3_herzog1997_twofold_any,strict_herzog,True,16,6,2.0,0.3333333333333333,0.09677141110578041,0.700006684861608,0.625,,
window_false_positive,seizure_frequency:4 to <10 seizure-days/month,population,cycle,12,H3_herzog1997_twofold_any,strict_herzog,True,16,0,0.0,,,,1.0,,
window_false_positive,seizure_frequency:4 to <10 seizure-days/month,population,full,full_diary,H3_herzog1997_twofold_any,strict_herzog,True,16,16,9.0,0.5625,0.331785563988119,0.7690134759450765,0.0,,
window_false_positive,seizure_frequency:4 to <10 seizure-days/month,healthy_ovulatory,calendar,1,H4_reddy2007_any_phase2x_any,strict_herzog,True,15,15,13.0,0.8666666666666667,0.6211801716767764,0.9626387408969346,0.0,,
window_false_positive,seizure_frequency:4 to <10 seizure-days/month,healthy_ovulatory,calendar,3,H4_reddy2007_any_phase2x_any,strict_herzog,True,15,15,7.0,0.4666666666666667,0.24809535365737387,0.698830199745016,0.0,,
window_false_positive,seizure_frequency:4 to <10 seizure-days/month,healthy_ovulatory,calendar,4,H4_reddy2007_any_phase2x_any,strict_herzog,True,15,15,9.0,0.6,0.357468301206246,0.8017550385865841,0.0,,
window_false_positive,seizure_frequency:4 to <10 seizure-days/month,healthy_ovulatory,calendar,6,H4_reddy2007_any_phase2x_any,strict_herzog,True,15,15,6.0,0.4,0.1982449614134158,0.6425316987937539,0.0,,
window_false_positive,seizure_frequency:4 to <10 seizure-days/month,healthy_ovulatory,calendar,12,H4_reddy2007_any_phase2x_any,strict_herzog,True,15,0,0.0,,,,1.0,,
window_false_positive,seizure_frequency:4 to <10 seizure-days/month,healthy_ovulatory,cycle,3,H4_reddy2007_any_phase2x_any,strict_herzog,True,15,15,11.0,0.7333333333333333,0.4804956594401943,0.8910254667430761,0.0,,
window_false_positive,seizure_frequency:4 to <10 seizure-days/month,healthy_ovulatory,cycle,6,H4_reddy2007_any_phase2x_any,strict_herzog,True,15,13,5.0,0.38461538461538464,0.17709707797762575,0.6447710848733431,0.1333333333333333,,
window_false_positive,seizure_frequency:4 to <10 seizure-days/month,healthy_ovulatory,cycle,12,H4_reddy2007_any_phase2x_any,strict_herzog,True,15,0,0.0,,,,1.0,,
window_false_positive,seizure_frequency:4 to <10 seizure-days/month,healthy_ovulatory,full,full_diary,H4_reddy2007_any_phase2x_any,strict_herzog,True,15,15,6.0,0.4,0.1982449614134158,0.6425316987937539,0.0,,
window_false_positive,seizure_frequency:4 to <10 seizure-days/month,population,calendar,1,H4_reddy2007_any_phase2x_any,strict_herzog,True,16,15,13.0,0.8666666666666667,0.6211801716767764,0.9626387408969346,0.0625,,
window_false_positive,seizure_frequency:4 to <10 seizure-days/month,population,calendar,3,H4_reddy2007_any_phase2x_any,strict_herzog,True,16,16,9.0,0.5625,0.331785563988119,0.7690134759450765,0.0,,
window_false_positive,seizure_frequency:4 to <10 seizure-days/month,population,calendar,4,H4_reddy2007_any_phase2x_any,strict_herzog,True,16,16,10.0,0.625,0.38641040545502714,0.8151876744113636,0.0,,
window_false_positive,seizure_frequency:4 to <10 seizure-days/month,population,calendar,6,H4_reddy2007_any_phase2x_any,strict_herzog,True,16,16,9.0,0.5625,0.331785563988119,0.7690134759450765,0.0,,
window_false_positive,seizure_frequency:4 to <10 seizure-days/month,population,calendar,12,H4_reddy2007_any_phase2x_any,strict_herzog,True,16,0,0.0,,,,1.0,,
window_false_positive,seizure_frequency:4 to <10 seizure-days/month,population,cycle,3,H4_reddy2007_any_phase2x_any,strict_herzog,True,16,16,10.0,0.625,0.38641040545502714,0.8151876744113636,0.0,,
window_false_positive,seizure_frequency:4 to <10 seizure-days/month,population,cycle,6,H4_reddy2007_any_phase2x_any,strict_herzog,True,16,6,2.0,0.3333333333333333,0.09677141110578041,0.700006684861608,0.625,,
window_false_positive,seizure_frequency:4 to <10 seizure-days/month,population,cycle,12,H4_reddy2007_any_phase2x_any,strict_herzog,True,16,0,0.0,,,,1.0,,
window_false_positive,seizure_frequency:4 to <10 seizure-days/month,population,full,full_diary,H4_reddy2007_any_phase2x_any,strict_herzog,True,16,16,9.0,0.5625,0.331785563988119,0.7690134759450765,0.0,,
window_false_positive,seizure_frequency:<1 seizure-day/month,healthy_ovulatory,calendar,1,A_exact_any,strict_herzog,False,15,0,0.0,,,,1.0,,
window_false_positive,seizure_frequency:<1 seizure-day/month,healthy_ovulatory,calendar,3,A_exact_any,strict_herzog,False,15,0,0.0,,,,1.0,,
window_false_positive,seizure_frequency:<1 seizure-day/month,healthy_ovulatory,calendar,4,A_exact_any,strict_herzog,False,15,0,0.0,,,,1.0,,
window_false_positive,seizure_frequency:<1 seizure-day/month,healthy_ovulatory,calendar,6,A_exact_any,strict_herzog,False,15,0,0.0,,,,1.0,,
window_false_positive,seizure_frequency:<1 seizure-day/month,healthy_ovulatory,calendar,12,A_exact_any,strict_herzog,False,15,0,0.0,,,,1.0,,
window_false_positive,seizure_frequency:<1 seizure-day/month,healthy_ovulatory,cycle,3,A_exact_any,strict_herzog,False,15,0,0.0,,,,1.0,,
window_false_positive,seizure_frequency:<1 seizure-day/month,healthy_ovulatory,cycle,6,A_exact_any,strict_herzog,False,15,0,0.0,,,,1.0,,
window_false_positive,seizure_frequency:<1 seizure-day/month,healthy_ovulatory,cycle,12,A_exact_any,strict_herzog,False,15,0,0.0,,,,1.0,,
window_false_positive,seizure_frequency:<1 seizure-day/month,healthy_ovulatory,full,full_diary,A_exact_any,strict_herzog,False,15,0,0.0,,,,1.0,,
window_false_positive,seizure_frequency:<1 seizure-day/month,population,calendar,1,A_exact_any,strict_herzog,False,9,0,0.0,,,,1.0,,
window_false_positive,seizure_frequency:<1 seizure-day/month,population,calendar,3,A_exact_any,strict_herzog,False,9,0,0.0,,,,1.0,,
window_false_positive,seizure_frequency:<1 seizure-day/month,population,calendar,4,A_exact_any,strict_herzog,False,9,0,0.0,,,,1.0,,
window_false_positive,seizure_frequency:<1 seizure-day/month,population,calendar,6,A_exact_any,strict_herzog,False,9,0,0.0,,,,1.0,,
window_false_positive,seizure_frequency:<1 seizure-day/month,population,calendar,12,A_exact_any,strict_herzog,False,9,0,0.0,,,,1.0,,
window_false_positive,seizure_frequency:<1 seizure-day/month,population,cycle,3,A_exact_any,strict_herzog,False,9,1,1.0,1.0,0.20654931437723745,1.0,0.8888888888888888,,
window_false_positive,seizure_frequency:<1 seizure-day/month,population,cycle,6,A_exact_any,strict_herzog,False,9,0,0.0,,,,1.0,,
window_false_positive,seizure_frequency:<1 seizure-day/month,population,cycle,12,A_exact_any,strict_herzog,False,9,0,0.0,,,,1.0,,
window_false_positive,seizure_frequency:<1 seizure-day/month,population,full,full_diary,A_exact_any,strict_herzog,False,9,0,0.0,,,,1.0,,
window_false_positive,seizure_frequency:<1 seizure-day/month,healthy_ovulatory,calendar,1,A_windowed_any,strict_herzog,False,15,2,1.0,0.5,0.09453120573423074,0.9054687942657693,0.8666666666666667,,
window_false_positive,seizure_frequency:<1 seizure-day/month,healthy_ovulatory,calendar,3,A_windowed_any,strict_herzog,False,15,6,2.0,0.3333333333333333,0.09677141110578041,0.700006684861608,0.6,,
window_false_positive,seizure_frequency:<1 seizure-day/month,healthy_ovulatory,calendar,4,A_windowed_any,strict_herzog,False,15,10,5.0,0.5,0.236593090512564,0.7634069094874361,0.33333333333333337,,
window_false_positive,seizure_frequency:<1 seizure-day/month,healthy_ovulatory,calendar,6,A_windowed_any,strict_herzog,False,15,10,6.0,0.6,0.31267376973365824,0.8318196702937638,0.33333333333333337,,
window_false_positive,seizure_frequency:<1 seizure-day/month,healthy_ovulatory,calendar,12,A_windowed_any,strict_herzog,False,15,0,0.0,,,,1.0,,
window_false_positive,seizure_frequency:<1 seizure-day/month,healthy_ovulatory,cycle,3,A_windowed_any,strict_herzog,False,15,8,3.0,0.375,0.13684428582359742,0.6942576053973727,0.4666666666666667,,
window_false_positive,seizure_frequency:<1 seizure-day/month,healthy_ovulatory,cycle,6,A_windowed_any,strict_herzog,False,15,7,3.0,0.42857142857142855,0.15821985525146975,0.7495416354723428,0.5333333333333333,,
window_false_positive,seizure_frequency:<1 seizure-day/month,healthy_ovulatory,cycle,12,A_windowed_any,strict_herzog,False,15,0,0.0,,,,1.0,,
window_false_positive,seizure_frequency:<1 seizure-day/month,healthy_ovulatory,full,full_diary,A_windowed_any,strict_herzog,False,15,10,6.0,0.6,0.31267376973365824,0.8318196702937638,0.33333333333333337,,
window_false_positive,seizure_frequency:<1 seizure-day/month,population,calendar,1,A_windowed_any,strict_herzog,False,9,3,2.0,0.6666666666666666,0.2076596008020477,0.9385080552796037,0.6666666666666667,,
window_false_positive,seizure_frequency:<1 seizure-day/month,population,calendar,3,A_windowed_any,strict_herzog,False,9,5,5.0,1.0,0.5655175352168251,1.0,0.4444444444444444,,
window_false_positive,seizure_frequency:<1 seizure-day/month,population,calendar,4,A_windowed_any,strict_herzog,False,9,5,5.0,1.0,0.5655175352168251,1.0,0.4444444444444444,,
window_false_positive,seizure_frequency:<1 seizure-day/month,population,calendar,6,A_windowed_any,strict_herzog,False,9,6,4.0,0.6666666666666666,0.299993315138392,0.9032285888942195,0.33333333333333337,,
window_false_positive,seizure_frequency:<1 seizure-day/month,population,calendar,12,A_windowed_any,strict_herzog,False,9,0,0.0,,,,1.0,,
window_false_positive,seizure_frequency:<1 seizure-day/month,population,cycle,3,A_windowed_any,strict_herzog,False,9,4,4.0,1.0,0.5101091635454027,1.0,0.5555555555555556,,
window_false_positive,seizure_frequency:<1 seizure-day/month,population,cycle,6,A_windowed_any,strict_herzog,False,9,3,3.0,1.0,0.4385029682449546,1.0,0.6666666666666667,,
window_false_positive,seizure_frequency:<1 seizure-day/month,population,cycle,12,A_windowed_any,strict_herzog,False,9,0,0.0,,,,1.0,,
window_false_positive,seizure_frequency:<1 seizure-day/month,population,full,full_diary,A_windowed_any,strict_herzog,False,9,6,4.0,0.6666666666666666,0.299993315138392,0.9032285888942195,0.33333333333333337,,
window_false_positive,seizure_frequency:<1 seizure-day/month,healthy_ovulatory,calendar,1,A_windowed_excluding_C3,strict_herzog,False,15,2,1.0,0.5,0.09453120573423074,0.9054687942657693,0.8666666666666667,,
window_false_positive,seizure_frequency:<1 seizure-day/month,healthy_ovulatory,calendar,3,A_windowed_excluding_C3,strict_herzog,False,15,6,2.0,0.3333333333333333,0.09677141110578041,0.700006684861608,0.6,,
window_false_positive,seizure_frequency:<1 seizure-day/month,healthy_ovulatory,calendar,4,A_windowed_excluding_C3,strict_herzog,False,15,10,5.0,0.5,0.236593090512564,0.7634069094874361,0.33333333333333337,,
window_false_positive,seizure_frequency:<1 seizure-day/month,healthy_ovulatory,calendar,6,A_windowed_excluding_C3,strict_herzog,False,15,10,6.0,0.6,0.31267376973365824,0.8318196702937638,0.33333333333333337,,
window_false_positive,seizure_frequency:<1 seizure-day/month,healthy_ovulatory,calendar,12,A_windowed_excluding_C3,strict_herzog,False,15,0,0.0,,,,1.0,,
window_false_positive,seizure_frequency:<1 seizure-day/month,healthy_ovulatory,cycle,3,A_windowed_excluding_C3,strict_herzog,False,15,8,3.0,0.375,0.13684428582359742,0.6942576053973727,0.4666666666666667,,
window_false_positive,seizure_frequency:<1 seizure-day/month,healthy_ovulatory,cycle,6,A_windowed_excluding_C3,strict_herzog,False,15,7,3.0,0.42857142857142855,0.15821985525146975,0.7495416354723428,0.5333333333333333,,
window_false_positive,seizure_frequency:<1 seizure-day/month,healthy_ovulatory,cycle,12,A_windowed_excluding_C3,strict_herzog,False,15,0,0.0,,,,1.0,,
window_false_positive,seizure_frequency:<1 seizure-day/month,healthy_ovulatory,full,full_diary,A_windowed_excluding_C3,strict_herzog,False,15,10,6.0,0.6,0.31267376973365824,0.8318196702937638,0.33333333333333337,,
window_false_positive,seizure_frequency:<1 seizure-day/month,population,calendar,1,A_windowed_excluding_C3,strict_herzog,False,9,3,1.0,0.3333333333333333,0.06149194472039621,0.7923403991979522,0.6666666666666667,,
window_false_positive,seizure_frequency:<1 seizure-day/month,population,calendar,3,A_windowed_excluding_C3,strict_herzog,False,9,5,5.0,1.0,0.5655175352168251,1.0,0.4444444444444444,,
window_false_positive,seizure_frequency:<1 seizure-day/month,population,calendar,4,A_windowed_excluding_C3,strict_herzog,False,9,5,5.0,1.0,0.5655175352168251,1.0,0.4444444444444444,,
window_false_positive,seizure_frequency:<1 seizure-day/month,population,calendar,6,A_windowed_excluding_C3,strict_herzog,False,9,6,4.0,0.6666666666666666,0.299993315138392,0.9032285888942195,0.33333333333333337,,
window_false_positive,seizure_frequency:<1 seizure-day/month,population,calendar,12,A_windowed_excluding_C3,strict_herzog,False,9,0,0.0,,,,1.0,,
window_false_positive,seizure_frequency:<1 seizure-day/month,population,cycle,3,A_windowed_excluding_C3,strict_herzog,False,9,4,4.0,1.0,0.5101091635454027,1.0,0.5555555555555556,,
window_false_positive,seizure_frequency:<1 seizure-day/month,population,cycle,6,A_windowed_excluding_C3,strict_herzog,False,9,3,3.0,1.0,0.4385029682449546,1.0,0.6666666666666667,,
window_false_positive,seizure_frequency:<1 seizure-day/month,population,cycle,12,A_windowed_excluding_C3,strict_herzog,False,9,0,0.0,,,,1.0,,
window_false_positive,seizure_frequency:<1 seizure-day/month,population,full,full_diary,A_windowed_excluding_C3,strict_herzog,False,9,6,4.0,0.6666666666666666,0.299993315138392,0.9032285888942195,0.33333333333333337,,
window_false_positive,seizure_frequency:<1 seizure-day/month,healthy_ovulatory,calendar,1,A_windowed_C1_only,strict_herzog,False,15,2,1.0,0.5,0.09453120573423074,0.9054687942657693,0.8666666666666667,,
window_false_positive,seizure_frequency:<1 seizure-day/month,healthy_ovulatory,calendar,3,A_windowed_C1_only,strict_herzog,False,15,5,1.0,0.2,0.03622410863243014,0.6244653702374747,0.6666666666666667,,
window_false_positive,seizure_frequency:<1 seizure-day/month,healthy_ovulatory,calendar,4,A_windowed_C1_only,strict_herzog,False,15,7,2.0,0.2857142857142857,0.08221892400405678,0.6410655481673808,0.5333333333333333,,
window_false_positive,seizure_frequency:<1 seizure-day/month,healthy_ovulatory,calendar,6,A_windowed_C1_only,strict_herzog,False,15,8,4.0,0.5,0.21521606221387757,0.7847839377861224,0.4666666666666667,,
window_false_positive,seizure_frequency:<1 seizure-day/month,healthy_ovulatory,calendar,12,A_windowed_C1_only,strict_herzog,False,15,0,0.0,,,,1.0,,
window_false_positive,seizure_frequency:<1 seizure-day/month,healthy_ovulatory,cycle,3,A_windowed_C1_only,strict_herzog,False,15,6,1.0,0.16666666666666666,0.030053369748306635,0.5635028221864702,0.6,,
window_false_positive,seizure_frequency:<1 seizure-day/month,healthy_ovulatory,cycle,6,A_windowed_C1_only,strict_herzog,False,15,6,2.0,0.3333333333333333,0.09677141110578041,0.700006684861608,0.6,,
window_false_positive,seizure_frequency:<1 seizure-day/month,healthy_ovulatory,cycle,12,A_windowed_C1_only,strict_herzog,False,15,0,0.0,,,,1.0,,
window_false_positive,seizure_frequency:<1 seizure-day/month,healthy_ovulatory,full,full_diary,A_windowed_C1_only,strict_herzog,False,15,8,4.0,0.5,0.21521606221387757,0.7847839377861224,0.4666666666666667,,
window_false_positive,seizure_frequency:<1 seizure-day/month,population,calendar,1,A_windowed_C1_only,strict_herzog,False,9,3,1.0,0.3333333333333333,0.06149194472039621,0.7923403991979522,0.6666666666666667,,
window_false_positive,seizure_frequency:<1 seizure-day/month,population,calendar,3,A_windowed_C1_only,strict_herzog,False,9,4,4.0,1.0,0.5101091635454027,1.0,0.5555555555555556,,
window_false_positive,seizure_frequency:<1 seizure-day/month,population,calendar,4,A_windowed_C1_only,strict_herzog,False,9,5,5.0,1.0,0.5655175352168251,1.0,0.4444444444444444,,
window_false_positive,seizure_frequency:<1 seizure-day/month,population,calendar,6,A_windowed_C1_only,strict_herzog,False,9,6,4.0,0.6666666666666666,0.299993315138392,0.9032285888942195,0.33333333333333337,,
window_false_positive,seizure_frequency:<1 seizure-day/month,population,calendar,12,A_windowed_C1_only,strict_herzog,False,9,0,0.0,,,,1.0,,
window_false_positive,seizure_frequency:<1 seizure-day/month,population,cycle,3,A_windowed_C1_only,strict_herzog,False,9,4,4.0,1.0,0.5101091635454027,1.0,0.5555555555555556,,
window_false_positive,seizure_frequency:<1 seizure-day/month,population,cycle,6,A_windowed_C1_only,strict_herzog,False,9,3,3.0,1.0,0.4385029682449546,1.0,0.6666666666666667,,
window_false_positive,seizure_frequency:<1 seizure-day/month,population,cycle,12,A_windowed_C1_only,strict_herzog,False,9,0,0.0,,,,1.0,,
window_false_positive,seizure_frequency:<1 seizure-day/month,population,full,full_diary,A_windowed_C1_only,strict_herzog,False,9,6,4.0,0.6666666666666666,0.299993315138392,0.9032285888942195,0.33333333333333337,,
window_false_positive,seizure_frequency:<1 seizure-day/month,healthy_ovulatory,calendar,1,A_windowed_C2_only,strict_herzog,False,15,2,0.0,0.0,0.0,0.6576197724933469,0.8666666666666667,,
window_false_positive,seizure_frequency:<1 seizure-day/month,healthy_ovulatory,calendar,3,A_windowed_C2_only,strict_herzog,False,15,5,1.0,0.2,0.03622410863243014,0.6244653702374747,0.6666666666666667,,
window_false_positive,seizure_frequency:<1 seizure-day/month,healthy_ovulatory,calendar,4,A_windowed_C2_only,strict_herzog,False,15,8,3.0,0.375,0.13684428582359742,0.6942576053973727,0.4666666666666667,,
window_false_positive,seizure_frequency:<1 seizure-day/month,healthy_ovulatory,calendar,6,A_windowed_C2_only,strict_herzog,False,15,10,3.0,0.3,0.10779126740630099,0.6032218525388546,0.33333333333333337,,
window_false_positive,seizure_frequency:<1 seizure-day/month,healthy_ovulatory,calendar,12,A_windowed_C2_only,strict_herzog,False,15,0,0.0,,,,1.0,,
window_false_positive,seizure_frequency:<1 seizure-day/month,healthy_ovulatory,cycle,3,A_windowed_C2_only,strict_herzog,False,15,7,2.0,0.2857142857142857,0.08221892400405678,0.6410655481673808,0.5333333333333333,,
window_false_positive,seizure_frequency:<1 seizure-day/month,healthy_ovulatory,cycle,6,A_windowed_C2_only,strict_herzog,False,15,7,1.0,0.14285714285714285,0.02567962434474355,0.5131278292743189,0.5333333333333333,,
window_false_positive,seizure_frequency:<1 seizure-day/month,healthy_ovulatory,cycle,12,A_windowed_C2_only,strict_herzog,False,15,0,0.0,,,,1.0,,
window_false_positive,seizure_frequency:<1 seizure-day/month,healthy_ovulatory,full,full_diary,A_windowed_C2_only,strict_herzog,False,15,10,3.0,0.3,0.10779126740630099,0.6032218525388546,0.33333333333333337,,
window_false_positive,seizure_frequency:<1 seizure-day/month,population,calendar,1,A_windowed_C2_only,strict_herzog,False,9,2,0.0,0.0,0.0,0.6576197724933469,0.7777777777777778,,
window_false_positive,seizure_frequency:<1 seizure-day/month,population,calendar,3,A_windowed_C2_only,strict_herzog,False,9,3,1.0,0.3333333333333333,0.06149194472039621,0.7923403991979522,0.6666666666666667,,
window_false_positive,seizure_frequency:<1 seizure-day/month,population,calendar,4,A_windowed_C2_only,strict_herzog,False,9,4,1.0,0.25,0.04558726080970055,0.6993581574175981,0.5555555555555556,,
window_false_positive,seizure_frequency:<1 seizure-day/month,population,calendar,6,A_windowed_C2_only,strict_herzog,False,9,5,1.0,0.2,0.03622410863243014,0.6244653702374747,0.4444444444444444,,
window_false_positive,seizure_frequency:<1 seizure-day/month,population,calendar,12,A_windowed_C2_only,strict_herzog,False,9,0,0.0,,,,1.0,,
window_false_positive,seizure_frequency:<1 seizure-day/month,population,cycle,3,A_windowed_C2_only,strict_herzog,False,9,3,1.0,0.3333333333333333,0.06149194472039621,0.7923403991979522,0.6666666666666667,,
window_false_positive,seizure_frequency:<1 seizure-day/month,population,cycle,6,A_windowed_C2_only,strict_herzog,False,9,2,0.0,0.0,0.0,0.6576197724933469,0.7777777777777778,,
window_false_positive,seizure_frequency:<1 seizure-day/month,population,cycle,12,A_windowed_C2_only,strict_herzog,False,9,0,0.0,,,,1.0,,
window_false_positive,seizure_frequency:<1 seizure-day/month,population,full,full_diary,A_windowed_C2_only,strict_herzog,False,9,5,1.0,0.2,0.03622410863243014,0.6244653702374747,0.4444444444444444,,
window_false_positive,seizure_frequency:<1 seizure-day/month,healthy_ovulatory,calendar,1,A_windowed_C3_only,strict_herzog,False,15,0,0.0,,,,1.0,,
window_false_positive,seizure_frequency:<1 seizure-day/month,healthy_ovulatory,calendar,3,A_windowed_C3_only,strict_herzog,False,15,0,0.0,,,,1.0,,
window_false_positive,seizure_frequency:<1 seizure-day/month,healthy_ovulatory,calendar,4,A_windowed_C3_only,strict_herzog,False,15,0,0.0,,,,1.0,,
window_false_positive,seizure_frequency:<1 seizure-day/month,healthy_ovulatory,calendar,6,A_windowed_C3_only,strict_herzog,False,15,0,0.0,,,,1.0,,
window_false_positive,seizure_frequency:<1 seizure-day/month,healthy_ovulatory,calendar,12,A_windowed_C3_only,strict_herzog,False,15,0,0.0,,,,1.0,,
window_false_positive,seizure_frequency:<1 seizure-day/month,healthy_ovulatory,cycle,3,A_windowed_C3_only,strict_herzog,False,15,0,0.0,,,,1.0,,
window_false_positive,seizure_frequency:<1 seizure-day/month,healthy_ovulatory,cycle,6,A_windowed_C3_only,strict_herzog,False,15,0,0.0,,,,1.0,,
window_false_positive,seizure_frequency:<1 seizure-day/month,healthy_ovulatory,cycle,12,A_windowed_C3_only,strict_herzog,False,15,0,0.0,,,,1.0,,
window_false_positive,seizure_frequency:<1 seizure-day/month,healthy_ovulatory,full,full_diary,A_windowed_C3_only,strict_herzog,False,15,0,0.0,,,,1.0,,
window_false_positive,seizure_frequency:<1 seizure-day/month,population,calendar,1,A_windowed_C3_only,strict_herzog,False,9,1,1.0,1.0,0.20654931437723745,1.0,0.8888888888888888,,
window_false_positive,seizure_frequency:<1 seizure-day/month,population,calendar,3,A_windowed_C3_only,strict_herzog,False,9,1,0.0,0.0,0.0,0.7934506856227626,0.8888888888888888,,
window_false_positive,seizure_frequency:<1 seizure-day/month,population,calendar,4,A_windowed_C3_only,strict_herzog,False,9,2,1.0,0.5,0.09453120573423074,0.9054687942657693,0.7777777777777778,,
window_false_positive,seizure_frequency:<1 seizure-day/month,population,calendar,6,A_windowed_C3_only,strict_herzog,False,9,2,0.0,0.0,0.0,0.6576197724933469,0.7777777777777778,,
window_false_positive,seizure_frequency:<1 seizure-day/month,population,calendar,12,A_windowed_C3_only,strict_herzog,False,9,0,0.0,,,,1.0,,
window_false_positive,seizure_frequency:<1 seizure-day/month,population,cycle,3,A_windowed_C3_only,strict_herzog,False,9,0,0.0,,,,1.0,,
window_false_positive,seizure_frequency:<1 seizure-day/month,population,cycle,6,A_windowed_C3_only,strict_herzog,False,9,1,0.0,0.0,0.0,0.7934506856227626,0.8888888888888888,,
window_false_positive,seizure_frequency:<1 seizure-day/month,population,cycle,12,A_windowed_C3_only,strict_herzog,False,9,0,0.0,,,,1.0,,
window_false_positive,seizure_frequency:<1 seizure-day/month,population,full,full_diary,A_windowed_C3_only,strict_herzog,False,9,2,0.0,0.0,0.0,0.6576197724933469,0.7777777777777778,,
window_false_positive,seizure_frequency:<1 seizure-day/month,healthy_ovulatory,calendar,1,B_minimum_data_any,strict_herzog,False,15,0,0.0,,,,1.0,,
window_false_positive,seizure_frequency:<1 seizure-day/month,healthy_ovulatory,calendar,3,B_minimum_data_any,strict_herzog,False,15,0,0.0,,,,1.0,,
window_false_positive,seizure_frequency:<1 seizure-day/month,healthy_ovulatory,calendar,4,B_minimum_data_any,strict_herzog,False,15,0,0.0,,,,1.0,,
window_false_positive,seizure_frequency:<1 seizure-day/month,healthy_ovulatory,calendar,6,B_minimum_data_any,strict_herzog,False,15,2,1.0,0.5,0.09453120573423074,0.9054687942657693,0.8666666666666667,,
window_false_positive,seizure_frequency:<1 seizure-day/month,healthy_ovulatory,calendar,12,B_minimum_data_any,strict_herzog,False,15,0,0.0,,,,1.0,,
window_false_positive,seizure_frequency:<1 seizure-day/month,healthy_ovulatory,cycle,3,B_minimum_data_any,strict_herzog,False,15,0,0.0,,,,1.0,,
window_false_positive,seizure_frequency:<1 seizure-day/month,healthy_ovulatory,cycle,6,B_minimum_data_any,strict_herzog,False,15,1,0.0,0.0,0.0,0.7934506856227626,0.9333333333333333,,
window_false_positive,seizure_frequency:<1 seizure-day/month,healthy_ovulatory,cycle,12,B_minimum_data_any,strict_herzog,False,15,0,0.0,,,,1.0,,
window_false_positive,seizure_frequency:<1 seizure-day/month,healthy_ovulatory,full,full_diary,B_minimum_data_any,strict_herzog,False,15,2,1.0,0.5,0.09453120573423074,0.9054687942657693,0.8666666666666667,,
window_false_positive,seizure_frequency:<1 seizure-day/month,population,calendar,1,B_minimum_data_any,strict_herzog,False,9,0,0.0,,,,1.0,,
window_false_positive,seizure_frequency:<1 seizure-day/month,population,calendar,3,B_minimum_data_any,strict_herzog,False,9,0,0.0,,,,1.0,,
window_false_positive,seizure_frequency:<1 seizure-day/month,population,calendar,4,B_minimum_data_any,strict_herzog,False,9,1,1.0,1.0,0.20654931437723745,1.0,0.8888888888888888,,
window_false_positive,seizure_frequency:<1 seizure-day/month,population,calendar,6,B_minimum_data_any,strict_herzog,False,9,4,2.0,0.5,0.15003898915214947,0.8499610108478506,0.5555555555555556,,
window_false_positive,seizure_frequency:<1 seizure-day/month,population,calendar,12,B_minimum_data_any,strict_herzog,False,9,0,0.0,,,,1.0,,
window_false_positive,seizure_frequency:<1 seizure-day/month,population,cycle,3,B_minimum_data_any,strict_herzog,False,9,0,0.0,,,,1.0,,
window_false_positive,seizure_frequency:<1 seizure-day/month,population,cycle,6,B_minimum_data_any,strict_herzog,False,9,1,1.0,1.0,0.20654931437723745,1.0,0.8888888888888888,,
window_false_positive,seizure_frequency:<1 seizure-day/month,population,cycle,12,B_minimum_data_any,strict_herzog,False,9,0,0.0,,,,1.0,,
window_false_positive,seizure_frequency:<1 seizure-day/month,population,full,full_diary,B_minimum_data_any,strict_herzog,False,9,4,2.0,0.5,0.15003898915214947,0.8499610108478506,0.5555555555555556,,
window_false_positive,seizure_frequency:<1 seizure-day/month,healthy_ovulatory,calendar,1,B_minimum_data_excluding_C3,strict_herzog,False,15,0,0.0,,,,1.0,,
window_false_positive,seizure_frequency:<1 seizure-day/month,healthy_ovulatory,calendar,3,B_minimum_data_excluding_C3,strict_herzog,False,15,0,0.0,,,,1.0,,
window_false_positive,seizure_frequency:<1 seizure-day/month,healthy_ovulatory,calendar,4,B_minimum_data_excluding_C3,strict_herzog,False,15,0,0.0,,,,1.0,,
window_false_positive,seizure_frequency:<1 seizure-day/month,healthy_ovulatory,calendar,6,B_minimum_data_excluding_C3,strict_herzog,False,15,2,1.0,0.5,0.09453120573423074,0.9054687942657693,0.8666666666666667,,
window_false_positive,seizure_frequency:<1 seizure-day/month,healthy_ovulatory,calendar,12,B_minimum_data_excluding_C3,strict_herzog,False,15,0,0.0,,,,1.0,,
window_false_positive,seizure_frequency:<1 seizure-day/month,healthy_ovulatory,cycle,3,B_minimum_data_excluding_C3,strict_herzog,False,15,0,0.0,,,,1.0,,
window_false_positive,seizure_frequency:<1 seizure-day/month,healthy_ovulatory,cycle,6,B_minimum_data_excluding_C3,strict_herzog,False,15,1,0.0,0.0,0.0,0.7934506856227626,0.9333333333333333,,
window_false_positive,seizure_frequency:<1 seizure-day/month,healthy_ovulatory,cycle,12,B_minimum_data_excluding_C3,strict_herzog,False,15,0,0.0,,,,1.0,,
window_false_positive,seizure_frequency:<1 seizure-day/month,healthy_ovulatory,full,full_diary,B_minimum_data_excluding_C3,strict_herzog,False,15,2,1.0,0.5,0.09453120573423074,0.9054687942657693,0.8666666666666667,,
window_false_positive,seizure_frequency:<1 seizure-day/month,population,calendar,1,B_minimum_data_excluding_C3,strict_herzog,False,9,0,0.0,,,,1.0,,
window_false_positive,seizure_frequency:<1 seizure-day/month,population,calendar,3,B_minimum_data_excluding_C3,strict_herzog,False,9,0,0.0,,,,1.0,,
window_false_positive,seizure_frequency:<1 seizure-day/month,population,calendar,4,B_minimum_data_excluding_C3,strict_herzog,False,9,1,1.0,1.0,0.20654931437723745,1.0,0.8888888888888888,,
window_false_positive,seizure_frequency:<1 seizure-day/month,population,calendar,6,B_minimum_data_excluding_C3,strict_herzog,False,9,4,2.0,0.5,0.15003898915214947,0.8499610108478506,0.5555555555555556,,
window_false_positive,seizure_frequency:<1 seizure-day/month,population,calendar,12,B_minimum_data_excluding_C3,strict_herzog,False,9,0,0.0,,,,1.0,,
window_false_positive,seizure_frequency:<1 seizure-day/month,population,cycle,3,B_minimum_data_excluding_C3,strict_herzog,False,9,0,0.0,,,,1.0,,
window_false_positive,seizure_frequency:<1 seizure-day/month,population,cycle,6,B_minimum_data_excluding_C3,strict_herzog,False,9,1,1.0,1.0,0.20654931437723745,1.0,0.8888888888888888,,
window_false_positive,seizure_frequency:<1 seizure-day/month,population,cycle,12,B_minimum_data_excluding_C3,strict_herzog,False,9,0,0.0,,,,1.0,,
window_false_positive,seizure_frequency:<1 seizure-day/month,population,full,full_diary,B_minimum_data_excluding_C3,strict_herzog,False,9,4,2.0,0.5,0.15003898915214947,0.8499610108478506,0.5555555555555556,,
window_false_positive,seizure_frequency:<1 seizure-day/month,healthy_ovulatory,calendar,1,C_reproducibility_any,strict_herzog,False,15,0,0.0,,,,1.0,,
window_false_positive,seizure_frequency:<1 seizure-day/month,healthy_ovulatory,calendar,3,C_reproducibility_any,strict_herzog,False,15,0,0.0,,,,1.0,,
window_false_positive,seizure_frequency:<1 seizure-day/month,healthy_ovulatory,calendar,4,C_reproducibility_any,strict_herzog,False,15,0,0.0,,,,1.0,,
window_false_positive,seizure_frequency:<1 seizure-day/month,healthy_ovulatory,calendar,6,C_reproducibility_any,strict_herzog,False,15,0,0.0,,,,1.0,,
window_false_positive,seizure_frequency:<1 seizure-day/month,healthy_ovulatory,calendar,12,C_reproducibility_any,strict_herzog,False,15,0,0.0,,,,1.0,,
window_false_positive,seizure_frequency:<1 seizure-day/month,healthy_ovulatory,cycle,3,C_reproducibility_any,strict_herzog,False,15,0,0.0,,,,1.0,,
window_false_positive,seizure_frequency:<1 seizure-day/month,healthy_ovulatory,cycle,6,C_reproducibility_any,strict_herzog,False,15,0,0.0,,,,1.0,,
window_false_positive,seizure_frequency:<1 seizure-day/month,healthy_ovulatory,cycle,12,C_reproducibility_any,strict_herzog,False,15,0,0.0,,,,1.0,,
window_false_positive,seizure_frequency:<1 seizure-day/month,healthy_ovulatory,full,full_diary,C_reproducibility_any,strict_herzog,False,15,0,0.0,,,,1.0,,
window_false_positive,seizure_frequency:<1 seizure-day/month,population,calendar,1,C_reproducibility_any,strict_herzog,False,9,0,0.0,,,,1.0,,
window_false_positive,seizure_frequency:<1 seizure-day/month,population,calendar,3,C_reproducibility_any,strict_herzog,False,9,0,0.0,,,,1.0,,
window_false_positive,seizure_frequency:<1 seizure-day/month,population,calendar,4,C_reproducibility_any,strict_herzog,False,9,0,0.0,,,,1.0,,
window_false_positive,seizure_frequency:<1 seizure-day/month,population,calendar,6,C_reproducibility_any,strict_herzog,False,9,0,0.0,,,,1.0,,
window_false_positive,seizure_frequency:<1 seizure-day/month,population,calendar,12,C_reproducibility_any,strict_herzog,False,9,0,0.0,,,,1.0,,
window_false_positive,seizure_frequency:<1 seizure-day/month,population,cycle,3,C_reproducibility_any,strict_herzog,False,9,0,0.0,,,,1.0,,
window_false_positive,seizure_frequency:<1 seizure-day/month,population,cycle,6,C_reproducibility_any,strict_herzog,False,9,0,0.0,,,,1.0,,
window_false_positive,seizure_frequency:<1 seizure-day/month,population,cycle,12,C_reproducibility_any,strict_herzog,False,9,0,0.0,,,,1.0,,
window_false_positive,seizure_frequency:<1 seizure-day/month,population,full,full_diary,C_reproducibility_any,strict_herzog,False,9,0,0.0,,,,1.0,,
window_false_positive,seizure_frequency:<1 seizure-day/month,healthy_ovulatory,calendar,1,C_reproducibility_12cycle_any,strict_herzog,False,15,0,0.0,,,,1.0,,
window_false_positive,seizure_frequency:<1 seizure-day/month,healthy_ovulatory,calendar,3,C_reproducibility_12cycle_any,strict_herzog,False,15,0,0.0,,,,1.0,,
window_false_positive,seizure_frequency:<1 seizure-day/month,healthy_ovulatory,calendar,4,C_reproducibility_12cycle_any,strict_herzog,False,15,0,0.0,,,,1.0,,
window_false_positive,seizure_frequency:<1 seizure-day/month,healthy_ovulatory,calendar,6,C_reproducibility_12cycle_any,strict_herzog,False,15,0,0.0,,,,1.0,,
window_false_positive,seizure_frequency:<1 seizure-day/month,healthy_ovulatory,calendar,12,C_reproducibility_12cycle_any,strict_herzog,False,15,0,0.0,,,,1.0,,
window_false_positive,seizure_frequency:<1 seizure-day/month,healthy_ovulatory,cycle,3,C_reproducibility_12cycle_any,strict_herzog,False,15,0,0.0,,,,1.0,,
window_false_positive,seizure_frequency:<1 seizure-day/month,healthy_ovulatory,cycle,6,C_reproducibility_12cycle_any,strict_herzog,False,15,0,0.0,,,,1.0,,
window_false_positive,seizure_frequency:<1 seizure-day/month,healthy_ovulatory,cycle,12,C_reproducibility_12cycle_any,strict_herzog,False,15,0,0.0,,,,1.0,,
window_false_positive,seizure_frequency:<1 seizure-day/month,healthy_ovulatory,full,full_diary,C_reproducibility_12cycle_any,strict_herzog,False,15,0,0.0,,,,1.0,,
window_false_positive,seizure_frequency:<1 seizure-day/month,population,calendar,1,C_reproducibility_12cycle_any,strict_herzog,False,9,0,0.0,,,,1.0,,
window_false_positive,seizure_frequency:<1 seizure-day/month,population,calendar,3,C_reproducibility_12cycle_any,strict_herzog,False,9,0,0.0,,,,1.0,,
window_false_positive,seizure_frequency:<1 seizure-day/month,population,calendar,4,C_reproducibility_12cycle_any,strict_herzog,False,9,0,0.0,,,,1.0,,
window_false_positive,seizure_frequency:<1 seizure-day/month,population,calendar,6,C_reproducibility_12cycle_any,strict_herzog,False,9,0,0.0,,,,1.0,,
window_false_positive,seizure_frequency:<1 seizure-day/month,population,calendar,12,C_reproducibility_12cycle_any,strict_herzog,False,9,0,0.0,,,,1.0,,
window_false_positive,seizure_frequency:<1 seizure-day/month,population,cycle,3,C_reproducibility_12cycle_any,strict_herzog,False,9,0,0.0,,,,1.0,,
window_false_positive,seizure_frequency:<1 seizure-day/month,population,cycle,6,C_reproducibility_12cycle_any,strict_herzog,False,9,0,0.0,,,,1.0,,
window_false_positive,seizure_frequency:<1 seizure-day/month,population,cycle,12,C_reproducibility_12cycle_any,strict_herzog,False,9,0,0.0,,,,1.0,,
window_false_positive,seizure_frequency:<1 seizure-day/month,population,full,full_diary,C_reproducibility_12cycle_any,strict_herzog,False,9,0,0.0,,,,1.0,,
window_false_positive,seizure_frequency:<1 seizure-day/month,healthy_ovulatory,calendar,1,D_nb_regression_any,strict_herzog,False,15,0,0.0,,,,1.0,,
window_false_positive,seizure_frequency:<1 seizure-day/month,healthy_ovulatory,calendar,3,D_nb_regression_any,strict_herzog,False,15,0,0.0,,,,1.0,,
window_false_positive,seizure_frequency:<1 seizure-day/month,healthy_ovulatory,calendar,4,D_nb_regression_any,strict_herzog,False,15,0,0.0,,,,1.0,,
window_false_positive,seizure_frequency:<1 seizure-day/month,healthy_ovulatory,calendar,6,D_nb_regression_any,strict_herzog,False,15,2,0.0,0.0,0.0,0.6576197724933469,0.8666666666666667,,
window_false_positive,seizure_frequency:<1 seizure-day/month,healthy_ovulatory,calendar,12,D_nb_regression_any,strict_herzog,False,15,0,0.0,,,,1.0,,
window_false_positive,seizure_frequency:<1 seizure-day/month,healthy_ovulatory,cycle,3,D_nb_regression_any,strict_herzog,False,15,0,0.0,,,,1.0,,
window_false_positive,seizure_frequency:<1 seizure-day/month,healthy_ovulatory,cycle,6,D_nb_regression_any,strict_herzog,False,15,1,0.0,0.0,0.0,0.7934506856227626,0.9333333333333333,,
window_false_positive,seizure_frequency:<1 seizure-day/month,healthy_ovulatory,cycle,12,D_nb_regression_any,strict_herzog,False,15,0,0.0,,,,1.0,,
window_false_positive,seizure_frequency:<1 seizure-day/month,healthy_ovulatory,full,full_diary,D_nb_regression_any,strict_herzog,False,15,2,0.0,0.0,0.0,0.6576197724933469,0.8666666666666667,,
window_false_positive,seizure_frequency:<1 seizure-day/month,population,calendar,1,D_nb_regression_any,strict_herzog,False,9,0,0.0,,,,1.0,,
window_false_positive,seizure_frequency:<1 seizure-day/month,population,calendar,3,D_nb_regression_any,strict_herzog,False,9,0,0.0,,,,1.0,,
window_false_positive,seizure_frequency:<1 seizure-day/month,population,calendar,4,D_nb_regression_any,strict_herzog,False,9,1,0.0,0.0,0.0,0.7934506856227626,0.8888888888888888,,
window_false_positive,seizure_frequency:<1 seizure-day/month,population,calendar,6,D_nb_regression_any,strict_herzog,False,9,4,1.0,0.25,0.04558726080970055,0.6993581574175981,0.5555555555555556,,
window_false_positive,seizure_frequency:<1 seizure-day/month,population,calendar,12,D_nb_regression_any,strict_herzog,False,9,0,0.0,,,,1.0,,
window_false_positive,seizure_frequency:<1 seizure-day/month,population,cycle,3,D_nb_regression_any,strict_herzog,False,9,0,0.0,,,,1.0,,
window_false_positive,seizure_frequency:<1 seizure-day/month,population,cycle,6,D_nb_regression_any,strict_herzog,False,9,1,0.0,0.0,0.0,0.7934506856227626,0.8888888888888888,,
window_false_positive,seizure_frequency:<1 seizure-day/month,population,cycle,12,D_nb_regression_any,strict_herzog,False,9,0,0.0,,,,1.0,,
window_false_positive,seizure_frequency:<1 seizure-day/month,population,full,full_diary,D_nb_regression_any,strict_herzog,False,9,4,1.0,0.25,0.04558726080970055,0.6993581574175981,0.5555555555555556,,
window_false_positive,seizure_frequency:<1 seizure-day/month,healthy_ovulatory,calendar,1,D_nb_regression_window_alpha_any,strict_herzog,False,15,0,0.0,,,,1.0,,
window_false_positive,seizure_frequency:<1 seizure-day/month,healthy_ovulatory,calendar,3,D_nb_regression_window_alpha_any,strict_herzog,False,15,0,0.0,,,,1.0,,
window_false_positive,seizure_frequency:<1 seizure-day/month,healthy_ovulatory,calendar,4,D_nb_regression_window_alpha_any,strict_herzog,False,15,0,0.0,,,,1.0,,
window_false_positive,seizure_frequency:<1 seizure-day/month,healthy_ovulatory,calendar,6,D_nb_regression_window_alpha_any,strict_herzog,False,15,2,0.0,0.0,0.0,0.6576197724933469,0.8666666666666667,,
window_false_positive,seizure_frequency:<1 seizure-day/month,healthy_ovulatory,calendar,12,D_nb_regression_window_alpha_any,strict_herzog,False,15,0,0.0,,,,1.0,,
window_false_positive,seizure_frequency:<1 seizure-day/month,healthy_ovulatory,cycle,3,D_nb_regression_window_alpha_any,strict_herzog,False,15,0,0.0,,,,1.0,,
window_false_positive,seizure_frequency:<1 seizure-day/month,healthy_ovulatory,cycle,6,D_nb_regression_window_alpha_any,strict_herzog,False,15,1,0.0,0.0,0.0,0.7934506856227626,0.9333333333333333,,
window_false_positive,seizure_frequency:<1 seizure-day/month,healthy_ovulatory,cycle,12,D_nb_regression_window_alpha_any,strict_herzog,False,15,0,0.0,,,,1.0,,
window_false_positive,seizure_frequency:<1 seizure-day/month,healthy_ovulatory,full,full_diary,D_nb_regression_window_alpha_any,strict_herzog,False,15,2,0.0,0.0,0.0,0.6576197724933469,0.8666666666666667,,
window_false_positive,seizure_frequency:<1 seizure-day/month,population,calendar,1,D_nb_regression_window_alpha_any,strict_herzog,False,9,0,0.0,,,,1.0,,
window_false_positive,seizure_frequency:<1 seizure-day/month,population,calendar,3,D_nb_regression_window_alpha_any,strict_herzog,False,9,0,0.0,,,,1.0,,
window_false_positive,seizure_frequency:<1 seizure-day/month,population,calendar,4,D_nb_regression_window_alpha_any,strict_herzog,False,9,1,0.0,0.0,0.0,0.7934506856227626,0.8888888888888888,,
window_false_positive,seizure_frequency:<1 seizure-day/month,population,calendar,6,D_nb_regression_window_alpha_any,strict_herzog,False,9,4,1.0,0.25,0.04558726080970055,0.6993581574175981,0.5555555555555556,,
window_false_positive,seizure_frequency:<1 seizure-day/month,population,calendar,12,D_nb_regression_window_alpha_any,strict_herzog,False,9,0,0.0,,,,1.0,,
window_false_positive,seizure_frequency:<1 seizure-day/month,population,cycle,3,D_nb_regression_window_alpha_any,strict_herzog,False,9,0,0.0,,,,1.0,,
window_false_positive,seizure_frequency:<1 seizure-day/month,population,cycle,6,D_nb_regression_window_alpha_any,strict_herzog,False,9,1,0.0,0.0,0.0,0.7934506856227626,0.8888888888888888,,
window_false_positive,seizure_frequency:<1 seizure-day/month,population,cycle,12,D_nb_regression_window_alpha_any,strict_herzog,False,9,0,0.0,,,,1.0,,
window_false_positive,seizure_frequency:<1 seizure-day/month,population,full,full_diary,D_nb_regression_window_alpha_any,strict_herzog,False,9,4,1.0,0.25,0.04558726080970055,0.6993581574175981,0.5555555555555556,,
window_false_positive,seizure_frequency:<1 seizure-day/month,healthy_ovulatory,calendar,1,H1_newmark_penry_any,strict_herzog,True,15,2,0.0,0.0,0.0,0.6576197724933469,0.8666666666666667,,
window_false_positive,seizure_frequency:<1 seizure-day/month,healthy_ovulatory,calendar,3,H1_newmark_penry_any,strict_herzog,True,15,6,1.0,0.16666666666666666,0.030053369748306635,0.5635028221864702,0.6,,
window_false_positive,seizure_frequency:<1 seizure-day/month,healthy_ovulatory,calendar,4,H1_newmark_penry_any,strict_herzog,True,15,10,2.0,0.2,0.05668215145437519,0.5098375284633583,0.33333333333333337,,
window_false_positive,seizure_frequency:<1 seizure-day/month,healthy_ovulatory,calendar,6,H1_newmark_penry_any,strict_herzog,True,15,10,1.0,0.1,0.017876213095072896,0.4041500267952385,0.33333333333333337,,
window_false_positive,seizure_frequency:<1 seizure-day/month,healthy_ovulatory,calendar,12,H1_newmark_penry_any,strict_herzog,True,15,0,0.0,,,,1.0,,
window_false_positive,seizure_frequency:<1 seizure-day/month,healthy_ovulatory,cycle,3,H1_newmark_penry_any,strict_herzog,True,15,8,1.0,0.125,0.02241749145005667,0.4708881822128535,0.4666666666666667,,
window_false_positive,seizure_frequency:<1 seizure-day/month,healthy_ovulatory,cycle,6,H1_newmark_penry_any,strict_herzog,True,15,7,1.0,0.14285714285714285,0.02567962434474355,0.5131278292743189,0.5333333333333333,,
window_false_positive,seizure_frequency:<1 seizure-day/month,healthy_ovulatory,cycle,12,H1_newmark_penry_any,strict_herzog,True,15,0,0.0,,,,1.0,,
window_false_positive,seizure_frequency:<1 seizure-day/month,healthy_ovulatory,full,full_diary,H1_newmark_penry_any,strict_herzog,True,15,10,1.0,0.1,0.017876213095072896,0.4041500267952385,0.33333333333333337,,
window_false_positive,seizure_frequency:<1 seizure-day/month,population,calendar,1,H1_newmark_penry_any,strict_herzog,True,9,3,1.0,0.3333333333333333,0.06149194472039621,0.7923403991979522,0.6666666666666667,,
window_false_positive,seizure_frequency:<1 seizure-day/month,population,calendar,3,H1_newmark_penry_any,strict_herzog,True,9,5,2.0,0.4,0.11762077423264783,0.769275718723987,0.4444444444444444,,
window_false_positive,seizure_frequency:<1 seizure-day/month,population,calendar,4,H1_newmark_penry_any,strict_herzog,True,9,5,1.0,0.2,0.03622410863243014,0.6244653702374747,0.4444444444444444,,
window_false_positive,seizure_frequency:<1 seizure-day/month,population,calendar,6,H1_newmark_penry_any,strict_herzog,True,9,6,2.0,0.3333333333333333,0.09677141110578041,0.700006684861608,0.33333333333333337,,
window_false_positive,seizure_frequency:<1 seizure-day/month,population,calendar,12,H1_newmark_penry_any,strict_herzog,True,9,0,0.0,,,,1.0,,
window_false_positive,seizure_frequency:<1 seizure-day/month,population,cycle,3,H1_newmark_penry_any,strict_herzog,True,9,4,2.0,0.5,0.15003898915214947,0.8499610108478506,0.5555555555555556,,
window_false_positive,seizure_frequency:<1 seizure-day/month,population,cycle,6,H1_newmark_penry_any,strict_herzog,True,9,3,2.0,0.6666666666666666,0.2076596008020477,0.9385080552796037,0.6666666666666667,,
window_false_positive,seizure_frequency:<1 seizure-day/month,population,cycle,12,H1_newmark_penry_any,strict_herzog,True,9,0,0.0,,,,1.0,,
window_false_positive,seizure_frequency:<1 seizure-day/month,population,full,full_diary,H1_newmark_penry_any,strict_herzog,True,9,6,2.0,0.3333333333333333,0.09677141110578041,0.700006684861608,0.33333333333333337,,
window_false_positive,seizure_frequency:<1 seizure-day/month,healthy_ovulatory,calendar,1,H1_newmark_penry_66_7_any,strict_herzog,True,15,2,0.0,0.0,0.0,0.6576197724933469,0.8666666666666667,,
window_false_positive,seizure_frequency:<1 seizure-day/month,healthy_ovulatory,calendar,3,H1_newmark_penry_66_7_any,strict_herzog,True,15,6,1.0,0.16666666666666666,0.030053369748306635,0.5635028221864702,0.6,,
window_false_positive,seizure_frequency:<1 seizure-day/month,healthy_ovulatory,calendar,4,H1_newmark_penry_66_7_any,strict_herzog,True,15,10,2.0,0.2,0.05668215145437519,0.5098375284633583,0.33333333333333337,,
window_false_positive,seizure_frequency:<1 seizure-day/month,healthy_ovulatory,calendar,6,H1_newmark_penry_66_7_any,strict_herzog,True,15,10,0.0,0.0,0.0,0.2775327998628892,0.33333333333333337,,
window_false_positive,seizure_frequency:<1 seizure-day/month,healthy_ovulatory,calendar,12,H1_newmark_penry_66_7_any,strict_herzog,True,15,0,0.0,,,,1.0,,
window_false_positive,seizure_frequency:<1 seizure-day/month,healthy_ovulatory,cycle,3,H1_newmark_penry_66_7_any,strict_herzog,True,15,8,1.0,0.125,0.02241749145005667,0.4708881822128535,0.4666666666666667,,
window_false_positive,seizure_frequency:<1 seizure-day/month,healthy_ovulatory,cycle,6,H1_newmark_penry_66_7_any,strict_herzog,True,15,7,0.0,0.0,5.551115123125783e-17,0.35433043506668743,0.5333333333333333,,
window_false_positive,seizure_frequency:<1 seizure-day/month,healthy_ovulatory,cycle,12,H1_newmark_penry_66_7_any,strict_herzog,True,15,0,0.0,,,,1.0,,
window_false_positive,seizure_frequency:<1 seizure-day/month,healthy_ovulatory,full,full_diary,H1_newmark_penry_66_7_any,strict_herzog,True,15,10,0.0,0.0,0.0,0.2775327998628892,0.33333333333333337,,
window_false_positive,seizure_frequency:<1 seizure-day/month,population,calendar,1,H1_newmark_penry_66_7_any,strict_herzog,True,9,3,1.0,0.3333333333333333,0.06149194472039621,0.7923403991979522,0.6666666666666667,,
window_false_positive,seizure_frequency:<1 seizure-day/month,population,calendar,3,H1_newmark_penry_66_7_any,strict_herzog,True,9,5,2.0,0.4,0.11762077423264783,0.769275718723987,0.4444444444444444,,
window_false_positive,seizure_frequency:<1 seizure-day/month,population,calendar,4,H1_newmark_penry_66_7_any,strict_herzog,True,9,5,1.0,0.2,0.03622410863243014,0.6244653702374747,0.4444444444444444,,
window_false_positive,seizure_frequency:<1 seizure-day/month,population,calendar,6,H1_newmark_penry_66_7_any,strict_herzog,True,9,6,2.0,0.3333333333333333,0.09677141110578041,0.700006684861608,0.33333333333333337,,
window_false_positive,seizure_frequency:<1 seizure-day/month,population,calendar,12,H1_newmark_penry_66_7_any,strict_herzog,True,9,0,0.0,,,,1.0,,
window_false_positive,seizure_frequency:<1 seizure-day/month,population,cycle,3,H1_newmark_penry_66_7_any,strict_herzog,True,9,4,1.0,0.25,0.04558726080970055,0.6993581574175981,0.5555555555555556,,
window_false_positive,seizure_frequency:<1 seizure-day/month,population,cycle,6,H1_newmark_penry_66_7_any,strict_herzog,True,9,3,2.0,0.6666666666666666,0.2076596008020477,0.9385080552796037,0.6666666666666667,,
window_false_positive,seizure_frequency:<1 seizure-day/month,population,cycle,12,H1_newmark_penry_66_7_any,strict_herzog,True,9,0,0.0,,,,1.0,,
window_false_positive,seizure_frequency:<1 seizure-day/month,population,full,full_diary,H1_newmark_penry_66_7_any,strict_herzog,True,9,6,2.0,0.3333333333333333,0.09677141110578041,0.700006684861608,0.33333333333333337,,
window_false_positive,seizure_frequency:<1 seizure-day/month,healthy_ovulatory,calendar,1,H2_duncan1993_any,strict_herzog,True,15,2,0.0,0.0,0.0,0.6576197724933469,0.8666666666666667,,
window_false_positive,seizure_frequency:<1 seizure-day/month,healthy_ovulatory,calendar,3,H2_duncan1993_any,strict_herzog,True,15,6,2.0,0.3333333333333333,0.09677141110578041,0.700006684861608,0.6,,
window_false_positive,seizure_frequency:<1 seizure-day/month,healthy_ovulatory,calendar,4,H2_duncan1993_any,strict_herzog,True,15,10,3.0,0.3,0.10779126740630099,0.6032218525388546,0.33333333333333337,,
window_false_positive,seizure_frequency:<1 seizure-day/month,healthy_ovulatory,calendar,6,H2_duncan1993_any,strict_herzog,True,15,10,1.0,0.1,0.017876213095072896,0.4041500267952385,0.33333333333333337,,
window_false_positive,seizure_frequency:<1 seizure-day/month,healthy_ovulatory,calendar,12,H2_duncan1993_any,strict_herzog,True,15,0,0.0,,,,1.0,,
window_false_positive,seizure_frequency:<1 seizure-day/month,healthy_ovulatory,cycle,3,H2_duncan1993_any,strict_herzog,True,15,8,3.0,0.375,0.13684428582359742,0.6942576053973727,0.4666666666666667,,
window_false_positive,seizure_frequency:<1 seizure-day/month,healthy_ovulatory,cycle,6,H2_duncan1993_any,strict_herzog,True,15,7,1.0,0.14285714285714285,0.02567962434474355,0.5131278292743189,0.5333333333333333,,
window_false_positive,seizure_frequency:<1 seizure-day/month,healthy_ovulatory,cycle,12,H2_duncan1993_any,strict_herzog,True,15,0,0.0,,,,1.0,,
window_false_positive,seizure_frequency:<1 seizure-day/month,healthy_ovulatory,full,full_diary,H2_duncan1993_any,strict_herzog,True,15,10,1.0,0.1,0.017876213095072896,0.4041500267952385,0.33333333333333337,,
window_false_positive,seizure_frequency:<1 seizure-day/month,population,calendar,1,H2_duncan1993_any,strict_herzog,True,9,3,1.0,0.3333333333333333,0.06149194472039621,0.7923403991979522,0.6666666666666667,,
window_false_positive,seizure_frequency:<1 seizure-day/month,population,calendar,3,H2_duncan1993_any,strict_herzog,True,9,5,3.0,0.6,0.2307242812760128,0.882379225767352,0.4444444444444444,,
window_false_positive,seizure_frequency:<1 seizure-day/month,population,calendar,4,H2_duncan1993_any,strict_herzog,True,9,5,2.0,0.4,0.11762077423264783,0.769275718723987,0.4444444444444444,,
window_false_positive,seizure_frequency:<1 seizure-day/month,population,calendar,6,H2_duncan1993_any,strict_herzog,True,9,6,3.0,0.5,0.18761630648265054,0.8123836935173494,0.33333333333333337,,
window_false_positive,seizure_frequency:<1 seizure-day/month,population,calendar,12,H2_duncan1993_any,strict_herzog,True,9,0,0.0,,,,1.0,,
window_false_positive,seizure_frequency:<1 seizure-day/month,population,cycle,3,H2_duncan1993_any,strict_herzog,True,9,4,1.0,0.25,0.04558726080970055,0.6993581574175981,0.5555555555555556,,
window_false_positive,seizure_frequency:<1 seizure-day/month,population,cycle,6,H2_duncan1993_any,strict_herzog,True,9,3,3.0,1.0,0.4385029682449546,1.0,0.6666666666666667,,
window_false_positive,seizure_frequency:<1 seizure-day/month,population,cycle,12,H2_duncan1993_any,strict_herzog,True,9,0,0.0,,,,1.0,,
window_false_positive,seizure_frequency:<1 seizure-day/month,population,full,full_diary,H2_duncan1993_any,strict_herzog,True,9,6,3.0,0.5,0.18761630648265054,0.8123836935173494,0.33333333333333337,,
window_false_positive,seizure_frequency:<1 seizure-day/month,healthy_ovulatory,calendar,1,H3_herzog1997_twofold_any,strict_herzog,True,15,2,0.0,0.0,0.0,0.6576197724933469,0.8666666666666667,,
window_false_positive,seizure_frequency:<1 seizure-day/month,healthy_ovulatory,calendar,3,H3_herzog1997_twofold_any,strict_herzog,True,15,6,2.0,0.3333333333333333,0.09677141110578041,0.700006684861608,0.6,,
window_false_positive,seizure_frequency:<1 seizure-day/month,healthy_ovulatory,calendar,4,H3_herzog1997_twofold_any,strict_herzog,True,15,10,5.0,0.5,0.236593090512564,0.7634069094874361,0.33333333333333337,,
window_false_positive,seizure_frequency:<1 seizure-day/month,healthy_ovulatory,calendar,6,H3_herzog1997_twofold_any,strict_herzog,True,15,10,6.0,0.6,0.31267376973365824,0.8318196702937638,0.33333333333333337,,
window_false_positive,seizure_frequency:<1 seizure-day/month,healthy_ovulatory,calendar,12,H3_herzog1997_twofold_any,strict_herzog,True,15,0,0.0,,,,1.0,,
window_false_positive,seizure_frequency:<1 seizure-day/month,healthy_ovulatory,cycle,3,H3_herzog1997_twofold_any,strict_herzog,True,15,8,3.0,0.375,0.13684428582359742,0.6942576053973727,0.4666666666666667,,
window_false_positive,seizure_frequency:<1 seizure-day/month,healthy_ovulatory,cycle,6,H3_herzog1997_twofold_any,strict_herzog,True,15,7,3.0,0.42857142857142855,0.15821985525146975,0.7495416354723428,0.5333333333333333,,
window_false_positive,seizure_frequency:<1 seizure-day/month,healthy_ovulatory,cycle,12,H3_herzog1997_twofold_any,strict_herzog,True,15,0,0.0,,,,1.0,,
window_false_positive,seizure_frequency:<1 seizure-day/month,healthy_ovulatory,full,full_diary,H3_herzog1997_twofold_any,strict_herzog,True,15,10,6.0,0.6,0.31267376973365824,0.8318196702937638,0.33333333333333337,,
window_false_positive,seizure_frequency:<1 seizure-day/month,population,calendar,1,H3_herzog1997_twofold_any,strict_herzog,True,9,3,2.0,0.6666666666666666,0.2076596008020477,0.9385080552796037,0.6666666666666667,,
window_false_positive,seizure_frequency:<1 seizure-day/month,population,calendar,3,H3_herzog1997_twofold_any,strict_herzog,True,9,5,5.0,1.0,0.5655175352168251,1.0,0.4444444444444444,,
window_false_positive,seizure_frequency:<1 seizure-day/month,population,calendar,4,H3_herzog1997_twofold_any,strict_herzog,True,9,5,5.0,1.0,0.5655175352168251,1.0,0.4444444444444444,,
window_false_positive,seizure_frequency:<1 seizure-day/month,population,calendar,6,H3_herzog1997_twofold_any,strict_herzog,True,9,6,4.0,0.6666666666666666,0.299993315138392,0.9032285888942195,0.33333333333333337,,
window_false_positive,seizure_frequency:<1 seizure-day/month,population,calendar,12,H3_herzog1997_twofold_any,strict_herzog,True,9,0,0.0,,,,1.0,,
window_false_positive,seizure_frequency:<1 seizure-day/month,population,cycle,3,H3_herzog1997_twofold_any,strict_herzog,True,9,4,4.0,1.0,0.5101091635454027,1.0,0.5555555555555556,,
window_false_positive,seizure_frequency:<1 seizure-day/month,population,cycle,6,H3_herzog1997_twofold_any,strict_herzog,True,9,3,3.0,1.0,0.4385029682449546,1.0,0.6666666666666667,,
window_false_positive,seizure_frequency:<1 seizure-day/month,population,cycle,12,H3_herzog1997_twofold_any,strict_herzog,True,9,0,0.0,,,,1.0,,
window_false_positive,seizure_frequency:<1 seizure-day/month,population,full,full_diary,H3_herzog1997_twofold_any,strict_herzog,True,9,6,4.0,0.6666666666666666,0.299993315138392,0.9032285888942195,0.33333333333333337,,
window_false_positive,seizure_frequency:<1 seizure-day/month,healthy_ovulatory,calendar,1,H4_reddy2007_any_phase2x_any,strict_herzog,True,15,2,2.0,1.0,0.34238022750665303,1.0,0.8666666666666667,,
window_false_positive,seizure_frequency:<1 seizure-day/month,healthy_ovulatory,calendar,3,H4_reddy2007_any_phase2x_any,strict_herzog,True,15,6,6.0,1.0,0.6096657120978346,1.0,0.6,,
window_false_positive,seizure_frequency:<1 seizure-day/month,healthy_ovulatory,calendar,4,H4_reddy2007_any_phase2x_any,strict_herzog,True,15,10,10.0,1.0,0.7224672001371107,0.9999999999999999,0.33333333333333337,,
window_false_positive,seizure_frequency:<1 seizure-day/month,healthy_ovulatory,calendar,6,H4_reddy2007_any_phase2x_any,strict_herzog,True,15,10,9.0,0.9,0.5958499732047615,0.9821237869049271,0.33333333333333337,,
window_false_positive,seizure_frequency:<1 seizure-day/month,healthy_ovulatory,calendar,12,H4_reddy2007_any_phase2x_any,strict_herzog,True,15,0,0.0,,,,1.0,,
window_false_positive,seizure_frequency:<1 seizure-day/month,healthy_ovulatory,cycle,3,H4_reddy2007_any_phase2x_any,strict_herzog,True,15,8,8.0,1.0,0.6755924351161198,1.0,0.4666666666666667,,
window_false_positive,seizure_frequency:<1 seizure-day/month,healthy_ovulatory,cycle,6,H4_reddy2007_any_phase2x_any,strict_herzog,True,15,7,5.0,0.7142857142857143,0.35893445183261935,0.9177810759959433,0.5333333333333333,,
window_false_positive,seizure_frequency:<1 seizure-day/month,healthy_ovulatory,cycle,12,H4_reddy2007_any_phase2x_any,strict_herzog,True,15,0,0.0,,,,1.0,,
window_false_positive,seizure_frequency:<1 seizure-day/month,healthy_ovulatory,full,full_diary,H4_reddy2007_any_phase2x_any,strict_herzog,True,15,10,9.0,0.9,0.5958499732047615,0.9821237869049271,0.33333333333333337,,
window_false_positive,seizure_frequency:<1 seizure-day/month,population,calendar,1,H4_reddy2007_any_phase2x_any,strict_herzog,True,9,3,3.0,1.0,0.4385029682449546,1.0,0.6666666666666667,,
window_false_positive,seizure_frequency:<1 seizure-day/month,population,calendar,3,H4_reddy2007_any_phase2x_any,strict_herzog,True,9,5,5.0,1.0,0.5655175352168251,1.0,0.4444444444444444,,
window_false_positive,seizure_frequency:<1 seizure-day/month,population,calendar,4,H4_reddy2007_any_phase2x_any,strict_herzog,True,9,5,5.0,1.0,0.5655175352168251,1.0,0.4444444444444444,,
window_false_positive,seizure_frequency:<1 seizure-day/month,population,calendar,6,H4_reddy2007_any_phase2x_any,strict_herzog,True,9,6,6.0,1.0,0.6096657120978346,1.0,0.33333333333333337,,
window_false_positive,seizure_frequency:<1 seizure-day/month,population,calendar,12,H4_reddy2007_any_phase2x_any,strict_herzog,True,9,0,0.0,,,,1.0,,
window_false_positive,seizure_frequency:<1 seizure-day/month,population,cycle,3,H4_reddy2007_any_phase2x_any,strict_herzog,True,9,4,4.0,1.0,0.5101091635454027,1.0,0.5555555555555556,,
window_false_positive,seizure_frequency:<1 seizure-day/month,population,cycle,6,H4_reddy2007_any_phase2x_any,strict_herzog,True,9,3,3.0,1.0,0.4385029682449546,1.0,0.6666666666666667,,
window_false_positive,seizure_frequency:<1 seizure-day/month,population,cycle,12,H4_reddy2007_any_phase2x_any,strict_herzog,True,9,0,0.0,,,,1.0,,
window_false_positive,seizure_frequency:<1 seizure-day/month,population,full,full_diary,H4_reddy2007_any_phase2x_any,strict_herzog,True,9,6,6.0,1.0,0.6096657120978346,1.0,0.33333333333333337,,
window_false_positive,cycle_regularity:SD cycle length 2 to <4 days,healthy_ovulatory,calendar,1,A_exact_any,strict_herzog,False,30,0,0.0,,,,1.0,,
window_false_positive,cycle_regularity:SD cycle length 2 to <4 days,healthy_ovulatory,calendar,3,A_exact_any,strict_herzog,False,30,0,0.0,,,,1.0,,
window_false_positive,cycle_regularity:SD cycle length 2 to <4 days,healthy_ovulatory,calendar,4,A_exact_any,strict_herzog,False,30,0,0.0,,,,1.0,,
window_false_positive,cycle_regularity:SD cycle length 2 to <4 days,healthy_ovulatory,calendar,6,A_exact_any,strict_herzog,False,30,0,0.0,,,,1.0,,
window_false_positive,cycle_regularity:SD cycle length 2 to <4 days,healthy_ovulatory,calendar,12,A_exact_any,strict_herzog,False,30,0,0.0,,,,1.0,,
window_false_positive,cycle_regularity:SD cycle length 2 to <4 days,healthy_ovulatory,cycle,3,A_exact_any,strict_herzog,False,30,12,6.0,0.5,0.2537815976337061,0.7462184023662939,0.6,,
window_false_positive,cycle_regularity:SD cycle length 2 to <4 days,healthy_ovulatory,cycle,6,A_exact_any,strict_herzog,False,30,0,0.0,,,,1.0,,
window_false_positive,cycle_regularity:SD cycle length 2 to <4 days,healthy_ovulatory,cycle,12,A_exact_any,strict_herzog,False,30,0,0.0,,,,1.0,,
window_false_positive,cycle_regularity:SD cycle length 2 to <4 days,healthy_ovulatory,full,full_diary,A_exact_any,strict_herzog,False,30,0,0.0,,,,1.0,,
window_false_positive,cycle_regularity:SD cycle length 2 to <4 days,population,calendar,1,A_exact_any,strict_herzog,False,17,0,0.0,,,,1.0,,
window_false_positive,cycle_regularity:SD cycle length 2 to <4 days,population,calendar,3,A_exact_any,strict_herzog,False,17,0,0.0,,,,1.0,,
window_false_positive,cycle_regularity:SD cycle length 2 to <4 days,population,calendar,4,A_exact_any,strict_herzog,False,17,0,0.0,,,,1.0,,
window_false_positive,cycle_regularity:SD cycle length 2 to <4 days,population,calendar,6,A_exact_any,strict_herzog,False,17,0,0.0,,,,1.0,,
window_false_positive,cycle_regularity:SD cycle length 2 to <4 days,population,calendar,12,A_exact_any,strict_herzog,False,17,0,0.0,,,,1.0,,
window_false_positive,cycle_regularity:SD cycle length 2 to <4 days,population,cycle,3,A_exact_any,strict_herzog,False,17,11,6.0,0.5454545454545454,0.280091537409322,0.7872872837754024,0.3529411764705882,,
window_false_positive,cycle_regularity:SD cycle length 2 to <4 days,population,cycle,6,A_exact_any,strict_herzog,False,17,0,0.0,,,,1.0,,
window_false_positive,cycle_regularity:SD cycle length 2 to <4 days,population,cycle,12,A_exact_any,strict_herzog,False,17,0,0.0,,,,1.0,,
window_false_positive,cycle_regularity:SD cycle length 2 to <4 days,population,full,full_diary,A_exact_any,strict_herzog,False,17,0,0.0,,,,1.0,,
window_false_positive,cycle_regularity:SD cycle length 2 to <4 days,healthy_ovulatory,calendar,1,A_windowed_any,strict_herzog,False,30,19,13.0,0.6842105263157895,0.46010407675327475,0.8463562091220773,0.3666666666666667,,
window_false_positive,cycle_regularity:SD cycle length 2 to <4 days,healthy_ovulatory,calendar,3,A_windowed_any,strict_herzog,False,30,26,13.0,0.5,0.3206059352575905,0.6793940647424095,0.1333333333333333,,
window_false_positive,cycle_regularity:SD cycle length 2 to <4 days,healthy_ovulatory,calendar,4,A_windowed_any,strict_herzog,False,30,28,14.0,0.5,0.32633127457293465,0.6736687254270654,0.06666666666666665,,
window_false_positive,cycle_regularity:SD cycle length 2 to <4 days,healthy_ovulatory,calendar,6,A_windowed_any,strict_herzog,False,30,28,14.0,0.5,0.32633127457293465,0.6736687254270654,0.06666666666666665,,
window_false_positive,cycle_regularity:SD cycle length 2 to <4 days,healthy_ovulatory,calendar,12,A_windowed_any,strict_herzog,False,30,0,0.0,,,,1.0,,
window_false_positive,cycle_regularity:SD cycle length 2 to <4 days,healthy_ovulatory,cycle,3,A_windowed_any,strict_herzog,False,30,27,14.0,0.5185185185185185,0.33985615754952286,0.6925677302378153,0.09999999999999998,,
window_false_positive,cycle_regularity:SD cycle length 2 to <4 days,healthy_ovulatory,cycle,6,A_windowed_any,strict_herzog,False,30,21,10.0,0.47619047619047616,0.2834400610153417,0.6763046541715557,0.30000000000000004,,
window_false_positive,cycle_regularity:SD cycle length 2 to <4 days,healthy_ovulatory,cycle,12,A_windowed_any,strict_herzog,False,30,0,0.0,,,,1.0,,
window_false_positive,cycle_regularity:SD cycle length 2 to <4 days,healthy_ovulatory,full,full_diary,A_windowed_any,strict_herzog,False,30,28,14.0,0.5,0.32633127457293465,0.6736687254270654,0.06666666666666665,,
window_false_positive,cycle_regularity:SD cycle length 2 to <4 days,population,calendar,1,A_windowed_any,strict_herzog,False,17,14,6.0,0.42857142857142855,0.21380798904474121,0.6740935542034926,0.17647058823529416,,
window_false_positive,cycle_regularity:SD cycle length 2 to <4 days,population,calendar,3,A_windowed_any,strict_herzog,False,17,17,11.0,0.6470588235294118,0.41300363485218694,0.8269027960275627,0.0,,
window_false_positive,cycle_regularity:SD cycle length 2 to <4 days,population,calendar,4,A_windowed_any,strict_herzog,False,17,17,11.0,0.6470588235294118,0.41300363485218694,0.8269027960275627,0.0,,
window_false_positive,cycle_regularity:SD cycle length 2 to <4 days,population,calendar,6,A_windowed_any,strict_herzog,False,17,17,9.0,0.5294117647058824,0.30963235060004424,0.7383489355759056,0.0,,
window_false_positive,cycle_regularity:SD cycle length 2 to <4 days,population,calendar,12,A_windowed_any,strict_herzog,False,17,0,0.0,,,,1.0,,
window_false_positive,cycle_regularity:SD cycle length 2 to <4 days,population,cycle,3,A_windowed_any,strict_herzog,False,17,17,12.0,0.7058823529411765,0.4686688993346016,0.8672001038970478,0.0,,
window_false_positive,cycle_regularity:SD cycle length 2 to <4 days,population,cycle,6,A_windowed_any,strict_herzog,False,17,7,4.0,0.5714285714285714,0.2504583645276572,0.8417801447485302,0.5882352941176471,,
window_false_positive,cycle_regularity:SD cycle length 2 to <4 days,population,cycle,12,A_windowed_any,strict_herzog,False,17,0,0.0,,,,1.0,,
window_false_positive,cycle_regularity:SD cycle length 2 to <4 days,population,full,full_diary,A_windowed_any,strict_herzog,False,17,17,9.0,0.5294117647058824,0.30963235060004424,0.7383489355759056,0.0,,
window_false_positive,cycle_regularity:SD cycle length 2 to <4 days,healthy_ovulatory,calendar,1,A_windowed_excluding_C3,strict_herzog,False,30,19,13.0,0.6842105263157895,0.46010407675327475,0.8463562091220773,0.3666666666666667,,
window_false_positive,cycle_regularity:SD cycle length 2 to <4 days,healthy_ovulatory,calendar,3,A_windowed_excluding_C3,strict_herzog,False,30,26,13.0,0.5,0.3206059352575905,0.6793940647424095,0.1333333333333333,,
window_false_positive,cycle_regularity:SD cycle length 2 to <4 days,healthy_ovulatory,calendar,4,A_windowed_excluding_C3,strict_herzog,False,30,28,14.0,0.5,0.32633127457293465,0.6736687254270654,0.06666666666666665,,
window_false_positive,cycle_regularity:SD cycle length 2 to <4 days,healthy_ovulatory,calendar,6,A_windowed_excluding_C3,strict_herzog,False,30,28,14.0,0.5,0.32633127457293465,0.6736687254270654,0.06666666666666665,,
window_false_positive,cycle_regularity:SD cycle length 2 to <4 days,healthy_ovulatory,calendar,12,A_windowed_excluding_C3,strict_herzog,False,30,0,0.0,,,,1.0,,
window_false_positive,cycle_regularity:SD cycle length 2 to <4 days,healthy_ovulatory,cycle,3,A_windowed_excluding_C3,strict_herzog,False,30,27,14.0,0.5185185185185185,0.33985615754952286,0.6925677302378153,0.09999999999999998,,
window_false_positive,cycle_regularity:SD cycle length 2 to <4 days,healthy_ovulatory,cycle,6,A_windowed_excluding_C3,strict_herzog,False,30,21,10.0,0.47619047619047616,0.2834400610153417,0.6763046541715557,0.30000000000000004,,
window_false_positive,cycle_regularity:SD cycle length 2 to <4 days,healthy_ovulatory,cycle,12,A_windowed_excluding_C3,strict_herzog,False,30,0,0.0,,,,1.0,,
window_false_positive,cycle_regularity:SD cycle length 2 to <4 days,healthy_ovulatory,full,full_diary,A_windowed_excluding_C3,strict_herzog,False,30,28,14.0,0.5,0.32633127457293465,0.6736687254270654,0.06666666666666665,,
window_false_positive,cycle_regularity:SD cycle length 2 to <4 days,population,calendar,1,A_windowed_excluding_C3,strict_herzog,False,17,14,5.0,0.35714285714285715,0.1634473175355414,0.612355768960926,0.17647058823529416,,
window_false_positive,cycle_regularity:SD cycle length 2 to <4 days,population,calendar,3,A_windowed_excluding_C3,strict_herzog,False,17,17,11.0,0.6470588235294118,0.41300363485218694,0.8269027960275627,0.0,,
window_false_positive,cycle_regularity:SD cycle length 2 to <4 days,population,calendar,4,A_windowed_excluding_C3,strict_herzog,False,17,17,11.0,0.6470588235294118,0.41300363485218694,0.8269027960275627,0.0,,
window_false_positive,cycle_regularity:SD cycle length 2 to <4 days,population,calendar,6,A_windowed_excluding_C3,strict_herzog,False,17,17,9.0,0.5294117647058824,0.30963235060004424,0.7383489355759056,0.0,,
window_false_positive,cycle_regularity:SD cycle length 2 to <4 days,population,calendar,12,A_windowed_excluding_C3,strict_herzog,False,17,0,0.0,,,,1.0,,
window_false_positive,cycle_regularity:SD cycle length 2 to <4 days,population,cycle,3,A_windowed_excluding_C3,strict_herzog,False,17,17,11.0,0.6470588235294118,0.41300363485218694,0.8269027960275627,0.0,,
window_false_positive,cycle_regularity:SD cycle length 2 to <4 days,population,cycle,6,A_windowed_excluding_C3,strict_herzog,False,17,7,4.0,0.5714285714285714,0.2504583645276572,0.8417801447485302,0.5882352941176471,,
window_false_positive,cycle_regularity:SD cycle length 2 to <4 days,population,cycle,12,A_windowed_excluding_C3,strict_herzog,False,17,0,0.0,,,,1.0,,
window_false_positive,cycle_regularity:SD cycle length 2 to <4 days,population,full,full_diary,A_windowed_excluding_C3,strict_herzog,False,17,17,9.0,0.5294117647058824,0.30963235060004424,0.7383489355759056,0.0,,
window_false_positive,cycle_regularity:SD cycle length 2 to <4 days,healthy_ovulatory,calendar,1,A_windowed_C1_only,strict_herzog,False,30,18,11.0,0.6111111111111112,0.3861904160223791,0.7969475342783638,0.4,,
window_false_positive,cycle_regularity:SD cycle length 2 to <4 days,healthy_ovulatory,calendar,3,A_windowed_C1_only,strict_herzog,False,30,25,8.0,0.32,0.1720519030690798,0.5158973072689775,0.16666666666666663,,
window_false_positive,cycle_regularity:SD cycle length 2 to <4 days,healthy_ovulatory,calendar,4,A_windowed_C1_only,strict_herzog,False,30,25,10.0,0.4,0.2340330237774797,0.5926054264103301,0.16666666666666663,,
window_false_positive,cycle_regularity:SD cycle length 2 to <4 days,healthy_ovulatory,calendar,6,A_windowed_C1_only,strict_herzog,False,30,26,10.0,0.38461538461538464,0.22428594435712798,0.5746514991488447,0.1333333333333333,,
window_false_positive,cycle_regularity:SD cycle length 2 to <4 days,healthy_ovulatory,calendar,12,A_windowed_C1_only,strict_herzog,False,30,0,0.0,,,,1.0,,
window_false_positive,cycle_regularity:SD cycle length 2 to <4 days,healthy_ovulatory,cycle,3,A_windowed_C1_only,strict_herzog,False,30,25,10.0,0.4,0.2340330237774797,0.5926054264103301,0.16666666666666663,,
window_false_positive,cycle_regularity:SD cycle length 2 to <4 days,healthy_ovulatory,cycle,6,A_windowed_C1_only,strict_herzog,False,30,20,7.0,0.35,0.1811918241010821,0.5671457233147637,0.33333333333333337,,
window_false_positive,cycle_regularity:SD cycle length 2 to <4 days,healthy_ovulatory,cycle,12,A_windowed_C1_only,strict_herzog,False,30,0,0.0,,,,1.0,,
window_false_positive,cycle_regularity:SD cycle length 2 to <4 days,healthy_ovulatory,full,full_diary,A_windowed_C1_only,strict_herzog,False,30,26,10.0,0.38461538461538464,0.22428594435712798,0.5746514991488447,0.1333333333333333,,
window_false_positive,cycle_regularity:SD cycle length 2 to <4 days,population,calendar,1,A_windowed_C1_only,strict_herzog,False,17,12,2.0,0.16666666666666666,0.04696514218385381,0.4480308622529734,0.2941176470588235,,
window_false_positive,cycle_regularity:SD cycle length 2 to <4 days,population,calendar,3,A_windowed_C1_only,strict_herzog,False,17,17,11.0,0.6470588235294118,0.41300363485218694,0.8269027960275627,0.0,,
window_false_positive,cycle_regularity:SD cycle length 2 to <4 days,population,calendar,4,A_windowed_C1_only,strict_herzog,False,17,17,11.0,0.6470588235294118,0.41300363485218694,0.8269027960275627,0.0,,
window_false_positive,cycle_regularity:SD cycle length 2 to <4 days,population,calendar,6,A_windowed_C1_only,strict_herzog,False,17,17,8.0,0.47058823529411764,0.26165106442409436,0.6903676493999558,0.0,,
window_false_positive,cycle_regularity:SD cycle length 2 to <4 days,population,calendar,12,A_windowed_C1_only,strict_herzog,False,17,0,0.0,,,,1.0,,
window_false_positive,cycle_regularity:SD cycle length 2 to <4 days,population,cycle,3,A_windowed_C1_only,strict_herzog,False,17,17,10.0,0.5882352941176471,0.3600544264299978,0.7838894320978518,0.0,,
window_false_positive,cycle_regularity:SD cycle length 2 to <4 days,population,cycle,6,A_windowed_C1_only,strict_herzog,False,17,7,4.0,0.5714285714285714,0.2504583645276572,0.8417801447485302,0.5882352941176471,,
window_false_positive,cycle_regularity:SD cycle length 2 to <4 days,population,cycle,12,A_windowed_C1_only,strict_herzog,False,17,0,0.0,,,,1.0,,
window_false_positive,cycle_regularity:SD cycle length 2 to <4 days,population,full,full_diary,A_windowed_C1_only,strict_herzog,False,17,17,8.0,0.47058823529411764,0.26165106442409436,0.6903676493999558,0.0,,
window_false_positive,cycle_regularity:SD cycle length 2 to <4 days,healthy_ovulatory,calendar,1,A_windowed_C2_only,strict_herzog,False,30,17,6.0,0.35294117647058826,0.17309720397243744,0.5869963651478132,0.43333333333333335,,
window_false_positive,cycle_regularity:SD cycle length 2 to <4 days,healthy_ovulatory,calendar,3,A_windowed_C2_only,strict_herzog,False,30,26,7.0,0.2692307692307692,0.13704448322018375,0.4608304037917617,0.1333333333333333,,
window_false_positive,cycle_regularity:SD cycle length 2 to <4 days,healthy_ovulatory,calendar,4,A_windowed_C2_only,strict_herzog,False,30,28,6.0,0.21428571428571427,0.10212460332897882,0.39538585653721864,0.06666666666666665,,
window_false_positive,cycle_regularity:SD cycle length 2 to <4 days,healthy_ovulatory,calendar,6,A_windowed_C2_only,strict_herzog,False,30,28,6.0,0.21428571428571427,0.10212460332897882,0.39538585653721864,0.06666666666666665,,
window_false_positive,cycle_regularity:SD cycle length 2 to <4 days,healthy_ovulatory,calendar,12,A_windowed_C2_only,strict_herzog,False,30,0,0.0,,,,1.0,,
window_false_positive,cycle_regularity:SD cycle length 2 to <4 days,healthy_ovulatory,cycle,3,A_windowed_C2_only,strict_herzog,False,30,26,4.0,0.15384615384615385,0.06150033723578355,0.3353119932821348,0.1333333333333333,,
window_false_positive,cycle_regularity:SD cycle length 2 to <4 days,healthy_ovulatory,cycle,6,A_windowed_C2_only,strict_herzog,False,30,21,5.0,0.23809523809523808,0.10628013022636465,0.4509117368295076,0.30000000000000004,,
window_false_positive,cycle_regularity:SD cycle length 2 to <4 days,healthy_ovulatory,cycle,12,A_windowed_C2_only,strict_herzog,False,30,0,0.0,,,,1.0,,
window_false_positive,cycle_regularity:SD cycle length 2 to <4 days,healthy_ovulatory,full,full_diary,A_windowed_C2_only,strict_herzog,False,30,28,6.0,0.21428571428571427,0.10212460332897882,0.39538585653721864,0.06666666666666665,,
window_false_positive,cycle_regularity:SD cycle length 2 to <4 days,population,calendar,1,A_windowed_C2_only,strict_herzog,False,17,13,3.0,0.23076923076923078,0.08179528718498569,0.5025637594672749,0.23529411764705888,,
window_false_positive,cycle_regularity:SD cycle length 2 to <4 days,population,calendar,3,A_windowed_C2_only,strict_herzog,False,17,17,3.0,0.17647058823529413,0.06191126637620997,0.41029458568834126,0.0,,
window_false_positive,cycle_regularity:SD cycle length 2 to <4 days,population,calendar,4,A_windowed_C2_only,strict_herzog,False,17,17,4.0,0.23529411764705882,0.09555044322080117,0.4726179811956498,0.0,,
window_false_positive,cycle_regularity:SD cycle length 2 to <4 days,population,calendar,6,A_windowed_C2_only,strict_herzog,False,17,17,2.0,0.11764705882352941,0.03287977376379267,0.3433635059488588,0.0,,
window_false_positive,cycle_regularity:SD cycle length 2 to <4 days,population,calendar,12,A_windowed_C2_only,strict_herzog,False,17,0,0.0,,,,1.0,,
window_false_positive,cycle_regularity:SD cycle length 2 to <4 days,population,cycle,3,A_windowed_C2_only,strict_herzog,False,17,17,4.0,0.23529411764705882,0.09555044322080117,0.4726179811956498,0.0,,
window_false_positive,cycle_regularity:SD cycle length 2 to <4 days,population,cycle,6,A_windowed_C2_only,strict_herzog,False,17,7,0.0,0.0,5.551115123125783e-17,0.35433043506668743,0.5882352941176471,,
window_false_positive,cycle_regularity:SD cycle length 2 to <4 days,population,cycle,12,A_windowed_C2_only,strict_herzog,False,17,0,0.0,,,,1.0,,
window_false_positive,cycle_regularity:SD cycle length 2 to <4 days,population,full,full_diary,A_windowed_C2_only,strict_herzog,False,17,17,2.0,0.11764705882352941,0.03287977376379267,0.3433635059488588,0.0,,
window_false_positive,cycle_regularity:SD cycle length 2 to <4 days,healthy_ovulatory,calendar,1,A_windowed_C3_only,strict_herzog,False,30,0,0.0,,,,1.0,,
window_false_positive,cycle_regularity:SD cycle length 2 to <4 days,healthy_ovulatory,calendar,3,A_windowed_C3_only,strict_herzog,False,30,0,0.0,,,,1.0,,
window_false_positive,cycle_regularity:SD cycle length 2 to <4 days,healthy_ovulatory,calendar,4,A_windowed_C3_only,strict_herzog,False,30,0,0.0,,,,1.0,,
window_false_positive,cycle_regularity:SD cycle length 2 to <4 days,healthy_ovulatory,calendar,6,A_windowed_C3_only,strict_herzog,False,30,0,0.0,,,,1.0,,
window_false_positive,cycle_regularity:SD cycle length 2 to <4 days,healthy_ovulatory,calendar,12,A_windowed_C3_only,strict_herzog,False,30,0,0.0,,,,1.0,,
window_false_positive,cycle_regularity:SD cycle length 2 to <4 days,healthy_ovulatory,cycle,3,A_windowed_C3_only,strict_herzog,False,30,0,0.0,,,,1.0,,
window_false_positive,cycle_regularity:SD cycle length 2 to <4 days,healthy_ovulatory,cycle,6,A_windowed_C3_only,strict_herzog,False,30,0,0.0,,,,1.0,,
window_false_positive,cycle_regularity:SD cycle length 2 to <4 days,healthy_ovulatory,cycle,12,A_windowed_C3_only,strict_herzog,False,30,0,0.0,,,,1.0,,
window_false_positive,cycle_regularity:SD cycle length 2 to <4 days,healthy_ovulatory,full,full_diary,A_windowed_C3_only,strict_herzog,False,30,0,0.0,,,,1.0,,
window_false_positive,cycle_regularity:SD cycle length 2 to <4 days,population,calendar,1,A_windowed_C3_only,strict_herzog,False,17,2,1.0,0.5,0.09453120573423074,0.9054687942657693,0.8823529411764706,,
window_false_positive,cycle_regularity:SD cycle length 2 to <4 days,population,calendar,3,A_windowed_C3_only,strict_herzog,False,17,5,1.0,0.2,0.03622410863243014,0.6244653702374747,0.7058823529411764,,
window_false_positive,cycle_regularity:SD cycle length 2 to <4 days,population,calendar,4,A_windowed_C3_only,strict_herzog,False,17,4,0.0,0.0,0.0,0.4898908364545973,0.7647058823529411,,
window_false_positive,cycle_regularity:SD cycle length 2 to <4 days,population,calendar,6,A_windowed_C3_only,strict_herzog,False,17,5,0.0,0.0,0.0,0.43448246478317476,0.7058823529411764,,
window_false_positive,cycle_regularity:SD cycle length 2 to <4 days,population,calendar,12,A_windowed_C3_only,strict_herzog,False,17,0,0.0,,,,1.0,,
window_false_positive,cycle_regularity:SD cycle length 2 to <4 days,population,cycle,3,A_windowed_C3_only,strict_herzog,False,17,2,1.0,0.5,0.09453120573423074,0.9054687942657693,0.8823529411764706,,
window_false_positive,cycle_regularity:SD cycle length 2 to <4 days,population,cycle,6,A_windowed_C3_only,strict_herzog,False,17,2,0.0,0.0,0.0,0.6576197724933469,0.8823529411764706,,
window_false_positive,cycle_regularity:SD cycle length 2 to <4 days,population,cycle,12,A_windowed_C3_only,strict_herzog,False,17,0,0.0,,,,1.0,,
window_false_positive,cycle_regularity:SD cycle length 2 to <4 days,population,full,full_diary,A_windowed_C3_only,strict_herzog,False,17,5,0.0,0.0,0.0,0.43448246478317476,0.7058823529411764,,
window_false_positive,cycle_regularity:SD cycle length 2 to <4 days,healthy_ovulatory,calendar,1,B_minimum_data_any,strict_herzog,False,30,0,0.0,,,,1.0,,
window_false_positive,cycle_regularity:SD cycle length 2 to <4 days,healthy_ovulatory,calendar,3,B_minimum_data_any,strict_herzog,False,30,0,0.0,,,,1.0,,
window_false_positive,cycle_regularity:SD cycle length 2 to <4 days,healthy_ovulatory,calendar,4,B_minimum_data_any,strict_herzog,False,30,22,11.0,0.5,0.3072210627372502,0.6927789372627497,0.2666666666666667,,
window_false_positive,cycle_regularity:SD cycle length 2 to <4 days,healthy_ovulatory,calendar,6,B_minimum_data_any,strict_herzog,False,30,23,11.0,0.4782608695652174,0.29237157416646653,0.6703726266357259,0.23333333333333328,,
window_false_positive,cycle_regularity:SD cycle length 2 to <4 days,healthy_ovulatory,calendar,12,B_minimum_data_any,strict_herzog,False,30,0,0.0,,,,1.0,,
window_false_positive,cycle_regularity:SD cycle length 2 to <4 days,healthy_ovulatory,cycle,3,B_minimum_data_any,strict_herzog,False,30,0,0.0,,,,1.0,,
window_false_positive,cycle_regularity:SD cycle length 2 to <4 days,healthy_ovulatory,cycle,6,B_minimum_data_any,strict_herzog,False,30,18,9.0,0.5,0.29031021505169974,0.7096897849483003,0.4,,
window_false_positive,cycle_regularity:SD cycle length 2 to <4 days,healthy_ovulatory,cycle,12,B_minimum_data_any,strict_herzog,False,30,0,0.0,,,,1.0,,
window_false_positive,cycle_regularity:SD cycle length 2 to <4 days,healthy_ovulatory,full,full_diary,B_minimum_data_any,strict_herzog,False,30,23,11.0,0.4782608695652174,0.29237157416646653,0.6703726266357259,0.23333333333333328,,
window_false_positive,cycle_regularity:SD cycle length 2 to <4 days,population,calendar,1,B_minimum_data_any,strict_herzog,False,17,0,0.0,,,,1.0,,
window_false_positive,cycle_regularity:SD cycle length 2 to <4 days,population,calendar,3,B_minimum_data_any,strict_herzog,False,17,0,0.0,,,,1.0,,
window_false_positive,cycle_regularity:SD cycle length 2 to <4 days,population,calendar,4,B_minimum_data_any,strict_herzog,False,17,16,10.0,0.625,0.38641040545502714,0.8151876744113636,0.05882352941176472,,
window_false_positive,cycle_regularity:SD cycle length 2 to <4 days,population,calendar,6,B_minimum_data_any,strict_herzog,False,17,17,9.0,0.5294117647058824,0.30963235060004424,0.7383489355759056,0.0,,
window_false_positive,cycle_regularity:SD cycle length 2 to <4 days,population,calendar,12,B_minimum_data_any,strict_herzog,False,17,0,0.0,,,,1.0,,
window_false_positive,cycle_regularity:SD cycle length 2 to <4 days,population,cycle,3,B_minimum_data_any,strict_herzog,False,17,0,0.0,,,,1.0,,
window_false_positive,cycle_regularity:SD cycle length 2 to <4 days,population,cycle,6,B_minimum_data_any,strict_herzog,False,17,7,4.0,0.5714285714285714,0.2504583645276572,0.8417801447485302,0.5882352941176471,,
window_false_positive,cycle_regularity:SD cycle length 2 to <4 days,population,cycle,12,B_minimum_data_any,strict_herzog,False,17,0,0.0,,,,1.0,,
window_false_positive,cycle_regularity:SD cycle length 2 to <4 days,population,full,full_diary,B_minimum_data_any,strict_herzog,False,17,17,9.0,0.5294117647058824,0.30963235060004424,0.7383489355759056,0.0,,
window_false_positive,cycle_regularity:SD cycle length 2 to <4 days,healthy_ovulatory,calendar,1,B_minimum_data_excluding_C3,strict_herzog,False,30,0,0.0,,,,1.0,,
window_false_positive,cycle_regularity:SD cycle length 2 to <4 days,healthy_ovulatory,calendar,3,B_minimum_data_excluding_C3,strict_herzog,False,30,0,0.0,,,,1.0,,
window_false_positive,cycle_regularity:SD cycle length 2 to <4 days,healthy_ovulatory,calendar,4,B_minimum_data_excluding_C3,strict_herzog,False,30,22,11.0,0.5,0.3072210627372502,0.6927789372627497,0.2666666666666667,,
window_false_positive,cycle_regularity:SD cycle length 2 to <4 days,healthy_ovulatory,calendar,6,B_minimum_data_excluding_C3,strict_herzog,False,30,23,11.0,0.4782608695652174,0.29237157416646653,0.6703726266357259,0.23333333333333328,,
window_false_positive,cycle_regularity:SD cycle length 2 to <4 days,healthy_ovulatory,calendar,12,B_minimum_data_excluding_C3,strict_herzog,False,30,0,0.0,,,,1.0,,
window_false_positive,cycle_regularity:SD cycle length 2 to <4 days,healthy_ovulatory,cycle,3,B_minimum_data_excluding_C3,strict_herzog,False,30,0,0.0,,,,1.0,,
window_false_positive,cycle_regularity:SD cycle length 2 to <4 days,healthy_ovulatory,cycle,6,B_minimum_data_excluding_C3,strict_herzog,False,30,18,9.0,0.5,0.29031021505169974,0.7096897849483003,0.4,,
window_false_positive,cycle_regularity:SD cycle length 2 to <4 days,healthy_ovulatory,cycle,12,B_minimum_data_excluding_C3,strict_herzog,False,30,0,0.0,,,,1.0,,
window_false_positive,cycle_regularity:SD cycle length 2 to <4 days,healthy_ovulatory,full,full_diary,B_minimum_data_excluding_C3,strict_herzog,False,30,23,11.0,0.4782608695652174,0.29237157416646653,0.6703726266357259,0.23333333333333328,,
window_false_positive,cycle_regularity:SD cycle length 2 to <4 days,population,calendar,1,B_minimum_data_excluding_C3,strict_herzog,False,17,0,0.0,,,,1.0,,
window_false_positive,cycle_regularity:SD cycle length 2 to <4 days,population,calendar,3,B_minimum_data_excluding_C3,strict_herzog,False,17,0,0.0,,,,1.0,,
window_false_positive,cycle_regularity:SD cycle length 2 to <4 days,population,calendar,4,B_minimum_data_excluding_C3,strict_herzog,False,17,16,10.0,0.625,0.38641040545502714,0.8151876744113636,0.05882352941176472,,
window_false_positive,cycle_regularity:SD cycle length 2 to <4 days,population,calendar,6,B_minimum_data_excluding_C3,strict_herzog,False,17,17,9.0,0.5294117647058824,0.30963235060004424,0.7383489355759056,0.0,,
window_false_positive,cycle_regularity:SD cycle length 2 to <4 days,population,calendar,12,B_minimum_data_excluding_C3,strict_herzog,False,17,0,0.0,,,,1.0,,
window_false_positive,cycle_regularity:SD cycle length 2 to <4 days,population,cycle,3,B_minimum_data_excluding_C3,strict_herzog,False,17,0,0.0,,,,1.0,,
window_false_positive,cycle_regularity:SD cycle length 2 to <4 days,population,cycle,6,B_minimum_data_excluding_C3,strict_herzog,False,17,7,4.0,0.5714285714285714,0.2504583645276572,0.8417801447485302,0.5882352941176471,,
window_false_positive,cycle_regularity:SD cycle length 2 to <4 days,population,cycle,12,B_minimum_data_excluding_C3,strict_herzog,False,17,0,0.0,,,,1.0,,
window_false_positive,cycle_regularity:SD cycle length 2 to <4 days,population,full,full_diary,B_minimum_data_excluding_C3,strict_herzog,False,17,17,9.0,0.5294117647058824,0.30963235060004424,0.7383489355759056,0.0,,
window_false_positive,cycle_regularity:SD cycle length 2 to <4 days,healthy_ovulatory,calendar,1,C_reproducibility_any,strict_herzog,False,30,0,0.0,,,,1.0,,
window_false_positive,cycle_regularity:SD cycle length 2 to <4 days,healthy_ovulatory,calendar,3,C_reproducibility_any,strict_herzog,False,30,0,0.0,,,,1.0,,
window_false_positive,cycle_regularity:SD cycle length 2 to <4 days,healthy_ovulatory,calendar,4,C_reproducibility_any,strict_herzog,False,30,0,0.0,,,,1.0,,
window_false_positive,cycle_regularity:SD cycle length 2 to <4 days,healthy_ovulatory,calendar,6,C_reproducibility_any,strict_herzog,False,30,12,5.0,0.4166666666666667,0.19326031365875665,0.6804886874504503,0.6,,
window_false_positive,cycle_regularity:SD cycle length 2 to <4 days,healthy_ovulatory,calendar,12,C_reproducibility_any,strict_herzog,False,30,0,0.0,,,,1.0,,
window_false_positive,cycle_regularity:SD cycle length 2 to <4 days,healthy_ovulatory,cycle,3,C_reproducibility_any,strict_herzog,False,30,0,0.0,,,,1.0,,
window_false_positive,cycle_regularity:SD cycle length 2 to <4 days,healthy_ovulatory,cycle,6,C_reproducibility_any,strict_herzog,False,30,12,5.0,0.4166666666666667,0.19326031365875665,0.6804886874504503,0.6,,
window_false_positive,cycle_regularity:SD cycle length 2 to <4 days,healthy_ovulatory,cycle,12,C_reproducibility_any,strict_herzog,False,30,0,0.0,,,,1.0,,
window_false_positive,cycle_regularity:SD cycle length 2 to <4 days,healthy_ovulatory,full,full_diary,C_reproducibility_any,strict_herzog,False,30,12,5.0,0.4166666666666667,0.19326031365875665,0.6804886874504503,0.6,,
window_false_positive,cycle_regularity:SD cycle length 2 to <4 days,population,calendar,1,C_reproducibility_any,strict_herzog,False,17,0,0.0,,,,1.0,,
window_false_positive,cycle_regularity:SD cycle length 2 to <4 days,population,calendar,3,C_reproducibility_any,strict_herzog,False,17,0,0.0,,,,1.0,,
window_false_positive,cycle_regularity:SD cycle length 2 to <4 days,population,calendar,4,C_reproducibility_any,strict_herzog,False,17,0,0.0,,,,1.0,,
window_false_positive,cycle_regularity:SD cycle length 2 to <4 days,population,calendar,6,C_reproducibility_any,strict_herzog,False,17,4,0.0,0.0,0.0,0.4898908364545973,0.7647058823529411,,
window_false_positive,cycle_regularity:SD cycle length 2 to <4 days,population,calendar,12,C_reproducibility_any,strict_herzog,False,17,0,0.0,,,,1.0,,
window_false_positive,cycle_regularity:SD cycle length 2 to <4 days,population,cycle,3,C_reproducibility_any,strict_herzog,False,17,0,0.0,,,,1.0,,
window_false_positive,cycle_regularity:SD cycle length 2 to <4 days,population,cycle,6,C_reproducibility_any,strict_herzog,False,17,4,0.0,0.0,0.0,0.4898908364545973,0.7647058823529411,,
window_false_positive,cycle_regularity:SD cycle length 2 to <4 days,population,cycle,12,C_reproducibility_any,strict_herzog,False,17,0,0.0,,,,1.0,,
window_false_positive,cycle_regularity:SD cycle length 2 to <4 days,population,full,full_diary,C_reproducibility_any,strict_herzog,False,17,4,0.0,0.0,0.0,0.4898908364545973,0.7647058823529411,,
window_false_positive,cycle_regularity:SD cycle length 2 to <4 days,healthy_ovulatory,calendar,1,C_reproducibility_12cycle_any,strict_herzog,False,30,0,0.0,,,,1.0,,
window_false_positive,cycle_regularity:SD cycle length 2 to <4 days,healthy_ovulatory,calendar,3,C_reproducibility_12cycle_any,strict_herzog,False,30,0,0.0,,,,1.0,,
window_false_positive,cycle_regularity:SD cycle length 2 to <4 days,healthy_ovulatory,calendar,4,C_reproducibility_12cycle_any,strict_herzog,False,30,0,0.0,,,,1.0,,
window_false_positive,cycle_regularity:SD cycle length 2 to <4 days,healthy_ovulatory,calendar,6,C_reproducibility_12cycle_any,strict_herzog,False,30,0,0.0,,,,1.0,,
window_false_positive,cycle_regularity:SD cycle length 2 to <4 days,healthy_ovulatory,calendar,12,C_reproducibility_12cycle_any,strict_herzog,False,30,0,0.0,,,,1.0,,
window_false_positive,cycle_regularity:SD cycle length 2 to <4 days,healthy_ovulatory,cycle,3,C_reproducibility_12cycle_any,strict_herzog,False,30,0,0.0,,,,1.0,,
window_false_positive,cycle_regularity:SD cycle length 2 to <4 days,healthy_ovulatory,cycle,6,C_reproducibility_12cycle_any,strict_herzog,False,30,0,0.0,,,,1.0,,
window_false_positive,cycle_regularity:SD cycle length 2 to <4 days,healthy_ovulatory,cycle,12,C_reproducibility_12cycle_any,strict_herzog,False,30,0,0.0,,,,1.0,,
window_false_positive,cycle_regularity:SD cycle length 2 to <4 days,healthy_ovulatory,full,full_diary,C_reproducibility_12cycle_any,strict_herzog,False,30,0,0.0,,,,1.0,,
window_false_positive,cycle_regularity:SD cycle length 2 to <4 days,population,calendar,1,C_reproducibility_12cycle_any,strict_herzog,False,17,0,0.0,,,,1.0,,
window_false_positive,cycle_regularity:SD cycle length 2 to <4 days,population,calendar,3,C_reproducibility_12cycle_any,strict_herzog,False,17,0,0.0,,,,1.0,,
window_false_positive,cycle_regularity:SD cycle length 2 to <4 days,population,calendar,4,C_reproducibility_12cycle_any,strict_herzog,False,17,0,0.0,,,,1.0,,
window_false_positive,cycle_regularity:SD cycle length 2 to <4 days,population,calendar,6,C_reproducibility_12cycle_any,strict_herzog,False,17,0,0.0,,,,1.0,,
window_false_positive,cycle_regularity:SD cycle length 2 to <4 days,population,calendar,12,C_reproducibility_12cycle_any,strict_herzog,False,17,0,0.0,,,,1.0,,
window_false_positive,cycle_regularity:SD cycle length 2 to <4 days,population,cycle,3,C_reproducibility_12cycle_any,strict_herzog,False,17,0,0.0,,,,1.0,,
window_false_positive,cycle_regularity:SD cycle length 2 to <4 days,population,cycle,6,C_reproducibility_12cycle_any,strict_herzog,False,17,0,0.0,,,,1.0,,
window_false_positive,cycle_regularity:SD cycle length 2 to <4 days,population,cycle,12,C_reproducibility_12cycle_any,strict_herzog,False,17,0,0.0,,,,1.0,,
window_false_positive,cycle_regularity:SD cycle length 2 to <4 days,population,full,full_diary,C_reproducibility_12cycle_any,strict_herzog,False,17,0,0.0,,,,1.0,,
window_false_positive,cycle_regularity:SD cycle length 2 to <4 days,healthy_ovulatory,calendar,1,D_nb_regression_any,strict_herzog,False,30,0,0.0,,,,1.0,,
window_false_positive,cycle_regularity:SD cycle length 2 to <4 days,healthy_ovulatory,calendar,3,D_nb_regression_any,strict_herzog,False,30,0,0.0,,,,1.0,,
window_false_positive,cycle_regularity:SD cycle length 2 to <4 days,healthy_ovulatory,calendar,4,D_nb_regression_any,strict_herzog,False,30,22,2.0,0.09090909090909091,0.025295428990995267,0.27814946841605814,0.2666666666666667,,
window_false_positive,cycle_regularity:SD cycle length 2 to <4 days,healthy_ovulatory,calendar,6,D_nb_regression_any,strict_herzog,False,30,23,4.0,0.17391304347826086,0.06978653563062567,0.37137647640226135,0.23333333333333328,,
window_false_positive,cycle_regularity:SD cycle length 2 to <4 days,healthy_ovulatory,calendar,12,D_nb_regression_any,strict_herzog,False,30,0,0.0,,,,1.0,,
window_false_positive,cycle_regularity:SD cycle length 2 to <4 days,healthy_ovulatory,cycle,3,D_nb_regression_any,strict_herzog,False,30,0,0.0,,,,1.0,,
window_false_positive,cycle_regularity:SD cycle length 2 to <4 days,healthy_ovulatory,cycle,6,D_nb_regression_any,strict_herzog,False,30,18,2.0,0.1111111111111111,0.03101952264561239,0.32799765130178804,0.4,,
window_false_positive,cycle_regularity:SD cycle length 2 to <4 days,healthy_ovulatory,cycle,12,D_nb_regression_any,strict_herzog,False,30,0,0.0,,,,1.0,,
window_false_positive,cycle_regularity:SD cycle length 2 to <4 days,healthy_ovulatory,full,full_diary,D_nb_regression_any,strict_herzog,False,30,23,4.0,0.17391304347826086,0.06978653563062567,0.37137647640226135,0.23333333333333328,,
window_false_positive,cycle_regularity:SD cycle length 2 to <4 days,population,calendar,1,D_nb_regression_any,strict_herzog,False,17,0,0.0,,,,1.0,,
window_false_positive,cycle_regularity:SD cycle length 2 to <4 days,population,calendar,3,D_nb_regression_any,strict_herzog,False,17,0,0.0,,,,1.0,,
window_false_positive,cycle_regularity:SD cycle length 2 to <4 days,population,calendar,4,D_nb_regression_any,strict_herzog,False,17,16,2.0,0.125,0.03497748774324047,0.36022827265758695,0.05882352941176472,,
window_false_positive,cycle_regularity:SD cycle length 2 to <4 days,population,calendar,6,D_nb_regression_any,strict_herzog,False,17,17,1.0,0.058823529411764705,0.010460400984997564,0.26982030637575405,0.0,,
window_false_positive,cycle_regularity:SD cycle length 2 to <4 days,population,calendar,12,D_nb_regression_any,strict_herzog,False,17,0,0.0,,,,1.0,,
window_false_positive,cycle_regularity:SD cycle length 2 to <4 days,population,cycle,3,D_nb_regression_any,strict_herzog,False,17,0,0.0,,,,1.0,,
window_false_positive,cycle_regularity:SD cycle length 2 to <4 days,population,cycle,6,D_nb_regression_any,strict_herzog,False,17,7,0.0,0.0,5.551115123125783e-17,0.35433043506668743,0.5882352941176471,,
window_false_positive,cycle_regularity:SD cycle length 2 to <4 days,population,cycle,12,D_nb_regression_any,strict_herzog,False,17,0,0.0,,,,1.0,,
window_false_positive,cycle_regularity:SD cycle length 2 to <4 days,population,full,full_diary,D_nb_regression_any,strict_herzog,False,17,17,1.0,0.058823529411764705,0.010460400984997564,0.26982030637575405,0.0,,
window_false_positive,cycle_regularity:SD cycle length 2 to <4 days,healthy_ovulatory,calendar,1,D_nb_regression_window_alpha_any,strict_herzog,False,30,0,0.0,,,,1.0,,
window_false_positive,cycle_regularity:SD cycle length 2 to <4 days,healthy_ovulatory,calendar,3,D_nb_regression_window_alpha_any,strict_herzog,False,30,0,0.0,,,,1.0,,
window_false_positive,cycle_regularity:SD cycle length 2 to <4 days,healthy_ovulatory,calendar,4,D_nb_regression_window_alpha_any,strict_herzog,False,30,22,2.0,0.09090909090909091,0.025295428990995267,0.27814946841605814,0.2666666666666667,,
window_false_positive,cycle_regularity:SD cycle length 2 to <4 days,healthy_ovulatory,calendar,6,D_nb_regression_window_alpha_any,strict_herzog,False,30,23,4.0,0.17391304347826086,0.06978653563062567,0.37137647640226135,0.23333333333333328,,
window_false_positive,cycle_regularity:SD cycle length 2 to <4 days,healthy_ovulatory,calendar,12,D_nb_regression_window_alpha_any,strict_herzog,False,30,0,0.0,,,,1.0,,
window_false_positive,cycle_regularity:SD cycle length 2 to <4 days,healthy_ovulatory,cycle,3,D_nb_regression_window_alpha_any,strict_herzog,False,30,0,0.0,,,,1.0,,
window_false_positive,cycle_regularity:SD cycle length 2 to <4 days,healthy_ovulatory,cycle,6,D_nb_regression_window_alpha_any,strict_herzog,False,30,18,2.0,0.1111111111111111,0.03101952264561239,0.32799765130178804,0.4,,
window_false_positive,cycle_regularity:SD cycle length 2 to <4 days,healthy_ovulatory,cycle,12,D_nb_regression_window_alpha_any,strict_herzog,False,30,0,0.0,,,,1.0,,
window_false_positive,cycle_regularity:SD cycle length 2 to <4 days,healthy_ovulatory,full,full_diary,D_nb_regression_window_alpha_any,strict_herzog,False,30,23,4.0,0.17391304347826086,0.06978653563062567,0.37137647640226135,0.23333333333333328,,
window_false_positive,cycle_regularity:SD cycle length 2 to <4 days,population,calendar,1,D_nb_regression_window_alpha_any,strict_herzog,False,17,0,0.0,,,,1.0,,
window_false_positive,cycle_regularity:SD cycle length 2 to <4 days,population,calendar,3,D_nb_regression_window_alpha_any,strict_herzog,False,17,0,0.0,,,,1.0,,
window_false_positive,cycle_regularity:SD cycle length 2 to <4 days,population,calendar,4,D_nb_regression_window_alpha_any,strict_herzog,False,17,16,2.0,0.125,0.03497748774324047,0.36022827265758695,0.05882352941176472,,
window_false_positive,cycle_regularity:SD cycle length 2 to <4 days,population,calendar,6,D_nb_regression_window_alpha_any,strict_herzog,False,17,17,1.0,0.058823529411764705,0.010460400984997564,0.26982030637575405,0.0,,
window_false_positive,cycle_regularity:SD cycle length 2 to <4 days,population,calendar,12,D_nb_regression_window_alpha_any,strict_herzog,False,17,0,0.0,,,,1.0,,
window_false_positive,cycle_regularity:SD cycle length 2 to <4 days,population,cycle,3,D_nb_regression_window_alpha_any,strict_herzog,False,17,0,0.0,,,,1.0,,
window_false_positive,cycle_regularity:SD cycle length 2 to <4 days,population,cycle,6,D_nb_regression_window_alpha_any,strict_herzog,False,17,7,0.0,0.0,5.551115123125783e-17,0.35433043506668743,0.5882352941176471,,
window_false_positive,cycle_regularity:SD cycle length 2 to <4 days,population,cycle,12,D_nb_regression_window_alpha_any,strict_herzog,False,17,0,0.0,,,,1.0,,
window_false_positive,cycle_regularity:SD cycle length 2 to <4 days,population,full,full_diary,D_nb_regression_window_alpha_any,strict_herzog,False,17,17,1.0,0.058823529411764705,0.010460400984997564,0.26982030637575405,0.0,,
window_false_positive,cycle_regularity:SD cycle length 2 to <4 days,healthy_ovulatory,calendar,1,H1_newmark_penry_any,strict_herzog,True,30,19,5.0,0.2631578947368421,0.11806412346782508,0.487915508978151,0.3666666666666667,,
window_false_positive,cycle_regularity:SD cycle length 2 to <4 days,healthy_ovulatory,calendar,3,H1_newmark_penry_any,strict_herzog,True,30,26,6.0,0.23076923076923078,0.11033849405783291,0.42051554078943687,0.1333333333333333,,
window_false_positive,cycle_regularity:SD cycle length 2 to <4 days,healthy_ovulatory,calendar,4,H1_newmark_penry_any,strict_herzog,True,30,28,4.0,0.14285714285714285,0.05699005319749392,0.31489802163525293,0.06666666666666665,,
window_false_positive,cycle_regularity:SD cycle length 2 to <4 days,healthy_ovulatory,calendar,6,H1_newmark_penry_any,strict_herzog,True,30,28,3.0,0.10714285714285714,0.03711836682929999,0.27195851548672156,0.06666666666666665,,
window_false_positive,cycle_regularity:SD cycle length 2 to <4 days,healthy_ovulatory,calendar,12,H1_newmark_penry_any,strict_herzog,True,30,0,0.0,,,,1.0,,
window_false_positive,cycle_regularity:SD cycle length 2 to <4 days,healthy_ovulatory,cycle,3,H1_newmark_penry_any,strict_herzog,True,30,27,4.0,0.14814814814814814,0.05915927776244326,0.3247868542781298,0.09999999999999998,,
window_false_positive,cycle_regularity:SD cycle length 2 to <4 days,healthy_ovulatory,cycle,6,H1_newmark_penry_any,strict_herzog,True,30,21,3.0,0.14285714285714285,0.04981012499725268,0.34636060280620945,0.30000000000000004,,
window_false_positive,cycle_regularity:SD cycle length 2 to <4 days,healthy_ovulatory,cycle,12,H1_newmark_penry_any,strict_herzog,True,30,0,0.0,,,,1.0,,
window_false_positive,cycle_regularity:SD cycle length 2 to <4 days,healthy_ovulatory,full,full_diary,H1_newmark_penry_any,strict_herzog,True,30,28,3.0,0.10714285714285714,0.03711836682929999,0.27195851548672156,0.06666666666666665,,
window_false_positive,cycle_regularity:SD cycle length 2 to <4 days,population,calendar,1,H1_newmark_penry_any,strict_herzog,True,17,14,2.0,0.14285714285714285,0.040093921271464966,0.39941379496970353,0.17647058823529416,,
window_false_positive,cycle_regularity:SD cycle length 2 to <4 days,population,calendar,3,H1_newmark_penry_any,strict_herzog,True,17,17,3.0,0.17647058823529413,0.06191126637620997,0.41029458568834126,0.0,,
window_false_positive,cycle_regularity:SD cycle length 2 to <4 days,population,calendar,4,H1_newmark_penry_any,strict_herzog,True,17,17,5.0,0.29411764705882354,0.1327998961029523,0.5313311006653985,0.0,,
window_false_positive,cycle_regularity:SD cycle length 2 to <4 days,population,calendar,6,H1_newmark_penry_any,strict_herzog,True,17,17,3.0,0.17647058823529413,0.06191126637620997,0.41029458568834126,0.0,,
window_false_positive,cycle_regularity:SD cycle length 2 to <4 days,population,calendar,12,H1_newmark_penry_any,strict_herzog,True,17,0,0.0,,,,1.0,,
window_false_positive,cycle_regularity:SD cycle length 2 to <4 days,population,cycle,3,H1_newmark_penry_any,strict_herzog,True,17,17,3.0,0.17647058823529413,0.06191126637620997,0.41029458568834126,0.0,,
window_false_positive,cycle_regularity:SD cycle length 2 to <4 days,population,cycle,6,H1_newmark_penry_any,strict_herzog,True,17,7,2.0,0.2857142857142857,0.08221892400405678,0.6410655481673808,0.5882352941176471,,
window_false_positive,cycle_regularity:SD cycle length 2 to <4 days,population,cycle,12,H1_newmark_penry_any,strict_herzog,True,17,0,0.0,,,,1.0,,
window_false_positive,cycle_regularity:SD cycle length 2 to <4 days,population,full,full_diary,H1_newmark_penry_any,strict_herzog,True,17,17,3.0,0.17647058823529413,0.06191126637620997,0.41029458568834126,0.0,,
window_false_positive,cycle_regularity:SD cycle length 2 to <4 days,healthy_ovulatory,calendar,1,H1_newmark_penry_66_7_any,strict_herzog,True,30,19,4.0,0.21052631578947367,0.08507676632916253,0.43334278443814167,0.3666666666666667,,
window_false_positive,cycle_regularity:SD cycle length 2 to <4 days,healthy_ovulatory,calendar,3,H1_newmark_penry_66_7_any,strict_herzog,True,30,26,2.0,0.07692307692307693,0.0213550884722762,0.2414155377162906,0.1333333333333333,,
window_false_positive,cycle_regularity:SD cycle length 2 to <4 days,healthy_ovulatory,calendar,4,H1_newmark_penry_66_7_any,strict_herzog,True,30,28,2.0,0.07142857142857142,0.01981206411530574,0.22645362568399052,0.06666666666666665,,
window_false_positive,cycle_regularity:SD cycle length 2 to <4 days,healthy_ovulatory,calendar,6,H1_newmark_penry_66_7_any,strict_herzog,True,30,28,0.0,0.0,1.3877787807814457e-17,0.12064330476584563,0.06666666666666665,,
window_false_positive,cycle_regularity:SD cycle length 2 to <4 days,healthy_ovulatory,calendar,12,H1_newmark_penry_66_7_any,strict_herzog,True,30,0,0.0,,,,1.0,,
window_false_positive,cycle_regularity:SD cycle length 2 to <4 days,healthy_ovulatory,cycle,3,H1_newmark_penry_66_7_any,strict_herzog,True,30,27,2.0,0.07407407407407407,0.020554654060988622,0.23369592683023144,0.09999999999999998,,
window_false_positive,cycle_regularity:SD cycle length 2 to <4 days,healthy_ovulatory,cycle,6,H1_newmark_penry_66_7_any,strict_herzog,True,30,21,0.0,0.0,0.0,0.154639018924847,0.30000000000000004,,
window_false_positive,cycle_regularity:SD cycle length 2 to <4 days,healthy_ovulatory,cycle,12,H1_newmark_penry_66_7_any,strict_herzog,True,30,0,0.0,,,,1.0,,
window_false_positive,cycle_regularity:SD cycle length 2 to <4 days,healthy_ovulatory,full,full_diary,H1_newmark_penry_66_7_any,strict_herzog,True,30,28,0.0,0.0,1.3877787807814457e-17,0.12064330476584563,0.06666666666666665,,
window_false_positive,cycle_regularity:SD cycle length 2 to <4 days,population,calendar,1,H1_newmark_penry_66_7_any,strict_herzog,True,17,14,1.0,0.07142857142857142,0.012722215247890939,0.31468704424151117,0.17647058823529416,,
window_false_positive,cycle_regularity:SD cycle length 2 to <4 days,population,calendar,3,H1_newmark_penry_66_7_any,strict_herzog,True,17,17,2.0,0.11764705882352941,0.03287977376379267,0.3433635059488588,0.0,,
window_false_positive,cycle_regularity:SD cycle length 2 to <4 days,population,calendar,4,H1_newmark_penry_66_7_any,strict_herzog,True,17,17,0.0,0.0,0.0,0.1843181350088518,0.0,,
window_false_positive,cycle_regularity:SD cycle length 2 to <4 days,population,calendar,6,H1_newmark_penry_66_7_any,strict_herzog,True,17,17,0.0,0.0,0.0,0.1843181350088518,0.0,,
window_false_positive,cycle_regularity:SD cycle length 2 to <4 days,population,calendar,12,H1_newmark_penry_66_7_any,strict_herzog,True,17,0,0.0,,,,1.0,,
window_false_positive,cycle_regularity:SD cycle length 2 to <4 days,population,cycle,3,H1_newmark_penry_66_7_any,strict_herzog,True,17,17,1.0,0.058823529411764705,0.010460400984997564,0.26982030637575405,0.0,,
window_false_positive,cycle_regularity:SD cycle length 2 to <4 days,population,cycle,6,H1_newmark_penry_66_7_any,strict_herzog,True,17,7,1.0,0.14285714285714285,0.02567962434474355,0.5131278292743189,0.5882352941176471,,
window_false_positive,cycle_regularity:SD cycle length 2 to <4 days,population,cycle,12,H1_newmark_penry_66_7_any,strict_herzog,True,17,0,0.0,,,,1.0,,
window_false_positive,cycle_regularity:SD cycle length 2 to <4 days,population,full,full_diary,H1_newmark_penry_66_7_any,strict_herzog,True,17,17,0.0,0.0,0.0,0.1843181350088518,0.0,,
window_false_positive,cycle_regularity:SD cycle length 2 to <4 days,healthy_ovulatory,calendar,1,H2_duncan1993_any,strict_herzog,True,30,19,5.0,0.2631578947368421,0.11806412346782508,0.487915508978151,0.3666666666666667,,
window_false_positive,cycle_regularity:SD cycle length 2 to <4 days,healthy_ovulatory,calendar,3,H2_duncan1993_any,strict_herzog,True,30,26,2.0,0.07692307692307693,0.0213550884722762,0.2414155377162906,0.1333333333333333,,
window_false_positive,cycle_regularity:SD cycle length 2 to <4 days,healthy_ovulatory,calendar,4,H2_duncan1993_any,strict_herzog,True,30,28,3.0,0.10714285714285714,0.03711836682929999,0.27195851548672156,0.06666666666666665,,
window_false_positive,cycle_regularity:SD cycle length 2 to <4 days,healthy_ovulatory,calendar,6,H2_duncan1993_any,strict_herzog,True,30,28,1.0,0.03571428571428571,0.0063325198490377654,0.17712197743353317,0.06666666666666665,,
window_false_positive,cycle_regularity:SD cycle length 2 to <4 days,healthy_ovulatory,calendar,12,H2_duncan1993_any,strict_herzog,True,30,0,0.0,,,,1.0,,
window_false_positive,cycle_regularity:SD cycle length 2 to <4 days,healthy_ovulatory,cycle,3,H2_duncan1993_any,strict_herzog,True,30,27,5.0,0.18518518518518517,0.08180707142976529,0.3669868361854843,0.09999999999999998,,
window_false_positive,cycle_regularity:SD cycle length 2 to <4 days,healthy_ovulatory,cycle,6,H2_duncan1993_any,strict_herzog,True,30,21,1.0,0.047619047619047616,0.008455987809826399,0.22669360074122563,0.30000000000000004,,
window_false_positive,cycle_regularity:SD cycle length 2 to <4 days,healthy_ovulatory,cycle,12,H2_duncan1993_any,strict_herzog,True,30,0,0.0,,,,1.0,,
window_false_positive,cycle_regularity:SD cycle length 2 to <4 days,healthy_ovulatory,full,full_diary,H2_duncan1993_any,strict_herzog,True,30,28,1.0,0.03571428571428571,0.0063325198490377654,0.17712197743353317,0.06666666666666665,,
window_false_positive,cycle_regularity:SD cycle length 2 to <4 days,population,calendar,1,H2_duncan1993_any,strict_herzog,True,17,14,1.0,0.07142857142857142,0.012722215247890939,0.31468704424151117,0.17647058823529416,,
window_false_positive,cycle_regularity:SD cycle length 2 to <4 days,population,calendar,3,H2_duncan1993_any,strict_herzog,True,17,17,2.0,0.11764705882352941,0.03287977376379267,0.3433635059488588,0.0,,
window_false_positive,cycle_regularity:SD cycle length 2 to <4 days,population,calendar,4,H2_duncan1993_any,strict_herzog,True,17,17,1.0,0.058823529411764705,0.010460400984997564,0.26982030637575405,0.0,,
window_false_positive,cycle_regularity:SD cycle length 2 to <4 days,population,calendar,6,H2_duncan1993_any,strict_herzog,True,17,17,0.0,0.0,0.0,0.1843181350088518,0.0,,
window_false_positive,cycle_regularity:SD cycle length 2 to <4 days,population,calendar,12,H2_duncan1993_any,strict_herzog,True,17,0,0.0,,,,1.0,,
window_false_positive,cycle_regularity:SD cycle length 2 to <4 days,population,cycle,3,H2_duncan1993_any,strict_herzog,True,17,17,1.0,0.058823529411764705,0.010460400984997564,0.26982030637575405,0.0,,
window_false_positive,cycle_regularity:SD cycle length 2 to <4 days,population,cycle,6,H2_duncan1993_any,strict_herzog,True,17,7,1.0,0.14285714285714285,0.02567962434474355,0.5131278292743189,0.5882352941176471,,
window_false_positive,cycle_regularity:SD cycle length 2 to <4 days,population,cycle,12,H2_duncan1993_any,strict_herzog,True,17,0,0.0,,,,1.0,,
window_false_positive,cycle_regularity:SD cycle length 2 to <4 days,population,full,full_diary,H2_duncan1993_any,strict_herzog,True,17,17,0.0,0.0,0.0,0.1843181350088518,0.0,,
window_false_positive,cycle_regularity:SD cycle length 2 to <4 days,healthy_ovulatory,calendar,1,H3_herzog1997_twofold_any,strict_herzog,True,30,19,12.0,0.631578947368421,0.41039533164803066,0.8085048725486492,0.3666666666666667,,
window_false_positive,cycle_regularity:SD cycle length 2 to <4 days,healthy_ovulatory,calendar,3,H3_herzog1997_twofold_any,strict_herzog,True,30,26,13.0,0.5,0.3206059352575905,0.6793940647424095,0.1333333333333333,,
window_false_positive,cycle_regularity:SD cycle length 2 to <4 days,healthy_ovulatory,calendar,4,H3_herzog1997_twofold_any,strict_herzog,True,30,28,13.0,0.4642857142857143,0.29531569982795375,0.641873107655321,0.06666666666666665,,
window_false_positive,cycle_regularity:SD cycle length 2 to <4 days,healthy_ovulatory,calendar,6,H3_herzog1997_twofold_any,strict_herzog,True,30,28,14.0,0.5,0.32633127457293465,0.6736687254270654,0.06666666666666665,,
window_false_positive,cycle_regularity:SD cycle length 2 to <4 days,healthy_ovulatory,calendar,12,H3_herzog1997_twofold_any,strict_herzog,True,30,0,0.0,,,,1.0,,
window_false_positive,cycle_regularity:SD cycle length 2 to <4 days,healthy_ovulatory,cycle,3,H3_herzog1997_twofold_any,strict_herzog,True,30,27,12.0,0.4444444444444444,0.27585858177023004,0.6268697548677552,0.09999999999999998,,
window_false_positive,cycle_regularity:SD cycle length 2 to <4 days,healthy_ovulatory,cycle,6,H3_herzog1997_twofold_any,strict_herzog,True,30,21,10.0,0.47619047619047616,0.2834400610153417,0.6763046541715557,0.30000000000000004,,
window_false_positive,cycle_regularity:SD cycle length 2 to <4 days,healthy_ovulatory,cycle,12,H3_herzog1997_twofold_any,strict_herzog,True,30,0,0.0,,,,1.0,,
window_false_positive,cycle_regularity:SD cycle length 2 to <4 days,healthy_ovulatory,full,full_diary,H3_herzog1997_twofold_any,strict_herzog,True,30,28,14.0,0.5,0.32633127457293465,0.6736687254270654,0.06666666666666665,,
window_false_positive,cycle_regularity:SD cycle length 2 to <4 days,population,calendar,1,H3_herzog1997_twofold_any,strict_herzog,True,17,14,6.0,0.42857142857142855,0.21380798904474121,0.6740935542034926,0.17647058823529416,,
window_false_positive,cycle_regularity:SD cycle length 2 to <4 days,population,calendar,3,H3_herzog1997_twofold_any,strict_herzog,True,17,17,9.0,0.5294117647058824,0.30963235060004424,0.7383489355759056,0.0,,
window_false_positive,cycle_regularity:SD cycle length 2 to <4 days,population,calendar,4,H3_herzog1997_twofold_any,strict_herzog,True,17,17,11.0,0.6470588235294118,0.41300363485218694,0.8269027960275627,0.0,,
window_false_positive,cycle_regularity:SD cycle length 2 to <4 days,population,calendar,6,H3_herzog1997_twofold_any,strict_herzog,True,17,17,7.0,0.4117647058823529,0.2161105679021481,0.6399455735700021,0.0,,
window_false_positive,cycle_regularity:SD cycle length 2 to <4 days,population,calendar,12,H3_herzog1997_twofold_any,strict_herzog,True,17,0,0.0,,,,1.0,,
window_false_positive,cycle_regularity:SD cycle length 2 to <4 days,population,cycle,3,H3_herzog1997_twofold_any,strict_herzog,True,17,17,10.0,0.5882352941176471,0.3600544264299978,0.7838894320978518,0.0,,
window_false_positive,cycle_regularity:SD cycle length 2 to <4 days,population,cycle,6,H3_herzog1997_twofold_any,strict_herzog,True,17,7,4.0,0.5714285714285714,0.2504583645276572,0.8417801447485302,0.5882352941176471,,
window_false_positive,cycle_regularity:SD cycle length 2 to <4 days,population,cycle,12,H3_herzog1997_twofold_any,strict_herzog,True,17,0,0.0,,,,1.0,,
window_false_positive,cycle_regularity:SD cycle length 2 to <4 days,population,full,full_diary,H3_herzog1997_twofold_any,strict_herzog,True,17,17,7.0,0.4117647058823529,0.2161105679021481,0.6399455735700021,0.0,,
window_false_positive,cycle_regularity:SD cycle length 2 to <4 days,healthy_ovulatory,calendar,1,H4_reddy2007_any_phase2x_any,strict_herzog,True,30,19,18.0,0.9473684210526315,0.753612688331012,0.9906480059376995,0.3666666666666667,,
window_false_positive,cycle_regularity:SD cycle length 2 to <4 days,healthy_ovulatory,calendar,3,H4_reddy2007_any_phase2x_any,strict_herzog,True,30,26,18.0,0.6923076923076923,0.5001174167780164,0.8349868440453624,0.1333333333333333,,
window_false_positive,cycle_regularity:SD cycle length 2 to <4 days,healthy_ovulatory,calendar,4,H4_reddy2007_any_phase2x_any,strict_herzog,True,30,28,21.0,0.75,0.5664432968100104,0.8732350508070668,0.06666666666666665,,
window_false_positive,cycle_regularity:SD cycle length 2 to <4 days,healthy_ovulatory,calendar,6,H4_reddy2007_any_phase2x_any,strict_herzog,True,30,28,17.0,0.6071428571428571,0.42409044296597176,0.764343134584204,0.06666666666666665,,
window_false_positive,cycle_regularity:SD cycle length 2 to <4 days,healthy_ovulatory,calendar,12,H4_reddy2007_any_phase2x_any,strict_herzog,True,30,0,0.0,,,,1.0,,
window_false_positive,cycle_regularity:SD cycle length 2 to <4 days,healthy_ovulatory,cycle,3,H4_reddy2007_any_phase2x_any,strict_herzog,True,30,27,21.0,0.7777777777777778,0.5924307113336742,0.8939276054763996,0.09999999999999998,,
window_false_positive,cycle_regularity:SD cycle length 2 to <4 days,healthy_ovulatory,cycle,6,H4_reddy2007_any_phase2x_any,strict_herzog,True,30,21,12.0,0.5714285714285714,0.3654655436930671,0.7553003107462404,0.30000000000000004,,
window_false_positive,cycle_regularity:SD cycle length 2 to <4 days,healthy_ovulatory,cycle,12,H4_reddy2007_any_phase2x_any,strict_herzog,True,30,0,0.0,,,,1.0,,
window_false_positive,cycle_regularity:SD cycle length 2 to <4 days,healthy_ovulatory,full,full_diary,H4_reddy2007_any_phase2x_any,strict_herzog,True,30,28,17.0,0.6071428571428571,0.42409044296597176,0.764343134584204,0.06666666666666665,,
window_false_positive,cycle_regularity:SD cycle length 2 to <4 days,population,calendar,1,H4_reddy2007_any_phase2x_any,strict_herzog,True,17,14,12.0,0.8571428571428571,0.6005862050302965,0.9599060787285351,0.17647058823529416,,
window_false_positive,cycle_regularity:SD cycle length 2 to <4 days,population,calendar,3,H4_reddy2007_any_phase2x_any,strict_herzog,True,17,17,11.0,0.6470588235294118,0.41300363485218694,0.8269027960275627,0.0,,
window_false_positive,cycle_regularity:SD cycle length 2 to <4 days,population,calendar,4,H4_reddy2007_any_phase2x_any,strict_herzog,True,17,17,9.0,0.5294117647058824,0.30963235060004424,0.7383489355759056,0.0,,
window_false_positive,cycle_regularity:SD cycle length 2 to <4 days,population,calendar,6,H4_reddy2007_any_phase2x_any,strict_herzog,True,17,17,5.0,0.29411764705882354,0.1327998961029523,0.5313311006653985,0.0,,
window_false_positive,cycle_regularity:SD cycle length 2 to <4 days,population,calendar,12,H4_reddy2007_any_phase2x_any,strict_herzog,True,17,0,0.0,,,,1.0,,
window_false_positive,cycle_regularity:SD cycle length 2 to <4 days,population,cycle,3,H4_reddy2007_any_phase2x_any,strict_herzog,True,17,17,13.0,0.7647058823529411,0.5273820188043501,0.9044495567791988,0.0,,
window_false_positive,cycle_regularity:SD cycle length 2 to <4 days,population,cycle,6,H4_reddy2007_any_phase2x_any,strict_herzog,True,17,7,3.0,0.42857142857142855,0.15821985525146975,0.7495416354723428,0.5882352941176471,,
window_false_positive,cycle_regularity:SD cycle length 2 to <4 days,population,cycle,12,H4_reddy2007_any_phase2x_any,strict_herzog,True,17,0,0.0,,,,1.0,,
window_false_positive,cycle_regularity:SD cycle length 2 to <4 days,population,full,full_diary,H4_reddy2007_any_phase2x_any,strict_herzog,True,17,17,5.0,0.29411764705882354,0.1327998961029523,0.5313311006653985,0.0,,
window_false_positive,cycle_regularity:SD cycle length <2 days,healthy_ovulatory,calendar,1,A_exact_any,strict_herzog,False,8,0,0.0,,,,1.0,,
window_false_positive,cycle_regularity:SD cycle length <2 days,healthy_ovulatory,calendar,3,A_exact_any,strict_herzog,False,8,0,0.0,,,,1.0,,
window_false_positive,cycle_regularity:SD cycle length <2 days,healthy_ovulatory,calendar,4,A_exact_any,strict_herzog,False,8,0,0.0,,,,1.0,,
window_false_positive,cycle_regularity:SD cycle length <2 days,healthy_ovulatory,calendar,6,A_exact_any,strict_herzog,False,8,0,0.0,,,,1.0,,
window_false_positive,cycle_regularity:SD cycle length <2 days,healthy_ovulatory,calendar,12,A_exact_any,strict_herzog,False,8,0,0.0,,,,1.0,,
window_false_positive,cycle_regularity:SD cycle length <2 days,healthy_ovulatory,cycle,3,A_exact_any,strict_herzog,False,8,2,2.0,1.0,0.34238022750665303,1.0,0.75,,
window_false_positive,cycle_regularity:SD cycle length <2 days,healthy_ovulatory,cycle,6,A_exact_any,strict_herzog,False,8,0,0.0,,,,1.0,,
window_false_positive,cycle_regularity:SD cycle length <2 days,healthy_ovulatory,cycle,12,A_exact_any,strict_herzog,False,8,0,0.0,,,,1.0,,
window_false_positive,cycle_regularity:SD cycle length <2 days,healthy_ovulatory,full,full_diary,A_exact_any,strict_herzog,False,8,0,0.0,,,,1.0,,
window_false_positive,cycle_regularity:SD cycle length <2 days,population,calendar,1,A_exact_any,strict_herzog,False,6,0,0.0,,,,1.0,,
window_false_positive,cycle_regularity:SD cycle length <2 days,population,calendar,3,A_exact_any,strict_herzog,False,6,0,0.0,,,,1.0,,
window_false_positive,cycle_regularity:SD cycle length <2 days,population,calendar,4,A_exact_any,strict_herzog,False,6,0,0.0,,,,1.0,,
window_false_positive,cycle_regularity:SD cycle length <2 days,population,calendar,6,A_exact_any,strict_herzog,False,6,0,0.0,,,,1.0,,
window_false_positive,cycle_regularity:SD cycle length <2 days,population,calendar,12,A_exact_any,strict_herzog,False,6,0,0.0,,,,1.0,,
window_false_positive,cycle_regularity:SD cycle length <2 days,population,cycle,3,A_exact_any,strict_herzog,False,6,6,2.0,0.3333333333333333,0.09677141110578041,0.700006684861608,0.0,,
window_false_positive,cycle_regularity:SD cycle length <2 days,population,cycle,6,A_exact_any,strict_herzog,False,6,0,0.0,,,,1.0,,
window_false_positive,cycle_regularity:SD cycle length <2 days,population,cycle,12,A_exact_any,strict_herzog,False,6,0,0.0,,,,1.0,,
window_false_positive,cycle_regularity:SD cycle length <2 days,population,full,full_diary,A_exact_any,strict_herzog,False,6,0,0.0,,,,1.0,,
window_false_positive,cycle_regularity:SD cycle length <2 days,healthy_ovulatory,calendar,1,A_windowed_any,strict_herzog,False,8,5,2.0,0.4,0.11762077423264783,0.769275718723987,0.375,,
window_false_positive,cycle_regularity:SD cycle length <2 days,healthy_ovulatory,calendar,3,A_windowed_any,strict_herzog,False,8,5,2.0,0.4,0.11762077423264783,0.769275718723987,0.375,,
window_false_positive,cycle_regularity:SD cycle length <2 days,healthy_ovulatory,calendar,4,A_windowed_any,strict_herzog,False,8,6,2.0,0.3333333333333333,0.09677141110578041,0.700006684861608,0.25,,
window_false_positive,cycle_regularity:SD cycle length <2 days,healthy_ovulatory,calendar,6,A_windowed_any,strict_herzog,False,8,6,2.0,0.3333333333333333,0.09677141110578041,0.700006684861608,0.25,,
window_false_positive,cycle_regularity:SD cycle length <2 days,healthy_ovulatory,calendar,12,A_windowed_any,strict_herzog,False,8,0,0.0,,,,1.0,,
window_false_positive,cycle_regularity:SD cycle length <2 days,healthy_ovulatory,cycle,3,A_windowed_any,strict_herzog,False,8,6,2.0,0.3333333333333333,0.09677141110578041,0.700006684861608,0.25,,
window_false_positive,cycle_regularity:SD cycle length <2 days,healthy_ovulatory,cycle,6,A_windowed_any,strict_herzog,False,8,5,2.0,0.4,0.11762077423264783,0.769275718723987,0.375,,
window_false_positive,cycle_regularity:SD cycle length <2 days,healthy_ovulatory,cycle,12,A_windowed_any,strict_herzog,False,8,0,0.0,,,,1.0,,
window_false_positive,cycle_regularity:SD cycle length <2 days,healthy_ovulatory,full,full_diary,A_windowed_any,strict_herzog,False,8,6,2.0,0.3333333333333333,0.09677141110578041,0.700006684861608,0.25,,
window_false_positive,cycle_regularity:SD cycle length <2 days,population,calendar,1,A_windowed_any,strict_herzog,False,6,5,4.0,0.8,0.37553462976252533,0.9637758913675698,0.16666666666666663,,
window_false_positive,cycle_regularity:SD cycle length <2 days,population,calendar,3,A_windowed_any,strict_herzog,False,6,6,1.0,0.16666666666666666,0.030053369748306635,0.5635028221864702,0.0,,
window_false_positive,cycle_regularity:SD cycle length <2 days,population,calendar,4,A_windowed_any,strict_herzog,False,6,6,2.0,0.3333333333333333,0.09677141110578041,0.700006684861608,0.0,,
window_false_positive,cycle_regularity:SD cycle length <2 days,population,calendar,6,A_windowed_any,strict_herzog,False,6,6,3.0,0.5,0.18761630648265054,0.8123836935173494,0.0,,
window_false_positive,cycle_regularity:SD cycle length <2 days,population,calendar,12,A_windowed_any,strict_herzog,False,6,0,0.0,,,,1.0,,
window_false_positive,cycle_regularity:SD cycle length <2 days,population,cycle,3,A_windowed_any,strict_herzog,False,6,6,3.0,0.5,0.18761630648265054,0.8123836935173494,0.0,,
window_false_positive,cycle_regularity:SD cycle length <2 days,population,cycle,6,A_windowed_any,strict_herzog,False,6,4,2.0,0.5,0.15003898915214947,0.8499610108478506,0.33333333333333337,,
window_false_positive,cycle_regularity:SD cycle length <2 days,population,cycle,12,A_windowed_any,strict_herzog,False,6,0,0.0,,,,1.0,,
window_false_positive,cycle_regularity:SD cycle length <2 days,population,full,full_diary,A_windowed_any,strict_herzog,False,6,6,3.0,0.5,0.18761630648265054,0.8123836935173494,0.0,,
window_false_positive,cycle_regularity:SD cycle length <2 days,healthy_ovulatory,calendar,1,A_windowed_excluding_C3,strict_herzog,False,8,5,2.0,0.4,0.11762077423264783,0.769275718723987,0.375,,
window_false_positive,cycle_regularity:SD cycle length <2 days,healthy_ovulatory,calendar,3,A_windowed_excluding_C3,strict_herzog,False,8,5,2.0,0.4,0.11762077423264783,0.769275718723987,0.375,,
window_false_positive,cycle_regularity:SD cycle length <2 days,healthy_ovulatory,calendar,4,A_windowed_excluding_C3,strict_herzog,False,8,6,2.0,0.3333333333333333,0.09677141110578041,0.700006684861608,0.25,,
window_false_positive,cycle_regularity:SD cycle length <2 days,healthy_ovulatory,calendar,6,A_windowed_excluding_C3,strict_herzog,False,8,6,2.0,0.3333333333333333,0.09677141110578041,0.700006684861608,0.25,,
window_false_positive,cycle_regularity:SD cycle length <2 days,healthy_ovulatory,calendar,12,A_windowed_excluding_C3,strict_herzog,False,8,0,0.0,,,,1.0,,
window_false_positive,cycle_regularity:SD cycle length <2 days,healthy_ovulatory,cycle,3,A_windowed_excluding_C3,strict_herzog,False,8,6,2.0,0.3333333333333333,0.09677141110578041,0.700006684861608,0.25,,
window_false_positive,cycle_regularity:SD cycle length <2 days,healthy_ovulatory,cycle,6,A_windowed_excluding_C3,strict_herzog,False,8,5,2.0,0.4,0.11762077423264783,0.769275718723987,0.375,,
window_false_positive,cycle_regularity:SD cycle length <2 days,healthy_ovulatory,cycle,12,A_windowed_excluding_C3,strict_herzog,False,8,0,0.0,,,,1.0,,
window_false_positive,cycle_regularity:SD cycle length <2 days,healthy_ovulatory,full,full_diary,A_windowed_excluding_C3,strict_herzog,False,8,6,2.0,0.3333333333333333,0.09677141110578041,0.700006684861608,0.25,,
window_false_positive,cycle_regularity:SD cycle length <2 days,population,calendar,1,A_windowed_excluding_C3,strict_herzog,False,6,5,4.0,0.8,0.37553462976252533,0.9637758913675698,0.16666666666666663,,
window_false_positive,cycle_regularity:SD cycle length <2 days,population,calendar,3,A_windowed_excluding_C3,strict_herzog,False,6,6,1.0,0.16666666666666666,0.030053369748306635,0.5635028221864702,0.0,,
window_false_positive,cycle_regularity:SD cycle length <2 days,population,calendar,4,A_windowed_excluding_C3,strict_herzog,False,6,6,2.0,0.3333333333333333,0.09677141110578041,0.700006684861608,0.0,,
window_false_positive,cycle_regularity:SD cycle length <2 days,population,calendar,6,A_windowed_excluding_C3,strict_herzog,False,6,6,3.0,0.5,0.18761630648265054,0.8123836935173494,0.0,,
window_false_positive,cycle_regularity:SD cycle length <2 days,population,calendar,12,A_windowed_excluding_C3,strict_herzog,False,6,0,0.0,,,,1.0,,
window_false_positive,cycle_regularity:SD cycle length <2 days,population,cycle,3,A_windowed_excluding_C3,strict_herzog,False,6,6,3.0,0.5,0.18761630648265054,0.8123836935173494,0.0,,
window_false_positive,cycle_regularity:SD cycle length <2 days,population,cycle,6,A_windowed_excluding_C3,strict_herzog,False,6,4,2.0,0.5,0.15003898915214947,0.8499610108478506,0.33333333333333337,,
window_false_positive,cycle_regularity:SD cycle length <2 days,population,cycle,12,A_windowed_excluding_C3,strict_herzog,False,6,0,0.0,,,,1.0,,
window_false_positive,cycle_regularity:SD cycle length <2 days,population,full,full_diary,A_windowed_excluding_C3,strict_herzog,False,6,6,3.0,0.5,0.18761630648265054,0.8123836935173494,0.0,,
window_false_positive,cycle_regularity:SD cycle length <2 days,healthy_ovulatory,calendar,1,A_windowed_C1_only,strict_herzog,False,8,5,2.0,0.4,0.11762077423264783,0.769275718723987,0.375,,
window_false_positive,cycle_regularity:SD cycle length <2 days,healthy_ovulatory,calendar,3,A_windowed_C1_only,strict_herzog,False,8,5,2.0,0.4,0.11762077423264783,0.769275718723987,0.375,,
window_false_positive,cycle_regularity:SD cycle length <2 days,healthy_ovulatory,calendar,4,A_windowed_C1_only,strict_herzog,False,8,6,2.0,0.3333333333333333,0.09677141110578041,0.700006684861608,0.25,,
window_false_positive,cycle_regularity:SD cycle length <2 days,healthy_ovulatory,calendar,6,A_windowed_C1_only,strict_herzog,False,8,6,2.0,0.3333333333333333,0.09677141110578041,0.700006684861608,0.25,,
window_false_positive,cycle_regularity:SD cycle length <2 days,healthy_ovulatory,calendar,12,A_windowed_C1_only,strict_herzog,False,8,0,0.0,,,,1.0,,
window_false_positive,cycle_regularity:SD cycle length <2 days,healthy_ovulatory,cycle,3,A_windowed_C1_only,strict_herzog,False,8,6,2.0,0.3333333333333333,0.09677141110578041,0.700006684861608,0.25,,
window_false_positive,cycle_regularity:SD cycle length <2 days,healthy_ovulatory,cycle,6,A_windowed_C1_only,strict_herzog,False,8,5,2.0,0.4,0.11762077423264783,0.769275718723987,0.375,,
window_false_positive,cycle_regularity:SD cycle length <2 days,healthy_ovulatory,cycle,12,A_windowed_C1_only,strict_herzog,False,8,0,0.0,,,,1.0,,
window_false_positive,cycle_regularity:SD cycle length <2 days,healthy_ovulatory,full,full_diary,A_windowed_C1_only,strict_herzog,False,8,6,2.0,0.3333333333333333,0.09677141110578041,0.700006684861608,0.25,,
window_false_positive,cycle_regularity:SD cycle length <2 days,population,calendar,1,A_windowed_C1_only,strict_herzog,False,6,5,4.0,0.8,0.37553462976252533,0.9637758913675698,0.16666666666666663,,
window_false_positive,cycle_regularity:SD cycle length <2 days,population,calendar,3,A_windowed_C1_only,strict_herzog,False,6,6,1.0,0.16666666666666666,0.030053369748306635,0.5635028221864702,0.0,,
window_false_positive,cycle_regularity:SD cycle length <2 days,population,calendar,4,A_windowed_C1_only,strict_herzog,False,6,6,2.0,0.3333333333333333,0.09677141110578041,0.700006684861608,0.0,,
window_false_positive,cycle_regularity:SD cycle length <2 days,population,calendar,6,A_windowed_C1_only,strict_herzog,False,6,6,2.0,0.3333333333333333,0.09677141110578041,0.700006684861608,0.0,,
window_false_positive,cycle_regularity:SD cycle length <2 days,population,calendar,12,A_windowed_C1_only,strict_herzog,False,6,0,0.0,,,,1.0,,
window_false_positive,cycle_regularity:SD cycle length <2 days,population,cycle,3,A_windowed_C1_only,strict_herzog,False,6,6,1.0,0.16666666666666666,0.030053369748306635,0.5635028221864702,0.0,,
window_false_positive,cycle_regularity:SD cycle length <2 days,population,cycle,6,A_windowed_C1_only,strict_herzog,False,6,4,1.0,0.25,0.04558726080970055,0.6993581574175981,0.33333333333333337,,
window_false_positive,cycle_regularity:SD cycle length <2 days,population,cycle,12,A_windowed_C1_only,strict_herzog,False,6,0,0.0,,,,1.0,,
window_false_positive,cycle_regularity:SD cycle length <2 days,population,full,full_diary,A_windowed_C1_only,strict_herzog,False,6,6,2.0,0.3333333333333333,0.09677141110578041,0.700006684861608,0.0,,
window_false_positive,cycle_regularity:SD cycle length <2 days,healthy_ovulatory,calendar,1,A_windowed_C2_only,strict_herzog,False,8,5,0.0,0.0,0.0,0.43448246478317476,0.375,,
window_false_positive,cycle_regularity:SD cycle length <2 days,healthy_ovulatory,calendar,3,A_windowed_C2_only,strict_herzog,False,8,4,0.0,0.0,0.0,0.4898908364545973,0.5,,
window_false_positive,cycle_regularity:SD cycle length <2 days,healthy_ovulatory,calendar,4,A_windowed_C2_only,strict_herzog,False,8,5,0.0,0.0,0.0,0.43448246478317476,0.375,,
window_false_positive,cycle_regularity:SD cycle length <2 days,healthy_ovulatory,calendar,6,A_windowed_C2_only,strict_herzog,False,8,6,0.0,0.0,2.7755575615628914e-17,0.3903342879021653,0.25,,
window_false_positive,cycle_regularity:SD cycle length <2 days,healthy_ovulatory,calendar,12,A_windowed_C2_only,strict_herzog,False,8,0,0.0,,,,1.0,,
window_false_positive,cycle_regularity:SD cycle length <2 days,healthy_ovulatory,cycle,3,A_windowed_C2_only,strict_herzog,False,8,5,0.0,0.0,0.0,0.43448246478317476,0.375,,
window_false_positive,cycle_regularity:SD cycle length <2 days,healthy_ovulatory,cycle,6,A_windowed_C2_only,strict_herzog,False,8,5,0.0,0.0,0.0,0.43448246478317476,0.375,,
window_false_positive,cycle_regularity:SD cycle length <2 days,healthy_ovulatory,cycle,12,A_windowed_C2_only,strict_herzog,False,8,0,0.0,,,,1.0,,
window_false_positive,cycle_regularity:SD cycle length <2 days,healthy_ovulatory,full,full_diary,A_windowed_C2_only,strict_herzog,False,8,6,0.0,0.0,2.7755575615628914e-17,0.3903342879021653,0.25,,
window_false_positive,cycle_regularity:SD cycle length <2 days,population,calendar,1,A_windowed_C2_only,strict_herzog,False,6,4,1.0,0.25,0.04558726080970055,0.6993581574175981,0.33333333333333337,,
window_false_positive,cycle_regularity:SD cycle length <2 days,population,calendar,3,A_windowed_C2_only,strict_herzog,False,6,5,0.0,0.0,0.0,0.43448246478317476,0.16666666666666663,,
window_false_positive,cycle_regularity:SD cycle length <2 days,population,calendar,4,A_windowed_C2_only,strict_herzog,False,6,5,0.0,0.0,0.0,0.43448246478317476,0.16666666666666663,,
window_false_positive,cycle_regularity:SD cycle length <2 days,population,calendar,6,A_windowed_C2_only,strict_herzog,False,6,6,1.0,0.16666666666666666,0.030053369748306635,0.5635028221864702,0.0,,
window_false_positive,cycle_regularity:SD cycle length <2 days,population,calendar,12,A_windowed_C2_only,strict_herzog,False,6,0,0.0,,,,1.0,,
window_false_positive,cycle_regularity:SD cycle length <2 days,population,cycle,3,A_windowed_C2_only,strict_herzog,False,6,6,2.0,0.3333333333333333,0.09677141110578041,0.700006684861608,0.0,,
window_false_positive,cycle_regularity:SD cycle length <2 days,population,cycle,6,A_windowed_C2_only,strict_herzog,False,6,4,1.0,0.25,0.04558726080970055,0.6993581574175981,0.33333333333333337,,
window_false_positive,cycle_regularity:SD cycle length <2 days,population,cycle,12,A_windowed_C2_only,strict_herzog,False,6,0,0.0,,,,1.0,,
window_false_positive,cycle_regularity:SD cycle length <2 days,population,full,full_diary,A_windowed_C2_only,strict_herzog,False,6,6,1.0,0.16666666666666666,0.030053369748306635,0.5635028221864702,0.0,,
window_false_positive,cycle_regularity:SD cycle length <2 days,healthy_ovulatory,calendar,1,A_windowed_C3_only,strict_herzog,False,8,0,0.0,,,,1.0,,
window_false_positive,cycle_regularity:SD cycle length <2 days,healthy_ovulatory,calendar,3,A_windowed_C3_only,strict_herzog,False,8,0,0.0,,,,1.0,,
window_false_positive,cycle_regularity:SD cycle length <2 days,healthy_ovulatory,calendar,4,A_windowed_C3_only,strict_herzog,False,8,0,0.0,,,,1.0,,
window_false_positive,cycle_regularity:SD cycle length <2 days,healthy_ovulatory,calendar,6,A_windowed_C3_only,strict_herzog,False,8,0,0.0,,,,1.0,,
window_false_positive,cycle_regularity:SD cycle length <2 days,healthy_ovulatory,calendar,12,A_windowed_C3_only,strict_herzog,False,8,0,0.0,,,,1.0,,
window_false_positive,cycle_regularity:SD cycle length <2 days,healthy_ovulatory,cycle,3,A_windowed_C3_only,strict_herzog,False,8,0,0.0,,,,1.0,,
window_false_positive,cycle_regularity:SD cycle length <2 days,healthy_ovulatory,cycle,6,A_windowed_C3_only,strict_herzog,False,8,0,0.0,,,,1.0,,
window_false_positive,cycle_regularity:SD cycle length <2 days,healthy_ovulatory,cycle,12,A_windowed_C3_only,strict_herzog,False,8,0,0.0,,,,1.0,,
window_false_positive,cycle_regularity:SD cycle length <2 days,healthy_ovulatory,full,full_diary,A_windowed_C3_only,strict_herzog,False,8,0,0.0,,,,1.0,,
window_false_positive,cycle_regularity:SD cycle length <2 days,population,calendar,1,A_windowed_C3_only,strict_herzog,False,6,0,0.0,,,,1.0,,
window_false_positive,cycle_regularity:SD cycle length <2 days,population,calendar,3,A_windowed_C3_only,strict_herzog,False,6,1,0.0,0.0,0.0,0.7934506856227626,0.8333333333333334,,
window_false_positive,cycle_regularity:SD cycle length <2 days,population,calendar,4,A_windowed_C3_only,strict_herzog,False,6,1,0.0,0.0,0.0,0.7934506856227626,0.8333333333333334,,
window_false_positive,cycle_regularity:SD cycle length <2 days,population,calendar,6,A_windowed_C3_only,strict_herzog,False,6,2,1.0,0.5,0.09453120573423074,0.9054687942657693,0.6666666666666667,,
window_false_positive,cycle_regularity:SD cycle length <2 days,population,calendar,12,A_windowed_C3_only,strict_herzog,False,6,0,0.0,,,,1.0,,
window_false_positive,cycle_regularity:SD cycle length <2 days,population,cycle,3,A_windowed_C3_only,strict_herzog,False,6,1,0.0,0.0,0.0,0.7934506856227626,0.8333333333333334,,
window_false_positive,cycle_regularity:SD cycle length <2 days,population,cycle,6,A_windowed_C3_only,strict_herzog,False,6,1,0.0,0.0,0.0,0.7934506856227626,0.8333333333333334,,
window_false_positive,cycle_regularity:SD cycle length <2 days,population,cycle,12,A_windowed_C3_only,strict_herzog,False,6,0,0.0,,,,1.0,,
window_false_positive,cycle_regularity:SD cycle length <2 days,population,full,full_diary,A_windowed_C3_only,strict_herzog,False,6,2,1.0,0.5,0.09453120573423074,0.9054687942657693,0.6666666666666667,,
window_false_positive,cycle_regularity:SD cycle length <2 days,healthy_ovulatory,calendar,1,B_minimum_data_any,strict_herzog,False,8,0,0.0,,,,1.0,,
window_false_positive,cycle_regularity:SD cycle length <2 days,healthy_ovulatory,calendar,3,B_minimum_data_any,strict_herzog,False,8,0,0.0,,,,1.0,,
window_false_positive,cycle_regularity:SD cycle length <2 days,healthy_ovulatory,calendar,4,B_minimum_data_any,strict_herzog,False,8,4,1.0,0.25,0.04558726080970055,0.6993581574175981,0.5,,
window_false_positive,cycle_regularity:SD cycle length <2 days,healthy_ovulatory,calendar,6,B_minimum_data_any,strict_herzog,False,8,4,1.0,0.25,0.04558726080970055,0.6993581574175981,0.5,,
window_false_positive,cycle_regularity:SD cycle length <2 days,healthy_ovulatory,calendar,12,B_minimum_data_any,strict_herzog,False,8,0,0.0,,,,1.0,,
window_false_positive,cycle_regularity:SD cycle length <2 days,healthy_ovulatory,cycle,3,B_minimum_data_any,strict_herzog,False,8,0,0.0,,,,1.0,,
window_false_positive,cycle_regularity:SD cycle length <2 days,healthy_ovulatory,cycle,6,B_minimum_data_any,strict_herzog,False,8,4,1.0,0.25,0.04558726080970055,0.6993581574175981,0.5,,
window_false_positive,cycle_regularity:SD cycle length <2 days,healthy_ovulatory,cycle,12,B_minimum_data_any,strict_herzog,False,8,0,0.0,,,,1.0,,
window_false_positive,cycle_regularity:SD cycle length <2 days,healthy_ovulatory,full,full_diary,B_minimum_data_any,strict_herzog,False,8,4,1.0,0.25,0.04558726080970055,0.6993581574175981,0.5,,
window_false_positive,cycle_regularity:SD cycle length <2 days,population,calendar,1,B_minimum_data_any,strict_herzog,False,6,0,0.0,,,,1.0,,
window_false_positive,cycle_regularity:SD cycle length <2 days,population,calendar,3,B_minimum_data_any,strict_herzog,False,6,0,0.0,,,,1.0,,
window_false_positive,cycle_regularity:SD cycle length <2 days,population,calendar,4,B_minimum_data_any,strict_herzog,False,6,5,1.0,0.2,0.03622410863243014,0.6244653702374747,0.16666666666666663,,
window_false_positive,cycle_regularity:SD cycle length <2 days,population,calendar,6,B_minimum_data_any,strict_herzog,False,6,6,3.0,0.5,0.18761630648265054,0.8123836935173494,0.0,,
window_false_positive,cycle_regularity:SD cycle length <2 days,population,calendar,12,B_minimum_data_any,strict_herzog,False,6,0,0.0,,,,1.0,,
window_false_positive,cycle_regularity:SD cycle length <2 days,population,cycle,3,B_minimum_data_any,strict_herzog,False,6,0,0.0,,,,1.0,,
window_false_positive,cycle_regularity:SD cycle length <2 days,population,cycle,6,B_minimum_data_any,strict_herzog,False,6,4,2.0,0.5,0.15003898915214947,0.8499610108478506,0.33333333333333337,,
window_false_positive,cycle_regularity:SD cycle length <2 days,population,cycle,12,B_minimum_data_any,strict_herzog,False,6,0,0.0,,,,1.0,,
window_false_positive,cycle_regularity:SD cycle length <2 days,population,full,full_diary,B_minimum_data_any,strict_herzog,False,6,6,3.0,0.5,0.18761630648265054,0.8123836935173494,0.0,,
window_false_positive,cycle_regularity:SD cycle length <2 days,healthy_ovulatory,calendar,1,B_minimum_data_excluding_C3,strict_herzog,False,8,0,0.0,,,,1.0,,
window_false_positive,cycle_regularity:SD cycle length <2 days,healthy_ovulatory,calendar,3,B_minimum_data_excluding_C3,strict_herzog,False,8,0,0.0,,,,1.0,,
window_false_positive,cycle_regularity:SD cycle length <2 days,healthy_ovulatory,calendar,4,B_minimum_data_excluding_C3,strict_herzog,False,8,4,1.0,0.25,0.04558726080970055,0.6993581574175981,0.5,,
window_false_positive,cycle_regularity:SD cycle length <2 days,healthy_ovulatory,calendar,6,B_minimum_data_excluding_C3,strict_herzog,False,8,4,1.0,0.25,0.04558726080970055,0.6993581574175981,0.5,,
window_false_positive,cycle_regularity:SD cycle length <2 days,healthy_ovulatory,calendar,12,B_minimum_data_excluding_C3,strict_herzog,False,8,0,0.0,,,,1.0,,
window_false_positive,cycle_regularity:SD cycle length <2 days,healthy_ovulatory,cycle,3,B_minimum_data_excluding_C3,strict_herzog,False,8,0,0.0,,,,1.0,,
window_false_positive,cycle_regularity:SD cycle length <2 days,healthy_ovulatory,cycle,6,B_minimum_data_excluding_C3,strict_herzog,False,8,4,1.0,0.25,0.04558726080970055,0.6993581574175981,0.5,,
window_false_positive,cycle_regularity:SD cycle length <2 days,healthy_ovulatory,cycle,12,B_minimum_data_excluding_C3,strict_herzog,False,8,0,0.0,,,,1.0,,
window_false_positive,cycle_regularity:SD cycle length <2 days,healthy_ovulatory,full,full_diary,B_minimum_data_excluding_C3,strict_herzog,False,8,4,1.0,0.25,0.04558726080970055,0.6993581574175981,0.5,,
window_false_positive,cycle_regularity:SD cycle length <2 days,population,calendar,1,B_minimum_data_excluding_C3,strict_herzog,False,6,0,0.0,,,,1.0,,
window_false_positive,cycle_regularity:SD cycle length <2 days,population,calendar,3,B_minimum_data_excluding_C3,strict_herzog,False,6,0,0.0,,,,1.0,,
window_false_positive,cycle_regularity:SD cycle length <2 days,population,calendar,4,B_minimum_data_excluding_C3,strict_herzog,False,6,5,1.0,0.2,0.03622410863243014,0.6244653702374747,0.16666666666666663,,
window_false_positive,cycle_regularity:SD cycle length <2 days,population,calendar,6,B_minimum_data_excluding_C3,strict_herzog,False,6,6,3.0,0.5,0.18761630648265054,0.8123836935173494,0.0,,
window_false_positive,cycle_regularity:SD cycle length <2 days,population,calendar,12,B_minimum_data_excluding_C3,strict_herzog,False,6,0,0.0,,,,1.0,,
window_false_positive,cycle_regularity:SD cycle length <2 days,population,cycle,3,B_minimum_data_excluding_C3,strict_herzog,False,6,0,0.0,,,,1.0,,
window_false_positive,cycle_regularity:SD cycle length <2 days,population,cycle,6,B_minimum_data_excluding_C3,strict_herzog,False,6,4,2.0,0.5,0.15003898915214947,0.8499610108478506,0.33333333333333337,,
window_false_positive,cycle_regularity:SD cycle length <2 days,population,cycle,12,B_minimum_data_excluding_C3,strict_herzog,False,6,0,0.0,,,,1.0,,
window_false_positive,cycle_regularity:SD cycle length <2 days,population,full,full_diary,B_minimum_data_excluding_C3,strict_herzog,False,6,6,3.0,0.5,0.18761630648265054,0.8123836935173494,0.0,,
window_false_positive,cycle_regularity:SD cycle length <2 days,healthy_ovulatory,calendar,1,C_reproducibility_any,strict_herzog,False,8,0,0.0,,,,1.0,,
window_false_positive,cycle_regularity:SD cycle length <2 days,healthy_ovulatory,calendar,3,C_reproducibility_any,strict_herzog,False,8,0,0.0,,,,1.0,,
window_false_positive,cycle_regularity:SD cycle length <2 days,healthy_ovulatory,calendar,4,C_reproducibility_any,strict_herzog,False,8,0,0.0,,,,1.0,,
window_false_positive,cycle_regularity:SD cycle length <2 days,healthy_ovulatory,calendar,6,C_reproducibility_any,strict_herzog,False,8,2,1.0,0.5,0.09453120573423074,0.9054687942657693,0.75,,
window_false_positive,cycle_regularity:SD cycle length <2 days,healthy_ovulatory,calendar,12,C_reproducibility_any,strict_herzog,False,8,0,0.0,,,,1.0,,
window_false_positive,cycle_regularity:SD cycle length <2 days,healthy_ovulatory,cycle,3,C_reproducibility_any,strict_herzog,False,8,0,0.0,,,,1.0,,
window_false_positive,cycle_regularity:SD cycle length <2 days,healthy_ovulatory,cycle,6,C_reproducibility_any,strict_herzog,False,8,2,1.0,0.5,0.09453120573423074,0.9054687942657693,0.75,,
window_false_positive,cycle_regularity:SD cycle length <2 days,healthy_ovulatory,cycle,12,C_reproducibility_any,strict_herzog,False,8,0,0.0,,,,1.0,,
window_false_positive,cycle_regularity:SD cycle length <2 days,healthy_ovulatory,full,full_diary,C_reproducibility_any,strict_herzog,False,8,2,1.0,0.5,0.09453120573423074,0.9054687942657693,0.75,,
window_false_positive,cycle_regularity:SD cycle length <2 days,population,calendar,1,C_reproducibility_any,strict_herzog,False,6,0,0.0,,,,1.0,,
window_false_positive,cycle_regularity:SD cycle length <2 days,population,calendar,3,C_reproducibility_any,strict_herzog,False,6,0,0.0,,,,1.0,,
window_false_positive,cycle_regularity:SD cycle length <2 days,population,calendar,4,C_reproducibility_any,strict_herzog,False,6,0,0.0,,,,1.0,,
window_false_positive,cycle_regularity:SD cycle length <2 days,population,calendar,6,C_reproducibility_any,strict_herzog,False,6,3,0.0,0.0,5.551115123125783e-17,0.5614970317550454,0.5,,
window_false_positive,cycle_regularity:SD cycle length <2 days,population,calendar,12,C_reproducibility_any,strict_herzog,False,6,0,0.0,,,,1.0,,
window_false_positive,cycle_regularity:SD cycle length <2 days,population,cycle,3,C_reproducibility_any,strict_herzog,False,6,0,0.0,,,,1.0,,
window_false_positive,cycle_regularity:SD cycle length <2 days,population,cycle,6,C_reproducibility_any,strict_herzog,False,6,3,0.0,0.0,5.551115123125783e-17,0.5614970317550454,0.5,,
window_false_positive,cycle_regularity:SD cycle length <2 days,population,cycle,12,C_reproducibility_any,strict_herzog,False,6,0,0.0,,,,1.0,,
window_false_positive,cycle_regularity:SD cycle length <2 days,population,full,full_diary,C_reproducibility_any,strict_herzog,False,6,3,0.0,0.0,5.551115123125783e-17,0.5614970317550454,0.5,,
window_false_positive,cycle_regularity:SD cycle length <2 days,healthy_ovulatory,calendar,1,C_reproducibility_12cycle_any,strict_herzog,False,8,0,0.0,,,,1.0,,
window_false_positive,cycle_regularity:SD cycle length <2 days,healthy_ovulatory,calendar,3,C_reproducibility_12cycle_any,strict_herzog,False,8,0,0.0,,,,1.0,,
window_false_positive,cycle_regularity:SD cycle length <2 days,healthy_ovulatory,calendar,4,C_reproducibility_12cycle_any,strict_herzog,False,8,0,0.0,,,,1.0,,
window_false_positive,cycle_regularity:SD cycle length <2 days,healthy_ovulatory,calendar,6,C_reproducibility_12cycle_any,strict_herzog,False,8,0,0.0,,,,1.0,,
window_false_positive,cycle_regularity:SD cycle length <2 days,healthy_ovulatory,calendar,12,C_reproducibility_12cycle_any,strict_herzog,False,8,0,0.0,,,,1.0,,
window_false_positive,cycle_regularity:SD cycle length <2 days,healthy_ovulatory,cycle,3,C_reproducibility_12cycle_any,strict_herzog,False,8,0,0.0,,,,1.0,,
window_false_positive,cycle_regularity:SD cycle length <2 days,healthy_ovulatory,cycle,6,C_reproducibility_12cycle_any,strict_herzog,False,8,0,0.0,,,,1.0,,
window_false_positive,cycle_regularity:SD cycle length <2 days,healthy_ovulatory,cycle,12,C_reproducibility_12cycle_any,strict_herzog,False,8,0,0.0,,,,1.0,,
window_false_positive,cycle_regularity:SD cycle length <2 days,healthy_ovulatory,full,full_diary,C_reproducibility_12cycle_any,strict_herzog,False,8,0,0.0,,,,1.0,,
window_false_positive,cycle_regularity:SD cycle length <2 days,population,calendar,1,C_reproducibility_12cycle_any,strict_herzog,False,6,0,0.0,,,,1.0,,
window_false_positive,cycle_regularity:SD cycle length <2 days,population,calendar,3,C_reproducibility_12cycle_any,strict_herzog,False,6,0,0.0,,,,1.0,,
window_false_positive,cycle_regularity:SD cycle length <2 days,population,calendar,4,C_reproducibility_12cycle_any,strict_herzog,False,6,0,0.0,,,,1.0,,
window_false_positive,cycle_regularity:SD cycle length <2 days,population,calendar,6,C_reproducibility_12cycle_any,strict_herzog,False,6,0,0.0,,,,1.0,,
window_false_positive,cycle_regularity:SD cycle length <2 days,population,calendar,12,C_reproducibility_12cycle_any,strict_herzog,False,6,0,0.0,,,,1.0,,
window_false_positive,cycle_regularity:SD cycle length <2 days,population,cycle,3,C_reproducibility_12cycle_any,strict_herzog,False,6,0,0.0,,,,1.0,,
window_false_positive,cycle_regularity:SD cycle length <2 days,population,cycle,6,C_reproducibility_12cycle_any,strict_herzog,False,6,0,0.0,,,,1.0,,
window_false_positive,cycle_regularity:SD cycle length <2 days,population,cycle,12,C_reproducibility_12cycle_any,strict_herzog,False,6,0,0.0,,,,1.0,,
window_false_positive,cycle_regularity:SD cycle length <2 days,population,full,full_diary,C_reproducibility_12cycle_any,strict_herzog,False,6,0,0.0,,,,1.0,,
window_false_positive,cycle_regularity:SD cycle length <2 days,healthy_ovulatory,calendar,1,D_nb_regression_any,strict_herzog,False,8,0,0.0,,,,1.0,,
window_false_positive,cycle_regularity:SD cycle length <2 days,healthy_ovulatory,calendar,3,D_nb_regression_any,strict_herzog,False,8,0,0.0,,,,1.0,,
window_false_positive,cycle_regularity:SD cycle length <2 days,healthy_ovulatory,calendar,4,D_nb_regression_any,strict_herzog,False,8,4,1.0,0.25,0.04558726080970055,0.6993581574175981,0.5,,
window_false_positive,cycle_regularity:SD cycle length <2 days,healthy_ovulatory,calendar,6,D_nb_regression_any,strict_herzog,False,8,4,0.0,0.0,0.0,0.4898908364545973,0.5,,
window_false_positive,cycle_regularity:SD cycle length <2 days,healthy_ovulatory,calendar,12,D_nb_regression_any,strict_herzog,False,8,0,0.0,,,,1.0,,
window_false_positive,cycle_regularity:SD cycle length <2 days,healthy_ovulatory,cycle,3,D_nb_regression_any,strict_herzog,False,8,0,0.0,,,,1.0,,
window_false_positive,cycle_regularity:SD cycle length <2 days,healthy_ovulatory,cycle,6,D_nb_regression_any,strict_herzog,False,8,4,1.0,0.25,0.04558726080970055,0.6993581574175981,0.5,,
window_false_positive,cycle_regularity:SD cycle length <2 days,healthy_ovulatory,cycle,12,D_nb_regression_any,strict_herzog,False,8,0,0.0,,,,1.0,,
window_false_positive,cycle_regularity:SD cycle length <2 days,healthy_ovulatory,full,full_diary,D_nb_regression_any,strict_herzog,False,8,4,0.0,0.0,0.0,0.4898908364545973,0.5,,
window_false_positive,cycle_regularity:SD cycle length <2 days,population,calendar,1,D_nb_regression_any,strict_herzog,False,6,0,0.0,,,,1.0,,
window_false_positive,cycle_regularity:SD cycle length <2 days,population,calendar,3,D_nb_regression_any,strict_herzog,False,6,0,0.0,,,,1.0,,
window_false_positive,cycle_regularity:SD cycle length <2 days,population,calendar,4,D_nb_regression_any,strict_herzog,False,6,5,0.0,0.0,0.0,0.43448246478317476,0.16666666666666663,,
window_false_positive,cycle_regularity:SD cycle length <2 days,population,calendar,6,D_nb_regression_any,strict_herzog,False,6,6,1.0,0.16666666666666666,0.030053369748306635,0.5635028221864702,0.0,,
window_false_positive,cycle_regularity:SD cycle length <2 days,population,calendar,12,D_nb_regression_any,strict_herzog,False,6,0,0.0,,,,1.0,,
window_false_positive,cycle_regularity:SD cycle length <2 days,population,cycle,3,D_nb_regression_any,strict_herzog,False,6,0,0.0,,,,1.0,,
window_false_positive,cycle_regularity:SD cycle length <2 days,population,cycle,6,D_nb_regression_any,strict_herzog,False,6,4,0.0,0.0,0.0,0.4898908364545973,0.33333333333333337,,
window_false_positive,cycle_regularity:SD cycle length <2 days,population,cycle,12,D_nb_regression_any,strict_herzog,False,6,0,0.0,,,,1.0,,
window_false_positive,cycle_regularity:SD cycle length <2 days,population,full,full_diary,D_nb_regression_any,strict_herzog,False,6,6,1.0,0.16666666666666666,0.030053369748306635,0.5635028221864702,0.0,,
window_false_positive,cycle_regularity:SD cycle length <2 days,healthy_ovulatory,calendar,1,D_nb_regression_window_alpha_any,strict_herzog,False,8,0,0.0,,,,1.0,,
window_false_positive,cycle_regularity:SD cycle length <2 days,healthy_ovulatory,calendar,3,D_nb_regression_window_alpha_any,strict_herzog,False,8,0,0.0,,,,1.0,,
window_false_positive,cycle_regularity:SD cycle length <2 days,healthy_ovulatory,calendar,4,D_nb_regression_window_alpha_any,strict_herzog,False,8,4,1.0,0.25,0.04558726080970055,0.6993581574175981,0.5,,
window_false_positive,cycle_regularity:SD cycle length <2 days,healthy_ovulatory,calendar,6,D_nb_regression_window_alpha_any,strict_herzog,False,8,4,0.0,0.0,0.0,0.4898908364545973,0.5,,
window_false_positive,cycle_regularity:SD cycle length <2 days,healthy_ovulatory,calendar,12,D_nb_regression_window_alpha_any,strict_herzog,False,8,0,0.0,,,,1.0,,
window_false_positive,cycle_regularity:SD cycle length <2 days,healthy_ovulatory,cycle,3,D_nb_regression_window_alpha_any,strict_herzog,False,8,0,0.0,,,,1.0,,
window_false_positive,cycle_regularity:SD cycle length <2 days,healthy_ovulatory,cycle,6,D_nb_regression_window_alpha_any,strict_herzog,False,8,4,1.0,0.25,0.04558726080970055,0.6993581574175981,0.5,,
window_false_positive,cycle_regularity:SD cycle length <2 days,healthy_ovulatory,cycle,12,D_nb_regression_window_alpha_any,strict_herzog,False,8,0,0.0,,,,1.0,,
window_false_positive,cycle_regularity:SD cycle length <2 days,healthy_ovulatory,full,full_diary,D_nb_regression_window_alpha_any,strict_herzog,False,8,4,0.0,0.0,0.0,0.4898908364545973,0.5,,
window_false_positive,cycle_regularity:SD cycle length <2 days,population,calendar,1,D_nb_regression_window_alpha_any,strict_herzog,False,6,0,0.0,,,,1.0,,
window_false_positive,cycle_regularity:SD cycle length <2 days,population,calendar,3,D_nb_regression_window_alpha_any,strict_herzog,False,6,0,0.0,,,,1.0,,
window_false_positive,cycle_regularity:SD cycle length <2 days,population,calendar,4,D_nb_regression_window_alpha_any,strict_herzog,False,6,5,0.0,0.0,0.0,0.43448246478317476,0.16666666666666663,,
window_false_positive,cycle_regularity:SD cycle length <2 days,population,calendar,6,D_nb_regression_window_alpha_any,strict_herzog,False,6,6,1.0,0.16666666666666666,0.030053369748306635,0.5635028221864702,0.0,,
window_false_positive,cycle_regularity:SD cycle length <2 days,population,calendar,12,D_nb_regression_window_alpha_any,strict_herzog,False,6,0,0.0,,,,1.0,,
window_false_positive,cycle_regularity:SD cycle length <2 days,population,cycle,3,D_nb_regression_window_alpha_any,strict_herzog,False,6,0,0.0,,,,1.0,,
window_false_positive,cycle_regularity:SD cycle length <2 days,population,cycle,6,D_nb_regression_window_alpha_any,strict_herzog,False,6,4,0.0,0.0,0.0,0.4898908364545973,0.33333333333333337,,
window_false_positive,cycle_regularity:SD cycle length <2 days,population,cycle,12,D_nb_regression_window_alpha_any,strict_herzog,False,6,0,0.0,,,,1.0,,
window_false_positive,cycle_regularity:SD cycle length <2 days,population,full,full_diary,D_nb_regression_window_alpha_any,strict_herzog,False,6,6,1.0,0.16666666666666666,0.030053369748306635,0.5635028221864702,0.0,,
window_false_positive,cycle_regularity:SD cycle length <2 days,healthy_ovulatory,calendar,1,H1_newmark_penry_any,strict_herzog,True,8,5,1.0,0.2,0.03622410863243014,0.6244653702374747,0.375,,
window_false_positive,cycle_regularity:SD cycle length <2 days,healthy_ovulatory,calendar,3,H1_newmark_penry_any,strict_herzog,True,8,5,2.0,0.4,0.11762077423264783,0.769275718723987,0.375,,
window_false_positive,cycle_regularity:SD cycle length <2 days,healthy_ovulatory,calendar,4,H1_newmark_penry_any,strict_herzog,True,8,6,2.0,0.3333333333333333,0.09677141110578041,0.700006684861608,0.25,,
window_false_positive,cycle_regularity:SD cycle length <2 days,healthy_ovulatory,calendar,6,H1_newmark_penry_any,strict_herzog,True,8,6,1.0,0.16666666666666666,0.030053369748306635,0.5635028221864702,0.25,,
window_false_positive,cycle_regularity:SD cycle length <2 days,healthy_ovulatory,calendar,12,H1_newmark_penry_any,strict_herzog,True,8,0,0.0,,,,1.0,,
window_false_positive,cycle_regularity:SD cycle length <2 days,healthy_ovulatory,cycle,3,H1_newmark_penry_any,strict_herzog,True,8,6,2.0,0.3333333333333333,0.09677141110578041,0.700006684861608,0.25,,
window_false_positive,cycle_regularity:SD cycle length <2 days,healthy_ovulatory,cycle,6,H1_newmark_penry_any,strict_herzog,True,8,5,2.0,0.4,0.11762077423264783,0.769275718723987,0.375,,
window_false_positive,cycle_regularity:SD cycle length <2 days,healthy_ovulatory,cycle,12,H1_newmark_penry_any,strict_herzog,True,8,0,0.0,,,,1.0,,
window_false_positive,cycle_regularity:SD cycle length <2 days,healthy_ovulatory,full,full_diary,H1_newmark_penry_any,strict_herzog,True,8,6,1.0,0.16666666666666666,0.030053369748306635,0.5635028221864702,0.25,,
window_false_positive,cycle_regularity:SD cycle length <2 days,population,calendar,1,H1_newmark_penry_any,strict_herzog,True,6,5,1.0,0.2,0.03622410863243014,0.6244653702374747,0.16666666666666663,,
window_false_positive,cycle_regularity:SD cycle length <2 days,population,calendar,3,H1_newmark_penry_any,strict_herzog,True,6,6,1.0,0.16666666666666666,0.030053369748306635,0.5635028221864702,0.0,,
window_false_positive,cycle_regularity:SD cycle length <2 days,population,calendar,4,H1_newmark_penry_any,strict_herzog,True,6,6,1.0,0.16666666666666666,0.030053369748306635,0.5635028221864702,0.0,,
window_false_positive,cycle_regularity:SD cycle length <2 days,population,calendar,6,H1_newmark_penry_any,strict_herzog,True,6,6,1.0,0.16666666666666666,0.030053369748306635,0.5635028221864702,0.0,,
window_false_positive,cycle_regularity:SD cycle length <2 days,population,calendar,12,H1_newmark_penry_any,strict_herzog,True,6,0,0.0,,,,1.0,,
window_false_positive,cycle_regularity:SD cycle length <2 days,population,cycle,3,H1_newmark_penry_any,strict_herzog,True,6,6,1.0,0.16666666666666666,0.030053369748306635,0.5635028221864702,0.0,,
window_false_positive,cycle_regularity:SD cycle length <2 days,population,cycle,6,H1_newmark_penry_any,strict_herzog,True,6,4,1.0,0.25,0.04558726080970055,0.6993581574175981,0.33333333333333337,,
window_false_positive,cycle_regularity:SD cycle length <2 days,population,cycle,12,H1_newmark_penry_any,strict_herzog,True,6,0,0.0,,,,1.0,,
window_false_positive,cycle_regularity:SD cycle length <2 days,population,full,full_diary,H1_newmark_penry_any,strict_herzog,True,6,6,1.0,0.16666666666666666,0.030053369748306635,0.5635028221864702,0.0,,
window_false_positive,cycle_regularity:SD cycle length <2 days,healthy_ovulatory,calendar,1,H1_newmark_penry_66_7_any,strict_herzog,True,8,5,1.0,0.2,0.03622410863243014,0.6244653702374747,0.375,,
window_false_positive,cycle_regularity:SD cycle length <2 days,healthy_ovulatory,calendar,3,H1_newmark_penry_66_7_any,strict_herzog,True,8,5,2.0,0.4,0.11762077423264783,0.769275718723987,0.375,,
window_false_positive,cycle_regularity:SD cycle length <2 days,healthy_ovulatory,calendar,4,H1_newmark_penry_66_7_any,strict_herzog,True,8,6,1.0,0.16666666666666666,0.030053369748306635,0.5635028221864702,0.25,,
window_false_positive,cycle_regularity:SD cycle length <2 days,healthy_ovulatory,calendar,6,H1_newmark_penry_66_7_any,strict_herzog,True,8,6,0.0,0.0,2.7755575615628914e-17,0.3903342879021653,0.25,,
window_false_positive,cycle_regularity:SD cycle length <2 days,healthy_ovulatory,calendar,12,H1_newmark_penry_66_7_any,strict_herzog,True,8,0,0.0,,,,1.0,,
window_false_positive,cycle_regularity:SD cycle length <2 days,healthy_ovulatory,cycle,3,H1_newmark_penry_66_7_any,strict_herzog,True,8,6,1.0,0.16666666666666666,0.030053369748306635,0.5635028221864702,0.25,,
window_false_positive,cycle_regularity:SD cycle length <2 days,healthy_ovulatory,cycle,6,H1_newmark_penry_66_7_any,strict_herzog,True,8,5,0.0,0.0,0.0,0.43448246478317476,0.375,,
window_false_positive,cycle_regularity:SD cycle length <2 days,healthy_ovulatory,cycle,12,H1_newmark_penry_66_7_any,strict_herzog,True,8,0,0.0,,,,1.0,,
window_false_positive,cycle_regularity:SD cycle length <2 days,healthy_ovulatory,full,full_diary,H1_newmark_penry_66_7_any,strict_herzog,True,8,6,0.0,0.0,2.7755575615628914e-17,0.3903342879021653,0.25,,
window_false_positive,cycle_regularity:SD cycle length <2 days,population,calendar,1,H1_newmark_penry_66_7_any,strict_herzog,True,6,5,1.0,0.2,0.03622410863243014,0.6244653702374747,0.16666666666666663,,
window_false_positive,cycle_regularity:SD cycle length <2 days,population,calendar,3,H1_newmark_penry_66_7_any,strict_herzog,True,6,6,1.0,0.16666666666666666,0.030053369748306635,0.5635028221864702,0.0,,
window_false_positive,cycle_regularity:SD cycle length <2 days,population,calendar,4,H1_newmark_penry_66_7_any,strict_herzog,True,6,6,1.0,0.16666666666666666,0.030053369748306635,0.5635028221864702,0.0,,
window_false_positive,cycle_regularity:SD cycle length <2 days,population,calendar,6,H1_newmark_penry_66_7_any,strict_herzog,True,6,6,1.0,0.16666666666666666,0.030053369748306635,0.5635028221864702,0.0,,
window_false_positive,cycle_regularity:SD cycle length <2 days,population,calendar,12,H1_newmark_penry_66_7_any,strict_herzog,True,6,0,0.0,,,,1.0,,
window_false_positive,cycle_regularity:SD cycle length <2 days,population,cycle,3,H1_newmark_penry_66_7_any,strict_herzog,True,6,6,0.0,0.0,2.7755575615628914e-17,0.3903342879021653,0.0,,
window_false_positive,cycle_regularity:SD cycle length <2 days,population,cycle,6,H1_newmark_penry_66_7_any,strict_herzog,True,6,4,1.0,0.25,0.04558726080970055,0.6993581574175981,0.33333333333333337,,
window_false_positive,cycle_regularity:SD cycle length <2 days,population,cycle,12,H1_newmark_penry_66_7_any,strict_herzog,True,6,0,0.0,,,,1.0,,
window_false_positive,cycle_regularity:SD cycle length <2 days,population,full,full_diary,H1_newmark_penry_66_7_any,strict_herzog,True,6,6,1.0,0.16666666666666666,0.030053369748306635,0.5635028221864702,0.0,,
window_false_positive,cycle_regularity:SD cycle length <2 days,healthy_ovulatory,calendar,1,H2_duncan1993_any,strict_herzog,True,8,5,3.0,0.6,0.2307242812760128,0.882379225767352,0.375,,
window_false_positive,cycle_regularity:SD cycle length <2 days,healthy_ovulatory,calendar,3,H2_duncan1993_any,strict_herzog,True,8,5,1.0,0.2,0.03622410863243014,0.6244653702374747,0.375,,
window_false_positive,cycle_regularity:SD cycle length <2 days,healthy_ovulatory,calendar,4,H2_duncan1993_any,strict_herzog,True,8,6,1.0,0.16666666666666666,0.030053369748306635,0.5635028221864702,0.25,,
window_false_positive,cycle_regularity:SD cycle length <2 days,healthy_ovulatory,calendar,6,H2_duncan1993_any,strict_herzog,True,8,6,0.0,0.0,2.7755575615628914e-17,0.3903342879021653,0.25,,
window_false_positive,cycle_regularity:SD cycle length <2 days,healthy_ovulatory,calendar,12,H2_duncan1993_any,strict_herzog,True,8,0,0.0,,,,1.0,,
window_false_positive,cycle_regularity:SD cycle length <2 days,healthy_ovulatory,cycle,3,H2_duncan1993_any,strict_herzog,True,8,6,1.0,0.16666666666666666,0.030053369748306635,0.5635028221864702,0.25,,
window_false_positive,cycle_regularity:SD cycle length <2 days,healthy_ovulatory,cycle,6,H2_duncan1993_any,strict_herzog,True,8,5,0.0,0.0,0.0,0.43448246478317476,0.375,,
window_false_positive,cycle_regularity:SD cycle length <2 days,healthy_ovulatory,cycle,12,H2_duncan1993_any,strict_herzog,True,8,0,0.0,,,,1.0,,
window_false_positive,cycle_regularity:SD cycle length <2 days,healthy_ovulatory,full,full_diary,H2_duncan1993_any,strict_herzog,True,8,6,0.0,0.0,2.7755575615628914e-17,0.3903342879021653,0.25,,
window_false_positive,cycle_regularity:SD cycle length <2 days,population,calendar,1,H2_duncan1993_any,strict_herzog,True,6,5,1.0,0.2,0.03622410863243014,0.6244653702374747,0.16666666666666663,,
window_false_positive,cycle_regularity:SD cycle length <2 days,population,calendar,3,H2_duncan1993_any,strict_herzog,True,6,6,1.0,0.16666666666666666,0.030053369748306635,0.5635028221864702,0.0,,
window_false_positive,cycle_regularity:SD cycle length <2 days,population,calendar,4,H2_duncan1993_any,strict_herzog,True,6,6,1.0,0.16666666666666666,0.030053369748306635,0.5635028221864702,0.0,,
window_false_positive,cycle_regularity:SD cycle length <2 days,population,calendar,6,H2_duncan1993_any,strict_herzog,True,6,6,1.0,0.16666666666666666,0.030053369748306635,0.5635028221864702,0.0,,
window_false_positive,cycle_regularity:SD cycle length <2 days,population,calendar,12,H2_duncan1993_any,strict_herzog,True,6,0,0.0,,,,1.0,,
window_false_positive,cycle_regularity:SD cycle length <2 days,population,cycle,3,H2_duncan1993_any,strict_herzog,True,6,6,0.0,0.0,2.7755575615628914e-17,0.3903342879021653,0.0,,
window_false_positive,cycle_regularity:SD cycle length <2 days,population,cycle,6,H2_duncan1993_any,strict_herzog,True,6,4,1.0,0.25,0.04558726080970055,0.6993581574175981,0.33333333333333337,,
window_false_positive,cycle_regularity:SD cycle length <2 days,population,cycle,12,H2_duncan1993_any,strict_herzog,True,6,0,0.0,,,,1.0,,
window_false_positive,cycle_regularity:SD cycle length <2 days,population,full,full_diary,H2_duncan1993_any,strict_herzog,True,6,6,1.0,0.16666666666666666,0.030053369748306635,0.5635028221864702,0.0,,
window_false_positive,cycle_regularity:SD cycle length <2 days,healthy_ovulatory,calendar,1,H3_herzog1997_twofold_any,strict_herzog,True,8,5,2.0,0.4,0.11762077423264783,0.769275718723987,0.375,,
window_false_positive,cycle_regularity:SD cycle length <2 days,healthy_ovulatory,calendar,3,H3_herzog1997_twofold_any,strict_herzog,True,8,5,2.0,0.4,0.11762077423264783,0.769275718723987,0.375,,
window_false_positive,cycle_regularity:SD cycle length <2 days,healthy_ovulatory,calendar,4,H3_herzog1997_twofold_any,strict_herzog,True,8,6,2.0,0.3333333333333333,0.09677141110578041,0.700006684861608,0.25,,
window_false_positive,cycle_regularity:SD cycle length <2 days,healthy_ovulatory,calendar,6,H3_herzog1997_twofold_any,strict_herzog,True,8,6,2.0,0.3333333333333333,0.09677141110578041,0.700006684861608,0.25,,
window_false_positive,cycle_regularity:SD cycle length <2 days,healthy_ovulatory,calendar,12,H3_herzog1997_twofold_any,strict_herzog,True,8,0,0.0,,,,1.0,,
window_false_positive,cycle_regularity:SD cycle length <2 days,healthy_ovulatory,cycle,3,H3_herzog1997_twofold_any,strict_herzog,True,8,6,2.0,0.3333333333333333,0.09677141110578041,0.700006684861608,0.25,,
window_false_positive,cycle_regularity:SD cycle length <2 days,healthy_ovulatory,cycle,6,H3_herzog1997_twofold_any,strict_herzog,True,8,5,2.0,0.4,0.11762077423264783,0.769275718723987,0.375,,
window_false_positive,cycle_regularity:SD cycle length <2 days,healthy_ovulatory,cycle,12,H3_herzog1997_twofold_any,strict_herzog,True,8,0,0.0,,,,1.0,,
window_false_positive,cycle_regularity:SD cycle length <2 days,healthy_ovulatory,full,full_diary,H3_herzog1997_twofold_any,strict_herzog,True,8,6,2.0,0.3333333333333333,0.09677141110578041,0.700006684861608,0.25,,
window_false_positive,cycle_regularity:SD cycle length <2 days,population,calendar,1,H3_herzog1997_twofold_any,strict_herzog,True,6,5,4.0,0.8,0.37553462976252533,0.9637758913675698,0.16666666666666663,,
window_false_positive,cycle_regularity:SD cycle length <2 days,population,calendar,3,H3_herzog1997_twofold_any,strict_herzog,True,6,6,1.0,0.16666666666666666,0.030053369748306635,0.5635028221864702,0.0,,
window_false_positive,cycle_regularity:SD cycle length <2 days,population,calendar,4,H3_herzog1997_twofold_any,strict_herzog,True,6,6,2.0,0.3333333333333333,0.09677141110578041,0.700006684861608,0.0,,
window_false_positive,cycle_regularity:SD cycle length <2 days,population,calendar,6,H3_herzog1997_twofold_any,strict_herzog,True,6,6,3.0,0.5,0.18761630648265054,0.8123836935173494,0.0,,
window_false_positive,cycle_regularity:SD cycle length <2 days,population,calendar,12,H3_herzog1997_twofold_any,strict_herzog,True,6,0,0.0,,,,1.0,,
window_false_positive,cycle_regularity:SD cycle length <2 days,population,cycle,3,H3_herzog1997_twofold_any,strict_herzog,True,6,6,3.0,0.5,0.18761630648265054,0.8123836935173494,0.0,,
window_false_positive,cycle_regularity:SD cycle length <2 days,population,cycle,6,H3_herzog1997_twofold_any,strict_herzog,True,6,4,2.0,0.5,0.15003898915214947,0.8499610108478506,0.33333333333333337,,
window_false_positive,cycle_regularity:SD cycle length <2 days,population,cycle,12,H3_herzog1997_twofold_any,strict_herzog,True,6,0,0.0,,,,1.0,,
window_false_positive,cycle_regularity:SD cycle length <2 days,population,full,full_diary,H3_herzog1997_twofold_any,strict_herzog,True,6,6,3.0,0.5,0.18761630648265054,0.8123836935173494,0.0,,
window_false_positive,cycle_regularity:SD cycle length <2 days,healthy_ovulatory,calendar,1,H4_reddy2007_any_phase2x_any,strict_herzog,True,8,5,5.0,1.0,0.5655175352168251,1.0,0.375,,
window_false_positive,cycle_regularity:SD cycle length <2 days,healthy_ovulatory,calendar,3,H4_reddy2007_any_phase2x_any,strict_herzog,True,8,5,5.0,1.0,0.5655175352168251,1.0,0.375,,
window_false_positive,cycle_regularity:SD cycle length <2 days,healthy_ovulatory,calendar,4,H4_reddy2007_any_phase2x_any,strict_herzog,True,8,6,4.0,0.6666666666666666,0.299993315138392,0.9032285888942195,0.25,,
window_false_positive,cycle_regularity:SD cycle length <2 days,healthy_ovulatory,calendar,6,H4_reddy2007_any_phase2x_any,strict_herzog,True,8,6,3.0,0.5,0.18761630648265054,0.8123836935173494,0.25,,
window_false_positive,cycle_regularity:SD cycle length <2 days,healthy_ovulatory,calendar,12,H4_reddy2007_any_phase2x_any,strict_herzog,True,8,0,0.0,,,,1.0,,
window_false_positive,cycle_regularity:SD cycle length <2 days,healthy_ovulatory,cycle,3,H4_reddy2007_any_phase2x_any,strict_herzog,True,8,6,5.0,0.8333333333333334,0.43649717781352987,0.9699466302516935,0.25,,
window_false_positive,cycle_regularity:SD cycle length <2 days,healthy_ovulatory,cycle,6,H4_reddy2007_any_phase2x_any,strict_herzog,True,8,5,3.0,0.6,0.2307242812760128,0.882379225767352,0.375,,
window_false_positive,cycle_regularity:SD cycle length <2 days,healthy_ovulatory,cycle,12,H4_reddy2007_any_phase2x_any,strict_herzog,True,8,0,0.0,,,,1.0,,
window_false_positive,cycle_regularity:SD cycle length <2 days,healthy_ovulatory,full,full_diary,H4_reddy2007_any_phase2x_any,strict_herzog,True,8,6,3.0,0.5,0.18761630648265054,0.8123836935173494,0.25,,
window_false_positive,cycle_regularity:SD cycle length <2 days,population,calendar,1,H4_reddy2007_any_phase2x_any,strict_herzog,True,6,5,5.0,1.0,0.5655175352168251,1.0,0.16666666666666663,,
window_false_positive,cycle_regularity:SD cycle length <2 days,population,calendar,3,H4_reddy2007_any_phase2x_any,strict_herzog,True,6,6,3.0,0.5,0.18761630648265054,0.8123836935173494,0.0,,
window_false_positive,cycle_regularity:SD cycle length <2 days,population,calendar,4,H4_reddy2007_any_phase2x_any,strict_herzog,True,6,6,4.0,0.6666666666666666,0.299993315138392,0.9032285888942195,0.0,,
window_false_positive,cycle_regularity:SD cycle length <2 days,population,calendar,6,H4_reddy2007_any_phase2x_any,strict_herzog,True,6,6,3.0,0.5,0.18761630648265054,0.8123836935173494,0.0,,
window_false_positive,cycle_regularity:SD cycle length <2 days,population,calendar,12,H4_reddy2007_any_phase2x_any,strict_herzog,True,6,0,0.0,,,,1.0,,
window_false_positive,cycle_regularity:SD cycle length <2 days,population,cycle,3,H4_reddy2007_any_phase2x_any,strict_herzog,True,6,6,3.0,0.5,0.18761630648265054,0.8123836935173494,0.0,,
window_false_positive,cycle_regularity:SD cycle length <2 days,population,cycle,6,H4_reddy2007_any_phase2x_any,strict_herzog,True,6,4,2.0,0.5,0.15003898915214947,0.8499610108478506,0.33333333333333337,,
window_false_positive,cycle_regularity:SD cycle length <2 days,population,cycle,12,H4_reddy2007_any_phase2x_any,strict_herzog,True,6,0,0.0,,,,1.0,,
window_false_positive,cycle_regularity:SD cycle length <2 days,population,full,full_diary,H4_reddy2007_any_phase2x_any,strict_herzog,True,6,6,3.0,0.5,0.18761630648265054,0.8123836935173494,0.0,,
window_false_positive,cycle_regularity:SD cycle length >=4 days,healthy_ovulatory,calendar,1,A_exact_any,strict_herzog,False,12,0,0.0,,,,1.0,,
window_false_positive,cycle_regularity:SD cycle length >=4 days,healthy_ovulatory,calendar,3,A_exact_any,strict_herzog,False,12,0,0.0,,,,1.0,,
window_false_positive,cycle_regularity:SD cycle length >=4 days,healthy_ovulatory,calendar,4,A_exact_any,strict_herzog,False,12,0,0.0,,,,1.0,,
window_false_positive,cycle_regularity:SD cycle length >=4 days,healthy_ovulatory,calendar,6,A_exact_any,strict_herzog,False,12,0,0.0,,,,1.0,,
window_false_positive,cycle_regularity:SD cycle length >=4 days,healthy_ovulatory,calendar,12,A_exact_any,strict_herzog,False,12,0,0.0,,,,1.0,,
window_false_positive,cycle_regularity:SD cycle length >=4 days,healthy_ovulatory,cycle,3,A_exact_any,strict_herzog,False,12,5,1.0,0.2,0.03622410863243014,0.6244653702374747,0.5833333333333333,,
window_false_positive,cycle_regularity:SD cycle length >=4 days,healthy_ovulatory,cycle,6,A_exact_any,strict_herzog,False,12,0,0.0,,,,1.0,,
window_false_positive,cycle_regularity:SD cycle length >=4 days,healthy_ovulatory,cycle,12,A_exact_any,strict_herzog,False,12,0,0.0,,,,1.0,,
window_false_positive,cycle_regularity:SD cycle length >=4 days,healthy_ovulatory,full,full_diary,A_exact_any,strict_herzog,False,12,0,0.0,,,,1.0,,
window_false_positive,cycle_regularity:SD cycle length >=4 days,population,calendar,1,A_exact_any,strict_herzog,False,27,0,0.0,,,,1.0,,
window_false_positive,cycle_regularity:SD cycle length >=4 days,population,calendar,3,A_exact_any,strict_herzog,False,27,0,0.0,,,,1.0,,
window_false_positive,cycle_regularity:SD cycle length >=4 days,population,calendar,4,A_exact_any,strict_herzog,False,27,0,0.0,,,,1.0,,
window_false_positive,cycle_regularity:SD cycle length >=4 days,population,calendar,6,A_exact_any,strict_herzog,False,27,0,0.0,,,,1.0,,
window_false_positive,cycle_regularity:SD cycle length >=4 days,population,calendar,12,A_exact_any,strict_herzog,False,27,0,0.0,,,,1.0,,
window_false_positive,cycle_regularity:SD cycle length >=4 days,population,cycle,3,A_exact_any,strict_herzog,False,27,3,2.0,0.6666666666666666,0.2076596008020477,0.9385080552796037,0.8888888888888888,,
window_false_positive,cycle_regularity:SD cycle length >=4 days,population,cycle,6,A_exact_any,strict_herzog,False,27,0,0.0,,,,1.0,,
window_false_positive,cycle_regularity:SD cycle length >=4 days,population,cycle,12,A_exact_any,strict_herzog,False,27,0,0.0,,,,1.0,,
window_false_positive,cycle_regularity:SD cycle length >=4 days,population,full,full_diary,A_exact_any,strict_herzog,False,27,0,0.0,,,,1.0,,
window_false_positive,cycle_regularity:SD cycle length >=4 days,healthy_ovulatory,calendar,1,A_windowed_any,strict_herzog,False,12,9,5.0,0.5555555555555556,0.26665129349549305,0.8112214789023355,0.25,,
window_false_positive,cycle_regularity:SD cycle length >=4 days,healthy_ovulatory,calendar,3,A_windowed_any,strict_herzog,False,12,10,4.0,0.4,0.16818032970623614,0.6873262302663417,0.16666666666666663,,
window_false_positive,cycle_regularity:SD cycle length >=4 days,healthy_ovulatory,calendar,4,A_windowed_any,strict_herzog,False,12,11,4.0,0.36363636363636365,0.15166471095367573,0.6461988254921511,0.08333333333333337,,
window_false_positive,cycle_regularity:SD cycle length >=4 days,healthy_ovulatory,calendar,6,A_windowed_any,strict_herzog,False,12,11,4.0,0.36363636363636365,0.15166471095367573,0.6461988254921511,0.08333333333333337,,
window_false_positive,cycle_regularity:SD cycle length >=4 days,healthy_ovulatory,calendar,12,A_windowed_any,strict_herzog,False,12,0,0.0,,,,1.0,,
window_false_positive,cycle_regularity:SD cycle length >=4 days,healthy_ovulatory,cycle,3,A_windowed_any,strict_herzog,False,12,10,4.0,0.4,0.16818032970623614,0.6873262302663417,0.16666666666666663,,
window_false_positive,cycle_regularity:SD cycle length >=4 days,healthy_ovulatory,cycle,6,A_windowed_any,strict_herzog,False,12,9,3.0,0.3333333333333333,0.1205838183869109,0.6457978644196036,0.25,,
window_false_positive,cycle_regularity:SD cycle length >=4 days,healthy_ovulatory,cycle,12,A_windowed_any,strict_herzog,False,12,0,0.0,,,,1.0,,
window_false_positive,cycle_regularity:SD cycle length >=4 days,healthy_ovulatory,full,full_diary,A_windowed_any,strict_herzog,False,12,11,4.0,0.36363636363636365,0.15166471095367573,0.6461988254921511,0.08333333333333337,,
window_false_positive,cycle_regularity:SD cycle length >=4 days,population,calendar,1,A_windowed_any,strict_herzog,False,27,20,16.0,0.8,0.5839825677481064,0.919342337420202,0.2592592592592593,,
window_false_positive,cycle_regularity:SD cycle length >=4 days,population,calendar,3,A_windowed_any,strict_herzog,False,27,23,20.0,0.8695652173913043,0.6787251772990404,0.9546234090636876,0.14814814814814814,,
window_false_positive,cycle_regularity:SD cycle length >=4 days,population,calendar,4,A_windowed_any,strict_herzog,False,27,23,17.0,0.7391304347826086,0.5352999516257462,0.8745138395501366,0.14814814814814814,,
window_false_positive,cycle_regularity:SD cycle length >=4 days,population,calendar,6,A_windowed_any,strict_herzog,False,27,24,18.0,0.75,0.55100555994846,0.8800063377140499,0.11111111111111116,,
window_false_positive,cycle_regularity:SD cycle length >=4 days,population,calendar,12,A_windowed_any,strict_herzog,False,27,0,0.0,,,,1.0,,
window_false_positive,cycle_regularity:SD cycle length >=4 days,population,cycle,3,A_windowed_any,strict_herzog,False,27,22,18.0,0.8181818181818182,0.6148339256287345,0.9269311541657794,0.18518518518518523,,
window_false_positive,cycle_regularity:SD cycle length >=4 days,population,cycle,6,A_windowed_any,strict_herzog,False,27,7,6.0,0.8571428571428571,0.4868721707256811,0.9743203756552565,0.7407407407407407,,
window_false_positive,cycle_regularity:SD cycle length >=4 days,population,cycle,12,A_windowed_any,strict_herzog,False,27,0,0.0,,,,1.0,,
window_false_positive,cycle_regularity:SD cycle length >=4 days,population,full,full_diary,A_windowed_any,strict_herzog,False,27,24,18.0,0.75,0.55100555994846,0.8800063377140499,0.11111111111111116,,
window_false_positive,cycle_regularity:SD cycle length >=4 days,healthy_ovulatory,calendar,1,A_windowed_excluding_C3,strict_herzog,False,12,9,5.0,0.5555555555555556,0.26665129349549305,0.8112214789023355,0.25,,
window_false_positive,cycle_regularity:SD cycle length >=4 days,healthy_ovulatory,calendar,3,A_windowed_excluding_C3,strict_herzog,False,12,10,4.0,0.4,0.16818032970623614,0.6873262302663417,0.16666666666666663,,
window_false_positive,cycle_regularity:SD cycle length >=4 days,healthy_ovulatory,calendar,4,A_windowed_excluding_C3,strict_herzog,False,12,11,4.0,0.36363636363636365,0.15166471095367573,0.6461988254921511,0.08333333333333337,,
window_false_positive,cycle_regularity:SD cycle length >=4 days,healthy_ovulatory,calendar,6,A_windowed_excluding_C3,strict_herzog,False,12,11,4.0,0.36363636363636365,0.15166471095367573,0.6461988254921511,0.08333333333333337,,
window_false_positive,cycle_regularity:SD cycle length >=4 days,healthy_ovulatory,calendar,12,A_windowed_excluding_C3,strict_herzog,False,12,0,0.0,,,,1.0,,
window_false_positive,cycle_regularity:SD cycle length >=4 days,healthy_ovulatory,cycle,3,A_windowed_excluding_C3,strict_herzog,False,12,10,4.0,0.4,0.16818032970623614,0.6873262302663417,0.16666666666666663,,
window_false_positive,cycle_regularity:SD cycle length >=4 days,healthy_ovulatory,cycle,6,A_windowed_excluding_C3,strict_herzog,False,12,9,3.0,0.3333333333333333,0.1205838183869109,0.6457978644196036,0.25,,
window_false_positive,cycle_regularity:SD cycle length >=4 days,healthy_ovulatory,cycle,12,A_windowed_excluding_C3,strict_herzog,False,12,0,0.0,,,,1.0,,
window_false_positive,cycle_regularity:SD cycle length >=4 days,healthy_ovulatory,full,full_diary,A_windowed_excluding_C3,strict_herzog,False,12,11,4.0,0.36363636363636365,0.15166471095367573,0.6461988254921511,0.08333333333333337,,
window_false_positive,cycle_regularity:SD cycle length >=4 days,population,calendar,1,A_windowed_excluding_C3,strict_herzog,False,27,20,15.0,0.75,0.531299122381256,0.8881382985923343,0.2592592592592593,,
window_false_positive,cycle_regularity:SD cycle length >=4 days,population,calendar,3,A_windowed_excluding_C3,strict_herzog,False,27,23,17.0,0.7391304347826086,0.5352999516257462,0.8745138395501366,0.14814814814814814,,
window_false_positive,cycle_regularity:SD cycle length >=4 days,population,calendar,4,A_windowed_excluding_C3,strict_herzog,False,27,23,16.0,0.6956521739130435,0.49134243731240795,0.8439597554678597,0.14814814814814814,,
window_false_positive,cycle_regularity:SD cycle length >=4 days,population,calendar,6,A_windowed_excluding_C3,strict_herzog,False,27,24,15.0,0.625,0.42709962442674276,0.7884063244045122,0.11111111111111116,,
window_false_positive,cycle_regularity:SD cycle length >=4 days,population,calendar,12,A_windowed_excluding_C3,strict_herzog,False,27,0,0.0,,,,1.0,,
window_false_positive,cycle_regularity:SD cycle length >=4 days,population,cycle,3,A_windowed_excluding_C3,strict_herzog,False,27,22,16.0,0.7272727272727273,0.5184826598759762,0.8684923971201053,0.18518518518518523,,
window_false_positive,cycle_regularity:SD cycle length >=4 days,population,cycle,6,A_windowed_excluding_C3,strict_herzog,False,27,7,5.0,0.7142857142857143,0.35893445183261935,0.9177810759959433,0.7407407407407407,,
window_false_positive,cycle_regularity:SD cycle length >=4 days,population,cycle,12,A_windowed_excluding_C3,strict_herzog,False,27,0,0.0,,,,1.0,,
window_false_positive,cycle_regularity:SD cycle length >=4 days,population,full,full_diary,A_windowed_excluding_C3,strict_herzog,False,27,24,15.0,0.625,0.42709962442674276,0.7884063244045122,0.11111111111111116,,
window_false_positive,cycle_regularity:SD cycle length >=4 days,healthy_ovulatory,calendar,1,A_windowed_C1_only,strict_herzog,False,12,7,3.0,0.42857142857142855,0.15821985525146975,0.7495416354723428,0.41666666666666663,,
window_false_positive,cycle_regularity:SD cycle length >=4 days,healthy_ovulatory,calendar,3,A_windowed_C1_only,strict_herzog,False,12,10,3.0,0.3,0.10779126740630099,0.6032218525388546,0.16666666666666663,,
window_false_positive,cycle_regularity:SD cycle length >=4 days,healthy_ovulatory,calendar,4,A_windowed_C1_only,strict_herzog,False,12,11,4.0,0.36363636363636365,0.15166471095367573,0.6461988254921511,0.08333333333333337,,
window_false_positive,cycle_regularity:SD cycle length >=4 days,healthy_ovulatory,calendar,6,A_windowed_C1_only,strict_herzog,False,12,11,4.0,0.36363636363636365,0.15166471095367573,0.6461988254921511,0.08333333333333337,,
window_false_positive,cycle_regularity:SD cycle length >=4 days,healthy_ovulatory,calendar,12,A_windowed_C1_only,strict_herzog,False,12,0,0.0,,,,1.0,,
window_false_positive,cycle_regularity:SD cycle length >=4 days,healthy_ovulatory,cycle,3,A_windowed_C1_only,strict_herzog,False,12,10,2.0,0.2,0.05668215145437519,0.5098375284633583,0.16666666666666663,,
window_false_positive,cycle_regularity:SD cycle length >=4 days,healthy_ovulatory,cycle,6,A_windowed_C1_only,strict_herzog,False,12,9,3.0,0.3333333333333333,0.1205838183869109,0.6457978644196036,0.25,,
window_false_positive,cycle_regularity:SD cycle length >=4 days,healthy_ovulatory,cycle,12,A_windowed_C1_only,strict_herzog,False,12,0,0.0,,,,1.0,,
window_false_positive,cycle_regularity:SD cycle length >=4 days,healthy_ovulatory,full,full_diary,A_windowed_C1_only,strict_herzog,False,12,11,4.0,0.36363636363636365,0.15166471095367573,0.6461988254921511,0.08333333333333337,,
window_false_positive,cycle_regularity:SD cycle length >=4 days,population,calendar,1,A_windowed_C1_only,strict_herzog,False,27,15,8.0,0.5333333333333333,0.30116980025498397,0.7519046463426261,0.4444444444444444,,
window_false_positive,cycle_regularity:SD cycle length >=4 days,population,calendar,3,A_windowed_C1_only,strict_herzog,False,27,21,12.0,0.5714285714285714,0.3654655436930671,0.7553003107462404,0.2222222222222222,,
window_false_positive,cycle_regularity:SD cycle length >=4 days,population,calendar,4,A_windowed_C1_only,strict_herzog,False,27,23,14.0,0.6086956521739131,0.4078552239138171,0.7784237720752205,0.14814814814814814,,
window_false_positive,cycle_regularity:SD cycle length >=4 days,population,calendar,6,A_windowed_C1_only,strict_herzog,False,27,24,13.0,0.5416666666666666,0.3507486535891948,0.72108666268789,0.11111111111111116,,
window_false_positive,cycle_regularity:SD cycle length >=4 days,population,calendar,12,A_windowed_C1_only,strict_herzog,False,27,0,0.0,,,,1.0,,
window_false_positive,cycle_regularity:SD cycle length >=4 days,population,cycle,3,A_windowed_C1_only,strict_herzog,False,27,22,13.0,0.5909090909090909,0.38734818476315136,0.7674418380352813,0.18518518518518523,,
window_false_positive,cycle_regularity:SD cycle length >=4 days,population,cycle,6,A_windowed_C1_only,strict_herzog,False,27,7,5.0,0.7142857142857143,0.35893445183261935,0.9177810759959433,0.7407407407407407,,
window_false_positive,cycle_regularity:SD cycle length >=4 days,population,cycle,12,A_windowed_C1_only,strict_herzog,False,27,0,0.0,,,,1.0,,
window_false_positive,cycle_regularity:SD cycle length >=4 days,population,full,full_diary,A_windowed_C1_only,strict_herzog,False,27,24,13.0,0.5416666666666666,0.3507486535891948,0.72108666268789,0.11111111111111116,,
window_false_positive,cycle_regularity:SD cycle length >=4 days,healthy_ovulatory,calendar,1,A_windowed_C2_only,strict_herzog,False,12,9,3.0,0.3333333333333333,0.1205838183869109,0.6457978644196036,0.25,,
window_false_positive,cycle_regularity:SD cycle length >=4 days,healthy_ovulatory,calendar,3,A_windowed_C2_only,strict_herzog,False,12,10,3.0,0.3,0.10779126740630099,0.6032218525388546,0.16666666666666663,,
window_false_positive,cycle_regularity:SD cycle length >=4 days,healthy_ovulatory,calendar,4,A_windowed_C2_only,strict_herzog,False,12,10,1.0,0.1,0.017876213095072896,0.4041500267952385,0.16666666666666663,,
window_false_positive,cycle_regularity:SD cycle length >=4 days,healthy_ovulatory,calendar,6,A_windowed_C2_only,strict_herzog,False,12,11,1.0,0.09090909090909091,0.016232172885884855,0.37735843645159567,0.08333333333333337,,
window_false_positive,cycle_regularity:SD cycle length >=4 days,healthy_ovulatory,calendar,12,A_windowed_C2_only,strict_herzog,False,12,0,0.0,,,,1.0,,
window_false_positive,cycle_regularity:SD cycle length >=4 days,healthy_ovulatory,cycle,3,A_windowed_C2_only,strict_herzog,False,12,10,3.0,0.3,0.10779126740630099,0.6032218525388546,0.16666666666666663,,
window_false_positive,cycle_regularity:SD cycle length >=4 days,healthy_ovulatory,cycle,6,A_windowed_C2_only,strict_herzog,False,12,9,1.0,0.1111111111111111,0.019890887638544907,0.434999705576656,0.25,,
window_false_positive,cycle_regularity:SD cycle length >=4 days,healthy_ovulatory,cycle,12,A_windowed_C2_only,strict_herzog,False,12,0,0.0,,,,1.0,,
window_false_positive,cycle_regularity:SD cycle length >=4 days,healthy_ovulatory,full,full_diary,A_windowed_C2_only,strict_herzog,False,12,11,1.0,0.09090909090909091,0.016232172885884855,0.37735843645159567,0.08333333333333337,,
window_false_positive,cycle_regularity:SD cycle length >=4 days,population,calendar,1,A_windowed_C2_only,strict_herzog,False,27,18,8.0,0.4444444444444444,0.24559518127005633,0.6628358435795723,0.33333333333333337,,
window_false_positive,cycle_regularity:SD cycle length >=4 days,population,calendar,3,A_windowed_C2_only,strict_herzog,False,27,21,9.0,0.42857142857142855,0.24469968925375957,0.6345344563069328,0.2222222222222222,,
window_false_positive,cycle_regularity:SD cycle length >=4 days,population,calendar,4,A_windowed_C2_only,strict_herzog,False,27,23,12.0,0.5217391304347826,0.32962737336427406,0.7076284258335335,0.14814814814814814,,
window_false_positive,cycle_regularity:SD cycle length >=4 days,population,calendar,6,A_windowed_C2_only,strict_herzog,False,27,23,9.0,0.391304347826087,0.2215762279247795,0.592144776086183,0.14814814814814814,,
window_false_positive,cycle_regularity:SD cycle length >=4 days,population,calendar,12,A_windowed_C2_only,strict_herzog,False,27,0,0.0,,,,1.0,,
window_false_positive,cycle_regularity:SD cycle length >=4 days,population,cycle,3,A_windowed_C2_only,strict_herzog,False,27,21,12.0,0.5714285714285714,0.3654655436930671,0.7553003107462404,0.2222222222222222,,
window_false_positive,cycle_regularity:SD cycle length >=4 days,population,cycle,6,A_windowed_C2_only,strict_herzog,False,27,6,3.0,0.5,0.18761630648265054,0.8123836935173494,0.7777777777777778,,
window_false_positive,cycle_regularity:SD cycle length >=4 days,population,cycle,12,A_windowed_C2_only,strict_herzog,False,27,0,0.0,,,,1.0,,
window_false_positive,cycle_regularity:SD cycle length >=4 days,population,full,full_diary,A_windowed_C2_only,strict_herzog,False,27,23,9.0,0.391304347826087,0.2215762279247795,0.592144776086183,0.14814814814814814,,
window_false_positive,cycle_regularity:SD cycle length >=4 days,healthy_ovulatory,calendar,1,A_windowed_C3_only,strict_herzog,False,12,0,0.0,,,,1.0,,
window_false_positive,cycle_regularity:SD cycle length >=4 days,healthy_ovulatory,calendar,3,A_windowed_C3_only,strict_herzog,False,12,0,0.0,,,,1.0,,
window_false_positive,cycle_regularity:SD cycle length >=4 days,healthy_ovulatory,calendar,4,A_windowed_C3_only,strict_herzog,False,12,0,0.0,,,,1.0,,
window_false_positive,cycle_regularity:SD cycle length >=4 days,healthy_ovulatory,calendar,6,A_windowed_C3_only,strict_herzog,False,12,0,0.0,,,,1.0,,
window_false_positive,cycle_regularity:SD cycle length >=4 days,healthy_ovulatory,calendar,12,A_windowed_C3_only,strict_herzog,False,12,0,0.0,,,,1.0,,
window_false_positive,cycle_regularity:SD cycle length >=4 days,healthy_ovulatory,cycle,3,A_windowed_C3_only,strict_herzog,False,12,0,0.0,,,,1.0,,
window_false_positive,cycle_regularity:SD cycle length >=4 days,healthy_ovulatory,cycle,6,A_windowed_C3_only,strict_herzog,False,12,0,0.0,,,,1.0,,
window_false_positive,cycle_regularity:SD cycle length >=4 days,healthy_ovulatory,cycle,12,A_windowed_C3_only,strict_herzog,False,12,0,0.0,,,,1.0,,
window_false_positive,cycle_regularity:SD cycle length >=4 days,healthy_ovulatory,full,full_diary,A_windowed_C3_only,strict_herzog,False,12,0,0.0,,,,1.0,,
window_false_positive,cycle_regularity:SD cycle length >=4 days,population,calendar,1,A_windowed_C3_only,strict_herzog,False,27,8,7.0,0.875,0.5291118177871464,0.9775825085499433,0.7037037037037037,,
window_false_positive,cycle_regularity:SD cycle length >=4 days,population,calendar,3,A_windowed_C3_only,strict_herzog,False,27,12,7.0,0.5833333333333334,0.31951131254954973,0.8067396863412435,0.5555555555555556,,
window_false_positive,cycle_regularity:SD cycle length >=4 days,population,calendar,4,A_windowed_C3_only,strict_herzog,False,27,13,6.0,0.46153846153846156,0.23206067809538303,0.7085620428549398,0.5185185185185186,,
window_false_positive,cycle_regularity:SD cycle length >=4 days,population,calendar,6,A_windowed_C3_only,strict_herzog,False,27,16,7.0,0.4375,0.23098652405492354,0.6682144360118811,0.40740740740740744,,
window_false_positive,cycle_regularity:SD cycle length >=4 days,population,calendar,12,A_windowed_C3_only,strict_herzog,False,27,0,0.0,,,,1.0,,
window_false_positive,cycle_regularity:SD cycle length >=4 days,population,cycle,3,A_windowed_C3_only,strict_herzog,False,27,9,3.0,0.3333333333333333,0.1205838183869109,0.6457978644196036,0.6666666666666667,,
window_false_positive,cycle_regularity:SD cycle length >=4 days,population,cycle,6,A_windowed_C3_only,strict_herzog,False,27,3,2.0,0.6666666666666666,0.2076596008020477,0.9385080552796037,0.8888888888888888,,
window_false_positive,cycle_regularity:SD cycle length >=4 days,population,cycle,12,A_windowed_C3_only,strict_herzog,False,27,0,0.0,,,,1.0,,
window_false_positive,cycle_regularity:SD cycle length >=4 days,population,full,full_diary,A_windowed_C3_only,strict_herzog,False,27,16,7.0,0.4375,0.23098652405492354,0.6682144360118811,0.40740740740740744,,
window_false_positive,cycle_regularity:SD cycle length >=4 days,healthy_ovulatory,calendar,1,B_minimum_data_any,strict_herzog,False,12,0,0.0,,,,1.0,,
window_false_positive,cycle_regularity:SD cycle length >=4 days,healthy_ovulatory,calendar,3,B_minimum_data_any,strict_herzog,False,12,0,0.0,,,,1.0,,
window_false_positive,cycle_regularity:SD cycle length >=4 days,healthy_ovulatory,calendar,4,B_minimum_data_any,strict_herzog,False,12,9,3.0,0.3333333333333333,0.1205838183869109,0.6457978644196036,0.25,,
window_false_positive,cycle_regularity:SD cycle length >=4 days,healthy_ovulatory,calendar,6,B_minimum_data_any,strict_herzog,False,12,10,3.0,0.3,0.10779126740630099,0.6032218525388546,0.16666666666666663,,
window_false_positive,cycle_regularity:SD cycle length >=4 days,healthy_ovulatory,calendar,12,B_minimum_data_any,strict_herzog,False,12,0,0.0,,,,1.0,,
window_false_positive,cycle_regularity:SD cycle length >=4 days,healthy_ovulatory,cycle,3,B_minimum_data_any,strict_herzog,False,12,0,0.0,,,,1.0,,
window_false_positive,cycle_regularity:SD cycle length >=4 days,healthy_ovulatory,cycle,6,B_minimum_data_any,strict_herzog,False,12,7,2.0,0.2857142857142857,0.08221892400405678,0.6410655481673808,0.41666666666666663,,
window_false_positive,cycle_regularity:SD cycle length >=4 days,healthy_ovulatory,cycle,12,B_minimum_data_any,strict_herzog,False,12,0,0.0,,,,1.0,,
window_false_positive,cycle_regularity:SD cycle length >=4 days,healthy_ovulatory,full,full_diary,B_minimum_data_any,strict_herzog,False,12,10,3.0,0.3,0.10779126740630099,0.6032218525388546,0.16666666666666663,,
window_false_positive,cycle_regularity:SD cycle length >=4 days,population,calendar,1,B_minimum_data_any,strict_herzog,False,27,0,0.0,,,,1.0,,
window_false_positive,cycle_regularity:SD cycle length >=4 days,population,calendar,3,B_minimum_data_any,strict_herzog,False,27,0,0.0,,,,1.0,,
window_false_positive,cycle_regularity:SD cycle length >=4 days,population,calendar,4,B_minimum_data_any,strict_herzog,False,27,20,14.0,0.7,0.4810271816464765,0.8545227551323956,0.2592592592592593,,
window_false_positive,cycle_regularity:SD cycle length >=4 days,population,calendar,6,B_minimum_data_any,strict_herzog,False,27,22,16.0,0.7272727272727273,0.5184826598759762,0.8684923971201053,0.18518518518518523,,
window_false_positive,cycle_regularity:SD cycle length >=4 days,population,calendar,12,B_minimum_data_any,strict_herzog,False,27,0,0.0,,,,1.0,,
window_false_positive,cycle_regularity:SD cycle length >=4 days,population,cycle,3,B_minimum_data_any,strict_herzog,False,27,2,2.0,1.0,0.34238022750665303,1.0,0.9259259259259259,,
window_false_positive,cycle_regularity:SD cycle length >=4 days,population,cycle,6,B_minimum_data_any,strict_herzog,False,27,5,4.0,0.8,0.37553462976252533,0.9637758913675698,0.8148148148148149,,
window_false_positive,cycle_regularity:SD cycle length >=4 days,population,cycle,12,B_minimum_data_any,strict_herzog,False,27,0,0.0,,,,1.0,,
window_false_positive,cycle_regularity:SD cycle length >=4 days,population,full,full_diary,B_minimum_data_any,strict_herzog,False,27,22,16.0,0.7272727272727273,0.5184826598759762,0.8684923971201053,0.18518518518518523,,
window_false_positive,cycle_regularity:SD cycle length >=4 days,healthy_ovulatory,calendar,1,B_minimum_data_excluding_C3,strict_herzog,False,12,0,0.0,,,,1.0,,
window_false_positive,cycle_regularity:SD cycle length >=4 days,healthy_ovulatory,calendar,3,B_minimum_data_excluding_C3,strict_herzog,False,12,0,0.0,,,,1.0,,
window_false_positive,cycle_regularity:SD cycle length >=4 days,healthy_ovulatory,calendar,4,B_minimum_data_excluding_C3,strict_herzog,False,12,9,3.0,0.3333333333333333,0.1205838183869109,0.6457978644196036,0.25,,
window_false_positive,cycle_regularity:SD cycle length >=4 days,healthy_ovulatory,calendar,6,B_minimum_data_excluding_C3,strict_herzog,False,12,10,3.0,0.3,0.10779126740630099,0.6032218525388546,0.16666666666666663,,
window_false_positive,cycle_regularity:SD cycle length >=4 days,healthy_ovulatory,calendar,12,B_minimum_data_excluding_C3,strict_herzog,False,12,0,0.0,,,,1.0,,
window_false_positive,cycle_regularity:SD cycle length >=4 days,healthy_ovulatory,cycle,3,B_minimum_data_excluding_C3,strict_herzog,False,12,0,0.0,,,,1.0,,
window_false_positive,cycle_regularity:SD cycle length >=4 days,healthy_ovulatory,cycle,6,B_minimum_data_excluding_C3,strict_herzog,False,12,7,2.0,0.2857142857142857,0.08221892400405678,0.6410655481673808,0.41666666666666663,,
window_false_positive,cycle_regularity:SD cycle length >=4 days,healthy_ovulatory,cycle,12,B_minimum_data_excluding_C3,strict_herzog,False,12,0,0.0,,,,1.0,,
window_false_positive,cycle_regularity:SD cycle length >=4 days,healthy_ovulatory,full,full_diary,B_minimum_data_excluding_C3,strict_herzog,False,12,10,3.0,0.3,0.10779126740630099,0.6032218525388546,0.16666666666666663,,
window_false_positive,cycle_regularity:SD cycle length >=4 days,population,calendar,1,B_minimum_data_excluding_C3,strict_herzog,False,27,0,0.0,,,,1.0,,
window_false_positive,cycle_regularity:SD cycle length >=4 days,population,calendar,3,B_minimum_data_excluding_C3,strict_herzog,False,27,0,0.0,,,,1.0,,
window_false_positive,cycle_regularity:SD cycle length >=4 days,population,calendar,4,B_minimum_data_excluding_C3,strict_herzog,False,27,20,13.0,0.65,0.4328542766852363,0.8188081758989179,0.2592592592592593,,
window_false_positive,cycle_regularity:SD cycle length >=4 days,population,calendar,6,B_minimum_data_excluding_C3,strict_herzog,False,27,22,13.0,0.5909090909090909,0.38734818476315136,0.7674418380352813,0.18518518518518523,,
window_false_positive,cycle_regularity:SD cycle length >=4 days,population,calendar,12,B_minimum_data_excluding_C3,strict_herzog,False,27,0,0.0,,,,1.0,,
window_false_positive,cycle_regularity:SD cycle length >=4 days,population,cycle,3,B_minimum_data_excluding_C3,strict_herzog,False,27,2,2.0,1.0,0.34238022750665303,1.0,0.9259259259259259,,
window_false_positive,cycle_regularity:SD cycle length >=4 days,population,cycle,6,B_minimum_data_excluding_C3,strict_herzog,False,27,5,3.0,0.6,0.2307242812760128,0.882379225767352,0.8148148148148149,,
window_false_positive,cycle_regularity:SD cycle length >=4 days,population,cycle,12,B_minimum_data_excluding_C3,strict_herzog,False,27,0,0.0,,,,1.0,,
window_false_positive,cycle_regularity:SD cycle length >=4 days,population,full,full_diary,B_minimum_data_excluding_C3,strict_herzog,False,27,22,13.0,0.5909090909090909,0.38734818476315136,0.7674418380352813,0.18518518518518523,,
window_false_positive,cycle_regularity:SD cycle length >=4 days,healthy_ovulatory,calendar,1,C_reproducibility_any,strict_herzog,False,12,0,0.0,,,,1.0,,
window_false_positive,cycle_regularity:SD cycle length >=4 days,healthy_ovulatory,calendar,3,C_reproducibility_any,strict_herzog,False,12,0,0.0,,,,1.0,,
window_false_positive,cycle_regularity:SD cycle length >=4 days,healthy_ovulatory,calendar,4,C_reproducibility_any,strict_herzog,False,12,0,0.0,,,,1.0,,
window_false_positive,cycle_regularity:SD cycle length >=4 days,healthy_ovulatory,calendar,6,C_reproducibility_any,strict_herzog,False,12,3,0.0,0.0,5.551115123125783e-17,0.5614970317550454,0.75,,
window_false_positive,cycle_regularity:SD cycle length >=4 days,healthy_ovulatory,calendar,12,C_reproducibility_any,strict_herzog,False,12,0,0.0,,,,1.0,,
window_false_positive,cycle_regularity:SD cycle length >=4 days,healthy_ovulatory,cycle,3,C_reproducibility_any,strict_herzog,False,12,0,0.0,,,,1.0,,
window_false_positive,cycle_regularity:SD cycle length >=4 days,healthy_ovulatory,cycle,6,C_reproducibility_any,strict_herzog,False,12,3,0.0,0.0,5.551115123125783e-17,0.5614970317550454,0.75,,
window_false_positive,cycle_regularity:SD cycle length >=4 days,healthy_ovulatory,cycle,12,C_reproducibility_any,strict_herzog,False,12,0,0.0,,,,1.0,,
window_false_positive,cycle_regularity:SD cycle length >=4 days,healthy_ovulatory,full,full_diary,C_reproducibility_any,strict_herzog,False,12,3,0.0,0.0,5.551115123125783e-17,0.5614970317550454,0.75,,
window_false_positive,cycle_regularity:SD cycle length >=4 days,population,calendar,1,C_reproducibility_any,strict_herzog,False,27,0,0.0,,,,1.0,,
window_false_positive,cycle_regularity:SD cycle length >=4 days,population,calendar,3,C_reproducibility_any,strict_herzog,False,27,0,0.0,,,,1.0,,
window_false_positive,cycle_regularity:SD cycle length >=4 days,population,calendar,4,C_reproducibility_any,strict_herzog,False,27,0,0.0,,,,1.0,,
window_false_positive,cycle_regularity:SD cycle length >=4 days,population,calendar,6,C_reproducibility_any,strict_herzog,False,27,5,3.0,0.6,0.2307242812760128,0.882379225767352,0.8148148148148149,,
window_false_positive,cycle_regularity:SD cycle length >=4 days,population,calendar,12,C_reproducibility_any,strict_herzog,False,27,0,0.0,,,,1.0,,
window_false_positive,cycle_regularity:SD cycle length >=4 days,population,cycle,3,C_reproducibility_any,strict_herzog,False,27,0,0.0,,,,1.0,,
window_false_positive,cycle_regularity:SD cycle length >=4 days,population,cycle,6,C_reproducibility_any,strict_herzog,False,27,5,3.0,0.6,0.2307242812760128,0.882379225767352,0.8148148148148149,,
window_false_positive,cycle_regularity:SD cycle length >=4 days,population,cycle,12,C_reproducibility_any,strict_herzog,False,27,0,0.0,,,,1.0,,
window_false_positive,cycle_regularity:SD cycle length >=4 days,population,full,full_diary,C_reproducibility_any,strict_herzog,False,27,5,3.0,0.6,0.2307242812760128,0.882379225767352,0.8148148148148149,,
window_false_positive,cycle_regularity:SD cycle length >=4 days,healthy_ovulatory,calendar,1,C_reproducibility_12cycle_any,strict_herzog,False,12,0,0.0,,,,1.0,,
window_false_positive,cycle_regularity:SD cycle length >=4 days,healthy_ovulatory,calendar,3,C_reproducibility_12cycle_any,strict_herzog,False,12,0,0.0,,,,1.0,,
window_false_positive,cycle_regularity:SD cycle length >=4 days,healthy_ovulatory,calendar,4,C_reproducibility_12cycle_any,strict_herzog,False,12,0,0.0,,,,1.0,,
window_false_positive,cycle_regularity:SD cycle length >=4 days,healthy_ovulatory,calendar,6,C_reproducibility_12cycle_any,strict_herzog,False,12,0,0.0,,,,1.0,,
window_false_positive,cycle_regularity:SD cycle length >=4 days,healthy_ovulatory,calendar,12,C_reproducibility_12cycle_any,strict_herzog,False,12,0,0.0,,,,1.0,,
window_false_positive,cycle_regularity:SD cycle length >=4 days,healthy_ovulatory,cycle,3,C_reproducibility_12cycle_any,strict_herzog,False,12,0,0.0,,,,1.0,,
window_false_positive,cycle_regularity:SD cycle length >=4 days,healthy_ovulatory,cycle,6,C_reproducibility_12cycle_any,strict_herzog,False,12,0,0.0,,,,1.0,,
window_false_positive,cycle_regularity:SD cycle length >=4 days,healthy_ovulatory,cycle,12,C_reproducibility_12cycle_any,strict_herzog,False,12,0,0.0,,,,1.0,,
window_false_positive,cycle_regularity:SD cycle length >=4 days,healthy_ovulatory,full,full_diary,C_reproducibility_12cycle_any,strict_herzog,False,12,0,0.0,,,,1.0,,
window_false_positive,cycle_regularity:SD cycle length >=4 days,population,calendar,1,C_reproducibility_12cycle_any,strict_herzog,False,27,0,0.0,,,,1.0,,
window_false_positive,cycle_regularity:SD cycle length >=4 days,population,calendar,3,C_reproducibility_12cycle_any,strict_herzog,False,27,0,0.0,,,,1.0,,
window_false_positive,cycle_regularity:SD cycle length >=4 days,population,calendar,4,C_reproducibility_12cycle_any,strict_herzog,False,27,0,0.0,,,,1.0,,
window_false_positive,cycle_regularity:SD cycle length >=4 days,population,calendar,6,C_reproducibility_12cycle_any,strict_herzog,False,27,0,0.0,,,,1.0,,
window_false_positive,cycle_regularity:SD cycle length >=4 days,population,calendar,12,C_reproducibility_12cycle_any,strict_herzog,False,27,0,0.0,,,,1.0,,
window_false_positive,cycle_regularity:SD cycle length >=4 days,population,cycle,3,C_reproducibility_12cycle_any,strict_herzog,False,27,0,0.0,,,,1.0,,
window_false_positive,cycle_regularity:SD cycle length >=4 days,population,cycle,6,C_reproducibility_12cycle_any,strict_herzog,False,27,0,0.0,,,,1.0,,
window_false_positive,cycle_regularity:SD cycle length >=4 days,population,cycle,12,C_reproducibility_12cycle_any,strict_herzog,False,27,0,0.0,,,,1.0,,
window_false_positive,cycle_regularity:SD cycle length >=4 days,population,full,full_diary,C_reproducibility_12cycle_any,strict_herzog,False,27,0,0.0,,,,1.0,,
window_false_positive,cycle_regularity:SD cycle length >=4 days,healthy_ovulatory,calendar,1,D_nb_regression_any,strict_herzog,False,12,0,0.0,,,,1.0,,
window_false_positive,cycle_regularity:SD cycle length >=4 days,healthy_ovulatory,calendar,3,D_nb_regression_any,strict_herzog,False,12,0,0.0,,,,1.0,,
window_false_positive,cycle_regularity:SD cycle length >=4 days,healthy_ovulatory,calendar,4,D_nb_regression_any,strict_herzog,False,12,9,0.0,0.0,0.0,0.2991450484195441,0.25,,
window_false_positive,cycle_regularity:SD cycle length >=4 days,healthy_ovulatory,calendar,6,D_nb_regression_any,strict_herzog,False,12,10,0.0,0.0,0.0,0.2775327998628892,0.16666666666666663,,
window_false_positive,cycle_regularity:SD cycle length >=4 days,healthy_ovulatory,calendar,12,D_nb_regression_any,strict_herzog,False,12,0,0.0,,,,1.0,,
window_false_positive,cycle_regularity:SD cycle length >=4 days,healthy_ovulatory,cycle,3,D_nb_regression_any,strict_herzog,False,12,0,0.0,,,,1.0,,
window_false_positive,cycle_regularity:SD cycle length >=4 days,healthy_ovulatory,cycle,6,D_nb_regression_any,strict_herzog,False,12,7,0.0,0.0,5.551115123125783e-17,0.35433043506668743,0.41666666666666663,,
window_false_positive,cycle_regularity:SD cycle length >=4 days,healthy_ovulatory,cycle,12,D_nb_regression_any,strict_herzog,False,12,0,0.0,,,,1.0,,
window_false_positive,cycle_regularity:SD cycle length >=4 days,healthy_ovulatory,full,full_diary,D_nb_regression_any,strict_herzog,False,12,10,0.0,0.0,0.0,0.2775327998628892,0.16666666666666663,,
window_false_positive,cycle_regularity:SD cycle length >=4 days,population,calendar,1,D_nb_regression_any,strict_herzog,False,27,0,0.0,,,,1.0,,
window_false_positive,cycle_regularity:SD cycle length >=4 days,population,calendar,3,D_nb_regression_any,strict_herzog,False,27,0,0.0,,,,1.0,,
window_false_positive,cycle_regularity:SD cycle length >=4 days,population,calendar,4,D_nb_regression_any,strict_herzog,False,27,20,3.0,0.15,0.052368745896216595,0.36041886474075696,0.2592592592592593,,
window_false_positive,cycle_regularity:SD cycle length >=4 days,population,calendar,6,D_nb_regression_any,strict_herzog,False,27,22,8.0,0.36363636363636365,0.19733204670366122,0.5704829190986899,0.18518518518518523,,
window_false_positive,cycle_regularity:SD cycle length >=4 days,population,calendar,12,D_nb_regression_any,strict_herzog,False,27,0,0.0,,,,1.0,,
window_false_positive,cycle_regularity:SD cycle length >=4 days,population,cycle,3,D_nb_regression_any,strict_herzog,False,27,2,0.0,0.0,0.0,0.6576197724933469,0.9259259259259259,,
window_false_positive,cycle_regularity:SD cycle length >=4 days,population,cycle,6,D_nb_regression_any,strict_herzog,False,27,5,3.0,0.6,0.2307242812760128,0.882379225767352,0.8148148148148149,,
window_false_positive,cycle_regularity:SD cycle length >=4 days,population,cycle,12,D_nb_regression_any,strict_herzog,False,27,0,0.0,,,,1.0,,
window_false_positive,cycle_regularity:SD cycle length >=4 days,population,full,full_diary,D_nb_regression_any,strict_herzog,False,27,22,8.0,0.36363636363636365,0.19733204670366122,0.5704829190986899,0.18518518518518523,,
window_false_positive,cycle_regularity:SD cycle length >=4 days,healthy_ovulatory,calendar,1,D_nb_regression_window_alpha_any,strict_herzog,False,12,0,0.0,,,,1.0,,
window_false_positive,cycle_regularity:SD cycle length >=4 days,healthy_ovulatory,calendar,3,D_nb_regression_window_alpha_any,strict_herzog,False,12,0,0.0,,,,1.0,,
window_false_positive,cycle_regularity:SD cycle length >=4 days,healthy_ovulatory,calendar,4,D_nb_regression_window_alpha_any,strict_herzog,False,12,9,0.0,0.0,0.0,0.2991450484195441,0.25,,
window_false_positive,cycle_regularity:SD cycle length >=4 days,healthy_ovulatory,calendar,6,D_nb_regression_window_alpha_any,strict_herzog,False,12,10,0.0,0.0,0.0,0.2775327998628892,0.16666666666666663,,
window_false_positive,cycle_regularity:SD cycle length >=4 days,healthy_ovulatory,calendar,12,D_nb_regression_window_alpha_any,strict_herzog,False,12,0,0.0,,,,1.0,,
window_false_positive,cycle_regularity:SD cycle length >=4 days,healthy_ovulatory,cycle,3,D_nb_regression_window_alpha_any,strict_herzog,False,12,0,0.0,,,,1.0,,
window_false_positive,cycle_regularity:SD cycle length >=4 days,healthy_ovulatory,cycle,6,D_nb_regression_window_alpha_any,strict_herzog,False,12,7,0.0,0.0,5.551115123125783e-17,0.35433043506668743,0.41666666666666663,,
window_false_positive,cycle_regularity:SD cycle length >=4 days,healthy_ovulatory,cycle,12,D_nb_regression_window_alpha_any,strict_herzog,False,12,0,0.0,,,,1.0,,
window_false_positive,cycle_regularity:SD cycle length >=4 days,healthy_ovulatory,full,full_diary,D_nb_regression_window_alpha_any,strict_herzog,False,12,10,0.0,0.0,0.0,0.2775327998628892,0.16666666666666663,,
window_false_positive,cycle_regularity:SD cycle length >=4 days,population,calendar,1,D_nb_regression_window_alpha_any,strict_herzog,False,27,0,0.0,,,,1.0,,
window_false_positive,cycle_regularity:SD cycle length >=4 days,population,calendar,3,D_nb_regression_window_alpha_any,strict_herzog,False,27,0,0.0,,,,1.0,,
window_false_positive,cycle_regularity:SD cycle length >=4 days,population,calendar,4,D_nb_regression_window_alpha_any,strict_herzog,False,27,20,3.0,0.15,0.052368745896216595,0.36041886474075696,0.2592592592592593,,
window_false_positive,cycle_regularity:SD cycle length >=4 days,population,calendar,6,D_nb_regression_window_alpha_any,strict_herzog,False,27,22,8.0,0.36363636363636365,0.19733204670366122,0.5704829190986899,0.18518518518518523,,
window_false_positive,cycle_regularity:SD cycle length >=4 days,population,calendar,12,D_nb_regression_window_alpha_any,strict_herzog,False,27,0,0.0,,,,1.0,,
window_false_positive,cycle_regularity:SD cycle length >=4 days,population,cycle,3,D_nb_regression_window_alpha_any,strict_herzog,False,27,2,1.0,0.5,0.09453120573423074,0.9054687942657693,0.9259259259259259,,
window_false_positive,cycle_regularity:SD cycle length >=4 days,population,cycle,6,D_nb_regression_window_alpha_any,strict_herzog,False,27,5,3.0,0.6,0.2307242812760128,0.882379225767352,0.8148148148148149,,
window_false_positive,cycle_regularity:SD cycle length >=4 days,population,cycle,12,D_nb_regression_window_alpha_any,strict_herzog,False,27,0,0.0,,,,1.0,,
window_false_positive,cycle_regularity:SD cycle length >=4 days,population,full,full_diary,D_nb_regression_window_alpha_any,strict_herzog,False,27,22,8.0,0.36363636363636365,0.19733204670366122,0.5704829190986899,0.18518518518518523,,
window_false_positive,cycle_regularity:SD cycle length >=4 days,healthy_ovulatory,calendar,1,H1_newmark_penry_any,strict_herzog,True,12,9,0.0,0.0,0.0,0.2991450484195441,0.25,,
window_false_positive,cycle_regularity:SD cycle length >=4 days,healthy_ovulatory,calendar,3,H1_newmark_penry_any,strict_herzog,True,12,10,0.0,0.0,0.0,0.2775327998628892,0.16666666666666663,,
window_false_positive,cycle_regularity:SD cycle length >=4 days,healthy_ovulatory,calendar,4,H1_newmark_penry_any,strict_herzog,True,12,11,1.0,0.09090909090909091,0.016232172885884855,0.37735843645159567,0.08333333333333337,,
window_false_positive,cycle_regularity:SD cycle length >=4 days,healthy_ovulatory,calendar,6,H1_newmark_penry_any,strict_herzog,True,12,11,0.0,0.0,0.0,0.2588329669680317,0.08333333333333337,,
window_false_positive,cycle_regularity:SD cycle length >=4 days,healthy_ovulatory,calendar,12,H1_newmark_penry_any,strict_herzog,True,12,0,0.0,,,,1.0,,
window_false_positive,cycle_regularity:SD cycle length >=4 days,healthy_ovulatory,cycle,3,H1_newmark_penry_any,strict_herzog,True,12,10,0.0,0.0,0.0,0.2775327998628892,0.16666666666666663,,
window_false_positive,cycle_regularity:SD cycle length >=4 days,healthy_ovulatory,cycle,6,H1_newmark_penry_any,strict_herzog,True,12,9,0.0,0.0,0.0,0.2991450484195441,0.25,,
window_false_positive,cycle_regularity:SD cycle length >=4 days,healthy_ovulatory,cycle,12,H1_newmark_penry_any,strict_herzog,True,12,0,0.0,,,,1.0,,
window_false_positive,cycle_regularity:SD cycle length >=4 days,healthy_ovulatory,full,full_diary,H1_newmark_penry_any,strict_herzog,True,12,11,0.0,0.0,0.0,0.2588329669680317,0.08333333333333337,,
window_false_positive,cycle_regularity:SD cycle length >=4 days,population,calendar,1,H1_newmark_penry_any,strict_herzog,True,27,20,5.0,0.25,0.11186170140766566,0.46870087761874407,0.2592592592592593,,
window_false_positive,cycle_regularity:SD cycle length >=4 days,population,calendar,3,H1_newmark_penry_any,strict_herzog,True,27,23,5.0,0.21739130434782608,0.09663978026586204,0.4190348301626401,0.14814814814814814,,
window_false_positive,cycle_regularity:SD cycle length >=4 days,population,calendar,4,H1_newmark_penry_any,strict_herzog,True,27,23,3.0,0.13043478260869565,0.04537659093631238,0.32127482270095964,0.14814814814814814,,
window_false_positive,cycle_regularity:SD cycle length >=4 days,population,calendar,6,H1_newmark_penry_any,strict_herzog,True,27,24,3.0,0.125,0.04344334080123444,0.31003881270500067,0.11111111111111116,,
window_false_positive,cycle_regularity:SD cycle length >=4 days,population,calendar,12,H1_newmark_penry_any,strict_herzog,True,27,0,0.0,,,,1.0,,
window_false_positive,cycle_regularity:SD cycle length >=4 days,population,cycle,3,H1_newmark_penry_any,strict_herzog,True,27,22,4.0,0.18181818181818182,0.07306884583422052,0.38516607437126543,0.18518518518518523,,
window_false_positive,cycle_regularity:SD cycle length >=4 days,population,cycle,6,H1_newmark_penry_any,strict_herzog,True,27,7,2.0,0.2857142857142857,0.08221892400405678,0.6410655481673808,0.7407407407407407,,
window_false_positive,cycle_regularity:SD cycle length >=4 days,population,cycle,12,H1_newmark_penry_any,strict_herzog,True,27,0,0.0,,,,1.0,,
window_false_positive,cycle_regularity:SD cycle length >=4 days,population,full,full_diary,H1_newmark_penry_any,strict_herzog,True,27,24,3.0,0.125,0.04344334080123444,0.31003881270500067,0.11111111111111116,,
window_false_positive,cycle_regularity:SD cycle length >=4 days,healthy_ovulatory,calendar,1,H1_newmark_penry_66_7_any,strict_herzog,True,12,9,0.0,0.0,0.0,0.2991450484195441,0.25,,
window_false_positive,cycle_regularity:SD cycle length >=4 days,healthy_ovulatory,calendar,3,H1_newmark_penry_66_7_any,strict_herzog,True,12,10,0.0,0.0,0.0,0.2775327998628892,0.16666666666666663,,
window_false_positive,cycle_regularity:SD cycle length >=4 days,healthy_ovulatory,calendar,4,H1_newmark_penry_66_7_any,strict_herzog,True,12,11,1.0,0.09090909090909091,0.016232172885884855,0.37735843645159567,0.08333333333333337,,
window_false_positive,cycle_regularity:SD cycle length >=4 days,healthy_ovulatory,calendar,6,H1_newmark_penry_66_7_any,strict_herzog,True,12,11,0.0,0.0,0.0,0.2588329669680317,0.08333333333333337,,
window_false_positive,cycle_regularity:SD cycle length >=4 days,healthy_ovulatory,calendar,12,H1_newmark_penry_66_7_any,strict_herzog,True,12,0,0.0,,,,1.0,,
window_false_positive,cycle_regularity:SD cycle length >=4 days,healthy_ovulatory,cycle,3,H1_newmark_penry_66_7_any,strict_herzog,True,12,10,0.0,0.0,0.0,0.2775327998628892,0.16666666666666663,,
window_false_positive,cycle_regularity:SD cycle length >=4 days,healthy_ovulatory,cycle,6,H1_newmark_penry_66_7_any,strict_herzog,True,12,9,0.0,0.0,0.0,0.2991450484195441,0.25,,
window_false_positive,cycle_regularity:SD cycle length >=4 days,healthy_ovulatory,cycle,12,H1_newmark_penry_66_7_any,strict_herzog,True,12,0,0.0,,,,1.0,,
window_false_positive,cycle_regularity:SD cycle length >=4 days,healthy_ovulatory,full,full_diary,H1_newmark_penry_66_7_any,strict_herzog,True,12,11,0.0,0.0,0.0,0.2588329669680317,0.08333333333333337,,
window_false_positive,cycle_regularity:SD cycle length >=4 days,population,calendar,1,H1_newmark_penry_66_7_any,strict_herzog,True,27,20,3.0,0.15,0.052368745896216595,0.36041886474075696,0.2592592592592593,,
window_false_positive,cycle_regularity:SD cycle length >=4 days,population,calendar,3,H1_newmark_penry_66_7_any,strict_herzog,True,27,23,2.0,0.08695652173913043,0.024180004484220363,0.26795981075743663,0.14814814814814814,,
window_false_positive,cycle_regularity:SD cycle length >=4 days,population,calendar,4,H1_newmark_penry_66_7_any,strict_herzog,True,27,23,0.0,0.0,0.0,0.14311661845042686,0.14814814814814814,,
window_false_positive,cycle_regularity:SD cycle length >=4 days,population,calendar,6,H1_newmark_penry_66_7_any,strict_herzog,True,27,24,1.0,0.041666666666666664,0.0073934561655057685,0.20241806478655938,0.11111111111111116,,
window_false_positive,cycle_regularity:SD cycle length >=4 days,population,calendar,12,H1_newmark_penry_66_7_any,strict_herzog,True,27,0,0.0,,,,1.0,,
window_false_positive,cycle_regularity:SD cycle length >=4 days,population,cycle,3,H1_newmark_penry_66_7_any,strict_herzog,True,27,22,1.0,0.045454545454545456,0.00806942762126385,0.21798045838657332,0.18518518518518523,,
window_false_positive,cycle_regularity:SD cycle length >=4 days,population,cycle,6,H1_newmark_penry_66_7_any,strict_herzog,True,27,7,2.0,0.2857142857142857,0.08221892400405678,0.6410655481673808,0.7407407407407407,,
window_false_positive,cycle_regularity:SD cycle length >=4 days,population,cycle,12,H1_newmark_penry_66_7_any,strict_herzog,True,27,0,0.0,,,,1.0,,
window_false_positive,cycle_regularity:SD cycle length >=4 days,population,full,full_diary,H1_newmark_penry_66_7_any,strict_herzog,True,27,24,1.0,0.041666666666666664,0.0073934561655057685,0.20241806478655938,0.11111111111111116,,
window_false_positive,cycle_regularity:SD cycle length >=4 days,healthy_ovulatory,calendar,1,H2_duncan1993_any,strict_herzog,True,12,9,1.0,0.1111111111111111,0.019890887638544907,0.434999705576656,0.25,,
window_false_positive,cycle_regularity:SD cycle length >=4 days,healthy_ovulatory,calendar,3,H2_duncan1993_any,strict_herzog,True,12,10,0.0,0.0,0.0,0.2775327998628892,0.16666666666666663,,
window_false_positive,cycle_regularity:SD cycle length >=4 days,healthy_ovulatory,calendar,4,H2_duncan1993_any,strict_herzog,True,12,11,1.0,0.09090909090909091,0.016232172885884855,0.37735843645159567,0.08333333333333337,,
window_false_positive,cycle_regularity:SD cycle length >=4 days,healthy_ovulatory,calendar,6,H2_duncan1993_any,strict_herzog,True,12,11,0.0,0.0,0.0,0.2588329669680317,0.08333333333333337,,
window_false_positive,cycle_regularity:SD cycle length >=4 days,healthy_ovulatory,calendar,12,H2_duncan1993_any,strict_herzog,True,12,0,0.0,,,,1.0,,
window_false_positive,cycle_regularity:SD cycle length >=4 days,healthy_ovulatory,cycle,3,H2_duncan1993_any,strict_herzog,True,12,10,0.0,0.0,0.0,0.2775327998628892,0.16666666666666663,,
window_false_positive,cycle_regularity:SD cycle length >=4 days,healthy_ovulatory,cycle,6,H2_duncan1993_any,strict_herzog,True,12,9,0.0,0.0,0.0,0.2991450484195441,0.25,,
window_false_positive,cycle_regularity:SD cycle length >=4 days,healthy_ovulatory,cycle,12,H2_duncan1993_any,strict_herzog,True,12,0,0.0,,,,1.0,,
window_false_positive,cycle_regularity:SD cycle length >=4 days,healthy_ovulatory,full,full_diary,H2_duncan1993_any,strict_herzog,True,12,11,0.0,0.0,0.0,0.2588329669680317,0.08333333333333337,,
window_false_positive,cycle_regularity:SD cycle length >=4 days,population,calendar,1,H2_duncan1993_any,strict_herzog,True,27,20,3.0,0.15,0.052368745896216595,0.36041886474075696,0.2592592592592593,,
window_false_positive,cycle_regularity:SD cycle length >=4 days,population,calendar,3,H2_duncan1993_any,strict_herzog,True,27,23,3.0,0.13043478260869565,0.04537659093631238,0.32127482270095964,0.14814814814814814,,
window_false_positive,cycle_regularity:SD cycle length >=4 days,population,calendar,4,H2_duncan1993_any,strict_herzog,True,27,23,1.0,0.043478260869565216,0.007716666143453149,0.20991155070258877,0.14814814814814814,,
window_false_positive,cycle_regularity:SD cycle length >=4 days,population,calendar,6,H2_duncan1993_any,strict_herzog,True,27,24,2.0,0.08333333333333333,0.023158815297043306,0.25848802193210685,0.11111111111111116,,
window_false_positive,cycle_regularity:SD cycle length >=4 days,population,calendar,12,H2_duncan1993_any,strict_herzog,True,27,0,0.0,,,,1.0,,
window_false_positive,cycle_regularity:SD cycle length >=4 days,population,cycle,3,H2_duncan1993_any,strict_herzog,True,27,22,2.0,0.09090909090909091,0.025295428990995267,0.27814946841605814,0.18518518518518523,,
window_false_positive,cycle_regularity:SD cycle length >=4 days,population,cycle,6,H2_duncan1993_any,strict_herzog,True,27,7,2.0,0.2857142857142857,0.08221892400405678,0.6410655481673808,0.7407407407407407,,
window_false_positive,cycle_regularity:SD cycle length >=4 days,population,cycle,12,H2_duncan1993_any,strict_herzog,True,27,0,0.0,,,,1.0,,
window_false_positive,cycle_regularity:SD cycle length >=4 days,population,full,full_diary,H2_duncan1993_any,strict_herzog,True,27,24,2.0,0.08333333333333333,0.023158815297043306,0.25848802193210685,0.11111111111111116,,
window_false_positive,cycle_regularity:SD cycle length >=4 days,healthy_ovulatory,calendar,1,H3_herzog1997_twofold_any,strict_herzog,True,12,9,3.0,0.3333333333333333,0.1205838183869109,0.6457978644196036,0.25,,
window_false_positive,cycle_regularity:SD cycle length >=4 days,healthy_ovulatory,calendar,3,H3_herzog1997_twofold_any,strict_herzog,True,12,10,4.0,0.4,0.16818032970623614,0.6873262302663417,0.16666666666666663,,
window_false_positive,cycle_regularity:SD cycle length >=4 days,healthy_ovulatory,calendar,4,H3_herzog1997_twofold_any,strict_herzog,True,12,11,2.0,0.18181818181818182,0.05136768974608513,0.4769805619608442,0.08333333333333337,,
window_false_positive,cycle_regularity:SD cycle length >=4 days,healthy_ovulatory,calendar,6,H3_herzog1997_twofold_any,strict_herzog,True,12,11,3.0,0.2727272727272727,0.09746059290024889,0.5656453011761291,0.08333333333333337,,
window_false_positive,cycle_regularity:SD cycle length >=4 days,healthy_ovulatory,calendar,12,H3_herzog1997_twofold_any,strict_herzog,True,12,0,0.0,,,,1.0,,
window_false_positive,cycle_regularity:SD cycle length >=4 days,healthy_ovulatory,cycle,3,H3_herzog1997_twofold_any,strict_herzog,True,12,10,2.0,0.2,0.05668215145437519,0.5098375284633583,0.16666666666666663,,
window_false_positive,cycle_regularity:SD cycle length >=4 days,healthy_ovulatory,cycle,6,H3_herzog1997_twofold_any,strict_herzog,True,12,9,2.0,0.2222222222222222,0.06322510711784671,0.5474110308930111,0.25,,
window_false_positive,cycle_regularity:SD cycle length >=4 days,healthy_ovulatory,cycle,12,H3_herzog1997_twofold_any,strict_herzog,True,12,0,0.0,,,,1.0,,
window_false_positive,cycle_regularity:SD cycle length >=4 days,healthy_ovulatory,full,full_diary,H3_herzog1997_twofold_any,strict_herzog,True,12,11,3.0,0.2727272727272727,0.09746059290024889,0.5656453011761291,0.08333333333333337,,
window_false_positive,cycle_regularity:SD cycle length >=4 days,population,calendar,1,H3_herzog1997_twofold_any,strict_herzog,True,27,20,16.0,0.8,0.5839825677481064,0.919342337420202,0.2592592592592593,,
window_false_positive,cycle_regularity:SD cycle length >=4 days,population,calendar,3,H3_herzog1997_twofold_any,strict_herzog,True,27,23,20.0,0.8695652173913043,0.6787251772990404,0.9546234090636876,0.14814814814814814,,
window_false_positive,cycle_regularity:SD cycle length >=4 days,population,calendar,4,H3_herzog1997_twofold_any,strict_herzog,True,27,23,17.0,0.7391304347826086,0.5352999516257462,0.8745138395501366,0.14814814814814814,,
window_false_positive,cycle_regularity:SD cycle length >=4 days,population,calendar,6,H3_herzog1997_twofold_any,strict_herzog,True,27,24,18.0,0.75,0.55100555994846,0.8800063377140499,0.11111111111111116,,
window_false_positive,cycle_regularity:SD cycle length >=4 days,population,calendar,12,H3_herzog1997_twofold_any,strict_herzog,True,27,0,0.0,,,,1.0,,
window_false_positive,cycle_regularity:SD cycle length >=4 days,population,cycle,3,H3_herzog1997_twofold_any,strict_herzog,True,27,22,18.0,0.8181818181818182,0.6148339256287345,0.9269311541657794,0.18518518518518523,,
window_false_positive,cycle_regularity:SD cycle length >=4 days,population,cycle,6,H3_herzog1997_twofold_any,strict_herzog,True,27,7,6.0,0.8571428571428571,0.4868721707256811,0.9743203756552565,0.7407407407407407,,
window_false_positive,cycle_regularity:SD cycle length >=4 days,population,cycle,12,H3_herzog1997_twofold_any,strict_herzog,True,27,0,0.0,,,,1.0,,
window_false_positive,cycle_regularity:SD cycle length >=4 days,population,full,full_diary,H3_herzog1997_twofold_any,strict_herzog,True,27,24,18.0,0.75,0.55100555994846,0.8800063377140499,0.11111111111111116,,
window_false_positive,cycle_regularity:SD cycle length >=4 days,healthy_ovulatory,calendar,1,H4_reddy2007_any_phase2x_any,strict_herzog,True,12,9,7.0,0.7777777777777778,0.45258896910698887,0.9367748928821533,0.25,,
window_false_positive,cycle_regularity:SD cycle length >=4 days,healthy_ovulatory,calendar,3,H4_reddy2007_any_phase2x_any,strict_herzog,True,12,10,5.0,0.5,0.236593090512564,0.7634069094874361,0.16666666666666663,,
window_false_positive,cycle_regularity:SD cycle length >=4 days,healthy_ovulatory,calendar,4,H4_reddy2007_any_phase2x_any,strict_herzog,True,12,11,7.0,0.6363636363636364,0.35380117450784887,0.8483352890463243,0.08333333333333337,,
window_false_positive,cycle_regularity:SD cycle length >=4 days,healthy_ovulatory,calendar,6,H4_reddy2007_any_phase2x_any,strict_herzog,True,12,11,4.0,0.36363636363636365,0.15166471095367573,0.6461988254921511,0.08333333333333337,,
window_false_positive,cycle_regularity:SD cycle length >=4 days,healthy_ovulatory,calendar,12,H4_reddy2007_any_phase2x_any,strict_herzog,True,12,0,0.0,,,,1.0,,
window_false_positive,cycle_regularity:SD cycle length >=4 days,healthy_ovulatory,cycle,3,H4_reddy2007_any_phase2x_any,strict_herzog,True,12,10,7.0,0.7,0.39677814746114537,0.8922087325936989,0.16666666666666663,,
window_false_positive,cycle_regularity:SD cycle length >=4 days,healthy_ovulatory,cycle,6,H4_reddy2007_any_phase2x_any,strict_herzog,True,12,9,2.0,0.2222222222222222,0.06322510711784671,0.5474110308930111,0.25,,
window_false_positive,cycle_regularity:SD cycle length >=4 days,healthy_ovulatory,cycle,12,H4_reddy2007_any_phase2x_any,strict_herzog,True,12,0,0.0,,,,1.0,,
window_false_positive,cycle_regularity:SD cycle length >=4 days,healthy_ovulatory,full,full_diary,H4_reddy2007_any_phase2x_any,strict_herzog,True,12,11,4.0,0.36363636363636365,0.15166471095367573,0.6461988254921511,0.08333333333333337,,
window_false_positive,cycle_regularity:SD cycle length >=4 days,population,calendar,1,H4_reddy2007_any_phase2x_any,strict_herzog,True,27,20,20.0,1.0,0.8388748419471806,1.0,0.2592592592592593,,
window_false_positive,cycle_regularity:SD cycle length >=4 days,population,calendar,3,H4_reddy2007_any_phase2x_any,strict_herzog,True,27,23,21.0,0.9130434782608695,0.7320401892425634,0.9758199955157796,0.14814814814814814,,
window_false_positive,cycle_regularity:SD cycle length >=4 days,population,calendar,4,H4_reddy2007_any_phase2x_any,strict_herzog,True,27,23,19.0,0.8260869565217391,0.6286235235977387,0.9302134643693742,0.14814814814814814,,
window_false_positive,cycle_regularity:SD cycle length >=4 days,population,calendar,6,H4_reddy2007_any_phase2x_any,strict_herzog,True,27,24,20.0,0.8333333333333334,0.6414692935030095,0.9332132367136705,0.11111111111111116,,
window_false_positive,cycle_regularity:SD cycle length >=4 days,population,calendar,12,H4_reddy2007_any_phase2x_any,strict_herzog,True,27,0,0.0,,,,1.0,,
window_false_positive,cycle_regularity:SD cycle length >=4 days,population,cycle,3,H4_reddy2007_any_phase2x_any,strict_herzog,True,27,22,18.0,0.8181818181818182,0.6148339256287345,0.9269311541657794,0.18518518518518523,,
window_false_positive,cycle_regularity:SD cycle length >=4 days,population,cycle,6,H4_reddy2007_any_phase2x_any,strict_herzog,True,27,7,5.0,0.7142857142857143,0.35893445183261935,0.9177810759959433,0.7407407407407407,,
window_false_positive,cycle_regularity:SD cycle length >=4 days,population,cycle,12,H4_reddy2007_any_phase2x_any,strict_herzog,True,27,0,0.0,,,,1.0,,
window_false_positive,cycle_regularity:SD cycle length >=4 days,population,full,full_diary,H4_reddy2007_any_phase2x_any,strict_herzog,True,27,24,20.0,0.8333333333333334,0.6414692935030095,0.9332132367136705,0.11111111111111116,,
study_level_3month_n30,apparent_prevalence_all,healthy_ovulatory,study_mc_calendar,3,A_exact_any,strict_herzog,False,100,100,,0.0,0.0,0.0,,0.0,0.0
study_level_3month_n30,apparent_prevalence_classifiable,healthy_ovulatory,study_mc_calendar,3,A_exact_any,strict_herzog,False,0,0,,,,,,,
study_level_3month_n30,apparent_prevalence_all,healthy_ovulatory,study_mc_calendar,3,A_windowed_C1_only,strict_herzog,False,100,100,,0.2993333333333333,0.1825,0.43333333333333335,,0.08,0.01
study_level_3month_n30,apparent_prevalence_classifiable,healthy_ovulatory,study_mc_calendar,3,A_windowed_C1_only,strict_herzog,False,100,100,,0.3664481760590456,0.21899038461538461,0.5,,0.38,0.14
study_level_3month_n30,apparent_prevalence_all,healthy_ovulatory,study_mc_calendar,3,A_windowed_C2_only,strict_herzog,False,100,100,,0.18166666666666664,0.06666666666666667,0.3,,0.0,0.0
study_level_3month_n30,apparent_prevalence_classifiable,healthy_ovulatory,study_mc_calendar,3,A_windowed_C2_only,strict_herzog,False,100,100,,0.2210900765900766,0.08505434782608695,0.35966183574879207,,0.01,0.0
study_level_3month_n30,apparent_prevalence_all,healthy_ovulatory,study_mc_calendar,3,A_windowed_C3_only,strict_herzog,False,100,100,,0.0,0.0,0.0,,0.0,0.0
study_level_3month_n30,apparent_prevalence_classifiable,healthy_ovulatory,study_mc_calendar,3,A_windowed_C3_only,strict_herzog,False,0,0,,,,,,,
study_level_3month_n30,apparent_prevalence_all,healthy_ovulatory,study_mc_calendar,3,A_windowed_any,strict_herzog,False,100,100,,0.39299999999999996,0.24916666666666668,0.5666666666666667,,0.56,0.18
study_level_3month_n30,apparent_prevalence_classifiable,healthy_ovulatory,study_mc_calendar,3,A_windowed_any,strict_herzog,False,100,100,,0.46313410449842224,0.30512500000000004,0.6002314814814813,,0.86,0.59
study_level_3month_n30,apparent_prevalence_all,healthy_ovulatory,study_mc_calendar,3,A_windowed_excluding_C3,strict_herzog,False,100,100,,0.39299999999999996,0.24916666666666668,0.5666666666666667,,0.56,0.18
study_level_3month_n30,apparent_prevalence_classifiable,healthy_ovulatory,study_mc_calendar,3,A_windowed_excluding_C3,strict_herzog,False,100,100,,0.46313410449842224,0.30512500000000004,0.6002314814814813,,0.86,0.59
study_level_3month_n30,apparent_prevalence_all,healthy_ovulatory,study_mc_calendar,3,B_minimum_data_any,strict_herzog,False,100,100,,0.0,0.0,0.0,,0.0,0.0
study_level_3month_n30,apparent_prevalence_classifiable,healthy_ovulatory,study_mc_calendar,3,B_minimum_data_any,strict_herzog,False,0,0,,,,,,,
study_level_3month_n30,apparent_prevalence_all,healthy_ovulatory,study_mc_calendar,3,B_minimum_data_excluding_C3,strict_herzog,False,100,100,,0.0,0.0,0.0,,0.0,0.0
study_level_3month_n30,apparent_prevalence_classifiable,healthy_ovulatory,study_mc_calendar,3,B_minimum_data_excluding_C3,strict_herzog,False,0,0,,,,,,,
study_level_3month_n30,apparent_prevalence_all,healthy_ovulatory,study_mc_calendar,3,C_reproducibility_12cycle_any,strict_herzog,False,100,100,,0.0,0.0,0.0,,0.0,0.0
study_level_3month_n30,apparent_prevalence_classifiable,healthy_ovulatory,study_mc_calendar,3,C_reproducibility_12cycle_any,strict_herzog,False,0,0,,,,,,,
study_level_3month_n30,apparent_prevalence_all,healthy_ovulatory,study_mc_calendar,3,C_reproducibility_any,strict_herzog,False,100,100,,0.0,0.0,0.0,,0.0,0.0
study_level_3month_n30,apparent_prevalence_classifiable,healthy_ovulatory,study_mc_calendar,3,C_reproducibility_any,strict_herzog,False,0,0,,,,,,,
study_level_3month_n30,apparent_prevalence_all,healthy_ovulatory,study_mc_calendar,3,D_nb_regression_any,strict_herzog,False,100,100,,0.0,0.0,0.0,,0.0,0.0
study_level_3month_n30,apparent_prevalence_classifiable,healthy_ovulatory,study_mc_calendar,3,D_nb_regression_any,strict_herzog,False,0,0,,,,,,,
study_level_3month_n30,apparent_prevalence_all,healthy_ovulatory,study_mc_calendar,3,D_nb_regression_window_alpha_any,strict_herzog,False,100,100,,0.0,0.0,0.0,,0.0,0.0
study_level_3month_n30,apparent_prevalence_classifiable,healthy_ovulatory,study_mc_calendar,3,D_nb_regression_window_alpha_any,strict_herzog,False,0,0,,,,,,,
study_level_3month_n30,apparent_prevalence_all,healthy_ovulatory,study_mc_calendar,3,H1_newmark_penry_66_7_any,strict_herzog,True,100,100,,0.05,0.0,0.11749999999999972,,0.0,0.0
study_level_3month_n30,apparent_prevalence_classifiable,healthy_ovulatory,study_mc_calendar,3,H1_newmark_penry_66_7_any,strict_herzog,True,100,100,,0.05869848690096067,0.0,0.1294137931034481,,0.0,0.0
study_level_3month_n30,apparent_prevalence_all,healthy_ovulatory,study_mc_calendar,3,H1_newmark_penry_any,strict_herzog,True,100,100,,0.12266666666666665,0.03333333333333333,0.2,,0.0,0.0
study_level_3month_n30,apparent_prevalence_classifiable,healthy_ovulatory,study_mc_calendar,3,H1_newmark_penry_any,strict_herzog,True,100,100,,0.14473781504463662,0.042527173913043476,0.23561538461538453,,0.0,0.0
study_level_3month_n30,apparent_prevalence_all,healthy_ovulatory,study_mc_calendar,3,H2_duncan1993_any,strict_herzog,True,100,100,,0.09466666666666665,0.03333333333333333,0.1841666666666664,,0.0,0.0
study_level_3month_n30,apparent_prevalence_classifiable,healthy_ovulatory,study_mc_calendar,3,H2_duncan1993_any,strict_herzog,True,100,100,,0.11174832002912963,0.037037037037037035,0.22926086956521718,,0.0,0.0
study_level_3month_n30,apparent_prevalence_all,healthy_ovulatory,study_mc_calendar,3,H3_herzog1997_twofold_any,strict_herzog,True,100,100,,0.3506666666666667,0.23333333333333334,0.5,,0.29,0.11
study_level_3month_n30,apparent_prevalence_classifiable,healthy_ovulatory,study_mc_calendar,3,H3_herzog1997_twofold_any,strict_herzog,True,100,100,,0.4135064443663394,0.26911111111111113,0.553735632183908,,0.61,0.34
study_level_3month_n30,apparent_prevalence_all,healthy_ovulatory,study_mc_calendar,3,H4_reddy2007_any_phase2x_any,strict_herzog,True,100,100,,0.6143333333333334,0.5,0.750833333333333,,1.0,1.0
study_level_3month_n30,apparent_prevalence_classifiable,healthy_ovulatory,study_mc_calendar,3,H4_reddy2007_any_phase2x_any,strict_herzog,True,100,100,,0.7250311910977577,0.6118729096989967,0.8666296296296294,,1.0,1.0
study_level_3month_n30,apparent_prevalence_all,population,study_mc_calendar,3,A_exact_any,strict_herzog,False,100,100,,0.0,0.0,0.0,,0.0,0.0
study_level_3month_n30,apparent_prevalence_classifiable,population,study_mc_calendar,3,A_exact_any,strict_herzog,False,0,0,,,,,,,
study_level_3month_n30,apparent_prevalence_all,population,study_mc_calendar,3,A_windowed_C1_only,strict_herzog,False,100,100,,0.508,0.36666666666666664,0.650833333333333,,0.96,0.76
study_level_3month_n30,apparent_prevalence_classifiable,population,study_mc_calendar,3,A_windowed_C1_only,strict_herzog,False,100,100,,0.5691484905898699,0.44,0.725653846153846,,0.99,0.96
study_level_3month_n30,apparent_prevalence_all,population,study_mc_calendar,3,A_windowed_C2_only,strict_herzog,False,100,100,,0.31366666666666665,0.2,0.43333333333333335,,0.17,0.02
study_level_3month_n30,apparent_prevalence_classifiable,population,study_mc_calendar,3,A_windowed_C2_only,strict_herzog,False,100,100,,0.36301339745267774,0.23990384615384616,0.5,,0.37,0.15
study_level_3month_n30,apparent_prevalence_all,population,study_mc_calendar,3,A_windowed_C3_only,strict_herzog,False,100,100,,0.17433333333333337,0.06666666666666667,0.3,,0.0,0.0
study_level_3month_n30,apparent_prevalence_classifiable,population,study_mc_calendar,3,A_windowed_C3_only,strict_herzog,False,100,100,,0.5747551892551892,0.27889610389610386,0.8393749999999994,,0.88,0.77
study_level_3month_n30,apparent_prevalence_all,population,study_mc_calendar,3,A_windowed_any,strict_herzog,False,100,100,,0.6316666666666666,0.5,0.750833333333333,,1.0,1.0
study_level_3month_n30,apparent_prevalence_classifiable,population,study_mc_calendar,3,A_windowed_any,strict_herzog,False,100,100,,0.692650468050468,0.5657051282051282,0.8214285714285714,,1.0,1.0
study_level_3month_n30,apparent_prevalence_all,population,study_mc_calendar,3,A_windowed_excluding_C3,strict_herzog,False,100,100,,0.5823333333333334,0.4666666666666667,0.7,,1.0,0.99
study_level_3month_n30,apparent_prevalence_classifiable,population,study_mc_calendar,3,A_windowed_excluding_C3,strict_herzog,False,100,100,,0.6385092206643932,0.5185185185185185,0.7778846153846153,,1.0,0.99
study_level_3month_n30,apparent_prevalence_all,population,study_mc_calendar,3,B_minimum_data_any,strict_herzog,False,100,100,,0.0,0.0,0.0,,0.0,0.0
study_level_3month_n30,apparent_prevalence_classifiable,population,study_mc_calendar,3,B_minimum_data_any,strict_herzog,False,0,0,,,,,,,
study_level_3month_n30,apparent_prevalence_all,population,study_mc_calendar,3,B_minimum_data_excluding_C3,strict_herzog,False,100,100,,0.0,0.0,0.0,,0.0,0.0
study_level_3month_n30,apparent_prevalence_classifiable,population,study_mc_calendar,3,B_minimum_data_excluding_C3,strict_herzog,False,0,0,,,,,,,
study_level_3month_n30,apparent_prevalence_all,population,study_mc_calendar,3,C_reproducibility_12cycle_any,strict_herzog,False,100,100,,0.0,0.0,0.0,,0.0,0.0
study_level_3month_n30,apparent_prevalence_classifiable,population,study_mc_calendar,3,C_reproducibility_12cycle_any,strict_herzog,False,0,0,,,,,,,
study_level_3month_n30,apparent_prevalence_all,population,study_mc_calendar,3,C_reproducibility_any,strict_herzog,False,100,100,,0.0,0.0,0.0,,0.0,0.0
study_level_3month_n30,apparent_prevalence_classifiable,population,study_mc_calendar,3,C_reproducibility_any,strict_herzog,False,0,0,,,,,,,
study_level_3month_n30,apparent_prevalence_all,population,study_mc_calendar,3,D_nb_regression_any,strict_herzog,False,100,100,,0.0,0.0,0.0,,0.0,0.0
study_level_3month_n30,apparent_prevalence_classifiable,population,study_mc_calendar,3,D_nb_regression_any,strict_herzog,False,0,0,,,,,,,
study_level_3month_n30,apparent_prevalence_all,population,study_mc_calendar,3,D_nb_regression_window_alpha_any,strict_herzog,False,100,100,,0.0,0.0,0.0,,0.0,0.0
study_level_3month_n30,apparent_prevalence_classifiable,population,study_mc_calendar,3,D_nb_regression_window_alpha_any,strict_herzog,False,0,0,,,,,,,
study_level_3month_n30,apparent_prevalence_all,population,study_mc_calendar,3,H1_newmark_penry_66_7_any,strict_herzog,True,100,100,,0.07599999999999998,0.0,0.15083333333333304,,0.0,0.0
study_level_3month_n30,apparent_prevalence_classifiable,population,study_mc_calendar,3,H1_newmark_penry_66_7_any,strict_herzog,True,100,100,,0.08355939539387813,0.0,0.17029914529914503,,0.0,0.0
study_level_3month_n30,apparent_prevalence_all,population,study_mc_calendar,3,H1_newmark_penry_any,strict_herzog,True,100,100,,0.17033333333333334,0.06666666666666667,0.26666666666666666,,0.0,0.0
study_level_3month_n30,apparent_prevalence_classifiable,population,study_mc_calendar,3,H1_newmark_penry_any,strict_herzog,True,100,100,,0.18687187907877562,0.07142857142857142,0.2962962962962963,,0.0,0.0
study_level_3month_n30,apparent_prevalence_all,population,study_mc_calendar,3,H2_duncan1993_any,strict_herzog,True,100,100,,0.10033333333333332,0.03333333333333333,0.2,,0.0,0.0
study_level_3month_n30,apparent_prevalence_classifiable,population,study_mc_calendar,3,H2_duncan1993_any,strict_herzog,True,100,100,,0.1100633082115841,0.03571428571428571,0.21845238095238087,,0.0,0.0
study_level_3month_n30,apparent_prevalence_all,population,study_mc_calendar,3,H3_herzog1997_twofold_any,strict_herzog,True,100,100,,0.598,0.4825,0.7333333333333333,,1.0,1.0
study_level_3month_n30,apparent_prevalence_classifiable,population,study_mc_calendar,3,H3_herzog1997_twofold_any,strict_herzog,True,100,100,,0.655955855893787,0.526686507936508,0.8044642857142854,,1.0,1.0
study_level_3month_n30,apparent_prevalence_all,population,study_mc_calendar,3,H4_reddy2007_any_phase2x_any,strict_herzog,True,100,100,,0.6770000000000002,0.5491666666666667,0.7841666666666665,,1.0,1.0
study_level_3month_n30,apparent_prevalence_classifiable,population,study_mc_calendar,3,H4_reddy2007_any_phase2x_any,strict_herzog,True,100,100,,0.7425943033977518,0.5995039682539682,0.8571428571428571,,1.0,1.0
