table_type,subset,cohort,window_type,window_value,definition,phase_mode,assumption_based_historical,n_windows,n_classifiable,positives,false_positive_rate,wilson95_low,wilson95_high,indeterminate_rate,p_prevalence_ge_39_1,p_prevalence_ge_44_2
window_false_positive,all,healthy_ovulatory,calendar,1,A_exact_any,strict_herzog,False,50000,0,0.0,,,,1.0,,
window_false_positive,all,healthy_ovulatory,calendar,3,A_exact_any,strict_herzog,False,50000,0,0.0,,,,1.0,,
window_false_positive,all,healthy_ovulatory,calendar,4,A_exact_any,strict_herzog,False,50000,0,0.0,,,,1.0,,
window_false_positive,all,healthy_ovulatory,calendar,6,A_exact_any,strict_herzog,False,50000,0,0.0,,,,1.0,,
window_false_positive,all,healthy_ovulatory,calendar,12,A_exact_any,strict_herzog,False,50000,0,0.0,,,,1.0,,
window_false_positive,all,healthy_ovulatory,cycle,3,A_exact_any,strict_herzog,False,50000,23101,11616.0,0.5028353750919874,0.4963878747754059,0.5092819325778918,0.53798,,
window_false_positive,all,healthy_ovulatory,cycle,6,A_exact_any,strict_herzog,False,50000,0,0.0,,,,1.0,,
window_false_positive,all,healthy_ovulatory,cycle,12,A_exact_any,strict_herzog,False,50000,0,0.0,,,,1.0,,
window_false_positive,all,healthy_ovulatory,full,full_diary,A_exact_any,strict_herzog,False,50000,0,0.0,,,,1.0,,
window_false_positive,all,population,calendar,1,A_exact_any,strict_herzog,False,50000,0,0.0,,,,1.0,,
window_false_positive,all,population,calendar,3,A_exact_any,strict_herzog,False,50000,0,0.0,,,,1.0,,
window_false_positive,all,population,calendar,4,A_exact_any,strict_herzog,False,50000,0,0.0,,,,1.0,,
window_false_positive,all,population,calendar,6,A_exact_any,strict_herzog,False,50000,0,0.0,,,,1.0,,
window_false_positive,all,population,calendar,12,A_exact_any,strict_herzog,False,50000,0,0.0,,,,1.0,,
window_false_positive,all,population,cycle,3,A_exact_any,strict_herzog,False,50000,16673,8602.0,0.5159239488994182,0.5083355376132134,0.5235050241209237,0.66654,,
window_false_positive,all,population,cycle,6,A_exact_any,strict_herzog,False,50000,0,0.0,,,,1.0,,
window_false_positive,all,population,cycle,12,A_exact_any,strict_herzog,False,50000,0,0.0,,,,1.0,,
window_false_positive,all,population,full,full_diary,A_exact_any,strict_herzog,False,50000,0,0.0,,,,1.0,,
window_false_positive,all,healthy_ovulatory,calendar,1,A_windowed_any,strict_herzog,False,50000,38234,18249.0,0.4772976931526913,0.47229359944241195,0.48230634831171165,0.23531999999999997,,
window_false_positive,all,healthy_ovulatory,calendar,3,A_windowed_any,strict_herzog,False,50000,45280,18696.0,0.4128975265017668,0.40837014684491696,0.4174396840817938,0.09440000000000004,,
window_false_positive,all,healthy_ovulatory,calendar,4,A_windowed_any,strict_herzog,False,50000,46381,17894.0,0.3858045320282012,0.3813840476885498,0.39024393104661087,0.07238,,
window_false_positive,all,healthy_ovulatory,calendar,6,A_windowed_any,strict_herzog,False,50000,47489,16185.0,0.3408157678620312,0.336565801441643,0.34509148551792673,0.05022000000000004,,
window_false_positive,all,healthy_ovulatory,calendar,12,A_windowed_any,strict_herzog,False,50000,48775,12419.0,0.2546181445412609,0.2507713798928207,0.2585035580901218,0.024499999999999966,,
window_false_positive,all,healthy_ovulatory,cycle,3,A_windowed_any,strict_herzog,False,50000,45122,18831.0,0.41733522450246,0.4127925081774385,0.42189201495089856,0.09755999999999998,,
window_false_positive,all,healthy_ovulatory,cycle,6,A_windowed_any,strict_herzog,False,50000,47394,16299.0,0.3439042916824915,0.33964059414254305,0.34819329143946637,0.052120000000000055,,
window_false_positive,all,healthy_ovulatory,cycle,12,A_windowed_any,strict_herzog,False,50000,48682,12364.0,0.2539747750708681,0.25012763148371064,0.2578607429133778,0.02636000000000005,,
window_false_positive,all,healthy_ovulatory,full,full_diary,A_windowed_any,strict_herzog,False,50000,49605,5576.0,0.11240802338473944,0.10965832837833753,0.11521774473215698,0.007900000000000018,,
window_false_positive,all,population,calendar,1,A_windowed_any,strict_herzog,False,50000,38083,19748.0,0.5185515846965838,0.5135317037660163,0.5235677233820115,0.23834,,
window_false_positive,all,population,calendar,3,A_windowed_any,strict_herzog,False,50000,45297,23184.0,0.5118219749652295,0.5072179452462242,0.5164239997047004,0.09406000000000003,,
window_false_positive,all,population,calendar,4,A_windowed_any,strict_herzog,False,50000,46369,23060.0,0.4973150164980914,0.49276452032876245,0.5018659575076859,0.07262000000000002,,
window_false_positive,all,population,calendar,6,A_windowed_any,strict_herzog,False,50000,47490,22546.0,0.47475257949041905,0.47026360025765607,0.47924564291276256,0.05020000000000002,,
window_false_positive,all,population,calendar,12,A_windowed_any,strict_herzog,False,50000,48710,20543.0,0.42174091562307536,0.41736171502190217,0.42613245887845014,0.025800000000000045,,
window_false_positive,all,population,cycle,3,A_windowed_any,strict_herzog,False,50000,45349,22907.0,0.5051269046726499,0.5005250383540896,0.5097279024770203,0.09301999999999999,,
window_false_positive,all,population,cycle,6,A_windowed_any,strict_herzog,False,50000,47488,22375.0,0.4711716644204852,0.46668462432797675,0.4756633681714493,0.05023999999999995,,
window_false_positive,all,population,cycle,12,A_windowed_any,strict_herzog,False,50000,48706,20061.0,0.4118794399047345,0.40751561375602113,0.4162571651544395,0.025880000000000014,,
window_false_positive,all,population,full,full_diary,A_windowed_any,strict_herzog,False,50000,49587,17983.0,0.36265553471676043,0.35843478448352395,0.3668975631978394,0.008260000000000045,,
window_false_positive,all,healthy_ovulatory,calendar,1,A_windowed_excluding_C3,strict_herzog,False,50000,38234,18249.0,0.4772976931526913,0.47229359944241195,0.48230634831171165,0.23531999999999997,,
window_false_positive,all,healthy_ovulatory,calendar,3,A_windowed_excluding_C3,strict_herzog,False,50000,45280,18696.0,0.4128975265017668,0.40837014684491696,0.4174396840817938,0.09440000000000004,,
window_false_positive,all,healthy_ovulatory,calendar,4,A_windowed_excluding_C3,strict_herzog,False,50000,46381,17894.0,0.3858045320282012,0.3813840476885498,0.39024393104661087,0.07238,,
window_false_positive,all,healthy_ovulatory,calendar,6,A_windowed_excluding_C3,strict_herzog,False,50000,47489,16185.0,0.3408157678620312,0.336565801441643,0.34509148551792673,0.05022000000000004,,
window_false_positive,all,healthy_ovulatory,calendar,12,A_windowed_excluding_C3,strict_herzog,False,50000,48775,12419.0,0.2546181445412609,0.2507713798928207,0.2585035580901218,0.024499999999999966,,
window_false_positive,all,healthy_ovulatory,cycle,3,A_windowed_excluding_C3,strict_herzog,False,50000,45122,18831.0,0.41733522450246,0.4127925081774385,0.42189201495089856,0.09755999999999998,,
window_false_positive,all,healthy_ovulatory,cycle,6,A_windowed_excluding_C3,strict_herzog,False,50000,47394,16299.0,0.3439042916824915,0.33964059414254305,0.34819329143946637,0.052120000000000055,,
window_false_positive,all,healthy_ovulatory,cycle,12,A_windowed_excluding_C3,strict_herzog,False,50000,48682,12364.0,0.2539747750708681,0.25012763148371064,0.2578607429133778,0.02636000000000005,,
window_false_positive,all,healthy_ovulatory,full,full_diary,A_windowed_excluding_C3,strict_herzog,False,50000,49605,5576.0,0.11240802338473944,0.10965832837833753,0.11521774473215698,0.007900000000000018,,
window_false_positive,all,population,calendar,1,A_windowed_excluding_C3,strict_herzog,False,50000,38083,18300.0,0.4805293700601318,0.47551367523039184,0.4855489925257827,0.23834,,
window_false_positive,all,population,calendar,3,A_windowed_excluding_C3,strict_herzog,False,50000,45297,19056.0,0.42069011192794226,0.4161508098558406,0.42524286477311085,0.09406000000000003,,
window_false_positive,all,population,calendar,4,A_windowed_excluding_C3,strict_herzog,False,50000,46369,18279.0,0.39420733679829195,0.3897683395720174,0.39866386144563604,0.07262000000000002,,
window_false_positive,all,population,calendar,6,A_windowed_excluding_C3,strict_herzog,False,50000,47490,16567.0,0.3488523899768372,0.3445782242878459,0.35315100630203367,0.05020000000000002,,
window_false_positive,all,population,calendar,12,A_windowed_excluding_C3,strict_herzog,False,50000,48710,12453.0,0.2556559228084582,0.2518013477036263,0.25954903471032786,0.025800000000000045,,
window_false_positive,all,population,cycle,3,A_windowed_excluding_C3,strict_herzog,False,50000,45349,18634.0,0.4109021147103574,0.40638163073801625,0.41543769215187687,0.09301999999999999,,
window_false_positive,all,population,cycle,6,A_windowed_excluding_C3,strict_herzog,False,50000,47488,16301.0,0.34326566711590295,0.3390081219433999,0.3475485677375555,0.05023999999999995,,
window_false_positive,all,population,cycle,12,A_windowed_excluding_C3,strict_herzog,False,50000,48706,12112.0,0.24867572783640618,0.24485692115162191,0.2525341754567074,0.025880000000000014,,
window_false_positive,all,population,full,full_diary,A_windowed_excluding_C3,strict_herzog,False,50000,49587,5837.0,0.117712303627967,0.1149053888916832,0.1205784447213793,0.008260000000000045,,
window_false_positive,all,healthy_ovulatory,calendar,1,A_windowed_C1_only,strict_herzog,False,50000,34591,10899.0,0.31508195773467085,0.31020721385144373,0.31999776872586033,0.30818,,
window_false_positive,all,healthy_ovulatory,calendar,3,A_windowed_C1_only,strict_herzog,False,50000,43726,12178.0,0.2785070667337511,0.27432508595047217,0.2827279617208704,0.12548000000000004,,
window_false_positive,all,healthy_ovulatory,calendar,4,A_windowed_C1_only,strict_herzog,False,50000,45170,11722.0,0.2595085233562099,0.2554865117524169,0.2635714364230808,0.09660000000000002,,
window_false_positive,all,healthy_ovulatory,calendar,6,A_windowed_C1_only,strict_herzog,False,50000,46594,10701.0,0.22966476370348113,0.22586796187003552,0.23350613763063335,0.06811999999999996,,
window_false_positive,all,healthy_ovulatory,calendar,12,A_windowed_C1_only,strict_herzog,False,50000,48318,8437.0,0.1746140154807732,0.1712548948429122,0.17802487077205906,0.03364,,
window_false_positive,all,healthy_ovulatory,cycle,3,A_windowed_C1_only,strict_herzog,False,50000,43537,12059.0,0.2769827962422767,0.27279902937359113,0.2812059151940105,0.12926000000000004,,
window_false_positive,all,healthy_ovulatory,cycle,6,A_windowed_C1_only,strict_herzog,False,50000,46509,10745.0,0.2310305532262573,0.22722224300760893,0.23488329139303357,0.06982,,
window_false_positive,all,healthy_ovulatory,cycle,12,A_windowed_C1_only,strict_herzog,False,50000,48222,8207.0,0.1701920285346937,0.16686416940967871,0.17357242977002943,0.035560000000000036,,
window_false_positive,all,healthy_ovulatory,full,full_diary,A_windowed_C1_only,strict_herzog,False,50000,49451,3893.0,0.07872439384441164,0.07638337003046441,0.08113086374393805,0.01097999999999999,,
window_false_positive,all,population,calendar,1,A_windowed_C1_only,strict_herzog,False,50000,33285,10529.0,0.3163286765810425,0.31135418020733907,0.3213455634852984,0.33430000000000004,,
window_false_positive,all,population,calendar,3,A_windowed_C1_only,strict_herzog,False,50000,43379,12212.0,0.28151870720855715,0.2773059622989586,0.28577014423057295,0.13241999999999998,,
window_false_positive,all,population,calendar,4,A_windowed_C1_only,strict_herzog,False,50000,44860,11891.0,0.26506910387873384,0.2610050109877722,0.2691734286060168,0.1028,,
window_false_positive,all,population,calendar,6,A_windowed_C1_only,strict_herzog,False,50000,46383,10968.0,0.23646594657525385,0.23262093153175978,0.24035460999756586,0.07233999999999996,,
window_false_positive,all,population,calendar,12,A_windowed_C1_only,strict_herzog,False,50000,48121,8540.0,0.17746929614929033,0.17408143492477748,0.18090864797116177,0.03757999999999995,,
window_false_positive,all,population,cycle,3,A_windowed_C1_only,strict_herzog,False,50000,43602,11890.0,0.27269391312325125,0.2685339300599278,0.27689394526913874,0.12795999999999996,,
window_false_positive,all,population,cycle,6,A_windowed_C1_only,strict_herzog,False,50000,46539,10778.0,0.23159070886783129,0.22778033046858573,0.23544539411241153,0.06921999999999995,,
window_false_positive,all,population,cycle,12,A_windowed_C1_only,strict_herzog,False,50000,48142,8284.0,0.17207428025424784,0.16872884943449382,0.17547204012716536,0.03715999999999997,,
window_false_positive,all,population,full,full_diary,A_windowed_C1_only,strict_herzog,False,50000,49392,4171.0,0.08444687398769031,0.08202688782635159,0.08693149434390218,0.012159999999999949,,
window_false_positive,all,healthy_ovulatory,calendar,1,A_windowed_C2_only,strict_herzog,False,50000,35512,11195.0,0.31524555079972966,0.3104334703245954,0.32009759803782883,0.28976,,
window_false_positive,all,healthy_ovulatory,calendar,3,A_windowed_C2_only,strict_herzog,False,50000,44247,11377.0,0.2571247768210274,0.2530737178140192,0.26121800429930764,0.11506000000000005,,
window_false_positive,all,healthy_ovulatory,calendar,4,A_windowed_C2_only,strict_herzog,False,50000,45556,10724.0,0.23540258143822987,0.23152918579111068,0.23932059708642553,0.08887999999999996,,
window_false_positive,all,healthy_ovulatory,calendar,6,A_windowed_C2_only,strict_herzog,False,50000,46920,9453.0,0.20147058823529412,0.19786581470136613,0.20512424048018899,0.06159999999999999,,
window_false_positive,all,healthy_ovulatory,calendar,12,A_windowed_C2_only,strict_herzog,False,50000,48438,6734.0,0.13902308105206657,0.13597067812142838,0.14213273523193887,0.031240000000000046,,
window_false_positive,all,healthy_ovulatory,cycle,3,A_windowed_C2_only,strict_herzog,False,50000,43978,11547.0,0.262563099731684,0.25847143000802236,0.26669624584854074,0.12043999999999999,,
window_false_positive,all,healthy_ovulatory,cycle,6,A_windowed_C2_only,strict_herzog,False,50000,46791,9597.0,0.2051035455536321,0.2014692758339802,0.20878623225903756,0.06418000000000001,,
window_false_positive,all,healthy_ovulatory,cycle,12,A_windowed_C2_only,strict_herzog,False,50000,48350,6793.0,0.14049638055842814,0.13742746854574367,0.1436224139210741,0.03300000000000003,,
window_false_positive,all,healthy_ovulatory,full,full_diary,A_windowed_C2_only,strict_herzog,False,50000,49495,2753.0,0.05562177997777553,0.0536369273572809,0.057675606359381265,0.010099999999999998,,
window_false_positive,all,population,calendar,1,A_windowed_C2_only,strict_herzog,False,50000,35365,11541.0,0.32633960130072104,0.3214719807501831,0.3312449448437503,0.29269999999999996,,
window_false_positive,all,population,calendar,3,A_windowed_C2_only,strict_herzog,False,50000,44327,11742.0,0.26489498499785685,0.2608075321808698,0.2690231835441804,0.11346,,
window_false_positive,all,population,calendar,4,A_windowed_C2_only,strict_herzog,False,50000,45584,11077.0,0.2430019305019305,0.2390864325159379,0.24696074036536161,0.08831999999999995,,
window_false_positive,all,population,calendar,6,A_windowed_C2_only,strict_herzog,False,50000,46938,9690.0,0.20644254122459416,0.2028050042528247,0.21012812441075782,0.06123999999999996,,
window_false_positive,all,population,calendar,12,A_windowed_C2_only,strict_herzog,False,50000,48407,6701.0,0.1384303922986345,0.1353825857461245,0.141535580822494,0.03186,,
window_false_positive,all,population,cycle,3,A_windowed_C2_only,strict_herzog,False,50000,44285,11585.0,0.26160099356441235,0.2575283889558015,0.2657149539608899,0.11429999999999996,,
window_false_positive,all,population,cycle,6,A_windowed_C2_only,strict_herzog,False,50000,46909,9558.0,0.20375620882986206,0.20013552750197453,0.20742540601350587,0.061819999999999986,,
window_false_positive,all,population,cycle,12,A_windowed_C2_only,strict_herzog,False,50000,48404,6544.0,0.1351954383935212,0.13217824793183588,0.13827052780954033,0.03191999999999995,,
window_false_positive,all,population,full,full_diary,A_windowed_C2_only,strict_herzog,False,50000,49482,2788.0,0.05634372094903197,0.05434627322659846,0.05841004846723233,0.010360000000000036,,
window_false_positive,all,healthy_ovulatory,calendar,1,A_windowed_C3_only,strict_herzog,False,50000,0,0.0,,,,1.0,,
window_false_positive,all,healthy_ovulatory,calendar,3,A_windowed_C3_only,strict_herzog,False,50000,0,0.0,,,,1.0,,
window_false_positive,all,healthy_ovulatory,calendar,4,A_windowed_C3_only,strict_herzog,False,50000,0,0.0,,,,1.0,,
window_false_positive,all,healthy_ovulatory,calendar,6,A_windowed_C3_only,strict_herzog,False,50000,0,0.0,,,,1.0,,
window_false_positive,all,healthy_ovulatory,calendar,12,A_windowed_C3_only,strict_herzog,False,50000,0,0.0,,,,1.0,,
window_false_positive,all,healthy_ovulatory,cycle,3,A_windowed_C3_only,strict_herzog,False,50000,0,0.0,,,,1.0,,
window_false_positive,all,healthy_ovulatory,cycle,6,A_windowed_C3_only,strict_herzog,False,50000,0,0.0,,,,1.0,,
window_false_positive,all,healthy_ovulatory,cycle,12,A_windowed_C3_only,strict_herzog,False,50000,0,0.0,,,,1.0,,
window_false_positive,all,healthy_ovulatory,full,full_diary,A_windowed_C3_only,strict_herzog,False,50000,0,0.0,,,,1.0,,
window_false_positive,all,population,calendar,1,A_windowed_C3_only,strict_herzog,False,50000,7762,4539.0,0.5847719659881474,0.5737704600597002,0.5956896051474314,0.84476,,
window_false_positive,all,population,calendar,3,A_windowed_C3_only,strict_herzog,False,50000,16288,8913.0,0.5472126719056974,0.5395581029891326,0.5548449762384337,0.67424,,
window_false_positive,all,population,calendar,4,A_windowed_C3_only,strict_herzog,False,50000,18645,9844.0,0.5279699651381067,0.5207992773157025,0.5351291299423618,0.6271,,
window_false_positive,all,population,calendar,6,A_windowed_C3_only,strict_herzog,False,50000,21825,10806.0,0.49512027491408933,0.4884885601415538,0.5017537071632954,0.5635,,
window_false_positive,all,population,calendar,12,A_windowed_C3_only,strict_herzog,False,50000,27709,12216.0,0.4408675881482551,0.43503031524062724,0.4467212545192117,0.44582,,
window_false_positive,all,population,cycle,3,A_windowed_C3_only,strict_herzog,False,50000,16657,8907.0,0.5347301434832202,0.5271482342007383,0.5422960374382222,0.66686,,
window_false_positive,all,population,cycle,6,A_windowed_C3_only,strict_herzog,False,50000,22069,10736.0,0.4864742398840002,0.4798828808791172,0.49307030681473857,0.55862,,
window_false_positive,all,population,cycle,12,A_windowed_C3_only,strict_herzog,False,50000,27432,11791.0,0.4298264800233304,0.42397843631002097,0.4356941745782368,0.45136,,
window_false_positive,all,population,full,full_diary,A_windowed_C3_only,strict_herzog,False,50000,38989,14425.0,0.36997614711841803,0.36519689323488375,0.37478102012884157,0.22021999999999997,,
window_false_positive,all,healthy_ovulatory,calendar,1,B_minimum_data_any,strict_herzog,False,50000,0,0.0,,,,1.0,,
window_false_positive,all,healthy_ovulatory,calendar,3,B_minimum_data_any,strict_herzog,False,50000,0,0.0,,,,1.0,,
window_false_positive,all,healthy_ovulatory,calendar,4,B_minimum_data_any,strict_herzog,False,50000,37641,13501.0,0.3586780372466194,0.3538475259493592,0.3635373908754894,0.24717999999999996,,
window_false_positive,all,healthy_ovulatory,calendar,6,B_minimum_data_any,strict_herzog,False,50000,41136,12985.0,0.3156602489303773,0.31118622651256445,0.32016869703081996,0.17728,,
window_false_positive,all,healthy_ovulatory,calendar,12,B_minimum_data_any,strict_herzog,False,50000,45266,10661.0,0.23551893253214334,0.23163254324286922,0.23945020791320795,0.09467999999999999,,
window_false_positive,all,healthy_ovulatory,cycle,3,B_minimum_data_any,strict_herzog,False,50000,17,12.0,0.7058823529411765,0.4686688993346016,0.8672001038970478,0.99966,,
window_false_positive,all,healthy_ovulatory,cycle,6,B_minimum_data_any,strict_herzog,False,50000,40861,12925.0,0.31631629181860454,0.31182471946561485,0.32084239818057714,0.18278000000000005,,
window_false_positive,all,healthy_ovulatory,cycle,12,B_minimum_data_any,strict_herzog,False,50000,45088,10544.0,0.23385379701916253,0.22996955105375438,0.23778338997621967,0.09824,,
window_false_positive,all,healthy_ovulatory,full,full_diary,B_minimum_data_any,strict_herzog,False,50000,48359,4940.0,0.10215264997208379,0.0994849704463669,0.10488353150024529,0.03281999999999996,,
window_false_positive,all,population,calendar,1,B_minimum_data_any,strict_herzog,False,50000,0,0.0,,,,1.0,,
window_false_positive,all,population,calendar,3,B_minimum_data_any,strict_herzog,False,50000,0,0.0,,,,1.0,,
window_false_positive,all,population,calendar,4,B_minimum_data_any,strict_herzog,False,50000,37530,17825.0,0.47495337063682386,0.469903960573188,0.480007907572187,0.24939999999999996,,
window_false_positive,all,population,calendar,6,B_minimum_data_any,strict_herzog,False,50000,41240,18769.0,0.4551163918525703,0.4503145939556001,0.45992655068423155,0.17520000000000002,,
window_false_positive,all,population,calendar,12,B_minimum_data_any,strict_herzog,False,50000,45303,18437.0,0.4069708407831711,0.40245510419979014,0.4115023528067614,0.09394000000000002,,
window_false_positive,all,population,cycle,3,B_minimum_data_any,strict_herzog,False,50000,1947,1140.0,0.5855161787365177,0.5634866250316626,0.6072089476374267,0.96106,,
window_false_positive,all,population,cycle,6,B_minimum_data_any,strict_herzog,False,50000,41326,18672.0,0.4518220974689058,0.44702856810606956,0.45662458275424783,0.17347999999999997,,
window_false_positive,all,population,cycle,12,B_minimum_data_any,strict_herzog,False,50000,45332,18002.0,0.3971146210182652,0.39261928702352655,0.4016273906636454,0.09336,,
window_false_positive,all,population,full,full_diary,B_minimum_data_any,strict_herzog,False,50000,48333,17206.0,0.35598866199077234,0.35173160625173705,0.3602686076666749,0.033340000000000036,,
window_false_positive,all,healthy_ovulatory,calendar,1,B_minimum_data_excluding_C3,strict_herzog,False,50000,0,0.0,,,,1.0,,
window_false_positive,all,healthy_ovulatory,calendar,3,B_minimum_data_excluding_C3,strict_herzog,False,50000,0,0.0,,,,1.0,,
window_false_positive,all,healthy_ovulatory,calendar,4,B_minimum_data_excluding_C3,strict_herzog,False,50000,37641,13501.0,0.3586780372466194,0.3538475259493592,0.3635373908754894,0.24717999999999996,,
window_false_positive,all,healthy_ovulatory,calendar,6,B_minimum_data_excluding_C3,strict_herzog,False,50000,41136,12985.0,0.3156602489303773,0.31118622651256445,0.32016869703081996,0.17728,,
window_false_positive,all,healthy_ovulatory,calendar,12,B_minimum_data_excluding_C3,strict_herzog,False,50000,45266,10661.0,0.23551893253214334,0.23163254324286922,0.23945020791320795,0.09467999999999999,,
window_false_positive,all,healthy_ovulatory,cycle,3,B_minimum_data_excluding_C3,strict_herzog,False,50000,17,12.0,0.7058823529411765,0.4686688993346016,0.8672001038970478,0.99966,,
window_false_positive,all,healthy_ovulatory,cycle,6,B_minimum_data_excluding_C3,strict_herzog,False,50000,40861,12925.0,0.31631629181860454,0.31182471946561485,0.32084239818057714,0.18278000000000005,,
window_false_positive,all,healthy_ovulatory,cycle,12,B_minimum_data_excluding_C3,strict_herzog,False,50000,45088,10544.0,0.23385379701916253,0.22996955105375438,0.23778338997621967,0.09824,,
window_false_positive,all,healthy_ovulatory,full,full_diary,B_minimum_data_excluding_C3,strict_herzog,False,50000,48359,4940.0,0.10215264997208379,0.0994849704463669,0.10488353150024529,0.03281999999999996,,
window_false_positive,all,population,calendar,1,B_minimum_data_excluding_C3,strict_herzog,False,50000,0,0.0,,,,1.0,,
window_false_positive,all,population,calendar,3,B_minimum_data_excluding_C3,strict_herzog,False,50000,0,0.0,,,,1.0,,
window_false_positive,all,population,calendar,4,B_minimum_data_excluding_C3,strict_herzog,False,50000,37530,13732.0,0.3658939515054623,0.36103467165919406,0.37078068193194685,0.24939999999999996,,
window_false_positive,all,population,calendar,6,B_minimum_data_excluding_C3,strict_herzog,False,50000,41240,13284.0,0.3221144519883608,0.3176212464688483,0.3266407940918244,0.17520000000000002,,
window_false_positive,all,population,calendar,12,B_minimum_data_excluding_C3,strict_herzog,False,50000,45303,10649.0,0.23506169569344193,0.23117955044257651,0.2389887679157424,0.09394000000000002,,
window_false_positive,all,population,cycle,3,B_minimum_data_excluding_C3,strict_herzog,False,50000,1947,715.0,0.3672316384180791,0.34610055581389043,0.38888559712929527,0.96106,,
window_false_positive,all,population,cycle,6,B_minimum_data_excluding_C3,strict_herzog,False,50000,41326,13111.0,0.31725790059526693,0.31278790824962077,0.32176186337123136,0.17347999999999997,,
window_false_positive,all,population,cycle,12,B_minimum_data_excluding_C3,strict_herzog,False,50000,45332,10347.0,0.2282493602753022,0.22440891036616348,0.23213586288175095,0.09336,,
window_false_positive,all,population,full,full_diary,B_minimum_data_excluding_C3,strict_herzog,False,50000,48333,5183.0,0.10723522231187801,0.10450792986577477,0.11002494290488422,0.033340000000000036,,
window_false_positive,all,healthy_ovulatory,calendar,1,C_reproducibility_any,strict_herzog,False,50000,0,0.0,,,,1.0,,
window_false_positive,all,healthy_ovulatory,calendar,3,C_reproducibility_any,strict_herzog,False,50000,0,0.0,,,,1.0,,
window_false_positive,all,healthy_ovulatory,calendar,4,C_reproducibility_any,strict_herzog,False,50000,0,0.0,,,,1.0,,
window_false_positive,all,healthy_ovulatory,calendar,6,C_reproducibility_any,strict_herzog,False,50000,6706,704.0,0.1049806143751864,0.0978689128233048,0.11254462190555241,0.86588,,
window_false_positive,all,healthy_ovulatory,calendar,12,C_reproducibility_any,strict_herzog,False,50000,15964,246.0,0.015409671761463293,0.01361218771319652,0.01744031616463911,0.68072,,
window_false_positive,all,healthy_ovulatory,cycle,3,C_reproducibility_any,strict_herzog,False,50000,0,0.0,,,,1.0,,
window_false_positive,all,healthy_ovulatory,cycle,6,C_reproducibility_any,strict_herzog,False,50000,22591,2742.0,0.12137576911159312,0.11718160165797528,0.12569868005687262,0.54818,,
window_false_positive,all,healthy_ovulatory,cycle,12,C_reproducibility_any,strict_herzog,False,50000,15706,355.0,0.022602826945116516,0.020392403035133903,0.025046722540502605,0.68588,,
window_false_positive,all,healthy_ovulatory,full,full_diary,C_reproducibility_any,strict_herzog,False,50000,6132,1.0,0.00016307893020221786,2.8788015633889768e-05,0.000923234434733798,0.87736,,
window_false_positive,all,population,calendar,1,C_reproducibility_any,strict_herzog,False,50000,0,0.0,,,,1.0,,
window_false_positive,all,population,calendar,3,C_reproducibility_any,strict_herzog,False,50000,0,0.0,,,,1.0,,
window_false_positive,all,population,calendar,4,C_reproducibility_any,strict_herzog,False,50000,0,0.0,,,,1.0,,
window_false_positive,all,population,calendar,6,C_reproducibility_any,strict_herzog,False,50000,5189,409.0,0.07882058200038543,0.07179665598357944,0.08646765178277709,0.89622,,
window_false_positive,all,population,calendar,12,C_reproducibility_any,strict_herzog,False,50000,20438,1279.0,0.06257950875819551,0.05934043749598668,0.06598298133501372,0.59124,,
window_false_positive,all,population,cycle,3,C_reproducibility_any,strict_herzog,False,50000,0,0.0,,,,1.0,,
window_false_positive,all,population,cycle,6,C_reproducibility_any,strict_herzog,False,50000,25842,2006.0,0.0776255707762557,0.07442555767971677,0.08095113861469479,0.48316000000000003,,
window_false_positive,all,population,cycle,12,C_reproducibility_any,strict_herzog,False,50000,20074,1854.0,0.09235827438477633,0.0884306726149662,0.09644186293292209,0.5985199999999999,,
window_false_positive,all,population,full,full_diary,C_reproducibility_any,strict_herzog,False,50000,13364,1605.0,0.12009877282250823,0.11469620113454716,0.12571968565771122,0.73272,,
window_false_positive,all,healthy_ovulatory,calendar,1,C_reproducibility_12cycle_any,strict_herzog,False,50000,0,0.0,,,,1.0,,
window_false_positive,all,healthy_ovulatory,calendar,3,C_reproducibility_12cycle_any,strict_herzog,False,50000,0,0.0,,,,1.0,,
window_false_positive,all,healthy_ovulatory,calendar,4,C_reproducibility_12cycle_any,strict_herzog,False,50000,0,0.0,,,,1.0,,
window_false_positive,all,healthy_ovulatory,calendar,6,C_reproducibility_12cycle_any,strict_herzog,False,50000,0,0.0,,,,1.0,,
window_false_positive,all,healthy_ovulatory,calendar,12,C_reproducibility_12cycle_any,strict_herzog,False,50000,6234,95.0,0.015239011870388194,0.012482911968357916,0.018592173876696757,0.87532,,
window_false_positive,all,healthy_ovulatory,cycle,3,C_reproducibility_12cycle_any,strict_herzog,False,50000,0,0.0,,,,1.0,,
window_false_positive,all,healthy_ovulatory,cycle,6,C_reproducibility_12cycle_any,strict_herzog,False,50000,0,0.0,,,,1.0,,
window_false_positive,all,healthy_ovulatory,cycle,12,C_reproducibility_12cycle_any,strict_herzog,False,50000,15706,355.0,0.022602826945116516,0.020392403035133903,0.025046722540502605,0.68588,,
window_false_positive,all,healthy_ovulatory,full,full_diary,C_reproducibility_12cycle_any,strict_herzog,False,50000,6132,1.0,0.00016307893020221786,2.8788015633889768e-05,0.000923234434733798,0.87736,,
window_false_positive,all,population,calendar,1,C_reproducibility_12cycle_any,strict_herzog,False,50000,0,0.0,,,,1.0,,
window_false_positive,all,population,calendar,3,C_reproducibility_12cycle_any,strict_herzog,False,50000,0,0.0,,,,1.0,,
window_false_positive,all,population,calendar,4,C_reproducibility_12cycle_any,strict_herzog,False,50000,0,0.0,,,,1.0,,
window_false_positive,all,population,calendar,6,C_reproducibility_12cycle_any,strict_herzog,False,50000,0,0.0,,,,1.0,,
window_false_positive,all,population,calendar,12,C_reproducibility_12cycle_any,strict_herzog,False,50000,4817,56.0,0.011625493045463982,0.008963839342392045,0.015065463386229947,0.90366,,
window_false_positive,all,population,cycle,3,C_reproducibility_12cycle_any,strict_herzog,False,50000,0,0.0,,,,1.0,,
window_false_positive,all,population,cycle,6,C_reproducibility_12cycle_any,strict_herzog,False,50000,0,0.0,,,,1.0,,
window_false_positive,all,population,cycle,12,C_reproducibility_12cycle_any,strict_herzog,False,50000,18688,266.0,0.014233732876712328,0.012632513021603663,0.016034617501688362,0.62624,,
window_false_positive,all,population,full,full_diary,C_reproducibility_12cycle_any,strict_herzog,False,50000,11986,1073.0,0.08952110795928583,0.08454071702120142,0.09476452785666956,0.7602800000000001,,
window_false_positive,all,healthy_ovulatory,calendar,1,D_nb_regression_any,strict_herzog,False,50000,0,0.0,,,,1.0,,
window_false_positive,all,healthy_ovulatory,calendar,3,D_nb_regression_any,strict_herzog,False,50000,0,0.0,,,,1.0,,
window_false_positive,all,healthy_ovulatory,calendar,4,D_nb_regression_any,strict_herzog,False,50000,37641,1236.0,0.03283653462979198,0.031083361871566868,0.03468505055564421,0.24717999999999996,,
window_false_positive,all,healthy_ovulatory,calendar,6,D_nb_regression_any,strict_herzog,False,50000,41136,1881.0,0.04572637106184364,0.04374980697626937,0.047787771324564576,0.17728,,
window_false_positive,all,healthy_ovulatory,calendar,12,D_nb_regression_any,strict_herzog,False,50000,45266,2207.0,0.048756240887200104,0.046810331764014765,0.05077873231166448,0.09467999999999999,,
window_false_positive,all,healthy_ovulatory,cycle,3,D_nb_regression_any,strict_herzog,False,50000,17,1.0,0.058823529411764705,0.010460400984997564,0.26982030637575405,0.99966,,
window_false_positive,all,healthy_ovulatory,cycle,6,D_nb_regression_any,strict_herzog,False,50000,40861,1860.0,0.04552017816499841,0.043541485761491576,0.04758431641672541,0.18278000000000005,,
window_false_positive,all,healthy_ovulatory,cycle,12,D_nb_regression_any,strict_herzog,False,50000,45088,2155.0,0.04779542228530873,0.045864516696469494,0.04980337619187555,0.09824,,
window_false_positive,all,healthy_ovulatory,full,full_diary,D_nb_regression_any,strict_herzog,False,50000,48359,1966.0,0.04065427324799934,0.03893029910305745,0.042451219023248846,0.03281999999999996,,
window_false_positive,all,population,calendar,1,D_nb_regression_any,strict_herzog,False,50000,0,0.0,,,,1.0,,
window_false_positive,all,population,calendar,3,D_nb_regression_any,strict_herzog,False,50000,0,0.0,,,,1.0,,
window_false_positive,all,population,calendar,4,D_nb_regression_any,strict_herzog,False,50000,37529,1180.0,0.03144235124836793,0.02972417733267437,0.03325643822807906,0.24941999999999998,,
window_false_positive,all,population,calendar,6,D_nb_regression_any,strict_herzog,False,50000,41240,1862.0,0.045150339476236666,0.043188400307494275,0.0471970082035607,0.17520000000000002,,
window_false_positive,all,population,calendar,12,D_nb_regression_any,strict_herzog,False,50000,45303,2122.0,0.04684016511047834,0.04493258697785986,0.04882458792212847,0.09394000000000002,,
window_false_positive,all,population,cycle,3,D_nb_regression_any,strict_herzog,False,50000,1947,50.0,0.025680534155110426,0.01953342762058032,0.03369563328089727,0.96106,,
window_false_positive,all,population,cycle,6,D_nb_regression_any,strict_herzog,False,50000,41326,1910.0,0.046217877365339013,0.04423545087061407,0.04828465866405734,0.17347999999999997,,
window_false_positive,all,population,cycle,12,D_nb_regression_any,strict_herzog,False,50000,45332,2153.0,0.047494043942468894,0.04557415520910202,0.04949061738887424,0.09336,,
window_false_positive,all,population,full,full_diary,D_nb_regression_any,strict_herzog,False,50000,48333,2032.0,0.0420416692528914,0.04028864524683837,0.04386748361992232,0.033340000000000036,,
window_false_positive,all,healthy_ovulatory,calendar,1,D_nb_regression_window_alpha_any,strict_herzog,False,50000,0,0.0,,,,1.0,,
window_false_positive,all,healthy_ovulatory,calendar,3,D_nb_regression_window_alpha_any,strict_herzog,False,50000,0,0.0,,,,1.0,,
window_false_positive,all,healthy_ovulatory,calendar,4,D_nb_regression_window_alpha_any,strict_herzog,False,50000,0,0.0,,,,1.0,,
window_false_positive,all,healthy_ovulatory,calendar,6,D_nb_regression_window_alpha_any,strict_herzog,False,50000,0,0.0,,,,1.0,,
window_false_positive,all,healthy_ovulatory,calendar,12,D_nb_regression_window_alpha_any,strict_herzog,False,50000,0,0.0,,,,1.0,,
window_false_positive,all,healthy_ovulatory,cycle,3,D_nb_regression_window_alpha_any,strict_herzog,False,50000,0,0.0,,,,1.0,,
window_false_positive,all,healthy_ovulatory,cycle,6,D_nb_regression_window_alpha_any,strict_herzog,False,50000,0,0.0,,,,1.0,,
window_false_positive,all,healthy_ovulatory,cycle,12,D_nb_regression_window_alpha_any,strict_herzog,False,50000,0,0.0,,,,1.0,,
window_false_positive,all,healthy_ovulatory,full,full_diary,D_nb_regression_window_alpha_any,strict_herzog,False,50000,48359,1966.0,0.04065427324799934,0.03893029910305745,0.042451219023248846,0.03281999999999996,,
window_false_positive,all,population,calendar,1,D_nb_regression_window_alpha_any,strict_herzog,False,50000,0,0.0,,,,1.0,,
window_false_positive,all,population,calendar,3,D_nb_regression_window_alpha_any,strict_herzog,False,50000,0,0.0,,,,1.0,,
window_false_positive,all,population,calendar,4,D_nb_regression_window_alpha_any,strict_herzog,False,50000,0,0.0,,,,1.0,,
window_false_positive,all,population,calendar,6,D_nb_regression_window_alpha_any,strict_herzog,False,50000,0,0.0,,,,1.0,,
window_false_positive,all,population,calendar,12,D_nb_regression_window_alpha_any,strict_herzog,False,50000,0,0.0,,,,1.0,,
window_false_positive,all,population,cycle,3,D_nb_regression_window_alpha_any,strict_herzog,False,50000,0,0.0,,,,1.0,,
window_false_positive,all,population,cycle,6,D_nb_regression_window_alpha_any,strict_herzog,False,50000,0,0.0,,,,1.0,,
window_false_positive,all,population,cycle,12,D_nb_regression_window_alpha_any,strict_herzog,False,50000,0,0.0,,,,1.0,,
window_false_positive,all,population,full,full_diary,D_nb_regression_window_alpha_any,strict_herzog,False,50000,48333,2032.0,0.0420416692528914,0.04028864524683837,0.04386748361992232,0.033340000000000036,,
window_false_positive,all,healthy_ovulatory,calendar,1,H1_newmark_penry_any,strict_herzog,True,50000,38234,5866.0,0.15342365433906993,0.14984603080828782,0.1570709135349048,0.23531999999999997,,
window_false_positive,all,healthy_ovulatory,calendar,3,H1_newmark_penry_any,strict_herzog,True,50000,45280,3939.0,0.08699204946996467,0.08443115460541693,0.0896230158206527,0.09440000000000004,,
window_false_positive,all,healthy_ovulatory,calendar,4,H1_newmark_penry_any,strict_herzog,True,50000,46381,3288.0,0.07089109764774369,0.06859081461685332,0.07326245580258131,0.07238,,
window_false_positive,all,healthy_ovulatory,calendar,6,H1_newmark_penry_any,strict_herzog,True,50000,47489,2348.0,0.04944302891195856,0.04752939649610965,0.0514295479354581,0.05022000000000004,,
window_false_positive,all,healthy_ovulatory,calendar,12,H1_newmark_penry_any,strict_herzog,True,50000,48775,1277.0,0.026181445412608917,0.024801274055233125,0.02763624562181854,0.024499999999999966,,
window_false_positive,all,healthy_ovulatory,cycle,3,H1_newmark_penry_any,strict_herzog,True,50000,45122,4129.0,0.09150746864057445,0.08888175355343977,0.09420273178208546,0.09755999999999998,,
window_false_positive,all,healthy_ovulatory,cycle,6,H1_newmark_penry_any,strict_herzog,True,50000,47394,2473.0,0.05217960079334937,0.050213482783181745,0.054218307916002795,0.052120000000000055,,
window_false_positive,all,healthy_ovulatory,cycle,12,H1_newmark_penry_any,strict_herzog,True,50000,48682,1295.0,0.026601207838626188,0.025208708481451972,0.028068412363108343,0.02636000000000005,,
window_false_positive,all,healthy_ovulatory,full,full_diary,H1_newmark_penry_any,strict_herzog,True,50000,49605,427.0,0.008608003225481302,0.00783225408974279,0.00945985420375104,0.007900000000000018,,
window_false_positive,all,population,calendar,1,H1_newmark_penry_any,strict_herzog,True,50000,38159,5513.0,0.1444744359128908,0.1409827630576086,0.14803768293623482,0.23682000000000003,,
window_false_positive,all,population,calendar,3,H1_newmark_penry_any,strict_herzog,True,50000,45297,3696.0,0.08159480760315253,0.079109209220232,0.08415136653626144,0.09406000000000003,,
window_false_positive,all,population,calendar,4,H1_newmark_penry_any,strict_herzog,True,50000,46369,3009.0,0.06489249282926093,0.06268620224848329,0.06717087075766665,0.07262000000000002,,
window_false_positive,all,population,calendar,6,H1_newmark_penry_any,strict_herzog,True,50000,47490,2211.0,0.046557169930511684,0.04469866182277589,0.048489029946863285,0.05020000000000002,,
window_false_positive,all,population,calendar,12,H1_newmark_penry_any,strict_herzog,True,50000,48710,1111.0,0.02280845822213098,0.021519810339145108,0.02417236650759909,0.025800000000000045,,
window_false_positive,all,population,cycle,3,H1_newmark_penry_any,strict_herzog,True,50000,45349,3686.0,0.08128073386403228,0.07880099012690997,0.08383140999553404,0.09301999999999999,,
window_false_positive,all,population,cycle,6,H1_newmark_penry_any,strict_herzog,True,50000,47488,2250.0,0.04738039083557952,0.045505928327669296,0.049328075165875854,0.05023999999999995,,
window_false_positive,all,population,cycle,12,H1_newmark_penry_any,strict_herzog,True,50000,48706,1135.0,0.02330308380897631,0.02200039279788972,0.02468096338642469,0.025880000000000014,,
window_false_positive,all,population,full,full_diary,H1_newmark_penry_any,strict_herzog,True,50000,49587,378.0,0.007622965696654365,0.006894652745662165,0.008427560720944412,0.008260000000000045,,
window_false_positive,all,healthy_ovulatory,calendar,1,H1_newmark_penry_66_7_any,strict_herzog,True,50000,38234,3995.0,0.10448815190667991,0.1014616394051026,0.10759413241270428,0.23531999999999997,,
window_false_positive,all,healthy_ovulatory,calendar,3,H1_newmark_penry_66_7_any,strict_herzog,True,50000,45280,1870.0,0.041298586572438165,0.03950440928046653,0.043170587765117466,0.09440000000000004,,
window_false_positive,all,healthy_ovulatory,calendar,4,H1_newmark_penry_66_7_any,strict_herzog,True,50000,46381,1430.0,0.030831590521980985,0.02929686116534581,0.03244403022830358,0.07238,,
window_false_positive,all,healthy_ovulatory,calendar,6,H1_newmark_penry_66_7_any,strict_herzog,True,50000,47489,980.0,0.020636357893406895,0.019395979280561495,0.02195428316948519,0.05022000000000004,,
window_false_positive,all,healthy_ovulatory,calendar,12,H1_newmark_penry_66_7_any,strict_herzog,True,50000,48775,537.0,0.011009738595592004,0.010121434927047443,0.011975060737586423,0.024499999999999966,,
window_false_positive,all,healthy_ovulatory,cycle,3,H1_newmark_penry_66_7_any,strict_herzog,True,50000,45122,2036.0,0.045122113381499046,0.04324528904096975,0.04707638313305669,0.09755999999999998,,
window_false_positive,all,healthy_ovulatory,cycle,6,H1_newmark_penry_66_7_any,strict_herzog,True,50000,47394,1023.0,0.021585010760855804,0.02031491302694298,0.02293265681443047,0.052120000000000055,,
window_false_positive,all,healthy_ovulatory,cycle,12,H1_newmark_penry_66_7_any,strict_herzog,True,50000,48682,542.0,0.011133478493077524,0.01023922124548558,0.012104881808393211,0.02636000000000005,,
window_false_positive,all,healthy_ovulatory,full,full_diary,H1_newmark_penry_66_7_any,strict_herzog,True,50000,49605,170.0,0.0034270738836810807,0.0029498279735442555,0.003981224006496642,0.007900000000000018,,
window_false_positive,all,population,calendar,1,H1_newmark_penry_66_7_any,strict_herzog,True,50000,38159,3770.0,0.09879713828978746,0.09584353068535555,0.1018315157851966,0.23682000000000003,,
window_false_positive,all,population,calendar,3,H1_newmark_penry_66_7_any,strict_herzog,True,50000,45297,1733.0,0.03825860432258207,0.03653092710090039,0.04006459181401523,0.09406000000000003,,
window_false_positive,all,population,calendar,4,H1_newmark_penry_66_7_any,strict_herzog,True,50000,46369,1358.0,0.02928680799672195,0.02779069694369138,0.03086090544379498,0.07262000000000002,,
window_false_positive,all,population,calendar,6,H1_newmark_penry_66_7_any,strict_herzog,True,50000,47490,908.0,0.01911981469783112,0.017926468694804857,0.02039095105736614,0.05020000000000002,,
window_false_positive,all,population,calendar,12,H1_newmark_penry_66_7_any,strict_herzog,True,50000,48710,491.0,0.010080065694929172,0.009230797449115365,0.011006601805346145,0.025800000000000045,,
window_false_positive,all,population,cycle,3,H1_newmark_penry_66_7_any,strict_herzog,True,50000,45349,1865.0,0.041125493395664736,0.039336342772250954,0.04299237884072525,0.09301999999999999,,
window_false_positive,all,population,cycle,6,H1_newmark_penry_66_7_any,strict_herzog,True,50000,47488,965.0,0.020320923180592993,0.01909015729216512,0.02162928839404801,0.05023999999999995,,
window_false_positive,all,population,cycle,12,H1_newmark_penry_66_7_any,strict_herzog,True,50000,48706,473.0,0.009711329199687924,0.008878254113152904,0.01062173665613938,0.025880000000000014,,
window_false_positive,all,population,full,full_diary,H1_newmark_penry_66_7_any,strict_herzog,True,50000,49587,175.0,0.003529150785488132,0.0030442609801837267,0.004090956903032017,0.008260000000000045,,
window_false_positive,all,healthy_ovulatory,calendar,1,H2_duncan1993_any,strict_herzog,True,50000,38234,6340.0,0.16582099701836062,0.16212663374088862,0.16958250503150382,0.23531999999999997,,
window_false_positive,all,healthy_ovulatory,calendar,3,H2_duncan1993_any,strict_herzog,True,50000,45280,3163.0,0.06985424028268551,0.06754271518827788,0.07223874448706342,0.09440000000000004,,
window_false_positive,all,healthy_ovulatory,calendar,4,H2_duncan1993_any,strict_herzog,True,50000,46381,2574.0,0.05549686293956577,0.05344983838491675,0.057617512430421736,0.07238,,
window_false_positive,all,healthy_ovulatory,calendar,6,H2_duncan1993_any,strict_herzog,True,50000,47489,1802.0,0.03794562951420329,0.03626423423893086,0.03970177133159122,0.05022000000000004,,
window_false_positive,all,healthy_ovulatory,calendar,12,H2_duncan1993_any,strict_herzog,True,50000,48775,985.0,0.020194771911840083,0.018983678197324313,0.021481437409962494,0.024499999999999966,,
window_false_positive,all,healthy_ovulatory,cycle,3,H2_duncan1993_any,strict_herzog,True,50000,45122,3427.0,0.07594964762200257,0.07354122662780783,0.07843026547342587,0.09755999999999998,,
window_false_positive,all,healthy_ovulatory,cycle,6,H2_duncan1993_any,strict_herzog,True,50000,47394,1832.0,0.038654682027260835,0.03695623012289297,0.040427915355700596,0.052120000000000055,,
window_false_positive,all,healthy_ovulatory,cycle,12,H2_duncan1993_any,strict_herzog,True,50000,48682,1017.0,0.0208906782794462,0.01965752458427147,0.022199438297726474,0.02636000000000005,,
window_false_positive,all,healthy_ovulatory,full,full_diary,H2_duncan1993_any,strict_herzog,True,50000,49605,361.0,0.007277492188287471,0.00656672226793512,0.008064570007317882,0.007900000000000018,,
window_false_positive,all,population,calendar,1,H2_duncan1993_any,strict_herzog,True,50000,38159,5938.0,0.1556120443407846,0.1520097372300625,0.1592836834037113,0.23682000000000003,,
window_false_positive,all,population,calendar,3,H2_duncan1993_any,strict_herzog,True,50000,45297,3018.0,0.06662692893569111,0.06436698470200886,0.0689603722370675,0.09406000000000003,,
window_false_positive,all,population,calendar,4,H2_duncan1993_any,strict_herzog,True,50000,46369,2449.0,0.05281545860380858,0.05081646434549358,0.05488854109769354,0.07262000000000002,,
window_false_positive,all,population,calendar,6,H2_duncan1993_any,strict_herzog,True,50000,47490,1637.0,0.03447041482417351,0.032866912544775674,0.0361492242455644,0.05020000000000002,,
window_false_positive,all,population,calendar,12,H2_duncan1993_any,strict_herzog,True,50000,48710,905.0,0.018579347156641345,0.01741758431712047,0.019817037394123348,0.025800000000000045,,
window_false_positive,all,population,cycle,3,H2_duncan1993_any,strict_herzog,True,50000,45349,3080.0,0.06791770491080289,0.06563840882502366,0.07027019713117243,0.09301999999999999,,
window_false_positive,all,population,cycle,6,H2_duncan1993_any,strict_herzog,True,50000,47488,1752.0,0.03689353099730458,0.03523525963478932,0.03862672067739291,0.05023999999999995,,
window_false_positive,all,population,cycle,12,H2_duncan1993_any,strict_herzog,True,50000,48706,888.0,0.018231840019710097,0.01708110922696222,0.019458559257185325,0.025880000000000014,,
window_false_positive,all,population,full,full_diary,H2_duncan1993_any,strict_herzog,True,50000,49587,311.0,0.0062718051102103375,0.005614170822242869,0.00700593080156969,0.008260000000000045,,
window_false_positive,all,healthy_ovulatory,calendar,1,H3_herzog1997_twofold_any,strict_herzog,True,50000,38234,17495.0,0.4575770256839462,0.4525878145614493,0.46257476061964325,0.23531999999999997,,
window_false_positive,all,healthy_ovulatory,calendar,3,H3_herzog1997_twofold_any,strict_herzog,True,50000,45280,16862.0,0.3723939929328622,0.36795212616723455,0.3768575095058219,0.09440000000000004,,
window_false_positive,all,healthy_ovulatory,calendar,4,H3_herzog1997_twofold_any,strict_herzog,True,50000,46381,15705.0,0.33860848192147647,0.33431519003791604,0.34292850576535877,0.07238,,
window_false_positive,all,healthy_ovulatory,calendar,6,H3_herzog1997_twofold_any,strict_herzog,True,50000,47489,13555.0,0.28543452167870453,0.28139013565966164,0.28951361795824115,0.05022000000000004,,
window_false_positive,all,healthy_ovulatory,calendar,12,H3_herzog1997_twofold_any,strict_herzog,True,50000,48775,9445.0,0.1936442849820605,0.19016163302282504,0.1971751895372383,0.024499999999999966,,
window_false_positive,all,healthy_ovulatory,cycle,3,H3_herzog1997_twofold_any,strict_herzog,True,50000,45122,17107.0,0.3791276982403262,0.3746615713849924,0.38361440425628107,0.09755999999999998,,
window_false_positive,all,healthy_ovulatory,cycle,6,H3_herzog1997_twofold_any,strict_herzog,True,50000,47394,13915.0,0.29360256572561927,0.28951935928475,0.297719228004141,0.052120000000000055,,
window_false_positive,all,healthy_ovulatory,cycle,12,H3_herzog1997_twofold_any,strict_herzog,True,50000,48682,9502.0,0.1951850786738425,0.19168843612392464,0.19872982284563326,0.02636000000000005,,
window_false_positive,all,healthy_ovulatory,full,full_diary,H3_herzog1997_twofold_any,strict_herzog,True,50000,49605,3603.0,0.0726338070758996,0.07038283141589011,0.07495096890688982,0.007900000000000018,,
window_false_positive,all,population,calendar,1,H3_herzog1997_twofold_any,strict_herzog,True,50000,38083,19125.0,0.5021925793661214,0.4971709394585081,0.5072137769843231,0.23834,,
window_false_positive,all,population,calendar,3,H3_herzog1997_twofold_any,strict_herzog,True,50000,45297,21417.0,0.4728127690575535,0.46821757119068325,0.47741257781573393,0.09406000000000003,,
window_false_positive,all,population,calendar,4,H3_herzog1997_twofold_any,strict_herzog,True,50000,46369,20980.0,0.4524574608035541,0.4479312321698276,0.45699156614704467,0.07262000000000002,,
window_false_positive,all,population,calendar,6,H3_herzog1997_twofold_any,strict_herzog,True,50000,47490,19978.0,0.42067803748157506,0.4162446389432361,0.42512426766474326,0.05020000000000002,,
window_false_positive,all,population,calendar,12,H3_herzog1997_twofold_any,strict_herzog,True,50000,48710,17440.0,0.358037363990967,0.3537911784479043,0.3623059392123623,0.025800000000000045,,
window_false_positive,all,population,cycle,3,H3_herzog1997_twofold_any,strict_herzog,True,50000,45349,21258.0,0.4687644711018986,0.46417443018115007,0.4733598034220015,0.09301999999999999,,
window_false_positive,all,population,cycle,6,H3_herzog1997_twofold_any,strict_herzog,True,50000,47488,19922.0,0.41951650943396224,0.4150848026270706,0.42396123633042115,0.05023999999999995,,
window_false_positive,all,population,cycle,12,H3_herzog1997_twofold_any,strict_herzog,True,50000,48706,17020.0,0.3494436003777769,0.34522126319902785,0.3536896845526983,0.025880000000000014,,
window_false_positive,all,population,full,full_diary,H3_herzog1997_twofold_any,strict_herzog,True,50000,49587,14914.0,0.30076431322725716,0.2967435206694294,0.3048159726009662,0.008260000000000045,,
window_false_positive,all,healthy_ovulatory,calendar,1,H4_reddy2007_any_phase2x_any,strict_herzog,True,50000,38233,35989.0,0.9413072476656291,0.938906550325234,0.9436192732667016,0.23534,,
window_false_positive,all,healthy_ovulatory,calendar,3,H4_reddy2007_any_phase2x_any,strict_herzog,True,50000,45280,34681.0,0.7659231448763251,0.7620006676821827,0.7698005051909094,0.09440000000000004,,
window_false_positive,all,healthy_ovulatory,calendar,4,H4_reddy2007_any_phase2x_any,strict_herzog,True,50000,46381,32006.0,0.6900670533192471,0.6858426644618582,0.6942599605660266,0.07238,,
window_false_positive,all,healthy_ovulatory,calendar,6,H4_reddy2007_any_phase2x_any,strict_herzog,True,50000,47489,27122.0,0.571121733454063,0.566664897289515,0.5755670642547741,0.05022000000000004,,
window_false_positive,all,healthy_ovulatory,calendar,12,H4_reddy2007_any_phase2x_any,strict_herzog,True,50000,48775,17838.0,0.36572014351614557,0.3614565800069545,0.37000485679124756,0.024499999999999966,,
window_false_positive,all,healthy_ovulatory,cycle,3,H4_reddy2007_any_phase2x_any,strict_herzog,True,50000,45122,33926.0,0.7518727006781615,0.7478660498738405,0.7558364687981298,0.09755999999999998,,
window_false_positive,all,healthy_ovulatory,cycle,6,H4_reddy2007_any_phase2x_any,strict_herzog,True,50000,47394,27051.0,0.5707684517027471,0.5663067183375344,0.5752187139087402,0.052120000000000055,,
window_false_positive,all,healthy_ovulatory,cycle,12,H4_reddy2007_any_phase2x_any,strict_herzog,True,50000,48682,17907.0,0.3678361612094819,0.3635631751196982,0.3721300035453153,0.02636000000000005,,
window_false_positive,all,healthy_ovulatory,full,full_diary,H4_reddy2007_any_phase2x_any,strict_herzog,True,50000,49605,6599.0,0.13303094446124383,0.13007077085075489,0.1360479505424725,0.007900000000000018,,
window_false_positive,all,population,calendar,1,H4_reddy2007_any_phase2x_any,strict_herzog,True,50000,38037,35669.0,0.9377448274048953,0.9352721958247653,0.9401290498613591,0.23926000000000003,,
window_false_positive,all,population,calendar,3,H4_reddy2007_any_phase2x_any,strict_herzog,True,50000,45297,34750.0,0.7671589730004195,0.7632443010225118,0.7710283354361505,0.09406000000000003,,
window_false_positive,all,population,calendar,4,H4_reddy2007_any_phase2x_any,strict_herzog,True,50000,46369,32254.0,0.6955940391209644,0.6913896694070002,0.6997660033828054,0.07262000000000002,,
window_false_positive,all,population,calendar,6,H4_reddy2007_any_phase2x_any,strict_herzog,True,50000,47490,27406.0,0.5770899136660349,0.5726406853374653,0.5815266714207472,0.05020000000000002,,
window_false_positive,all,population,calendar,12,H4_reddy2007_any_phase2x_any,strict_herzog,True,50000,48710,18090.0,0.3713816464791624,0.36710110174518135,0.3756824762940912,0.025800000000000045,,
window_false_positive,all,population,cycle,3,H4_reddy2007_any_phase2x_any,strict_herzog,True,50000,45349,33766.0,0.7445809168890163,0.7405465990234581,0.7485738019582895,0.09301999999999999,,
window_false_positive,all,population,cycle,6,H4_reddy2007_any_phase2x_any,strict_herzog,True,50000,47488,26482.0,0.5576566711590296,0.5531851508543995,0.5621188641467485,0.05023999999999995,,
window_false_positive,all,population,cycle,12,H4_reddy2007_any_phase2x_any,strict_herzog,True,50000,48706,17460.0,0.3584773949821377,0.3542298457785216,0.36274726629738835,0.025880000000000014,,
window_false_positive,all,population,full,full_diary,H4_reddy2007_any_phase2x_any,strict_herzog,True,50000,49587,6854.0,0.13822171133563232,0.1352119878098468,0.14128748377517866,0.008260000000000045,,
window_false_positive,ge_1_seizure_day_per_month,healthy_ovulatory,calendar,1,A_exact_any,strict_herzog,False,38234,0,0.0,,,,1.0,,
window_false_positive,ge_1_seizure_day_per_month,healthy_ovulatory,calendar,3,A_exact_any,strict_herzog,False,37713,0,0.0,,,,1.0,,
window_false_positive,ge_1_seizure_day_per_month,healthy_ovulatory,calendar,4,A_exact_any,strict_herzog,False,37641,0,0.0,,,,1.0,,
window_false_positive,ge_1_seizure_day_per_month,healthy_ovulatory,calendar,6,A_exact_any,strict_herzog,False,37460,0,0.0,,,,1.0,,
window_false_positive,ge_1_seizure_day_per_month,healthy_ovulatory,calendar,12,A_exact_any,strict_herzog,False,37281,0,0.0,,,,1.0,,
window_false_positive,ge_1_seizure_day_per_month,healthy_ovulatory,cycle,3,A_exact_any,strict_herzog,False,36215,22439,11019.0,0.491064664200722,0.4845257105409283,0.49760667671779846,0.38039486400662714,,
window_false_positive,ge_1_seizure_day_per_month,healthy_ovulatory,cycle,6,A_exact_any,strict_herzog,False,36570,0,0.0,,,,1.0,,
window_false_positive,ge_1_seizure_day_per_month,healthy_ovulatory,cycle,12,A_exact_any,strict_herzog,False,36909,0,0.0,,,,1.0,,
window_false_positive,ge_1_seizure_day_per_month,healthy_ovulatory,full,full_diary,A_exact_any,strict_herzog,False,37309,0,0.0,,,,1.0,,
window_false_positive,ge_1_seizure_day_per_month,population,calendar,1,A_exact_any,strict_herzog,False,38159,0,0.0,,,,1.0,,
window_false_positive,ge_1_seizure_day_per_month,population,calendar,3,A_exact_any,strict_herzog,False,37718,0,0.0,,,,1.0,,
window_false_positive,ge_1_seizure_day_per_month,population,calendar,4,A_exact_any,strict_herzog,False,37530,0,0.0,,,,1.0,,
window_false_positive,ge_1_seizure_day_per_month,population,calendar,6,A_exact_any,strict_herzog,False,37422,0,0.0,,,,1.0,,
window_false_positive,ge_1_seizure_day_per_month,population,calendar,12,A_exact_any,strict_herzog,False,37240,0,0.0,,,,1.0,,
window_false_positive,ge_1_seizure_day_per_month,population,cycle,3,A_exact_any,strict_herzog,False,36075,16125,8105.0,0.5026356589147287,0.49491870678926225,0.5103513555532201,0.5530145530145529,,
window_false_positive,ge_1_seizure_day_per_month,population,cycle,6,A_exact_any,strict_herzog,False,36598,0,0.0,,,,1.0,,
window_false_positive,ge_1_seizure_day_per_month,population,cycle,12,A_exact_any,strict_herzog,False,36846,0,0.0,,,,1.0,,
window_false_positive,ge_1_seizure_day_per_month,population,full,full_diary,A_exact_any,strict_herzog,False,37196,0,0.0,,,,1.0,,
window_false_positive,ge_1_seizure_day_per_month,healthy_ovulatory,calendar,1,A_windowed_any,strict_herzog,False,38234,38234,18249.0,0.4772976931526913,0.47229359944241195,0.48230634831171165,0.0,,
window_false_positive,ge_1_seizure_day_per_month,healthy_ovulatory,calendar,3,A_windowed_any,strict_herzog,False,37713,37713,14803.0,0.39251716914591783,0.3876000352678638,0.39745619726817083,0.0,,
window_false_positive,ge_1_seizure_day_per_month,healthy_ovulatory,calendar,4,A_windowed_any,strict_herzog,False,37641,37641,13501.0,0.3586780372466194,0.3538475259493592,0.3635373908754894,0.0,,
window_false_positive,ge_1_seizure_day_per_month,healthy_ovulatory,calendar,6,A_windowed_any,strict_herzog,False,37460,37460,11379.0,0.30376401494927924,0.29912728507360997,0.30844098802619846,0.0,,
window_false_positive,ge_1_seizure_day_per_month,healthy_ovulatory,calendar,12,A_windowed_any,strict_herzog,False,37281,37281,7497.0,0.20109439124487005,0.19705661465629043,0.20519376034892683,0.0,,
window_false_positive,ge_1_seizure_day_per_month,healthy_ovulatory,cycle,3,A_windowed_any,strict_herzog,False,36215,36215,14090.0,0.38906530443186527,0.3840560654466468,0.3940980754268138,0.0,,
window_false_positive,ge_1_seizure_day_per_month,healthy_ovulatory,cycle,6,A_windowed_any,strict_herzog,False,36570,36570,11094.0,0.30336341263330596,0.29867264710322045,0.3080954848089546,0.0,,
window_false_positive,ge_1_seizure_day_per_month,healthy_ovulatory,cycle,12,A_windowed_any,strict_herzog,False,36909,36909,7380.0,0.1999512314069739,0.1959021546725921,0.20406275930703127,0.0,,
window_false_positive,ge_1_seizure_day_per_month,healthy_ovulatory,full,full_diary,A_windowed_any,strict_herzog,False,37309,37309,1952.0,0.05231981559409258,0.050106088456323986,0.05462572252444728,0.0,,
window_false_positive,ge_1_seizure_day_per_month,population,calendar,1,A_windowed_any,strict_herzog,False,38159,38083,19748.0,0.5185515846965838,0.5135317037660163,0.5235677233820115,0.001991666448282192,,
window_false_positive,ge_1_seizure_day_per_month,population,calendar,3,A_windowed_any,strict_herzog,False,37718,37718,18642.0,0.49424677872633754,0.4892019959707561,0.49929273325730195,0.0,,
window_false_positive,ge_1_seizure_day_per_month,population,calendar,4,A_windowed_any,strict_herzog,False,37530,37530,17825.0,0.47495337063682386,0.469903960573188,0.480007907572187,0.0,,
window_false_positive,ge_1_seizure_day_per_month,population,calendar,6,A_windowed_any,strict_herzog,False,37422,37422,16575.0,0.4429212762546096,0.4378946306081919,0.44795963923633675,0.0,,
window_false_positive,ge_1_seizure_day_per_month,population,calendar,12,A_windowed_any,strict_herzog,False,37240,37240,14060.0,0.37755102040816324,0.3726402857271677,0.3824870147129953,0.0,,
window_false_positive,ge_1_seizure_day_per_month,population,cycle,3,A_windowed_any,strict_herzog,False,36075,36075,17286.0,0.47916839916839915,0.47401578434380115,0.48432545004102573,0.0,,
window_false_positive,ge_1_seizure_day_per_month,population,cycle,6,A_windowed_any,strict_herzog,False,36598,36598,16004.0,0.4372916552817094,0.4322163583888033,0.4423801149836079,0.0,,
window_false_positive,ge_1_seizure_day_per_month,population,cycle,12,A_windowed_any,strict_herzog,False,36846,36846,13556.0,0.3679096781197416,0.36299974157587356,0.3728471545124681,0.0,,
window_false_positive,ge_1_seizure_day_per_month,population,full,full_diary,A_windowed_any,strict_herzog,False,37196,37196,11764.0,0.3162705667276051,0.3115639873410767,0.3210150919238137,0.0,,
window_false_positive,ge_1_seizure_day_per_month,healthy_ovulatory,calendar,1,A_windowed_excluding_C3,strict_herzog,False,38234,38234,18249.0,0.4772976931526913,0.47229359944241195,0.48230634831171165,0.0,,
window_false_positive,ge_1_seizure_day_per_month,healthy_ovulatory,calendar,3,A_windowed_excluding_C3,strict_herzog,False,37713,37713,14803.0,0.39251716914591783,0.3876000352678638,0.39745619726817083,0.0,,
window_false_positive,ge_1_seizure_day_per_month,healthy_ovulatory,calendar,4,A_windowed_excluding_C3,strict_herzog,False,37641,37641,13501.0,0.3586780372466194,0.3538475259493592,0.3635373908754894,0.0,,
window_false_positive,ge_1_seizure_day_per_month,healthy_ovulatory,calendar,6,A_windowed_excluding_C3,strict_herzog,False,37460,37460,11379.0,0.30376401494927924,0.29912728507360997,0.30844098802619846,0.0,,
window_false_positive,ge_1_seizure_day_per_month,healthy_ovulatory,calendar,12,A_windowed_excluding_C3,strict_herzog,False,37281,37281,7497.0,0.20109439124487005,0.19705661465629043,0.20519376034892683,0.0,,
window_false_positive,ge_1_seizure_day_per_month,healthy_ovulatory,cycle,3,A_windowed_excluding_C3,strict_herzog,False,36215,36215,14090.0,0.38906530443186527,0.3840560654466468,0.3940980754268138,0.0,,
window_false_positive,ge_1_seizure_day_per_month,healthy_ovulatory,cycle,6,A_windowed_excluding_C3,strict_herzog,False,36570,36570,11094.0,0.30336341263330596,0.29867264710322045,0.3080954848089546,0.0,,
window_false_positive,ge_1_seizure_day_per_month,healthy_ovulatory,cycle,12,A_windowed_excluding_C3,strict_herzog,False,36909,36909,7380.0,0.1999512314069739,0.1959021546725921,0.20406275930703127,0.0,,
window_false_positive,ge_1_seizure_day_per_month,healthy_ovulatory,full,full_diary,A_windowed_excluding_C3,strict_herzog,False,37309,37309,1952.0,0.05231981559409258,0.050106088456323986,0.05462572252444728,0.0,,
window_false_positive,ge_1_seizure_day_per_month,population,calendar,1,A_windowed_excluding_C3,strict_herzog,False,38159,38083,18300.0,0.4805293700601318,0.47551367523039184,0.4855489925257827,0.001991666448282192,,
window_false_positive,ge_1_seizure_day_per_month,population,calendar,3,A_windowed_excluding_C3,strict_herzog,False,37718,37718,15059.0,0.3992523463598282,0.3943203828392416,0.4042048294493316,0.0,,
window_false_positive,ge_1_seizure_day_per_month,population,calendar,4,A_windowed_excluding_C3,strict_herzog,False,37530,37530,13732.0,0.3658939515054623,0.36103467165919406,0.37078068193194685,0.0,,
window_false_positive,ge_1_seizure_day_per_month,population,calendar,6,A_windowed_excluding_C3,strict_herzog,False,37422,37422,11550.0,0.30864197530864196,0.30398162446963245,0.31334160884341505,0.0,,
window_false_positive,ge_1_seizure_day_per_month,population,calendar,12,A_windowed_excluding_C3,strict_herzog,False,37240,37240,7418.0,0.19919441460794846,0.1951690882628143,0.2032817932132178,0.0,,
window_false_positive,ge_1_seizure_day_per_month,population,cycle,3,A_windowed_excluding_C3,strict_herzog,False,36075,36075,13751.0,0.3811781011781012,0.37617922658029285,0.38620227866330087,0.0,,
window_false_positive,ge_1_seizure_day_per_month,population,cycle,6,A_windowed_excluding_C3,strict_herzog,False,36598,36598,11113.0,0.30365047270342643,0.298960207038364,0.30838195315952166,0.0,,
window_false_positive,ge_1_seizure_day_per_month,population,cycle,12,A_windowed_excluding_C3,strict_herzog,False,36846,36846,7147.0,0.19396949465342236,0.189964141133603,0.1980386532555773,0.0,,
window_false_positive,ge_1_seizure_day_per_month,population,full,full_diary,A_windowed_excluding_C3,strict_herzog,False,37196,37196,2113.0,0.056807183568125606,0.054500276876410465,0.059205623281874446,0.0,,
window_false_positive,ge_1_seizure_day_per_month,healthy_ovulatory,calendar,1,A_windowed_C1_only,strict_herzog,False,38234,34591,10899.0,0.31508195773467085,0.31020721385144373,0.31999776872586033,0.09528168645708013,,
window_false_positive,ge_1_seizure_day_per_month,healthy_ovulatory,calendar,3,A_windowed_C1_only,strict_herzog,False,37713,37570,10120.0,0.26936385413894065,0.26490172036660564,0.273873147276541,0.0037917959324370587,,
window_false_positive,ge_1_seizure_day_per_month,healthy_ovulatory,calendar,4,A_windowed_C1_only,strict_herzog,False,37641,37609,9207.0,0.24480842351564785,0.24048908845143138,0.24917988481624695,0.0008501368188943426,,
window_false_positive,ge_1_seizure_day_per_month,healthy_ovulatory,calendar,6,A_windowed_C1_only,strict_herzog,False,37460,37460,7779.0,0.2076615056059797,0.20358389331599386,0.2117990693715318,0.0,,
window_false_positive,ge_1_seizure_day_per_month,healthy_ovulatory,calendar,12,A_windowed_C1_only,strict_herzog,False,37281,37281,5243.0,0.14063463962876532,0.13714275231095263,0.144200577803679,0.0,,
window_false_positive,ge_1_seizure_day_per_month,healthy_ovulatory,cycle,3,A_windowed_C1_only,strict_herzog,False,36215,36143,9500.0,0.26284481089007555,0.25833217842298933,0.26740785007909446,0.001988126466933582,,
window_false_positive,ge_1_seizure_day_per_month,healthy_ovulatory,cycle,6,A_windowed_C1_only,strict_herzog,False,36570,36568,7592.0,0.20761321373878802,0.20348690065780703,0.21180095067781582,5.4689636313942636e-05,,
window_false_positive,ge_1_seizure_day_per_month,healthy_ovulatory,cycle,12,A_windowed_C1_only,strict_herzog,False,36909,36909,5056.0,0.13698555907773172,0.13351556855724106,0.14053110623222875,0.0,,
window_false_positive,ge_1_seizure_day_per_month,healthy_ovulatory,full,full_diary,A_windowed_C1_only,strict_herzog,False,37309,37309,1466.0,0.03929346806400601,0.0373689297822299,0.04131286833439857,0.0,,
window_false_positive,ge_1_seizure_day_per_month,population,calendar,1,A_windowed_C1_only,strict_herzog,False,38159,33285,10529.0,0.3163286765810425,0.31135418020733907,0.3213455634852984,0.127728714064834,,
window_false_positive,ge_1_seizure_day_per_month,population,calendar,3,A_windowed_C1_only,strict_herzog,False,37718,37455,10219.0,0.27283406754772394,0.2683466758996787,0.27736805159110206,0.006972798133517144,,
window_false_positive,ge_1_seizure_day_per_month,population,calendar,4,A_windowed_C1_only,strict_herzog,False,37530,37456,9418.0,0.25144169158479285,0.2470737490607404,0.25586061278195943,0.0019717559285904462,,
window_false_positive,ge_1_seizure_day_per_month,population,calendar,6,A_windowed_C1_only,strict_herzog,False,37422,37409,8027.0,0.21457403298671443,0.2104433742995137,0.2187633053507108,0.00034738923627808393,,
window_false_positive,ge_1_seizure_day_per_month,population,calendar,12,A_windowed_C1_only,strict_herzog,False,37240,37239,5333.0,0.14321007545852465,0.13968913962955765,0.14680461436121411,2.685284640169261e-05,,
window_false_positive,ge_1_seizure_day_per_month,population,cycle,3,A_windowed_C1_only,strict_herzog,False,36075,35977,9306.0,0.2586652583595075,0.2541662626224587,0.2632157858247998,0.0027165627165627315,,
window_false_positive,ge_1_seizure_day_per_month,population,cycle,6,A_windowed_C1_only,strict_herzog,False,36598,36595,7613.0,0.20803388441043857,0.20390593523063358,0.21222312382596523,8.197169244217317e-05,,
window_false_positive,ge_1_seizure_day_per_month,population,cycle,12,A_windowed_C1_only,strict_herzog,False,36846,36846,5140.0,0.139499538620203,0.13599945428897875,0.14307478461413237,0.0,,
window_false_positive,ge_1_seizure_day_per_month,population,full,full_diary,A_windowed_C1_only,strict_herzog,False,37196,37196,1650.0,0.04435960856006022,0.04231385704948939,0.046499463901836825,0.0,,
window_false_positive,ge_1_seizure_day_per_month,healthy_ovulatory,calendar,1,A_windowed_C2_only,strict_herzog,False,38234,35512,11195.0,0.31524555079972966,0.3104334703245954,0.32009759803782883,0.07119317884605325,,
window_false_positive,ge_1_seizure_day_per_month,healthy_ovulatory,calendar,3,A_windowed_C2_only,strict_herzog,False,37713,37678,9192.0,0.2439619937363979,0.2396517606687545,0.2483244301688195,0.0009280619415056313,,
window_false_positive,ge_1_seizure_day_per_month,healthy_ovulatory,calendar,4,A_windowed_C2_only,strict_herzog,False,37641,37631,8135.0,0.21617815099253276,0.21204822422658187,0.22036601821488594,0.0002656677559044196,,
window_false_positive,ge_1_seizure_day_per_month,healthy_ovulatory,calendar,6,A_windowed_C2_only,strict_herzog,False,37460,37460,6435.0,0.1717832354511479,0.16799726096393872,0.17563651916966813,0.0,,
window_false_positive,ge_1_seizure_day_per_month,healthy_ovulatory,calendar,12,A_windowed_C2_only,strict_herzog,False,37281,37281,3737.0,0.1002387275019447,0.09723129699186214,0.10332853285425936,0.0,,
window_false_positive,ge_1_seizure_day_per_month,healthy_ovulatory,cycle,3,A_windowed_C2_only,strict_herzog,False,36215,36172,8862.0,0.24499612960300785,0.24059119456071767,0.24945522160904762,0.0011873533066408815,,
window_false_positive,ge_1_seizure_day_per_month,healthy_ovulatory,cycle,6,A_windowed_C2_only,strict_herzog,False,36570,36570,6365.0,0.17404976756904567,0.17019808786812152,0.1779699183053074,0.0,,
window_false_positive,ge_1_seizure_day_per_month,healthy_ovulatory,cycle,12,A_windowed_C2_only,strict_herzog,False,36909,36909,3700.0,0.10024655233140968,0.09722410387296529,0.10335220416011548,0.0,,
window_false_positive,ge_1_seizure_day_per_month,healthy_ovulatory,full,full_diary,A_windowed_C2_only,strict_herzog,False,37309,37309,673.0,0.018038542978905895,0.01673683710151535,0.01943948734995829,0.0,,
window_false_positive,ge_1_seizure_day_per_month,population,calendar,1,A_windowed_C2_only,strict_herzog,False,38159,35365,11541.0,0.32633960130072104,0.3214719807501831,0.3312449448437503,0.07321994811184784,,
window_false_positive,ge_1_seizure_day_per_month,population,calendar,3,A_windowed_C2_only,strict_herzog,False,37718,37675,9345.0,0.2480424684804247,0.24370735255343698,0.2524289598979754,0.0011400392385598757,,
window_false_positive,ge_1_seizure_day_per_month,population,calendar,4,A_windowed_C2_only,strict_herzog,False,37530,37521,8294.0,0.22104954558780415,0.2168795607031748,0.2252766433950724,0.00023980815347723894,,
window_false_positive,ge_1_seizure_day_per_month,population,calendar,6,A_windowed_C2_only,strict_herzog,False,37422,37422,6503.0,0.17377478488589598,0.16996923995766594,0.17764729855450895,0.0,,
window_false_positive,ge_1_seizure_day_per_month,population,calendar,12,A_windowed_C2_only,strict_herzog,False,37240,37240,3563.0,0.0956766917293233,0.09273075612215476,0.09870603394967303,0.0,,
window_false_positive,ge_1_seizure_day_per_month,population,cycle,3,A_windowed_C2_only,strict_herzog,False,36075,36028,8696.0,0.24136782502498058,0.23697696186031109,0.24581383523790784,0.0013028413028413066,,
window_false_positive,ge_1_seizure_day_per_month,population,cycle,6,A_windowed_C2_only,strict_herzog,False,36598,36597,6301.0,0.17217258245211356,0.16833912177391608,0.17607485769711384,2.732389748072439e-05,,
window_false_positive,ge_1_seizure_day_per_month,population,cycle,12,A_windowed_C2_only,strict_herzog,False,36846,36846,3433.0,0.09317157900450523,0.09024588676713122,0.09618209193930824,0.0,,
window_false_positive,ge_1_seizure_day_per_month,population,full,full_diary,A_windowed_C2_only,strict_herzog,False,37196,37196,652.0,0.017528766534035917,0.016244096973468673,0.018913081324413113,0.0,,
window_false_positive,ge_1_seizure_day_per_month,healthy_ovulatory,calendar,1,A_windowed_C3_only,strict_herzog,False,38234,0,0.0,,,,1.0,,
window_false_positive,ge_1_seizure_day_per_month,healthy_ovulatory,calendar,3,A_windowed_C3_only,strict_herzog,False,37713,0,0.0,,,,1.0,,
window_false_positive,ge_1_seizure_day_per_month,healthy_ovulatory,calendar,4,A_windowed_C3_only,strict_herzog,False,37641,0,0.0,,,,1.0,,
window_false_positive,ge_1_seizure_day_per_month,healthy_ovulatory,calendar,6,A_windowed_C3_only,strict_herzog,False,37460,0,0.0,,,,1.0,,
window_false_positive,ge_1_seizure_day_per_month,healthy_ovulatory,calendar,12,A_windowed_C3_only,strict_herzog,False,37281,0,0.0,,,,1.0,,
window_false_positive,ge_1_seizure_day_per_month,healthy_ovulatory,cycle,3,A_windowed_C3_only,strict_herzog,False,36215,0,0.0,,,,1.0,,
window_false_positive,ge_1_seizure_day_per_month,healthy_ovulatory,cycle,6,A_windowed_C3_only,strict_herzog,False,36570,0,0.0,,,,1.0,,
window_false_positive,ge_1_seizure_day_per_month,healthy_ovulatory,cycle,12,A_windowed_C3_only,strict_herzog,False,36909,0,0.0,,,,1.0,,
window_false_positive,ge_1_seizure_day_per_month,healthy_ovulatory,full,full_diary,A_windowed_C3_only,strict_herzog,False,37309,0,0.0,,,,1.0,,
window_false_positive,ge_1_seizure_day_per_month,population,calendar,1,A_windowed_C3_only,strict_herzog,False,38159,7762,4539.0,0.5847719659881474,0.5737704600597002,0.5956896051474314,0.7965879609004429,,
window_false_positive,ge_1_seizure_day_per_month,population,calendar,3,A_windowed_C3_only,strict_herzog,False,37718,14323,7375.0,0.5149060950918104,0.5067183956780827,0.5230858009571153,0.6202608833978471,,
window_false_positive,ge_1_seizure_day_per_month,population,calendar,4,A_windowed_C3_only,strict_herzog,False,37530,16107,7971.0,0.49487800335257964,0.48715888866545554,0.5025995606109688,0.5708233413269385,,
window_false_positive,ge_1_seizure_day_per_month,population,calendar,6,A_windowed_C3_only,strict_herzog,False,37422,18472,8469.0,0.4584776959722824,0.45130154758996144,0.4656711108181004,0.5063866174977286,,
window_false_positive,ge_1_seizure_day_per_month,population,calendar,12,A_windowed_C3_only,strict_herzog,False,37240,22699,9178.0,0.4043349927309573,0.3979673531555822,0.41073500650818495,0.39046723952738993,,
window_false_positive,ge_1_seizure_day_per_month,population,cycle,3,A_windowed_C3_only,strict_herzog,False,36075,13978,6877.0,0.49198740878523395,0.48370293815866466,0.5002762822709388,0.6125294525294525,,
window_false_positive,ge_1_seizure_day_per_month,population,cycle,6,A_windowed_C3_only,strict_herzog,False,36598,18170,8097.0,0.44562465602641715,0.43840991864399215,0.4528623803645949,0.503524782775015,,
window_false_positive,ge_1_seizure_day_per_month,population,cycle,12,A_windowed_C3_only,strict_herzog,False,36846,22245,8712.0,0.3916385704652731,0.38524341520384764,0.3980711448408649,0.39627096564077513,,
window_false_positive,ge_1_seizure_day_per_month,population,full,full_diary,A_windowed_C3_only,strict_herzog,False,37196,31394,10509.0,0.334745492769319,0.329545924865514,0.33998549774490755,0.1559845144639208,,
window_false_positive,ge_1_seizure_day_per_month,healthy_ovulatory,calendar,1,B_minimum_data_any,strict_herzog,False,38234,0,0.0,,,,1.0,,
window_false_positive,ge_1_seizure_day_per_month,healthy_ovulatory,calendar,3,B_minimum_data_any,strict_herzog,False,37713,0,0.0,,,,1.0,,
window_false_positive,ge_1_seizure_day_per_month,healthy_ovulatory,calendar,4,B_minimum_data_any,strict_herzog,False,37641,37641,13501.0,0.3586780372466194,0.3538475259493592,0.3635373908754894,0.0,,
window_false_positive,ge_1_seizure_day_per_month,healthy_ovulatory,calendar,6,B_minimum_data_any,strict_herzog,False,37460,37460,11379.0,0.30376401494927924,0.29912728507360997,0.30844098802619846,0.0,,
window_false_positive,ge_1_seizure_day_per_month,healthy_ovulatory,calendar,12,B_minimum_data_any,strict_herzog,False,37281,37281,7497.0,0.20109439124487005,0.19705661465629043,0.20519376034892683,0.0,,
window_false_positive,ge_1_seizure_day_per_month,healthy_ovulatory,cycle,3,B_minimum_data_any,strict_herzog,False,36215,15,10.0,0.6666666666666666,0.41713547738519763,0.8482367556028527,0.9995858069860555,,
window_false_positive,ge_1_seizure_day_per_month,healthy_ovulatory,cycle,6,B_minimum_data_any,strict_herzog,False,36570,36570,11094.0,0.30336341263330596,0.29867264710322045,0.3080954848089546,0.0,,
window_false_positive,ge_1_seizure_day_per_month,healthy_ovulatory,cycle,12,B_minimum_data_any,strict_herzog,False,36909,36909,7380.0,0.1999512314069739,0.1959021546725921,0.20406275930703127,0.0,,
window_false_positive,ge_1_seizure_day_per_month,healthy_ovulatory,full,full_diary,B_minimum_data_any,strict_herzog,False,37309,37309,1952.0,0.05231981559409258,0.050106088456323986,0.05462572252444728,0.0,,
window_false_positive,ge_1_seizure_day_per_month,population,calendar,1,B_minimum_data_any,strict_herzog,False,38159,0,0.0,,,,1.0,,
window_false_positive,ge_1_seizure_day_per_month,population,calendar,3,B_minimum_data_any,strict_herzog,False,37718,0,0.0,,,,1.0,,
window_false_positive,ge_1_seizure_day_per_month,population,calendar,4,B_minimum_data_any,strict_herzog,False,37530,37530,17825.0,0.47495337063682386,0.469903960573188,0.480007907572187,0.0,,
window_false_positive,ge_1_seizure_day_per_month,population,calendar,6,B_minimum_data_any,strict_herzog,False,37422,37422,16575.0,0.4429212762546096,0.4378946306081919,0.44795963923633675,0.0,,
window_false_positive,ge_1_seizure_day_per_month,population,calendar,12,B_minimum_data_any,strict_herzog,False,37240,37240,14060.0,0.37755102040816324,0.3726402857271677,0.3824870147129953,0.0,,
window_false_positive,ge_1_seizure_day_per_month,population,cycle,3,B_minimum_data_any,strict_herzog,False,36075,1840,1064.0,0.5782608695652174,0.5555563881625558,0.6006392536168639,0.948995148995149,,
window_false_positive,ge_1_seizure_day_per_month,population,cycle,6,B_minimum_data_any,strict_herzog,False,36598,36598,16004.0,0.4372916552817094,0.4322163583888033,0.4423801149836079,0.0,,
window_false_positive,ge_1_seizure_day_per_month,population,cycle,12,B_minimum_data_any,strict_herzog,False,36846,36846,13556.0,0.3679096781197416,0.36299974157587356,0.3728471545124681,0.0,,
window_false_positive,ge_1_seizure_day_per_month,population,full,full_diary,B_minimum_data_any,strict_herzog,False,37196,37196,11764.0,0.3162705667276051,0.3115639873410767,0.3210150919238137,0.0,,
window_false_positive,ge_1_seizure_day_per_month,healthy_ovulatory,calendar,1,B_minimum_data_excluding_C3,strict_herzog,False,38234,0,0.0,,,,1.0,,
window_false_positive,ge_1_seizure_day_per_month,healthy_ovulatory,calendar,3,B_minimum_data_excluding_C3,strict_herzog,False,37713,0,0.0,,,,1.0,,
window_false_positive,ge_1_seizure_day_per_month,healthy_ovulatory,calendar,4,B_minimum_data_excluding_C3,strict_herzog,False,37641,37641,13501.0,0.3586780372466194,0.3538475259493592,0.3635373908754894,0.0,,
window_false_positive,ge_1_seizure_day_per_month,healthy_ovulatory,calendar,6,B_minimum_data_excluding_C3,strict_herzog,False,37460,37460,11379.0,0.30376401494927924,0.29912728507360997,0.30844098802619846,0.0,,
window_false_positive,ge_1_seizure_day_per_month,healthy_ovulatory,calendar,12,B_minimum_data_excluding_C3,strict_herzog,False,37281,37281,7497.0,0.20109439124487005,0.19705661465629043,0.20519376034892683,0.0,,
window_false_positive,ge_1_seizure_day_per_month,healthy_ovulatory,cycle,3,B_minimum_data_excluding_C3,strict_herzog,False,36215,15,10.0,0.6666666666666666,0.41713547738519763,0.8482367556028527,0.9995858069860555,,
window_false_positive,ge_1_seizure_day_per_month,healthy_ovulatory,cycle,6,B_minimum_data_excluding_C3,strict_herzog,False,36570,36570,11094.0,0.30336341263330596,0.29867264710322045,0.3080954848089546,0.0,,
window_false_positive,ge_1_seizure_day_per_month,healthy_ovulatory,cycle,12,B_minimum_data_excluding_C3,strict_herzog,False,36909,36909,7380.0,0.1999512314069739,0.1959021546725921,0.20406275930703127,0.0,,
window_false_positive,ge_1_seizure_day_per_month,healthy_ovulatory,full,full_diary,B_minimum_data_excluding_C3,strict_herzog,False,37309,37309,1952.0,0.05231981559409258,0.050106088456323986,0.05462572252444728,0.0,,
window_false_positive,ge_1_seizure_day_per_month,population,calendar,1,B_minimum_data_excluding_C3,strict_herzog,False,38159,0,0.0,,,,1.0,,
window_false_positive,ge_1_seizure_day_per_month,population,calendar,3,B_minimum_data_excluding_C3,strict_herzog,False,37718,0,0.0,,,,1.0,,
window_false_positive,ge_1_seizure_day_per_month,population,calendar,4,B_minimum_data_excluding_C3,strict_herzog,False,37530,37530,13732.0,0.3658939515054623,0.36103467165919406,0.37078068193194685,0.0,,
window_false_positive,ge_1_seizure_day_per_month,population,calendar,6,B_minimum_data_excluding_C3,strict_herzog,False,37422,37422,11550.0,0.30864197530864196,0.30398162446963245,0.31334160884341505,0.0,,
window_false_positive,ge_1_seizure_day_per_month,population,calendar,12,B_minimum_data_excluding_C3,strict_herzog,False,37240,37240,7418.0,0.19919441460794846,0.1951690882628143,0.2032817932132178,0.0,,
window_false_positive,ge_1_seizure_day_per_month,population,cycle,3,B_minimum_data_excluding_C3,strict_herzog,False,36075,1840,654.0,0.35543478260869565,0.33388649685821903,0.3775854426325749,0.948995148995149,,
window_false_positive,ge_1_seizure_day_per_month,population,cycle,6,B_minimum_data_excluding_C3,strict_herzog,False,36598,36598,11113.0,0.30365047270342643,0.298960207038364,0.30838195315952166,0.0,,
window_false_positive,ge_1_seizure_day_per_month,population,cycle,12,B_minimum_data_excluding_C3,strict_herzog,False,36846,36846,7147.0,0.19396949465342236,0.189964141133603,0.1980386532555773,0.0,,
window_false_positive,ge_1_seizure_day_per_month,population,full,full_diary,B_minimum_data_excluding_C3,strict_herzog,False,37196,37196,2113.0,0.056807183568125606,0.054500276876410465,0.059205623281874446,0.0,,
window_false_positive,ge_1_seizure_day_per_month,healthy_ovulatory,calendar,1,C_reproducibility_any,strict_herzog,False,38234,0,0.0,,,,1.0,,
window_false_positive,ge_1_seizure_day_per_month,healthy_ovulatory,calendar,3,C_reproducibility_any,strict_herzog,False,37713,0,0.0,,,,1.0,,
window_false_positive,ge_1_seizure_day_per_month,healthy_ovulatory,calendar,4,C_reproducibility_any,strict_herzog,False,37641,0,0.0,,,,1.0,,
window_false_positive,ge_1_seizure_day_per_month,healthy_ovulatory,calendar,6,C_reproducibility_any,strict_herzog,False,37460,6704,702.0,0.10471360381861575,0.09760926091575665,0.11227069338301514,0.8210357714895888,,
window_false_positive,ge_1_seizure_day_per_month,healthy_ovulatory,calendar,12,C_reproducibility_any,strict_herzog,False,37281,15964,246.0,0.015409671761463293,0.01361218771319652,0.01744031616463911,0.5717926021297712,,
window_false_positive,ge_1_seizure_day_per_month,healthy_ovulatory,cycle,3,C_reproducibility_any,strict_herzog,False,36215,0,0.0,,,,1.0,,
window_false_positive,ge_1_seizure_day_per_month,healthy_ovulatory,cycle,6,C_reproducibility_any,strict_herzog,False,36570,22562,2713.0,0.12024643205389593,0.1160669424093229,0.12455521514369135,0.38304621274268524,,
window_false_positive,ge_1_seizure_day_per_month,healthy_ovulatory,cycle,12,C_reproducibility_any,strict_herzog,False,36909,15706,355.0,0.022602826945116516,0.020392403035133903,0.025046722540502605,0.574466932184562,,
window_false_positive,ge_1_seizure_day_per_month,healthy_ovulatory,full,full_diary,C_reproducibility_any,strict_herzog,False,37309,6132,1.0,0.00016307893020221786,2.8788015633889768e-05,0.000923234434733798,0.8356428743734756,,
window_false_positive,ge_1_seizure_day_per_month,population,calendar,1,C_reproducibility_any,strict_herzog,False,38159,0,0.0,,,,1.0,,
window_false_positive,ge_1_seizure_day_per_month,population,calendar,3,C_reproducibility_any,strict_herzog,False,37718,0,0.0,,,,1.0,,
window_false_positive,ge_1_seizure_day_per_month,population,calendar,4,C_reproducibility_any,strict_herzog,False,37530,0,0.0,,,,1.0,,
window_false_positive,ge_1_seizure_day_per_month,population,calendar,6,C_reproducibility_any,strict_herzog,False,37422,5165,407.0,0.07879961277831558,0.07176099998177986,0.08646429389428541,0.8619795842018064,,
window_false_positive,ge_1_seizure_day_per_month,population,calendar,12,C_reproducibility_any,strict_herzog,False,37240,20130,1192.0,0.05921510183805266,0.05603790282693977,0.06256050094536043,0.45945220193340497,,
window_false_positive,ge_1_seizure_day_per_month,population,cycle,3,C_reproducibility_any,strict_herzog,False,36075,0,0.0,,,,1.0,,
window_false_positive,ge_1_seizure_day_per_month,population,cycle,6,C_reproducibility_any,strict_herzog,False,36598,25238,1944.0,0.07702670576115382,0.07380115180368167,0.0803810010780646,0.3103994753811684,,
window_false_positive,ge_1_seizure_day_per_month,population,cycle,12,C_reproducibility_any,strict_herzog,False,36846,19805,1691.0,0.08538247917192628,0.08157050323826641,0.08935526573511339,0.4624925365032839,,
window_false_positive,ge_1_seizure_day_per_month,population,full,full_diary,C_reproducibility_any,strict_herzog,False,37196,13273,1526.0,0.11497024033752731,0.10965459229891698,0.12050869377320027,0.6431605548983761,,
window_false_positive,ge_1_seizure_day_per_month,healthy_ovulatory,calendar,1,C_reproducibility_12cycle_any,strict_herzog,False,38234,0,0.0,,,,1.0,,
window_false_positive,ge_1_seizure_day_per_month,healthy_ovulatory,calendar,3,C_reproducibility_12cycle_any,strict_herzog,False,37713,0,0.0,,,,1.0,,
window_false_positive,ge_1_seizure_day_per_month,healthy_ovulatory,calendar,4,C_reproducibility_12cycle_any,strict_herzog,False,37641,0,0.0,,,,1.0,,
window_false_positive,ge_1_seizure_day_per_month,healthy_ovulatory,calendar,6,C_reproducibility_12cycle_any,strict_herzog,False,37460,0,0.0,,,,1.0,,
window_false_positive,ge_1_seizure_day_per_month,healthy_ovulatory,calendar,12,C_reproducibility_12cycle_any,strict_herzog,False,37281,6234,95.0,0.015239011870388194,0.012482911968357916,0.018592173876696757,0.8327834553794158,,
window_false_positive,ge_1_seizure_day_per_month,healthy_ovulatory,cycle,3,C_reproducibility_12cycle_any,strict_herzog,False,36215,0,0.0,,,,1.0,,
window_false_positive,ge_1_seizure_day_per_month,healthy_ovulatory,cycle,6,C_reproducibility_12cycle_any,strict_herzog,False,36570,0,0.0,,,,1.0,,
window_false_positive,ge_1_seizure_day_per_month,healthy_ovulatory,cycle,12,C_reproducibility_12cycle_any,strict_herzog,False,36909,15706,355.0,0.022602826945116516,0.020392403035133903,0.025046722540502605,0.574466932184562,,
window_false_positive,ge_1_seizure_day_per_month,healthy_ovulatory,full,full_diary,C_reproducibility_12cycle_any,strict_herzog,False,37309,6132,1.0,0.00016307893020221786,2.8788015633889768e-05,0.000923234434733798,0.8356428743734756,,
window_false_positive,ge_1_seizure_day_per_month,population,calendar,1,C_reproducibility_12cycle_any,strict_herzog,False,38159,0,0.0,,,,1.0,,
window_false_positive,ge_1_seizure_day_per_month,population,calendar,3,C_reproducibility_12cycle_any,strict_herzog,False,37718,0,0.0,,,,1.0,,
window_false_positive,ge_1_seizure_day_per_month,population,calendar,4,C_reproducibility_12cycle_any,strict_herzog,False,37530,0,0.0,,,,1.0,,
window_false_positive,ge_1_seizure_day_per_month,population,calendar,6,C_reproducibility_12cycle_any,strict_herzog,False,37422,0,0.0,,,,1.0,,
window_false_positive,ge_1_seizure_day_per_month,population,calendar,12,C_reproducibility_12cycle_any,strict_herzog,False,37240,4813,55.0,0.011427384167878661,0.008790295828855495,0.014843751460001275,0.8707572502685285,,
window_false_positive,ge_1_seizure_day_per_month,population,cycle,3,C_reproducibility_12cycle_any,strict_herzog,False,36075,0,0.0,,,,1.0,,
window_false_positive,ge_1_seizure_day_per_month,population,cycle,6,C_reproducibility_12cycle_any,strict_herzog,False,36598,0,0.0,,,,1.0,,
window_false_positive,ge_1_seizure_day_per_month,population,cycle,12,C_reproducibility_12cycle_any,strict_herzog,False,36846,18578,257.0,0.01383356658413177,0.012251699718519207,0.015616445640932116,0.49579330185094717,,
window_false_positive,ge_1_seizure_day_per_month,population,full,full_diary,C_reproducibility_12cycle_any,strict_herzog,False,37196,11922,1019.0,0.08547223620197954,0.08058617044657707,0.09062535084280665,0.6794816646951285,,
window_false_positive,ge_1_seizure_day_per_month,healthy_ovulatory,calendar,1,D_nb_regression_any,strict_herzog,False,38234,0,0.0,,,,1.0,,
window_false_positive,ge_1_seizure_day_per_month,healthy_ovulatory,calendar,3,D_nb_regression_any,strict_herzog,False,37713,0,0.0,,,,1.0,,
window_false_positive,ge_1_seizure_day_per_month,healthy_ovulatory,calendar,4,D_nb_regression_any,strict_herzog,False,37641,37641,1236.0,0.03283653462979198,0.031083361871566868,0.03468505055564421,0.0,,
window_false_positive,ge_1_seizure_day_per_month,healthy_ovulatory,calendar,6,D_nb_regression_any,strict_herzog,False,37460,37460,1866.0,0.04981313400961025,0.04765579189210987,0.05206279844324153,0.0,,
window_false_positive,ge_1_seizure_day_per_month,healthy_ovulatory,calendar,12,D_nb_regression_any,strict_herzog,False,37281,37281,2060.0,0.055256028540006975,0.052982247898442934,0.057621453162624424,0.0,,
window_false_positive,ge_1_seizure_day_per_month,healthy_ovulatory,cycle,3,D_nb_regression_any,strict_herzog,False,36215,15,1.0,0.06666666666666667,0.011866895493268553,0.2981652987378003,0.9995858069860555,,
window_false_positive,ge_1_seizure_day_per_month,healthy_ovulatory,cycle,6,D_nb_regression_any,strict_herzog,False,36570,36570,1838.0,0.05025977577249111,0.0480674047808061,0.05254662185798462,0.0,,
window_false_positive,ge_1_seizure_day_per_month,healthy_ovulatory,cycle,12,D_nb_regression_any,strict_herzog,False,36909,36909,2011.0,0.05448535587526078,0.052215816525797785,0.05684762318018776,0.0,,
window_false_positive,ge_1_seizure_day_per_month,healthy_ovulatory,full,full_diary,D_nb_regression_any,strict_herzog,False,37309,37309,1614.0,0.043260339328312206,0.04124258361067429,0.045372140234129346,0.0,,
window_false_positive,ge_1_seizure_day_per_month,population,calendar,1,D_nb_regression_any,strict_herzog,False,38159,0,0.0,,,,1.0,,
window_false_positive,ge_1_seizure_day_per_month,population,calendar,3,D_nb_regression_any,strict_herzog,False,37718,0,0.0,,,,1.0,,
window_false_positive,ge_1_seizure_day_per_month,population,calendar,4,D_nb_regression_any,strict_herzog,False,37530,37529,1180.0,0.03144235124836793,0.02972417733267437,0.03325643822807906,2.6645350386322875e-05,,
window_false_positive,ge_1_seizure_day_per_month,population,calendar,6,D_nb_regression_any,strict_herzog,False,37422,37422,1848.0,0.04938271604938271,0.0472333894468768,0.05162454706449317,0.0,,
window_false_positive,ge_1_seizure_day_per_month,population,calendar,12,D_nb_regression_any,strict_herzog,False,37240,37240,1964.0,0.05273899033297529,0.05051467595702681,0.0550555688086213,0.0,,
window_false_positive,ge_1_seizure_day_per_month,population,cycle,3,D_nb_regression_any,strict_herzog,False,36075,1840,50.0,0.02717391304347826,0.02067260512660418,0.035645392456067744,0.948995148995149,,
window_false_positive,ge_1_seizure_day_per_month,population,cycle,6,D_nb_regression_any,strict_herzog,False,36598,36598,1885.0,0.05150554675118859,0.04928779143431815,0.053817443395642414,0.0,,
window_false_positive,ge_1_seizure_day_per_month,population,cycle,12,D_nb_regression_any,strict_herzog,False,36846,36846,1990.0,0.05400857623622646,0.051746763322679905,0.05636337504175771,0.0,,
window_false_positive,ge_1_seizure_day_per_month,population,full,full_diary,D_nb_regression_any,strict_herzog,False,37196,37196,1633.0,0.04390257016883536,0.041867170783709114,0.046032167777728776,0.0,,
window_false_positive,ge_1_seizure_day_per_month,healthy_ovulatory,calendar,1,D_nb_regression_window_alpha_any,strict_herzog,False,38234,0,0.0,,,,1.0,,
window_false_positive,ge_1_seizure_day_per_month,healthy_ovulatory,calendar,3,D_nb_regression_window_alpha_any,strict_herzog,False,37713,0,0.0,,,,1.0,,
window_false_positive,ge_1_seizure_day_per_month,healthy_ovulatory,calendar,4,D_nb_regression_window_alpha_any,strict_herzog,False,37641,0,0.0,,,,1.0,,
window_false_positive,ge_1_seizure_day_per_month,healthy_ovulatory,calendar,6,D_nb_regression_window_alpha_any,strict_herzog,False,37460,0,0.0,,,,1.0,,
window_false_positive,ge_1_seizure_day_per_month,healthy_ovulatory,calendar,12,D_nb_regression_window_alpha_any,strict_herzog,False,37281,0,0.0,,,,1.0,,
window_false_positive,ge_1_seizure_day_per_month,healthy_ovulatory,cycle,3,D_nb_regression_window_alpha_any,strict_herzog,False,36215,0,0.0,,,,1.0,,
window_false_positive,ge_1_seizure_day_per_month,healthy_ovulatory,cycle,6,D_nb_regression_window_alpha_any,strict_herzog,False,36570,0,0.0,,,,1.0,,
window_false_positive,ge_1_seizure_day_per_month,healthy_ovulatory,cycle,12,D_nb_regression_window_alpha_any,strict_herzog,False,36909,0,0.0,,,,1.0,,
window_false_positive,ge_1_seizure_day_per_month,healthy_ovulatory,full,full_diary,D_nb_regression_window_alpha_any,strict_herzog,False,37309,37309,1614.0,0.043260339328312206,0.04124258361067429,0.045372140234129346,0.0,,
window_false_positive,ge_1_seizure_day_per_month,population,calendar,1,D_nb_regression_window_alpha_any,strict_herzog,False,38159,0,0.0,,,,1.0,,
window_false_positive,ge_1_seizure_day_per_month,population,calendar,3,D_nb_regression_window_alpha_any,strict_herzog,False,37718,0,0.0,,,,1.0,,
window_false_positive,ge_1_seizure_day_per_month,population,calendar,4,D_nb_regression_window_alpha_any,strict_herzog,False,37530,0,0.0,,,,1.0,,
window_false_positive,ge_1_seizure_day_per_month,population,calendar,6,D_nb_regression_window_alpha_any,strict_herzog,False,37422,0,0.0,,,,1.0,,
window_false_positive,ge_1_seizure_day_per_month,population,calendar,12,D_nb_regression_window_alpha_any,strict_herzog,False,37240,0,0.0,,,,1.0,,
window_false_positive,ge_1_seizure_day_per_month,population,cycle,3,D_nb_regression_window_alpha_any,strict_herzog,False,36075,0,0.0,,,,1.0,,
window_false_positive,ge_1_seizure_day_per_month,population,cycle,6,D_nb_regression_window_alpha_any,strict_herzog,False,36598,0,0.0,,,,1.0,,
window_false_positive,ge_1_seizure_day_per_month,population,cycle,12,D_nb_regression_window_alpha_any,strict_herzog,False,36846,0,0.0,,,,1.0,,
window_false_positive,ge_1_seizure_day_per_month,population,full,full_diary,D_nb_regression_window_alpha_any,strict_herzog,False,37196,37196,1633.0,0.04390257016883536,0.041867170783709114,0.046032167777728776,0.0,,
window_false_positive,ge_1_seizure_day_per_month,healthy_ovulatory,calendar,1,H1_newmark_penry_any,strict_herzog,True,38234,38234,5866.0,0.15342365433906993,0.14984603080828782,0.1570709135349048,0.0,,
window_false_positive,ge_1_seizure_day_per_month,healthy_ovulatory,calendar,3,H1_newmark_penry_any,strict_herzog,True,37713,37713,2656.0,0.07042664333253786,0.06788781946869814,0.07305297125537501,0.0,,
window_false_positive,ge_1_seizure_day_per_month,healthy_ovulatory,calendar,4,H1_newmark_penry_any,strict_herzog,True,37641,37641,1864.0,0.049520469700592436,0.04737436770009997,0.051758509852403926,0.0,,
window_false_positive,ge_1_seizure_day_per_month,healthy_ovulatory,calendar,6,H1_newmark_penry_any,strict_herzog,True,37460,37460,1042.0,0.027816337426588362,0.026198851638594027,0.02953065653572378,0.0,,
window_false_positive,ge_1_seizure_day_per_month,healthy_ovulatory,calendar,12,H1_newmark_penry_any,strict_herzog,True,37281,37281,248.0,0.006652182076661034,0.005876332207634043,0.007529691239528657,0.0,,
window_false_positive,ge_1_seizure_day_per_month,healthy_ovulatory,cycle,3,H1_newmark_penry_any,strict_herzog,True,36215,36215,2576.0,0.07113074692806848,0.06852864284486108,0.07382382485299911,0.0,,
window_false_positive,ge_1_seizure_day_per_month,healthy_ovulatory,cycle,6,H1_newmark_penry_any,strict_herzog,True,36570,36570,1095.0,0.029942575881870385,0.028244598901026607,0.031739295907802514,0.0,,
window_false_positive,ge_1_seizure_day_per_month,healthy_ovulatory,cycle,12,H1_newmark_penry_any,strict_herzog,True,36909,36909,256.0,0.006935977674821859,0.00613909060893105,0.00783548946765714,0.0,,
window_false_positive,ge_1_seizure_day_per_month,healthy_ovulatory,full,full_diary,H1_newmark_penry_any,strict_herzog,True,37309,37309,4.0,0.00010721273687314052,4.1693704503108055e-05,0.0002756624216381463,0.0,,
window_false_positive,ge_1_seizure_day_per_month,population,calendar,1,H1_newmark_penry_any,strict_herzog,True,38159,38159,5513.0,0.1444744359128908,0.1409827630576086,0.14803768293623482,0.0,,
window_false_positive,ge_1_seizure_day_per_month,population,calendar,3,H1_newmark_penry_any,strict_herzog,True,37718,37718,2461.0,0.06524736200222706,0.06279905056263585,0.06778422078158056,0.0,,
window_false_positive,ge_1_seizure_day_per_month,population,calendar,4,H1_newmark_penry_any,strict_herzog,True,37530,37530,1667.0,0.04441779909405809,0.04237965814429033,0.04654919456807387,0.0,,
window_false_positive,ge_1_seizure_day_per_month,population,calendar,6,H1_newmark_penry_any,strict_herzog,True,37422,37422,977.0,0.02610763721874833,0.02454006637136637,0.027772490474546874,0.0,,
window_false_positive,ge_1_seizure_day_per_month,population,calendar,12,H1_newmark_penry_any,strict_herzog,True,37240,37240,213.0,0.005719656283566058,0.005003063956061909,0.006538212184745313,0.0,,
window_false_positive,ge_1_seizure_day_per_month,population,cycle,3,H1_newmark_penry_any,strict_herzog,True,36075,36075,2185.0,0.06056826056826057,0.058153233620968504,0.06307686363181786,0.0,,
window_false_positive,ge_1_seizure_day_per_month,population,cycle,6,H1_newmark_penry_any,strict_herzog,True,36598,36598,948.0,0.025903054811738345,0.024324731079282826,0.027580893968520613,0.0,,
window_false_positive,ge_1_seizure_day_per_month,population,cycle,12,H1_newmark_penry_any,strict_herzog,True,36846,36846,226.0,0.006133637301199588,0.0053862859218011,0.006983956140979337,0.0,,
window_false_positive,ge_1_seizure_day_per_month,population,full,full_diary,H1_newmark_penry_any,strict_herzog,True,37196,37196,1.0,2.6884611248521347e-05,4.7458097993927e-06,0.00015228332235861598,0.0,,
window_false_positive,ge_1_seizure_day_per_month,healthy_ovulatory,calendar,1,H1_newmark_penry_66_7_any,strict_herzog,True,38234,38234,3995.0,0.10448815190667991,0.1014616394051026,0.10759413241270428,0.0,,
window_false_positive,ge_1_seizure_day_per_month,healthy_ovulatory,calendar,3,H1_newmark_penry_66_7_any,strict_herzog,True,37713,37713,655.0,0.01736801633389017,0.016097844802875634,0.018736499962052462,0.0,,
window_false_positive,ge_1_seizure_day_per_month,healthy_ovulatory,calendar,4,H1_newmark_penry_66_7_any,strict_herzog,True,37641,37641,371.0,0.009856273744055684,0.008907105926956661,0.010905474759206208,0.0,,
window_false_positive,ge_1_seizure_day_per_month,healthy_ovulatory,calendar,6,H1_newmark_penry_66_7_any,strict_herzog,True,37460,37460,106.0,0.002829684997330486,0.0023403606762911144,0.0034209667908331955,0.0,,
window_false_positive,ge_1_seizure_day_per_month,healthy_ovulatory,calendar,12,H1_newmark_penry_66_7_any,strict_herzog,True,37281,37281,2.0,5.364662965049221e-05,1.4711964115789294e-05,0.00019560028380819985,0.0,,
window_false_positive,ge_1_seizure_day_per_month,healthy_ovulatory,cycle,3,H1_newmark_penry_66_7_any,strict_herzog,True,36215,36215,672.0,0.018555847024713516,0.017216167001296984,0.019997653334539362,0.0,,
window_false_positive,ge_1_seizure_day_per_month,healthy_ovulatory,cycle,6,H1_newmark_penry_66_7_any,strict_herzog,True,36570,36570,108.0,0.0029532403609515995,0.0024468797238314877,0.0035640135827471643,0.0,,
window_false_positive,ge_1_seizure_day_per_month,healthy_ovulatory,cycle,12,H1_newmark_penry_66_7_any,strict_herzog,True,36909,36909,3.0,8.128098837681866e-05,2.7643247366952937e-05,0.00023897017039643115,0.0,,
window_false_positive,ge_1_seizure_day_per_month,healthy_ovulatory,full,full_diary,H1_newmark_penry_66_7_any,strict_herzog,True,37309,37309,0.0,0.0,0.0,0.00010295272808246586,0.0,,
window_false_positive,ge_1_seizure_day_per_month,population,calendar,1,H1_newmark_penry_66_7_any,strict_herzog,True,38159,38159,3770.0,0.09879713828978746,0.09584353068535555,0.1018315157851966,0.0,,
window_false_positive,ge_1_seizure_day_per_month,population,calendar,3,H1_newmark_penry_66_7_any,strict_herzog,True,37718,37718,585.0,0.015509836152500133,0.014311215036825172,0.01680713479511838,0.0,,
window_false_positive,ge_1_seizure_day_per_month,population,calendar,4,H1_newmark_penry_66_7_any,strict_herzog,True,37530,37530,355.0,0.00945909938715694,0.008528759170278826,0.010489849932225834,0.0,,
window_false_positive,ge_1_seizure_day_per_month,population,calendar,6,H1_newmark_penry_66_7_any,strict_herzog,True,37422,37422,105.0,0.0028058361391694723,0.002318545209207691,0.003395192959003754,0.0,,
window_false_positive,ge_1_seizure_day_per_month,population,calendar,12,H1_newmark_penry_66_7_any,strict_herzog,True,37240,37240,8.0,0.00021482277121374866,0.00010885992250734842,0.00042388476878965924,0.0,,
window_false_positive,ge_1_seizure_day_per_month,population,cycle,3,H1_newmark_penry_66_7_any,strict_herzog,True,36075,36075,590.0,0.016354816354816355,0.015096527675896749,0.017716096315145067,0.0,,
window_false_positive,ge_1_seizure_day_per_month,population,cycle,6,H1_newmark_penry_66_7_any,strict_herzog,True,36598,36598,123.0,0.0033608393901306084,0.0028177652931193177,0.0040081606401914695,0.0,,
window_false_positive,ge_1_seizure_day_per_month,population,cycle,12,H1_newmark_penry_66_7_any,strict_herzog,True,36846,36846,7.0,0.0001899799164088368,9.203094602946787e-05,0.0003921355554908105,0.0,,
window_false_positive,ge_1_seizure_day_per_month,population,full,full_diary,H1_newmark_penry_66_7_any,strict_herzog,True,37196,37196,0.0,0.0,0.0,0.00010326546216457738,0.0,,
window_false_positive,ge_1_seizure_day_per_month,healthy_ovulatory,calendar,1,H2_duncan1993_any,strict_herzog,True,38234,38234,6340.0,0.16582099701836062,0.16212663374088862,0.16958250503150382,0.0,,
window_false_positive,ge_1_seizure_day_per_month,healthy_ovulatory,calendar,3,H2_duncan1993_any,strict_herzog,True,37713,37713,1369.0,0.036300479940604036,0.03445952798787986,0.03823588744912699,0.0,,
window_false_positive,ge_1_seizure_day_per_month,healthy_ovulatory,calendar,4,H2_duncan1993_any,strict_herzog,True,37641,37641,868.0,0.023059961212507637,0.02159164217796333,0.024625618710859613,0.0,,
window_false_positive,ge_1_seizure_day_per_month,healthy_ovulatory,calendar,6,H2_duncan1993_any,strict_herzog,True,37460,37460,240.0,0.006406833956219968,0.005647942888671435,0.00726694891046562,0.0,,
window_false_positive,ge_1_seizure_day_per_month,healthy_ovulatory,calendar,12,H2_duncan1993_any,strict_herzog,True,37281,37281,20.0,0.000536466296504922,0.00034732139134195325,0.0008285307004287708,0.0,,
window_false_positive,ge_1_seizure_day_per_month,healthy_ovulatory,cycle,3,H2_duncan1993_any,strict_herzog,True,36215,36215,1336.0,0.03689079110865663,0.03499805573143314,0.0388817634743527,0.0,,
window_false_positive,ge_1_seizure_day_per_month,healthy_ovulatory,cycle,6,H2_duncan1993_any,strict_herzog,True,36570,36570,243.0,0.006644790812141099,0.005862361407245871,0.007530857332771297,0.0,,
window_false_positive,ge_1_seizure_day_per_month,healthy_ovulatory,cycle,12,H2_duncan1993_any,strict_herzog,True,36909,36909,26.0,0.000704435232599095,0.00048079184155066455,0.0010320003633786108,0.0,,
window_false_positive,ge_1_seizure_day_per_month,healthy_ovulatory,full,full_diary,H2_duncan1993_any,strict_herzog,True,37309,37309,0.0,0.0,0.0,0.00010295272808246586,0.0,,
window_false_positive,ge_1_seizure_day_per_month,population,calendar,1,H2_duncan1993_any,strict_herzog,True,38159,38159,5938.0,0.1556120443407846,0.1520097372300625,0.1592836834037113,0.0,,
window_false_positive,ge_1_seizure_day_per_month,population,calendar,3,H2_duncan1993_any,strict_herzog,True,37718,37718,1253.0,0.03322021316082507,0.03145863156627907,0.03507686515809425,0.0,,
window_false_positive,ge_1_seizure_day_per_month,population,calendar,4,H2_duncan1993_any,strict_herzog,True,37530,37530,807.0,0.02150279776179057,0.020083501495799645,0.02302003909424809,0.0,,
window_false_positive,ge_1_seizure_day_per_month,population,calendar,6,H2_duncan1993_any,strict_herzog,True,37422,37422,223.0,0.00595906151461707,0.005228377264101242,0.006791164349028565,0.0,,
window_false_positive,ge_1_seizure_day_per_month,population,calendar,12,H2_duncan1993_any,strict_herzog,True,37240,37240,21.0,0.0005639097744360903,0.0003688783039002319,0.0008619683817559601,0.0,,
window_false_positive,ge_1_seizure_day_per_month,population,cycle,3,H2_duncan1993_any,strict_herzog,True,36075,36075,1138.0,0.03154539154539154,0.029791025192575513,0.03339951437679608,0.0,,
window_false_positive,ge_1_seizure_day_per_month,population,cycle,6,H2_duncan1993_any,strict_herzog,True,36598,36598,231.0,0.006311820318050167,0.0055506486448824435,0.007176619717961929,0.0,,
window_false_positive,ge_1_seizure_day_per_month,population,cycle,12,H2_duncan1993_any,strict_herzog,True,36846,36846,27.0,0.0007327796775769418,0.0005036815507626067,0.00106597130338417,0.0,,
window_false_positive,ge_1_seizure_day_per_month,population,full,full_diary,H2_duncan1993_any,strict_herzog,True,37196,37196,0.0,0.0,0.0,0.00010326546216457738,0.0,,
window_false_positive,ge_1_seizure_day_per_month,healthy_ovulatory,calendar,1,H3_herzog1997_twofold_any,strict_herzog,True,38234,38234,17495.0,0.4575770256839462,0.4525878145614493,0.46257476061964325,0.0,,
window_false_positive,ge_1_seizure_day_per_month,healthy_ovulatory,calendar,3,H3_herzog1997_twofold_any,strict_herzog,True,37713,37713,13031.0,0.3455307188502638,0.34074723073425806,0.35034567234670155,0.0,,
window_false_positive,ge_1_seizure_day_per_month,healthy_ovulatory,calendar,4,H3_herzog1997_twofold_any,strict_herzog,True,37641,37641,11369.0,0.3020376716877873,0.2974197095441453,0.306696035868085,0.0,,
window_false_positive,ge_1_seizure_day_per_month,healthy_ovulatory,calendar,6,H3_herzog1997_twofold_any,strict_herzog,True,37460,37460,8899.0,0.23756006406833957,0.23327734453685423,0.24189660361227056,0.0,,
window_false_positive,ge_1_seizure_day_per_month,healthy_ovulatory,calendar,12,H3_herzog1997_twofold_any,strict_herzog,True,37281,37281,5014.0,0.13449210053378396,0.13106644758814087,0.13799307006866288,0.0,,
window_false_positive,ge_1_seizure_day_per_month,healthy_ovulatory,cycle,3,H3_herzog1997_twofold_any,strict_herzog,True,36215,36215,12462.0,0.344111555985089,0.33923539750458037,0.3490207822841244,0.0,,
window_false_positive,ge_1_seizure_day_per_month,healthy_ovulatory,cycle,6,H3_herzog1997_twofold_any,strict_herzog,True,36570,36570,8870.0,0.2425485370522286,0.23818271387661769,0.24696844200617032,0.0,,
window_false_positive,ge_1_seizure_day_per_month,healthy_ovulatory,cycle,12,H3_herzog1997_twofold_any,strict_herzog,True,36909,36909,4941.0,0.13386978785662035,0.13043398206053683,0.13738179879310355,0.0,,
window_false_positive,ge_1_seizure_day_per_month,healthy_ovulatory,full,full_diary,H3_herzog1997_twofold_any,strict_herzog,True,37309,37309,743.0,0.019914765874185853,0.0185457803196394,0.021382603597863033,0.0,,
window_false_positive,ge_1_seizure_day_per_month,population,calendar,1,H3_herzog1997_twofold_any,strict_herzog,True,38159,38083,19125.0,0.5021925793661214,0.4971709394585081,0.5072137769843231,0.001991666448282192,,
window_false_positive,ge_1_seizure_day_per_month,population,calendar,3,H3_herzog1997_twofold_any,strict_herzog,True,37718,37718,16930.0,0.448857309507397,0.44384327658094386,0.45388175881501874,0.0,,
window_false_positive,ge_1_seizure_day_per_month,population,calendar,4,H3_herzog1997_twofold_any,strict_herzog,True,37530,37530,15785.0,0.4205968558486544,0.4156108438611705,0.42559912111033765,0.0,,
window_false_positive,ge_1_seizure_day_per_month,population,calendar,6,H3_herzog1997_twofold_any,strict_herzog,True,37422,37422,14150.0,0.378119822564267,0.37321950194724585,0.383045163202986,0.0,,
window_false_positive,ge_1_seizure_day_per_month,population,calendar,12,H3_herzog1997_twofold_any,strict_herzog,True,37240,37240,11347.0,0.30469924812030075,0.30004476547866943,0.309394018754073,0.0,,
window_false_positive,ge_1_seizure_day_per_month,population,cycle,3,H3_herzog1997_twofold_any,strict_herzog,True,36075,36075,15711.0,0.4355093555093555,0.4304000009303772,0.4406324432430091,0.0,,
window_false_positive,ge_1_seizure_day_per_month,population,cycle,6,H3_herzog1997_twofold_any,strict_herzog,True,36598,36598,13671.0,0.3735450024591508,0.36860246495732096,0.3785140835252583,0.0,,
window_false_positive,ge_1_seizure_day_per_month,population,cycle,12,H3_herzog1997_twofold_any,strict_herzog,True,36846,36846,10868.0,0.2949573902187483,0.29032266643707344,0.2996348638582668,0.0,,
window_false_positive,ge_1_seizure_day_per_month,population,full,full_diary,H3_herzog1997_twofold_any,strict_herzog,True,37196,37196,9335.0,0.25096784600494676,0.24658756522941708,0.2553995596214287,0.0,,
window_false_positive,ge_1_seizure_day_per_month,healthy_ovulatory,calendar,1,H4_reddy2007_any_phase2x_any,strict_herzog,True,38234,38233,35989.0,0.9413072476656291,0.938906550325234,0.9436192732667016,2.615473139089275e-05,,
window_false_positive,ge_1_seizure_day_per_month,healthy_ovulatory,calendar,3,H4_reddy2007_any_phase2x_any,strict_herzog,True,37713,37713,27114.0,0.7189563280566383,0.7143974967994223,0.7234705579270347,0.0,,
window_false_positive,ge_1_seizure_day_per_month,healthy_ovulatory,calendar,4,H4_reddy2007_any_phase2x_any,strict_herzog,True,37641,37641,23505.0,0.624452060253447,0.6195474437788486,0.6293312773667472,0.0,,
window_false_positive,ge_1_seizure_day_per_month,healthy_ovulatory,calendar,6,H4_reddy2007_any_phase2x_any,strict_herzog,True,37460,37460,17883.0,0.4773892151628404,0.4723336658799536,0.48244940136471226,0.0,,
window_false_positive,ge_1_seizure_day_per_month,healthy_ovulatory,calendar,12,H4_reddy2007_any_phase2x_any,strict_herzog,True,37281,37281,8761.0,0.23499906118398112,0.23072253801634054,0.23933019046789186,0.0,,
window_false_positive,ge_1_seizure_day_per_month,healthy_ovulatory,cycle,3,H4_reddy2007_any_phase2x_any,strict_herzog,True,36215,36215,25042.0,0.6914814303465415,0.6867043126428498,0.696217930073513,0.0,,
window_false_positive,ge_1_seizure_day_per_month,healthy_ovulatory,cycle,6,H4_reddy2007_any_phase2x_any,strict_herzog,True,36570,36570,17223.0,0.4709598031173093,0.4658472231779657,0.47607848341231807,0.0,,
window_false_positive,ge_1_seizure_day_per_month,healthy_ovulatory,cycle,12,H4_reddy2007_any_phase2x_any,strict_herzog,True,36909,36909,8834.0,0.23934541710693868,0.23501968914286905,0.24372539686019803,0.0,,
window_false_positive,ge_1_seizure_day_per_month,healthy_ovulatory,full,full_diary,H4_reddy2007_any_phase2x_any,strict_herzog,True,37309,37309,964.0,0.025838269586426866,0.02427656713667562,0.02749760452357488,0.0,,
window_false_positive,ge_1_seizure_day_per_month,population,calendar,1,H4_reddy2007_any_phase2x_any,strict_herzog,True,38159,38037,35669.0,0.9377448274048953,0.9352721958247653,0.9401290498613591,0.0031971487722424197,,
window_false_positive,ge_1_seizure_day_per_month,population,calendar,3,H4_reddy2007_any_phase2x_any,strict_herzog,True,37718,37718,27171.0,0.72037223606766,0.7158205512870744,0.7248790369911834,0.0,,
window_false_positive,ge_1_seizure_day_per_month,population,calendar,4,H4_reddy2007_any_phase2x_any,strict_herzog,True,37530,37530,23589.0,0.628537170263789,0.6236356758794195,0.6334123539787835,0.0,,
window_false_positive,ge_1_seizure_day_per_month,population,calendar,6,H4_reddy2007_any_phase2x_any,strict_herzog,True,37422,37422,18080.0,0.4831382609160387,0.4780772561453413,0.488202727128019,0.0,,
window_false_positive,ge_1_seizure_day_per_month,population,calendar,12,H4_reddy2007_any_phase2x_any,strict_herzog,True,37240,37240,8997.0,0.24159505907626208,0.23727437173424976,0.24596905197971708,0.0,,
window_false_positive,ge_1_seizure_day_per_month,population,cycle,3,H4_reddy2007_any_phase2x_any,strict_herzog,True,36075,36075,24528.0,0.6799168399168399,0.6750839221604288,0.6847114447394791,0.0,,
window_false_positive,ge_1_seizure_day_per_month,population,cycle,6,H4_reddy2007_any_phase2x_any,strict_herzog,True,36598,36598,16751.0,0.45770260669981966,0.4526030861951015,0.4628110056482504,0.0,,
window_false_positive,ge_1_seizure_day_per_month,population,cycle,12,H4_reddy2007_any_phase2x_any,strict_herzog,True,36846,36846,8423.0,0.22860011941594746,0.22434077746515196,0.2329160462215989,0.0,,
window_false_positive,ge_1_seizure_day_per_month,population,full,full_diary,H4_reddy2007_any_phase2x_any,strict_herzog,True,37196,37196,1141.0,0.030675341434562856,0.028970842746621785,0.03247677017804791,0.0,,
window_false_positive,ge_2_seizures_per_month,healthy_ovulatory,calendar,1,A_exact_any,strict_herzog,False,30913,0,0.0,,,,1.0,,
window_false_positive,ge_2_seizures_per_month,healthy_ovulatory,calendar,3,A_exact_any,strict_herzog,False,30501,0,0.0,,,,1.0,,
window_false_positive,ge_2_seizures_per_month,healthy_ovulatory,calendar,4,A_exact_any,strict_herzog,False,30440,0,0.0,,,,1.0,,
window_false_positive,ge_2_seizures_per_month,healthy_ovulatory,calendar,6,A_exact_any,strict_herzog,False,30305,0,0.0,,,,1.0,,
window_false_positive,ge_2_seizures_per_month,healthy_ovulatory,calendar,12,A_exact_any,strict_herzog,False,30191,0,0.0,,,,1.0,,
window_false_positive,ge_2_seizures_per_month,healthy_ovulatory,cycle,3,A_exact_any,strict_herzog,False,29530,19720,9279.0,0.47053752535496957,0.46357752431146954,0.47750900275142455,0.332204537758212,,
window_false_positive,ge_2_seizures_per_month,healthy_ovulatory,cycle,6,A_exact_any,strict_herzog,False,29752,0,0.0,,,,1.0,,
window_false_positive,ge_2_seizures_per_month,healthy_ovulatory,cycle,12,A_exact_any,strict_herzog,False,29933,0,0.0,,,,1.0,,
window_false_positive,ge_2_seizures_per_month,healthy_ovulatory,full,full_diary,A_exact_any,strict_herzog,False,30106,0,0.0,,,,1.0,,
window_false_positive,ge_2_seizures_per_month,population,calendar,1,A_exact_any,strict_herzog,False,30842,0,0.0,,,,1.0,,
window_false_positive,ge_2_seizures_per_month,population,calendar,3,A_exact_any,strict_herzog,False,30532,0,0.0,,,,1.0,,
window_false_positive,ge_2_seizures_per_month,population,calendar,4,A_exact_any,strict_herzog,False,30309,0,0.0,,,,1.0,,
window_false_positive,ge_2_seizures_per_month,population,calendar,6,A_exact_any,strict_herzog,False,30294,0,0.0,,,,1.0,,
window_false_positive,ge_2_seizures_per_month,population,calendar,12,A_exact_any,strict_herzog,False,30106,0,0.0,,,,1.0,,
window_false_positive,ge_2_seizures_per_month,population,cycle,3,A_exact_any,strict_herzog,False,29425,14157,6776.0,0.47863247863247865,0.4704106074711644,0.4868659426717546,0.5188785046728972,,
window_false_positive,ge_2_seizures_per_month,population,cycle,6,A_exact_any,strict_herzog,False,29712,0,0.0,,,,1.0,,
window_false_positive,ge_2_seizures_per_month,population,cycle,12,A_exact_any,strict_herzog,False,29887,0,0.0,,,,1.0,,
window_false_positive,ge_2_seizures_per_month,population,full,full_diary,A_exact_any,strict_herzog,False,30016,0,0.0,,,,1.0,,
window_false_positive,ge_2_seizures_per_month,healthy_ovulatory,calendar,1,A_windowed_any,strict_herzog,False,30913,30913,14734.0,0.47662795587616863,0.4710635472870177,0.48219817248068086,0.0,,
window_false_positive,ge_2_seizures_per_month,healthy_ovulatory,calendar,3,A_windowed_any,strict_herzog,False,30501,30501,11523.0,0.3777908921018983,0.37236552437219245,0.3832470392904082,0.0,,
window_false_positive,ge_2_seizures_per_month,healthy_ovulatory,calendar,4,A_windowed_any,strict_herzog,False,30440,30440,10387.0,0.3412286465177398,0.3359227986657821,0.34657456248115004,0.0,,
window_false_positive,ge_2_seizures_per_month,healthy_ovulatory,calendar,6,A_windowed_any,strict_herzog,False,30305,30305,8607.0,0.284012539184953,0.2789631008488367,0.2891167276795428,0.0,,
window_false_positive,ge_2_seizures_per_month,healthy_ovulatory,calendar,12,A_windowed_any,strict_herzog,False,30191,30191,5397.0,0.17876188268026896,0.1744808669965289,0.18312463570321666,0.0,,
window_false_positive,ge_2_seizures_per_month,healthy_ovulatory,cycle,3,A_windowed_any,strict_herzog,False,29530,29530,11095.0,0.3757196071791399,0.37021230536060173,0.3812592392322604,0.0,,
window_false_positive,ge_2_seizures_per_month,healthy_ovulatory,cycle,6,A_windowed_any,strict_herzog,False,29752,29752,8545.0,0.2872075826835171,0.28209405337695004,0.2923760547017267,0.0,,
window_false_positive,ge_2_seizures_per_month,healthy_ovulatory,cycle,12,A_windowed_any,strict_herzog,False,29933,29933,5355.0,0.1788995423111616,0.17459896945388684,0.1832825216031442,0.0,,
window_false_positive,ge_2_seizures_per_month,healthy_ovulatory,full,full_diary,A_windowed_any,strict_herzog,False,30106,30106,1179.0,0.039161628911180496,0.037028599230467946,0.04141224749570409,0.0,,
window_false_positive,ge_2_seizures_per_month,population,calendar,1,A_windowed_any,strict_herzog,False,30842,30781,15758.0,0.5119391832624022,0.5063539455361481,0.5175214413481135,0.001977822449905964,,
window_false_positive,ge_2_seizures_per_month,population,calendar,3,A_windowed_any,strict_herzog,False,30532,30532,14552.0,0.4766146993318486,0.47101571118995106,0.4822195712919241,0.0,,
window_false_positive,ge_2_seizures_per_month,population,calendar,4,A_windowed_any,strict_herzog,False,30309,30309,13882.0,0.45801577089313406,0.45241231017022027,0.46362987269616246,0.0,,
window_false_positive,ge_2_seizures_per_month,population,calendar,6,A_windowed_any,strict_herzog,False,30294,30294,12803.0,0.42262494223278535,0.4170725155528744,0.4281969896568715,0.0,,
window_false_positive,ge_2_seizures_per_month,population,calendar,12,A_windowed_any,strict_herzog,False,30106,30106,10747.0,0.35697203215305917,0.3515786466738085,0.3624019130784543,0.0,,
window_false_positive,ge_2_seizures_per_month,population,cycle,3,A_windowed_any,strict_herzog,False,29425,29425,13751.0,0.46732370433305015,0.4616276105247704,0.47302832886411716,0.0,,
window_false_positive,ge_2_seizures_per_month,population,cycle,6,A_windowed_any,strict_herzog,False,29712,29712,12483.0,0.42013327948303714,0.41453167153227116,0.42575553667023375,0.0,,
window_false_positive,ge_2_seizures_per_month,population,cycle,12,A_windowed_any,strict_herzog,False,29887,29887,10394.0,0.347776625288587,0.3423969781435997,0.35319539878779926,0.0,,
window_false_positive,ge_2_seizures_per_month,population,full,full_diary,A_windowed_any,strict_herzog,False,30016,30016,9006.0,0.3000399786780384,0.29488144255311544,0.30524969016901027,0.0,,
window_false_positive,ge_2_seizures_per_month,healthy_ovulatory,calendar,1,A_windowed_excluding_C3,strict_herzog,False,30913,30913,14734.0,0.47662795587616863,0.4710635472870177,0.48219817248068086,0.0,,
window_false_positive,ge_2_seizures_per_month,healthy_ovulatory,calendar,3,A_windowed_excluding_C3,strict_herzog,False,30501,30501,11523.0,0.3777908921018983,0.37236552437219245,0.3832470392904082,0.0,,
window_false_positive,ge_2_seizures_per_month,healthy_ovulatory,calendar,4,A_windowed_excluding_C3,strict_herzog,False,30440,30440,10387.0,0.3412286465177398,0.3359227986657821,0.34657456248115004,0.0,,
window_false_positive,ge_2_seizures_per_month,healthy_ovulatory,calendar,6,A_windowed_excluding_C3,strict_herzog,False,30305,30305,8607.0,0.284012539184953,0.2789631008488367,0.2891167276795428,0.0,,
window_false_positive,ge_2_seizures_per_month,healthy_ovulatory,calendar,12,A_windowed_excluding_C3,strict_herzog,False,30191,30191,5397.0,0.17876188268026896,0.1744808669965289,0.18312463570321666,0.0,,
window_false_positive,ge_2_seizures_per_month,healthy_ovulatory,cycle,3,A_windowed_excluding_C3,strict_herzog,False,29530,29530,11095.0,0.3757196071791399,0.37021230536060173,0.3812592392322604,0.0,,
window_false_positive,ge_2_seizures_per_month,healthy_ovulatory,cycle,6,A_windowed_excluding_C3,strict_herzog,False,29752,29752,8545.0,0.2872075826835171,0.28209405337695004,0.2923760547017267,0.0,,
window_false_positive,ge_2_seizures_per_month,healthy_ovulatory,cycle,12,A_windowed_excluding_C3,strict_herzog,False,29933,29933,5355.0,0.1788995423111616,0.17459896945388684,0.1832825216031442,0.0,,
window_false_positive,ge_2_seizures_per_month,healthy_ovulatory,full,full_diary,A_windowed_excluding_C3,strict_herzog,False,30106,30106,1179.0,0.039161628911180496,0.037028599230467946,0.04141224749570409,0.0,,
window_false_positive,ge_2_seizures_per_month,population,calendar,1,A_windowed_excluding_C3,strict_herzog,False,30842,30781,14616.0,0.4748383743218219,0.46926324968397776,0.48041977850143575,0.001977822449905964,,
window_false_positive,ge_2_seizures_per_month,population,calendar,3,A_windowed_excluding_C3,strict_herzog,False,30532,30532,11636.0,0.38110834534259136,0.37567606443377843,0.38657053978079614,0.0,,
window_false_positive,ge_2_seizures_per_month,population,calendar,4,A_windowed_excluding_C3,strict_herzog,False,30309,30309,10573.0,0.3488402784651424,0.3434941270726496,0.35422474192721876,0.0,,
window_false_positive,ge_2_seizures_per_month,population,calendar,6,A_windowed_excluding_C3,strict_herzog,False,30294,30294,8709.0,0.287482669835611,0.28241335146070007,0.2926058782920064,0.0,,
window_false_positive,ge_2_seizures_per_month,population,calendar,12,A_windowed_excluding_C3,strict_herzog,False,30106,30106,5352.0,0.17777187271640205,0.17349440053475285,0.1821315655954615,0.0,,
window_false_positive,ge_2_seizures_per_month,population,cycle,3,A_windowed_excluding_C3,strict_herzog,False,29425,29425,10889.0,0.37005947323704336,0.36456011934485033,0.37559275039348705,0.0,,
window_false_positive,ge_2_seizures_per_month,population,cycle,6,A_windowed_excluding_C3,strict_herzog,False,29712,29712,8529.0,0.2870557350565428,0.2819396155204214,0.29222691052140287,0.0,,
window_false_positive,ge_2_seizures_per_month,population,cycle,12,A_windowed_excluding_C3,strict_herzog,False,29887,29887,5194.0,0.1737879345534848,0.16953394706638583,0.1781257691425767,0.0,,
window_false_positive,ge_2_seizures_per_month,population,full,full_diary,A_windowed_excluding_C3,strict_herzog,False,30016,30016,1304.0,0.043443496801705755,0.04119516747074216,0.04580867172019601,0.0,,
window_false_positive,ge_2_seizures_per_month,healthy_ovulatory,calendar,1,A_windowed_C1_only,strict_herzog,False,30913,29317,9414.0,0.32111061841252514,0.3157897547388573,0.32647835633390465,0.05162876459741861,,
window_false_positive,ge_2_seizures_per_month,healthy_ovulatory,calendar,3,A_windowed_C1_only,strict_herzog,False,30501,30483,7862.0,0.25791424728537216,0.25303380719277846,0.26285569484253946,0.0005901445854233911,,
window_false_positive,ge_2_seizures_per_month,healthy_ovulatory,calendar,4,A_windowed_C1_only,strict_herzog,False,30440,30437,7038.0,0.23123172454578308,0.22652919833570753,0.23600208477180476,9.855453350848808e-05,,
window_false_positive,ge_2_seizures_per_month,healthy_ovulatory,calendar,6,A_windowed_C1_only,strict_herzog,False,30305,30305,5890.0,0.19435736677115986,0.1899410655243987,0.19885114465727016,0.0,,
window_false_positive,ge_2_seizures_per_month,healthy_ovulatory,calendar,12,A_windowed_C1_only,strict_herzog,False,30191,30191,3762.0,0.12460667086217747,0.12092888556643519,0.12837997300422693,0.0,,
window_false_positive,ge_2_seizures_per_month,healthy_ovulatory,cycle,3,A_windowed_C1_only,strict_herzog,False,29530,29522,7446.0,0.25221868437097755,0.24729719484253787,0.2572046490624268,0.0002709109380291119,,
window_false_positive,ge_2_seizures_per_month,healthy_ovulatory,cycle,6,A_windowed_C1_only,strict_herzog,False,29752,29752,5931.0,0.19934794299542888,0.19484728185260936,0.2039262320889107,0.0,,
window_false_positive,ge_2_seizures_per_month,healthy_ovulatory,cycle,12,A_windowed_C1_only,strict_herzog,False,29933,29933,3675.0,0.12277419570373835,0.11910475685969878,0.126540444853922,0.0,,
window_false_positive,ge_2_seizures_per_month,healthy_ovulatory,full,full_diary,A_windowed_C1_only,strict_herzog,False,30106,30106,897.0,0.02979472530392613,0.027933361840099664,0.03177606775884017,0.0,,
window_false_positive,ge_2_seizures_per_month,population,calendar,1,A_windowed_C1_only,strict_herzog,False,30842,28233,9047.0,0.3204406191336379,0.3150221278595383,0.32590796643637454,0.08459243888204393,,
window_false_positive,ge_2_seizures_per_month,population,calendar,3,A_windowed_C1_only,strict_herzog,False,30532,30480,7926.0,0.2600393700787402,0.25514530007292524,0.2649939179531121,0.00170313114109788,,
window_false_positive,ge_2_seizures_per_month,population,calendar,4,A_windowed_C1_only,strict_herzog,False,30309,30299,7177.0,0.23687250404303772,0.23211875675087826,0.24169296411800242,0.0003299350028044268,,
window_false_positive,ge_2_seizures_per_month,population,calendar,6,A_windowed_C1_only,strict_herzog,False,30294,30294,6074.0,0.20050174952135735,0.1960312911648654,0.20504815455528153,0.0,,
window_false_positive,ge_2_seizures_per_month,population,calendar,12,A_windowed_C1_only,strict_herzog,False,30106,30106,3864.0,0.12834650900152794,0.12461566349695485,0.13217218672786413,0.0,,
window_false_positive,ge_2_seizures_per_month,population,cycle,3,A_windowed_C1_only,strict_herzog,False,29425,29408,7338.0,0.24952393906420023,0.2446110304688574,0.254502276645008,0.0005777400169924007,,
window_false_positive,ge_2_seizures_per_month,population,cycle,6,A_windowed_C1_only,strict_herzog,False,29712,29712,5912.0,0.19897684437264404,0.19447640680562872,0.20355511033015067,0.0,,
window_false_positive,ge_2_seizures_per_month,population,cycle,12,A_windowed_C1_only,strict_herzog,False,29887,29887,3758.0,0.12574028841971427,0.12202938939161714,0.12954738435630334,0.0,,
window_false_positive,ge_2_seizures_per_month,population,full,full_diary,A_windowed_C1_only,strict_herzog,False,30016,30016,1051.0,0.03501465884861407,0.032993951396362194,0.037154369063935815,0.0,,
window_false_positive,ge_2_seizures_per_month,healthy_ovulatory,calendar,1,A_windowed_C2_only,strict_herzog,False,30913,29736,9165.0,0.3082122679580307,0.3029890268362199,0.3134850550517643,0.0380745964480963,,
window_false_positive,ge_2_seizures_per_month,healthy_ovulatory,calendar,3,A_windowed_C2_only,strict_herzog,False,30501,30498,7009.0,0.22981834874417995,0.22513081852765765,0.23457393332317783,9.835743090391702e-05,,
window_false_positive,ge_2_seizures_per_month,healthy_ovulatory,calendar,4,A_windowed_C2_only,strict_herzog,False,30440,30440,6153.0,0.2021353482260184,0.19766165954688839,0.20668420710306698,0.0,,
window_false_positive,ge_2_seizures_per_month,healthy_ovulatory,calendar,6,A_windowed_C2_only,strict_herzog,False,30305,30305,4777.0,0.15763075400098994,0.15357154464710748,0.16177674973776762,0.0,,
window_false_positive,ge_2_seizures_per_month,healthy_ovulatory,calendar,12,A_windowed_C2_only,strict_herzog,False,30191,30191,2614.0,0.08658209400152363,0.08346227341064817,0.08980710659109174,0.0,,
window_false_positive,ge_2_seizures_per_month,healthy_ovulatory,cycle,3,A_windowed_C2_only,strict_herzog,False,29530,29515,6787.0,0.2299508724377435,0.2251855116579287,0.23478651935019954,0.0005079580088046542,,
window_false_positive,ge_2_seizures_per_month,healthy_ovulatory,cycle,6,A_windowed_C2_only,strict_herzog,False,29752,29752,4749.0,0.15961952137671417,0.15550179882050996,0.16382512970780455,0.0,,
window_false_positive,ge_2_seizures_per_month,healthy_ovulatory,cycle,12,A_windowed_C2_only,strict_herzog,False,29933,29933,2575.0,0.0860254568536398,0.08290180318201117,0.08925535193770999,0.0,,
window_false_positive,ge_2_seizures_per_month,healthy_ovulatory,full,full_diary,A_windowed_C2_only,strict_herzog,False,30106,30106,370.0,0.012289908988241546,0.011106111475929267,0.013598152073183021,0.0,,
window_false_positive,ge_2_seizures_per_month,population,calendar,1,A_windowed_C2_only,strict_herzog,False,30842,29623,9339.0,0.3152617898254734,0.30999510806560976,0.3205763784287298,0.03952402567926849,,
window_false_positive,ge_2_seizures_per_month,population,calendar,3,A_windowed_C2_only,strict_herzog,False,30532,30530,7112.0,0.23295119554536522,0.2282433312801167,0.23772625456478919,6.550504388835865e-05,,
window_false_positive,ge_2_seizures_per_month,population,calendar,4,A_windowed_C2_only,strict_herzog,False,30309,30308,6281.0,0.2072390128019005,0.20271298123496242,0.21183924832494958,3.299350028040937e-05,,
window_false_positive,ge_2_seizures_per_month,population,calendar,6,A_windowed_C2_only,strict_herzog,False,30294,30294,4760.0,0.15712682379349047,0.15307228707311685,0.16126830619208396,0.0,,
window_false_positive,ge_2_seizures_per_month,population,calendar,12,A_windowed_C2_only,strict_herzog,False,30106,30106,2470.0,0.08204344648907194,0.07899655997626745,0.0851969800522335,0.0,,
window_false_positive,ge_2_seizures_per_month,population,cycle,3,A_windowed_C2_only,strict_herzog,False,29425,29404,6720.0,0.22854033464834717,0.22377662152593056,0.23337496770736557,0.0007136788445200049,,
window_false_positive,ge_2_seizures_per_month,population,cycle,6,A_windowed_C2_only,strict_herzog,False,29712,29712,4659.0,0.1568053311793215,0.15271519300252057,0.16098420103074673,0.0,,
window_false_positive,ge_2_seizures_per_month,population,cycle,12,A_windowed_C2_only,strict_herzog,False,29887,29887,2382.0,0.07970020410211798,0.07668349674469967,0.0828249421658991,0.0,,
window_false_positive,ge_2_seizures_per_month,population,full,full_diary,A_windowed_C2_only,strict_herzog,False,30016,30016,336.0,0.011194029850746268,0.010064811600237148,0.012448347229990865,0.0,,
window_false_positive,ge_2_seizures_per_month,healthy_ovulatory,calendar,1,A_windowed_C3_only,strict_herzog,False,30913,0,0.0,,,,1.0,,
window_false_positive,ge_2_seizures_per_month,healthy_ovulatory,calendar,3,A_windowed_C3_only,strict_herzog,False,30501,0,0.0,,,,1.0,,
window_false_positive,ge_2_seizures_per_month,healthy_ovulatory,calendar,4,A_windowed_C3_only,strict_herzog,False,30440,0,0.0,,,,1.0,,
window_false_positive,ge_2_seizures_per_month,healthy_ovulatory,calendar,6,A_windowed_C3_only,strict_herzog,False,30305,0,0.0,,,,1.0,,
window_false_positive,ge_2_seizures_per_month,healthy_ovulatory,calendar,12,A_windowed_C3_only,strict_herzog,False,30191,0,0.0,,,,1.0,,
window_false_positive,ge_2_seizures_per_month,healthy_ovulatory,cycle,3,A_windowed_C3_only,strict_herzog,False,29530,0,0.0,,,,1.0,,
window_false_positive,ge_2_seizures_per_month,healthy_ovulatory,cycle,6,A_windowed_C3_only,strict_herzog,False,29752,0,0.0,,,,1.0,,
window_false_positive,ge_2_seizures_per_month,healthy_ovulatory,cycle,12,A_windowed_C3_only,strict_herzog,False,29933,0,0.0,,,,1.0,,
window_false_positive,ge_2_seizures_per_month,healthy_ovulatory,full,full_diary,A_windowed_C3_only,strict_herzog,False,30106,0,0.0,,,,1.0,,
window_false_positive,ge_2_seizures_per_month,population,calendar,1,A_windowed_C3_only,strict_herzog,False,30842,6476,3534.0,0.5457072266831378,0.5335570002401657,0.5578032596924503,0.7900265871214578,,
window_false_positive,ge_2_seizures_per_month,population,calendar,3,A_windowed_C3_only,strict_herzog,False,30532,11798,5767.0,0.48881166299372775,0.4797968010871722,0.4978338084307445,0.6135857461024499,,
window_false_positive,ge_2_seizures_per_month,population,calendar,4,A_windowed_C3_only,strict_herzog,False,30309,13282,6265.0,0.4716910103900015,0.46321078149147976,0.4801876097710672,0.5617803292751328,,
window_false_positive,ge_2_seizures_per_month,population,calendar,6,A_windowed_C3_only,strict_herzog,False,30294,15221,6697.0,0.4399842323106235,0.43211456603722537,0.44788418436411265,0.497557272067076,,
window_false_positive,ge_2_seizures_per_month,population,calendar,12,A_windowed_C3_only,strict_herzog,False,30106,18649,7202.0,0.3861869269129712,0.37922329948884637,0.3931974327962826,0.38055537102238757,,
window_false_positive,ge_2_seizures_per_month,population,cycle,3,A_windowed_C3_only,strict_herzog,False,29425,11590,5465.0,0.4715271786022433,0.4624500559933729,0.4806231693612943,0.6061172472387426,,
window_false_positive,ge_2_seizures_per_month,population,cycle,6,A_windowed_C3_only,strict_herzog,False,29712,14882,6378.0,0.42857142857142855,0.42064008084825405,0.43653964218713887,0.49912493268712976,,
window_false_positive,ge_2_seizures_per_month,population,cycle,12,A_windowed_C3_only,strict_herzog,False,29887,18329,6866.0,0.3745976321676033,0.3676174508589598,0.3816303670351838,0.3867233245223676,,
window_false_positive,ge_2_seizures_per_month,population,full,full_diary,A_windowed_C3_only,strict_herzog,False,30016,25669,8259.0,0.32174997078187695,0.3160622506608798,0.32749103444477434,0.14482276119402981,,
window_false_positive,ge_2_seizures_per_month,healthy_ovulatory,calendar,1,B_minimum_data_any,strict_herzog,False,30913,0,0.0,,,,1.0,,
window_false_positive,ge_2_seizures_per_month,healthy_ovulatory,calendar,3,B_minimum_data_any,strict_herzog,False,30501,0,0.0,,,,1.0,,
window_false_positive,ge_2_seizures_per_month,healthy_ovulatory,calendar,4,B_minimum_data_any,strict_herzog,False,30440,30437,10387.0,0.3412622794624963,0.3359560404153198,0.3466085820813425,9.855453350848808e-05,,
window_false_positive,ge_2_seizures_per_month,healthy_ovulatory,calendar,6,B_minimum_data_any,strict_herzog,False,30305,30305,8607.0,0.284012539184953,0.2789631008488367,0.2891167276795428,0.0,,
window_false_positive,ge_2_seizures_per_month,healthy_ovulatory,calendar,12,B_minimum_data_any,strict_herzog,False,30191,30191,5397.0,0.17876188268026896,0.1744808669965289,0.18312463570321666,0.0,,
window_false_positive,ge_2_seizures_per_month,healthy_ovulatory,cycle,3,B_minimum_data_any,strict_herzog,False,29530,13,8.0,0.6153846153846154,0.35522891512665694,0.8229029220223743,0.9995597697257027,,
window_false_positive,ge_2_seizures_per_month,healthy_ovulatory,cycle,6,B_minimum_data_any,strict_herzog,False,29752,29752,8545.0,0.2872075826835171,0.28209405337695004,0.2923760547017267,0.0,,
window_false_positive,ge_2_seizures_per_month,healthy_ovulatory,cycle,12,B_minimum_data_any,strict_herzog,False,29933,29933,5355.0,0.1788995423111616,0.17459896945388684,0.1832825216031442,0.0,,
window_false_positive,ge_2_seizures_per_month,healthy_ovulatory,full,full_diary,B_minimum_data_any,strict_herzog,False,30106,30106,1179.0,0.039161628911180496,0.037028599230467946,0.04141224749570409,0.0,,
window_false_positive,ge_2_seizures_per_month,population,calendar,1,B_minimum_data_any,strict_herzog,False,30842,0,0.0,,,,1.0,,
window_false_positive,ge_2_seizures_per_month,population,calendar,3,B_minimum_data_any,strict_herzog,False,30532,0,0.0,,,,1.0,,
window_false_positive,ge_2_seizures_per_month,population,calendar,4,B_minimum_data_any,strict_herzog,False,30309,30305,13880.0,0.4580102293350932,0.4524064051768049,0.4636246973825661,0.0001319740011217485,,
window_false_positive,ge_2_seizures_per_month,population,calendar,6,B_minimum_data_any,strict_herzog,False,30294,30294,12803.0,0.42262494223278535,0.4170725155528744,0.4281969896568715,0.0,,
window_false_positive,ge_2_seizures_per_month,population,calendar,12,B_minimum_data_any,strict_herzog,False,30106,30106,10747.0,0.35697203215305917,0.3515786466738085,0.3624019130784543,0.0,,
window_false_positive,ge_2_seizures_per_month,population,cycle,3,B_minimum_data_any,strict_herzog,False,29425,1508,840.0,0.5570291777188329,0.5318445917023359,0.5819239512864031,0.94875106202209,,
window_false_positive,ge_2_seizures_per_month,population,cycle,6,B_minimum_data_any,strict_herzog,False,29712,29712,12483.0,0.42013327948303714,0.41453167153227116,0.42575553667023375,0.0,,
window_false_positive,ge_2_seizures_per_month,population,cycle,12,B_minimum_data_any,strict_herzog,False,29887,29887,10394.0,0.347776625288587,0.3423969781435997,0.35319539878779926,0.0,,
window_false_positive,ge_2_seizures_per_month,population,full,full_diary,B_minimum_data_any,strict_herzog,False,30016,30016,9006.0,0.3000399786780384,0.29488144255311544,0.30524969016901027,0.0,,
window_false_positive,ge_2_seizures_per_month,healthy_ovulatory,calendar,1,B_minimum_data_excluding_C3,strict_herzog,False,30913,0,0.0,,,,1.0,,
window_false_positive,ge_2_seizures_per_month,healthy_ovulatory,calendar,3,B_minimum_data_excluding_C3,strict_herzog,False,30501,0,0.0,,,,1.0,,
window_false_positive,ge_2_seizures_per_month,healthy_ovulatory,calendar,4,B_minimum_data_excluding_C3,strict_herzog,False,30440,30437,10387.0,0.3412622794624963,0.3359560404153198,0.3466085820813425,9.855453350848808e-05,,
window_false_positive,ge_2_seizures_per_month,healthy_ovulatory,calendar,6,B_minimum_data_excluding_C3,strict_herzog,False,30305,30305,8607.0,0.284012539184953,0.2789631008488367,0.2891167276795428,0.0,,
window_false_positive,ge_2_seizures_per_month,healthy_ovulatory,calendar,12,B_minimum_data_excluding_C3,strict_herzog,False,30191,30191,5397.0,0.17876188268026896,0.1744808669965289,0.18312463570321666,0.0,,
window_false_positive,ge_2_seizures_per_month,healthy_ovulatory,cycle,3,B_minimum_data_excluding_C3,strict_herzog,False,29530,13,8.0,0.6153846153846154,0.35522891512665694,0.8229029220223743,0.9995597697257027,,
window_false_positive,ge_2_seizures_per_month,healthy_ovulatory,cycle,6,B_minimum_data_excluding_C3,strict_herzog,False,29752,29752,8545.0,0.2872075826835171,0.28209405337695004,0.2923760547017267,0.0,,
window_false_positive,ge_2_seizures_per_month,healthy_ovulatory,cycle,12,B_minimum_data_excluding_C3,strict_herzog,False,29933,29933,5355.0,0.1788995423111616,0.17459896945388684,0.1832825216031442,0.0,,
window_false_positive,ge_2_seizures_per_month,healthy_ovulatory,full,full_diary,B_minimum_data_excluding_C3,strict_herzog,False,30106,30106,1179.0,0.039161628911180496,0.037028599230467946,0.04141224749570409,0.0,,
window_false_positive,ge_2_seizures_per_month,population,calendar,1,B_minimum_data_excluding_C3,strict_herzog,False,30842,0,0.0,,,,1.0,,
window_false_positive,ge_2_seizures_per_month,population,calendar,3,B_minimum_data_excluding_C3,strict_herzog,False,30532,0,0.0,,,,1.0,,
window_false_positive,ge_2_seizures_per_month,population,calendar,4,B_minimum_data_excluding_C3,strict_herzog,False,30309,30305,10572.0,0.3488533245339053,0.34350677340677443,0.3542381894798258,0.0001319740011217485,,
window_false_positive,ge_2_seizures_per_month,population,calendar,6,B_minimum_data_excluding_C3,strict_herzog,False,30294,30294,8709.0,0.287482669835611,0.28241335146070007,0.2926058782920064,0.0,,
window_false_positive,ge_2_seizures_per_month,population,calendar,12,B_minimum_data_excluding_C3,strict_herzog,False,30106,30106,5352.0,0.17777187271640205,0.17349440053475285,0.1821315655954615,0.0,,
window_false_positive,ge_2_seizures_per_month,population,cycle,3,B_minimum_data_excluding_C3,strict_herzog,False,29425,1508,511.0,0.33885941644562334,0.3154063798674464,0.36313134168762834,0.94875106202209,,
window_false_positive,ge_2_seizures_per_month,population,cycle,6,B_minimum_data_excluding_C3,strict_herzog,False,29712,29712,8529.0,0.2870557350565428,0.2819396155204214,0.29222691052140287,0.0,,
window_false_positive,ge_2_seizures_per_month,population,cycle,12,B_minimum_data_excluding_C3,strict_herzog,False,29887,29887,5194.0,0.1737879345534848,0.16953394706638583,0.1781257691425767,0.0,,
window_false_positive,ge_2_seizures_per_month,population,full,full_diary,B_minimum_data_excluding_C3,strict_herzog,False,30016,30016,1304.0,0.043443496801705755,0.04119516747074216,0.04580867172019601,0.0,,
window_false_positive,ge_2_seizures_per_month,healthy_ovulatory,calendar,1,C_reproducibility_any,strict_herzog,False,30913,0,0.0,,,,1.0,,
window_false_positive,ge_2_seizures_per_month,healthy_ovulatory,calendar,3,C_reproducibility_any,strict_herzog,False,30501,0,0.0,,,,1.0,,
window_false_positive,ge_2_seizures_per_month,healthy_ovulatory,calendar,4,C_reproducibility_any,strict_herzog,False,30440,0,0.0,,,,1.0,,
window_false_positive,ge_2_seizures_per_month,healthy_ovulatory,calendar,6,C_reproducibility_any,strict_herzog,False,30305,6570,651.0,0.09908675799086758,0.09209473146335445,0.10654733604019528,0.7832040917340373,,
window_false_positive,ge_2_seizures_per_month,healthy_ovulatory,calendar,12,C_reproducibility_any,strict_herzog,False,30191,15905,231.0,0.014523734674630619,0.012778218890773779,0.016503703367770527,0.47318737372064523,,
window_false_positive,ge_2_seizures_per_month,healthy_ovulatory,cycle,3,C_reproducibility_any,strict_herzog,False,29530,0,0.0,,,,1.0,,
window_false_positive,ge_2_seizures_per_month,healthy_ovulatory,cycle,6,C_reproducibility_any,strict_herzog,False,29752,21834,2434.0,0.11147751213703398,0.10737111788964479,0.11572059508974725,0.26613336918526487,,
window_false_positive,ge_2_seizures_per_month,healthy_ovulatory,cycle,12,C_reproducibility_any,strict_herzog,False,29933,15657,345.0,0.022034872580954205,0.019850027550509373,0.02445419841621862,0.47693181438546084,,
window_false_positive,ge_2_seizures_per_month,healthy_ovulatory,full,full_diary,C_reproducibility_any,strict_herzog,False,30106,6132,1.0,0.00016307893020221786,2.8788015633889768e-05,0.000923234434733798,0.7963196704975752,,
window_false_positive,ge_2_seizures_per_month,population,calendar,1,C_reproducibility_any,strict_herzog,False,30842,0,0.0,,,,1.0,,
window_false_positive,ge_2_seizures_per_month,population,calendar,3,C_reproducibility_any,strict_herzog,False,30532,0,0.0,,,,1.0,,
window_false_positive,ge_2_seizures_per_month,population,calendar,4,C_reproducibility_any,strict_herzog,False,30309,0,0.0,,,,1.0,,
window_false_positive,ge_2_seizures_per_month,population,calendar,6,C_reproducibility_any,strict_herzog,False,30294,5023,373.0,0.07425841130798327,0.0673284596703372,0.08183905734075396,0.8341915890935498,,
window_false_positive,ge_2_seizures_per_month,population,calendar,12,C_reproducibility_any,strict_herzog,False,30106,19318,958.0,0.049591054974635056,0.04661817033155998,0.052743035116291324,0.3583338869328373,,
window_false_positive,ge_2_seizures_per_month,population,cycle,3,C_reproducibility_any,strict_herzog,False,29425,0,0.0,,,,1.0,,
window_false_positive,ge_2_seizures_per_month,population,cycle,6,C_reproducibility_any,strict_herzog,False,29712,23588,1712.0,0.07257927759877904,0.06933750356951518,0.07596024543426455,0.2061120086160474,,
window_false_positive,ge_2_seizures_per_month,population,cycle,12,C_reproducibility_any,strict_herzog,False,29887,18967,1340.0,0.07064902198555385,0.06708866513334685,0.07438325980189703,0.3653762505437147,,
window_false_positive,ge_2_seizures_per_month,population,full,full_diary,C_reproducibility_any,strict_herzog,False,30016,12811,1197.0,0.09343532901412849,0.08851670581768302,0.09859770106171033,0.5731942963752665,,
window_false_positive,ge_2_seizures_per_month,healthy_ovulatory,calendar,1,C_reproducibility_12cycle_any,strict_herzog,False,30913,0,0.0,,,,1.0,,
window_false_positive,ge_2_seizures_per_month,healthy_ovulatory,calendar,3,C_reproducibility_12cycle_any,strict_herzog,False,30501,0,0.0,,,,1.0,,
window_false_positive,ge_2_seizures_per_month,healthy_ovulatory,calendar,4,C_reproducibility_12cycle_any,strict_herzog,False,30440,0,0.0,,,,1.0,,
window_false_positive,ge_2_seizures_per_month,healthy_ovulatory,calendar,6,C_reproducibility_12cycle_any,strict_herzog,False,30305,0,0.0,,,,1.0,,
window_false_positive,ge_2_seizures_per_month,healthy_ovulatory,calendar,12,C_reproducibility_12cycle_any,strict_herzog,False,30191,6227,94.0,0.015095551629998394,0.012352197785941117,0.01843681523718976,0.7937464807392931,,
window_false_positive,ge_2_seizures_per_month,healthy_ovulatory,cycle,3,C_reproducibility_12cycle_any,strict_herzog,False,29530,0,0.0,,,,1.0,,
window_false_positive,ge_2_seizures_per_month,healthy_ovulatory,cycle,6,C_reproducibility_12cycle_any,strict_herzog,False,29752,0,0.0,,,,1.0,,
window_false_positive,ge_2_seizures_per_month,healthy_ovulatory,cycle,12,C_reproducibility_12cycle_any,strict_herzog,False,29933,15657,345.0,0.022034872580954205,0.019850027550509373,0.02445419841621862,0.47693181438546084,,
window_false_positive,ge_2_seizures_per_month,healthy_ovulatory,full,full_diary,C_reproducibility_12cycle_any,strict_herzog,False,30106,6132,1.0,0.00016307893020221786,2.8788015633889768e-05,0.000923234434733798,0.7963196704975752,,
window_false_positive,ge_2_seizures_per_month,population,calendar,1,C_reproducibility_12cycle_any,strict_herzog,False,30842,0,0.0,,,,1.0,,
window_false_positive,ge_2_seizures_per_month,population,calendar,3,C_reproducibility_12cycle_any,strict_herzog,False,30532,0,0.0,,,,1.0,,
window_false_positive,ge_2_seizures_per_month,population,calendar,4,C_reproducibility_12cycle_any,strict_herzog,False,30309,0,0.0,,,,1.0,,
window_false_positive,ge_2_seizures_per_month,population,calendar,6,C_reproducibility_12cycle_any,strict_herzog,False,30294,0,0.0,,,,1.0,,
window_false_positive,ge_2_seizures_per_month,population,calendar,12,C_reproducibility_12cycle_any,strict_herzog,False,30106,4800,54.0,0.01125,0.008632885535042802,0.014648785972940382,0.8405633428552448,,
window_false_positive,ge_2_seizures_per_month,population,cycle,3,C_reproducibility_12cycle_any,strict_herzog,False,29425,0,0.0,,,,1.0,,
window_false_positive,ge_2_seizures_per_month,population,cycle,6,C_reproducibility_12cycle_any,strict_herzog,False,29712,0,0.0,,,,1.0,,
window_false_positive,ge_2_seizures_per_month,population,cycle,12,C_reproducibility_12cycle_any,strict_herzog,False,29887,18099,232.0,0.012818387756229626,0.011279846690026178,0.01456369062895842,0.39441897815103555,,
window_false_positive,ge_2_seizures_per_month,population,full,full_diary,C_reproducibility_12cycle_any,strict_herzog,False,30016,11598,790.0,0.0681151922745301,0.06367150768652444,0.0728448776168211,0.6136060767590619,,
window_false_positive,ge_2_seizures_per_month,healthy_ovulatory,calendar,1,D_nb_regression_any,strict_herzog,False,30913,0,0.0,,,,1.0,,
window_false_positive,ge_2_seizures_per_month,healthy_ovulatory,calendar,3,D_nb_regression_any,strict_herzog,False,30501,0,0.0,,,,1.0,,
window_false_positive,ge_2_seizures_per_month,healthy_ovulatory,calendar,4,D_nb_regression_any,strict_herzog,False,30440,30437,1196.0,0.03929427998817229,0.03716901673238192,0.04153582005939023,9.855453350848808e-05,,
window_false_positive,ge_2_seizures_per_month,healthy_ovulatory,calendar,6,D_nb_regression_any,strict_herzog,False,30305,30305,1712.0,0.056492327998680085,0.0539487848792709,0.05914829484507137,0.0,,
window_false_positive,ge_2_seizures_per_month,healthy_ovulatory,calendar,12,D_nb_regression_any,strict_herzog,False,30191,30191,1765.0,0.05846113080056971,0.055870436483035094,0.06116417234708903,0.0,,
window_false_positive,ge_2_seizures_per_month,healthy_ovulatory,cycle,3,D_nb_regression_any,strict_herzog,False,29530,13,1.0,0.07692307692307693,0.013710421242556586,0.3331395092109959,0.9995597697257027,,
window_false_positive,ge_2_seizures_per_month,healthy_ovulatory,cycle,6,D_nb_regression_any,strict_herzog,False,29752,29752,1657.0,0.055693734874966386,0.05314478024709019,0.058357408773921905,0.0,,
window_false_positive,ge_2_seizures_per_month,healthy_ovulatory,cycle,12,D_nb_regression_any,strict_herzog,False,29933,29933,1730.0,0.05779574382788227,0.05520846169820116,0.06049651217438807,0.0,,
window_false_positive,ge_2_seizures_per_month,healthy_ovulatory,full,full_diary,D_nb_regression_any,strict_herzog,False,30106,30106,1299.0,0.04314754533979938,0.040910029424764426,0.04550163310022982,0.0,,
window_false_positive,ge_2_seizures_per_month,population,calendar,1,D_nb_regression_any,strict_herzog,False,30842,0,0.0,,,,1.0,,
window_false_positive,ge_2_seizures_per_month,population,calendar,3,D_nb_regression_any,strict_herzog,False,30532,0,0.0,,,,1.0,,
window_false_positive,ge_2_seizures_per_month,population,calendar,4,D_nb_regression_any,strict_herzog,False,30309,30304,1148.0,0.03788278775079197,0.03579122015257423,0.04009150023005319,0.0001649675014022689,,
window_false_positive,ge_2_seizures_per_month,population,calendar,6,D_nb_regression_any,strict_herzog,False,30294,30294,1687.0,0.05568759490328118,0.05316117749767578,0.058326680916650095,0.0,,
window_false_positive,ge_2_seizures_per_month,population,calendar,12,D_nb_regression_any,strict_herzog,False,30106,30106,1660.0,0.05513851059589451,0.05261650828090919,0.057774025105541874,0.0,,
window_false_positive,ge_2_seizures_per_month,population,cycle,3,D_nb_regression_any,strict_herzog,False,29425,1508,50.0,0.033156498673740056,0.02523987663042207,0.0434455389036216,0.94875106202209,,
window_false_positive,ge_2_seizures_per_month,population,cycle,6,D_nb_regression_any,strict_herzog,False,29712,29712,1725.0,0.05805735056542811,0.055455011555861966,0.060773952163941214,0.0,,
window_false_positive,ge_2_seizures_per_month,population,cycle,12,D_nb_regression_any,strict_herzog,False,29887,29887,1721.0,0.057583564760598255,0.05499892406842708,0.060281920854185066,0.0,,
window_false_positive,ge_2_seizures_per_month,population,full,full_diary,D_nb_regression_any,strict_herzog,False,30016,30016,1292.0,0.043043710021321964,0.04080558266461294,0.04539878528218419,0.0,,
window_false_positive,ge_2_seizures_per_month,healthy_ovulatory,calendar,1,D_nb_regression_window_alpha_any,strict_herzog,False,30913,0,0.0,,,,1.0,,
window_false_positive,ge_2_seizures_per_month,healthy_ovulatory,calendar,3,D_nb_regression_window_alpha_any,strict_herzog,False,30501,0,0.0,,,,1.0,,
window_false_positive,ge_2_seizures_per_month,healthy_ovulatory,calendar,4,D_nb_regression_window_alpha_any,strict_herzog,False,30440,0,0.0,,,,1.0,,
window_false_positive,ge_2_seizures_per_month,healthy_ovulatory,calendar,6,D_nb_regression_window_alpha_any,strict_herzog,False,30305,0,0.0,,,,1.0,,
window_false_positive,ge_2_seizures_per_month,healthy_ovulatory,calendar,12,D_nb_regression_window_alpha_any,strict_herzog,False,30191,0,0.0,,,,1.0,,
window_false_positive,ge_2_seizures_per_month,healthy_ovulatory,cycle,3,D_nb_regression_window_alpha_any,strict_herzog,False,29530,0,0.0,,,,1.0,,
window_false_positive,ge_2_seizures_per_month,healthy_ovulatory,cycle,6,D_nb_regression_window_alpha_any,strict_herzog,False,29752,0,0.0,,,,1.0,,
window_false_positive,ge_2_seizures_per_month,healthy_ovulatory,cycle,12,D_nb_regression_window_alpha_any,strict_herzog,False,29933,0,0.0,,,,1.0,,
window_false_positive,ge_2_seizures_per_month,healthy_ovulatory,full,full_diary,D_nb_regression_window_alpha_any,strict_herzog,False,30106,30106,1299.0,0.04314754533979938,0.040910029424764426,0.04550163310022982,0.0,,
window_false_positive,ge_2_seizures_per_month,population,calendar,1,D_nb_regression_window_alpha_any,strict_herzog,False,30842,0,0.0,,,,1.0,,
window_false_positive,ge_2_seizures_per_month,population,calendar,3,D_nb_regression_window_alpha_any,strict_herzog,False,30532,0,0.0,,,,1.0,,
window_false_positive,ge_2_seizures_per_month,population,calendar,4,D_nb_regression_window_alpha_any,strict_herzog,False,30309,0,0.0,,,,1.0,,
window_false_positive,ge_2_seizures_per_month,population,calendar,6,D_nb_regression_window_alpha_any,strict_herzog,False,30294,0,0.0,,,,1.0,,
window_false_positive,ge_2_seizures_per_month,population,calendar,12,D_nb_regression_window_alpha_any,strict_herzog,False,30106,0,0.0,,,,1.0,,
window_false_positive,ge_2_seizures_per_month,population,cycle,3,D_nb_regression_window_alpha_any,strict_herzog,False,29425,0,0.0,,,,1.0,,
window_false_positive,ge_2_seizures_per_month,population,cycle,6,D_nb_regression_window_alpha_any,strict_herzog,False,29712,0,0.0,,,,1.0,,
window_false_positive,ge_2_seizures_per_month,population,cycle,12,D_nb_regression_window_alpha_any,strict_herzog,False,29887,0,0.0,,,,1.0,,
window_false_positive,ge_2_seizures_per_month,population,full,full_diary,D_nb_regression_window_alpha_any,strict_herzog,False,30016,30016,1292.0,0.043043710021321964,0.04080558266461294,0.04539878528218419,0.0,,
window_false_positive,ge_2_seizures_per_month,healthy_ovulatory,calendar,1,H1_newmark_penry_any,strict_herzog,True,30913,30913,4121.0,0.1333096108433345,0.12956599773052696,0.13714434749680293,0.0,,
window_false_positive,ge_2_seizures_per_month,healthy_ovulatory,calendar,3,H1_newmark_penry_any,strict_herzog,True,30501,30501,1890.0,0.06196518146946002,0.059314283747763805,0.06472640218494637,0.0,,
window_false_positive,ge_2_seizures_per_month,healthy_ovulatory,calendar,4,H1_newmark_penry_any,strict_herzog,True,30440,30440,1302.0,0.04277266754270696,0.04055668342044175,0.04510403920380865,0.0,,
window_false_positive,ge_2_seizures_per_month,healthy_ovulatory,calendar,6,H1_newmark_penry_any,strict_herzog,True,30305,30305,672.0,0.02217455865368751,0.02057625451881547,0.023893985646977336,0.0,,
window_false_positive,ge_2_seizures_per_month,healthy_ovulatory,calendar,12,H1_newmark_penry_any,strict_herzog,True,30191,30191,133.0,0.004405286343612335,0.003718698925353821,0.005217975214455793,0.0,,
window_false_positive,ge_2_seizures_per_month,healthy_ovulatory,cycle,3,H1_newmark_penry_any,strict_herzog,True,29530,29530,1896.0,0.06420589231290214,0.06146646127914498,0.06705869059157495,0.0,,
window_false_positive,ge_2_seizures_per_month,healthy_ovulatory,cycle,6,H1_newmark_penry_any,strict_herzog,True,29752,29752,744.0,0.025006722237160526,0.023292830711994752,0.026843256378174193,0.0,,
window_false_positive,ge_2_seizures_per_month,healthy_ovulatory,cycle,12,H1_newmark_penry_any,strict_herzog,True,29933,29933,150.0,0.005011191661377075,0.004272310389218356,0.005877105648496914,0.0,,
window_false_positive,ge_2_seizures_per_month,healthy_ovulatory,full,full_diary,H1_newmark_penry_any,strict_herzog,True,30106,30106,0.0,0.0,1.3552527156068805e-20,0.00012758150274380696,0.0,,
window_false_positive,ge_2_seizures_per_month,population,calendar,1,H1_newmark_penry_any,strict_herzog,True,30842,30842,3800.0,0.1232086116334868,0.11958732794771722,0.12692374450825222,0.0,,
window_false_positive,ge_2_seizures_per_month,population,calendar,3,H1_newmark_penry_any,strict_herzog,True,30532,30532,1680.0,0.0550242368662387,0.05252201554777682,0.05763841554291458,0.0,,
window_false_positive,ge_2_seizures_per_month,population,calendar,4,H1_newmark_penry_any,strict_herzog,True,30309,30309,1162.0,0.0383384473258768,0.03623462135782516,0.04055928336347963,0.0,,
window_false_positive,ge_2_seizures_per_month,population,calendar,6,H1_newmark_penry_any,strict_herzog,True,30294,30294,627.0,0.020697167755991286,0.01915370328635043,0.022362173695522652,0.0,,
window_false_positive,ge_2_seizures_per_month,population,calendar,12,H1_newmark_penry_any,strict_herzog,True,30106,30106,111.0,0.003686972696472464,0.003062786933183433,0.004437799183470918,0.0,,
window_false_positive,ge_2_seizures_per_month,population,cycle,3,H1_newmark_penry_any,strict_herzog,True,29425,29425,1632.0,0.05546304163126593,0.05290541817037389,0.05813671929852146,0.0,,
window_false_positive,ge_2_seizures_per_month,population,cycle,6,H1_newmark_penry_any,strict_herzog,True,29712,29712,658.0,0.022145934302638663,0.020533405595142707,0.023882010358993743,0.0,,
window_false_positive,ge_2_seizures_per_month,population,cycle,12,H1_newmark_penry_any,strict_herzog,True,29887,29887,142.0,0.0047512296316124065,0.004032726222656867,0.005597028069046184,0.0,,
window_false_positive,ge_2_seizures_per_month,population,full,full_diary,H1_newmark_penry_any,strict_herzog,True,30016,30016,0.0,0.0,0.0,0.00012796399427903688,0.0,,
window_false_positive,ge_2_seizures_per_month,healthy_ovulatory,calendar,1,H1_newmark_penry_66_7_any,strict_herzog,True,30913,30913,2250.0,0.07278491249636075,0.06994175543450253,0.07573423364800226,0.0,,
window_false_positive,ge_2_seizures_per_month,healthy_ovulatory,calendar,3,H1_newmark_penry_66_7_any,strict_herzog,True,30501,30501,393.0,0.012884823448411527,0.011679107863428687,0.014213223355106646,0.0,,
window_false_positive,ge_2_seizures_per_month,healthy_ovulatory,calendar,4,H1_newmark_penry_66_7_any,strict_herzog,True,30440,30440,184.0,0.006044678055190539,0.005234078549841463,0.0069799339072808995,0.0,,
window_false_positive,ge_2_seizures_per_month,healthy_ovulatory,calendar,6,H1_newmark_penry_66_7_any,strict_herzog,True,30305,30305,53.0,0.0017488863223890448,0.0013374200433954719,0.0022866531159145254,0.0,,
window_false_positive,ge_2_seizures_per_month,healthy_ovulatory,calendar,12,H1_newmark_penry_66_7_any,strict_herzog,True,30191,30191,0.0,0.0,1.3552527156068805e-20,0.0001272223543857004,0.0,,
window_false_positive,ge_2_seizures_per_month,healthy_ovulatory,cycle,3,H1_newmark_penry_66_7_any,strict_herzog,True,29530,29530,452.0,0.015306467998645445,0.013967938216713029,0.016771085695449082,0.0,,
window_false_positive,ge_2_seizures_per_month,healthy_ovulatory,cycle,6,H1_newmark_penry_66_7_any,strict_herzog,True,29752,29752,51.0,0.001714170475934391,0.0013040970727080674,0.002252900600073891,0.0,,
window_false_positive,ge_2_seizures_per_month,healthy_ovulatory,cycle,12,H1_newmark_penry_66_7_any,strict_herzog,True,29933,29933,1.0,3.3407944409180505e-05,5.897346860510178e-06,0.00018922874313563332,0.0,,
window_false_positive,ge_2_seizures_per_month,healthy_ovulatory,full,full_diary,H1_newmark_penry_66_7_any,strict_herzog,True,30106,30106,0.0,0.0,1.3552527156068805e-20,0.00012758150274380696,0.0,,
window_false_positive,ge_2_seizures_per_month,population,calendar,1,H1_newmark_penry_66_7_any,strict_herzog,True,30842,30842,2057.0,0.06669476687633746,0.06396396127215544,0.06953349783649061,0.0,,
window_false_positive,ge_2_seizures_per_month,population,calendar,3,H1_newmark_penry_66_7_any,strict_herzog,True,30532,30532,356.0,0.011659897812131535,0.01051571775297914,0.012926945839116298,0.0,,
window_false_positive,ge_2_seizures_per_month,population,calendar,4,H1_newmark_penry_66_7_any,strict_herzog,True,30309,30309,168.0,0.005542908047114718,0.004767434572625787,0.006443703759040051,0.0,,
window_false_positive,ge_2_seizures_per_month,population,calendar,6,H1_newmark_penry_66_7_any,strict_herzog,True,30294,30294,42.0,0.0013864131511190335,0.0010259153250526877,0.0018733492624950366,0.0,,
window_false_positive,ge_2_seizures_per_month,population,calendar,12,H1_newmark_penry_66_7_any,strict_herzog,True,30106,30106,1.0,3.3215970238490664e-05,5.863458426512416e-06,0.0001881415093074796,0.0,,
window_false_positive,ge_2_seizures_per_month,population,cycle,3,H1_newmark_penry_66_7_any,strict_herzog,True,29425,29425,379.0,0.012880203908241291,0.011653948546860195,0.014233630476144383,0.0,,
window_false_positive,ge_2_seizures_per_month,population,cycle,6,H1_newmark_penry_66_7_any,strict_herzog,True,29712,29712,72.0,0.0024232633279483036,0.0019248778791311838,0.003050295347094575,0.0,,
window_false_positive,ge_2_seizures_per_month,population,cycle,12,H1_newmark_penry_66_7_any,strict_herzog,True,29887,29887,2.0,6.691872720580855e-05,1.8351720522470668e-05,0.00024398478249959917,0.0,,
window_false_positive,ge_2_seizures_per_month,population,full,full_diary,H1_newmark_penry_66_7_any,strict_herzog,True,30016,30016,0.0,0.0,0.0,0.00012796399427903688,0.0,,
window_false_positive,ge_2_seizures_per_month,healthy_ovulatory,calendar,1,H2_duncan1993_any,strict_herzog,True,30913,30913,3833.0,0.12399314204380034,0.1203658691683218,0.12771385362730872,0.0,,
window_false_positive,ge_2_seizures_per_month,healthy_ovulatory,calendar,3,H2_duncan1993_any,strict_herzog,True,30501,30501,708.0,0.02321235369332153,0.021581575353307073,0.02496321527402257,0.0,,
window_false_positive,ge_2_seizures_per_month,healthy_ovulatory,calendar,4,H2_duncan1993_any,strict_herzog,True,30440,30440,406.0,0.013337713534822602,0.012109043702528691,0.014689199217118202,0.0,,
window_false_positive,ge_2_seizures_per_month,healthy_ovulatory,calendar,6,H2_duncan1993_any,strict_herzog,True,30305,30305,114.0,0.003761755485893417,0.00313259456431604,0.004516706684485802,0.0,,
window_false_positive,ge_2_seizures_per_month,healthy_ovulatory,calendar,12,H2_duncan1993_any,strict_herzog,True,30191,30191,5.0,0.0001656122685568547,7.074167086300074e-05,0.00038766308147096713,0.0,,
window_false_positive,ge_2_seizures_per_month,healthy_ovulatory,cycle,3,H2_duncan1993_any,strict_herzog,True,29530,29530,752.0,0.025465628174737555,0.023729639104929288,0.02732506236094982,0.0,,
window_false_positive,ge_2_seizures_per_month,healthy_ovulatory,cycle,6,H2_duncan1993_any,strict_herzog,True,29752,29752,115.0,0.0038652863673030386,0.0032213966856540627,0.004637277354678787,0.0,,
window_false_positive,ge_2_seizures_per_month,healthy_ovulatory,cycle,12,H2_duncan1993_any,strict_herzog,True,29933,29933,3.0,0.00010022383322754151,3.408571990772138e-05,0.0002946550002591486,0.0,,
window_false_positive,ge_2_seizures_per_month,healthy_ovulatory,full,full_diary,H2_duncan1993_any,strict_herzog,True,30106,30106,0.0,0.0,1.3552527156068805e-20,0.00012758150274380696,0.0,,
window_false_positive,ge_2_seizures_per_month,population,calendar,1,H2_duncan1993_any,strict_herzog,True,30842,30842,3511.0,0.11383827248557163,0.11034157499483463,0.11743115307939275,0.0,,
window_false_positive,ge_2_seizures_per_month,population,calendar,3,H2_duncan1993_any,strict_herzog,True,30532,30532,654.0,0.021420149351500065,0.01985536503156056,0.023105345928043627,0.0,,
window_false_positive,ge_2_seizures_per_month,population,calendar,4,H2_duncan1993_any,strict_herzog,True,30309,30309,350.0,0.011547725098155664,0.010405323615241789,0.012813926872273437,0.0,,
window_false_positive,ge_2_seizures_per_month,population,calendar,6,H2_duncan1993_any,strict_herzog,True,30294,30294,92.0,0.0030369049976893114,0.0024771391350003223,0.0037226906144555523,0.0,,
window_false_positive,ge_2_seizures_per_month,population,calendar,12,H2_duncan1993_any,strict_herzog,True,30106,30106,5.0,0.00016607985119245332,7.094140557580318e-05,0.0003887574221189292,0.0,,
window_false_positive,ge_2_seizures_per_month,population,cycle,3,H2_duncan1993_any,strict_herzog,True,29425,29425,628.0,0.021342395921835174,0.01975249976466313,0.023057254081188056,0.0,,
window_false_positive,ge_2_seizures_per_month,population,cycle,6,H2_duncan1993_any,strict_herzog,True,29712,29712,109.0,0.0036685514270328487,0.003042335566084276,0.004423091893815025,0.0,,
window_false_positive,ge_2_seizures_per_month,population,cycle,12,H2_duncan1993_any,strict_herzog,True,29887,29887,6.0,0.00020075618161742565,9.201150353020139e-05,0.0004379655077398966,0.0,,
window_false_positive,ge_2_seizures_per_month,population,full,full_diary,H2_duncan1993_any,strict_herzog,True,30016,30016,0.0,0.0,0.0,0.00012796399427903688,0.0,,
window_false_positive,ge_2_seizures_per_month,healthy_ovulatory,calendar,1,H3_herzog1997_twofold_any,strict_herzog,True,30913,30913,13980.0,0.45223692297738816,0.44669493790950676,0.4577907772974231,0.0,,
window_false_positive,ge_2_seizures_per_month,healthy_ovulatory,calendar,3,H3_herzog1997_twofold_any,strict_herzog,True,30501,30501,9884.0,0.324054949018065,0.31882501042037903,0.32932920095328877,0.0,,
window_false_positive,ge_2_seizures_per_month,healthy_ovulatory,calendar,4,H3_herzog1997_twofold_any,strict_herzog,True,30440,30440,8531.0,0.2802562417871222,0.27523884916824076,0.28532908973344134,0.0,,
window_false_positive,ge_2_seizures_per_month,healthy_ovulatory,calendar,6,H3_herzog1997_twofold_any,strict_herzog,True,30305,30305,6580.0,0.21712588681735687,0.21252002782963708,0.22180345090530024,0.0,,
window_false_positive,ge_2_seizures_per_month,healthy_ovulatory,calendar,12,H3_herzog1997_twofold_any,strict_herzog,True,30191,30191,3479.0,0.11523301646185949,0.11168012470310405,0.11888381014368614,0.0,,
window_false_positive,ge_2_seizures_per_month,healthy_ovulatory,cycle,3,H3_herzog1997_twofold_any,strict_herzog,True,29530,29530,9569.0,0.32404334575008464,0.3187285455326508,0.3294039192369708,0.0,,
window_false_positive,ge_2_seizures_per_month,healthy_ovulatory,cycle,6,H3_herzog1997_twofold_any,strict_herzog,True,29752,29752,6703.0,0.22529577843506318,0.22058424967055226,0.2300782354545504,0.0,,
window_false_positive,ge_2_seizures_per_month,healthy_ovulatory,cycle,12,H3_herzog1997_twofold_any,strict_herzog,True,29933,29933,3371.0,0.11261818060334748,0.10908654151854974,0.11624923640912058,0.0,,
window_false_positive,ge_2_seizures_per_month,healthy_ovulatory,full,full_diary,H3_herzog1997_twofold_any,strict_herzog,True,30106,30106,375.0,0.012455988839434,0.011263906445520111,0.0137724744285431,0.0,,
window_false_positive,ge_2_seizures_per_month,population,calendar,1,H3_herzog1997_twofold_any,strict_herzog,True,30842,30781,15135.0,0.491699424969949,0.48611589011271755,0.497285031386796,0.001977822449905964,,
window_false_positive,ge_2_seizures_per_month,population,calendar,3,H3_herzog1997_twofold_any,strict_herzog,True,30532,30532,12966.0,0.4246691995283637,0.4191346156045038,0.43022273692814683,0.0,,
window_false_positive,ge_2_seizures_per_month,population,calendar,4,H3_herzog1997_twofold_any,strict_herzog,True,30309,30309,12047.0,0.3974726978785179,0.3919766246622499,0.40299475707235466,0.0,,
window_false_positive,ge_2_seizures_per_month,population,calendar,6,H3_herzog1997_twofold_any,strict_herzog,True,30294,30294,10765.0,0.35535089456658087,0.3499798998535154,0.36075856935685435,0.0,,
window_false_positive,ge_2_seizures_per_month,population,calendar,12,H3_herzog1997_twofold_any,strict_herzog,True,30106,30106,8499.0,0.28230253105693215,0.27724603728289254,0.28741457317143426,0.0,,
window_false_positive,ge_2_seizures_per_month,population,cycle,3,H3_herzog1997_twofold_any,strict_herzog,True,29425,29425,12248.0,0.4162446898895497,0.4106237595279195,0.4218874860507734,0.0,,
window_false_positive,ge_2_seizures_per_month,population,cycle,6,H3_herzog1997_twofold_any,strict_herzog,True,29712,29712,10471.0,0.3524165320409262,0.3470039482372716,0.35786727298817483,0.0,,
window_false_positive,ge_2_seizures_per_month,population,cycle,12,H3_herzog1997_twofold_any,strict_herzog,True,29887,29887,8150.0,0.2726938133636698,0.26767429092412554,0.2777717608801298,0.0,,
window_false_positive,ge_2_seizures_per_month,population,full,full_diary,H3_herzog1997_twofold_any,strict_herzog,True,30016,30016,7076.0,0.2357409381663113,0.23097308207913167,0.2405764255436443,0.0,,
window_false_positive,ge_2_seizures_per_month,healthy_ovulatory,calendar,1,H4_reddy2007_any_phase2x_any,strict_herzog,True,30913,30912,28668.0,0.9274068322981367,0.9244609555756736,0.9302464938462113,3.234884999836485e-05,,
window_false_positive,ge_2_seizures_per_month,healthy_ovulatory,calendar,3,H4_reddy2007_any_phase2x_any,strict_herzog,True,30501,30501,20754.0,0.6804367069932133,0.6751811127105375,0.6856468566745401,0.0,,
window_false_positive,ge_2_seizures_per_month,healthy_ovulatory,calendar,4,H4_reddy2007_any_phase2x_any,strict_herzog,True,30440,30440,17615.0,0.5786793692509855,0.5731228723025046,0.584216010390046,0.0,,
window_false_positive,ge_2_seizures_per_month,healthy_ovulatory,calendar,6,H4_reddy2007_any_phase2x_any,strict_herzog,True,30305,30305,12967.0,0.42788318759280647,0.4223221512308478,0.4334625046776044,0.0,,
window_false_positive,ge_2_seizures_per_month,healthy_ovulatory,calendar,12,H4_reddy2007_any_phase2x_any,strict_herzog,True,30191,30191,5840.0,0.1934351296744063,0.18901874204196295,0.19792952111599915,0.0,,
window_false_positive,ge_2_seizures_per_month,healthy_ovulatory,cycle,3,H4_reddy2007_any_phase2x_any,strict_herzog,True,29530,29530,19598.0,0.6636640704368438,0.6582544761406546,0.6690310892497262,0.0,,
window_false_positive,ge_2_seizures_per_month,healthy_ovulatory,cycle,6,H4_reddy2007_any_phase2x_any,strict_herzog,True,29752,29752,12758.0,0.4288115084700188,0.42319747343615965,0.43444392427520295,0.0,,
window_false_positive,ge_2_seizures_per_month,healthy_ovulatory,cycle,12,H4_reddy2007_any_phase2x_any,strict_herzog,True,29933,29933,5914.0,0.1975745832358935,0.19310284476206296,0.20212393542768614,0.0,,
window_false_positive,ge_2_seizures_per_month,healthy_ovulatory,full,full_diary,H4_reddy2007_any_phase2x_any,strict_herzog,True,30106,30106,483.0,0.016043313625190993,0.014684563112686358,0.01752555198031685,0.0,,
window_false_positive,ge_2_seizures_per_month,population,calendar,1,H4_reddy2007_any_phase2x_any,strict_herzog,True,30842,30738,28370.0,0.9229618062333268,0.9199277177379138,0.9258901892612553,0.0033720251604953955,,
window_false_positive,ge_2_seizures_per_month,population,calendar,3,H4_reddy2007_any_phase2x_any,strict_herzog,True,30532,30532,20747.0,0.6795165727761038,0.6742597930454806,0.684728185549538,0.0,,
window_false_positive,ge_2_seizures_per_month,population,calendar,4,H4_reddy2007_any_phase2x_any,strict_herzog,True,30309,30309,17626.0,0.5815434359431192,0.5759797938065425,0.5870864105515989,0.0,,
window_false_positive,ge_2_seizures_per_month,population,calendar,6,H4_reddy2007_any_phase2x_any,strict_herzog,True,30294,30294,13078.0,0.4317026473889219,0.426134020451761,0.43728859314847973,0.0,,
window_false_positive,ge_2_seizures_per_month,population,calendar,12,H4_reddy2007_any_phase2x_any,strict_herzog,True,30106,30106,5929.0,0.19693748754401116,0.19248405889507766,0.2014682465344735,0.0,,
window_false_positive,ge_2_seizures_per_month,population,cycle,3,H4_reddy2007_any_phase2x_any,strict_herzog,True,29425,29425,19110.0,0.6494477485131691,0.6439767811889183,0.6548796998691859,0.0,,
window_false_positive,ge_2_seizures_per_month,population,cycle,6,H4_reddy2007_any_phase2x_any,strict_herzog,True,29712,29712,12229.0,0.4115845449649973,0.4060006338775713,0.4171913155316072,0.0,,
window_false_positive,ge_2_seizures_per_month,population,cycle,12,H4_reddy2007_any_phase2x_any,strict_herzog,True,29887,29887,5601.0,0.18740589553986683,0.18302196438116264,0.19187017354203673,0.0,,
window_false_positive,ge_2_seizures_per_month,population,full,full_diary,H4_reddy2007_any_phase2x_any,strict_herzog,True,30016,30016,580.0,0.019323027718550108,0.01782612245648025,0.02094295167128215,0.0,,
window_false_positive,strict_23_35_day_cycles_only,healthy_ovulatory,calendar,1,A_exact_any,strict_herzog,False,40114,0,0.0,,,,1.0,,
window_false_positive,strict_23_35_day_cycles_only,healthy_ovulatory,calendar,3,A_exact_any,strict_herzog,False,32977,0,0.0,,,,1.0,,
window_false_positive,strict_23_35_day_cycles_only,healthy_ovulatory,calendar,4,A_exact_any,strict_herzog,False,30161,0,0.0,,,,1.0,,
window_false_positive,strict_23_35_day_cycles_only,healthy_ovulatory,calendar,6,A_exact_any,strict_herzog,False,25345,0,0.0,,,,1.0,,
window_false_positive,strict_23_35_day_cycles_only,healthy_ovulatory,calendar,12,A_exact_any,strict_herzog,False,16538,0,0.0,,,,1.0,,
window_false_positive,strict_23_35_day_cycles_only,healthy_ovulatory,cycle,3,A_exact_any,strict_herzog,False,36385,23101,11616.0,0.5028353750919874,0.4963878747754059,0.5092819325778918,0.3650955063899959,,
window_false_positive,strict_23_35_day_cycles_only,healthy_ovulatory,cycle,6,A_exact_any,strict_herzog,False,28126,0,0.0,,,,1.0,,
window_false_positive,strict_23_35_day_cycles_only,healthy_ovulatory,cycle,12,A_exact_any,strict_herzog,False,18103,0,0.0,,,,1.0,,
window_false_positive,strict_23_35_day_cycles_only,healthy_ovulatory,full,full_diary,A_exact_any,strict_herzog,False,5456,0,0.0,,,,1.0,,
window_false_positive,strict_23_35_day_cycles_only,population,calendar,1,A_exact_any,strict_herzog,False,30644,0,0.0,,,,1.0,,
window_false_positive,strict_23_35_day_cycles_only,population,calendar,3,A_exact_any,strict_herzog,False,22446,0,0.0,,,,1.0,,
window_false_positive,strict_23_35_day_cycles_only,population,calendar,4,A_exact_any,strict_herzog,False,19875,0,0.0,,,,1.0,,
window_false_positive,strict_23_35_day_cycles_only,population,calendar,6,A_exact_any,strict_herzog,False,16018,0,0.0,,,,1.0,,
window_false_positive,strict_23_35_day_cycles_only,population,calendar,12,A_exact_any,strict_herzog,False,9896,0,0.0,,,,1.0,,
window_false_positive,strict_23_35_day_cycles_only,population,cycle,3,A_exact_any,strict_herzog,False,26291,16673,8602.0,0.5159239488994182,0.5083355376132134,0.5235050241209237,0.36582861055113913,,
window_false_positive,strict_23_35_day_cycles_only,population,cycle,6,A_exact_any,strict_herzog,False,17969,0,0.0,,,,1.0,,
window_false_positive,strict_23_35_day_cycles_only,population,cycle,12,A_exact_any,strict_herzog,False,10641,0,0.0,,,,1.0,,
window_false_positive,strict_23_35_day_cycles_only,population,full,full_diary,A_exact_any,strict_herzog,False,2983,0,0.0,,,,1.0,,
window_false_positive,strict_23_35_day_cycles_only,healthy_ovulatory,calendar,1,A_windowed_any,strict_herzog,False,40114,30698,14737.0,0.48006384780767475,0.4744779043296483,0.4856547801661104,0.23473101660268236,,
window_false_positive,strict_23_35_day_cycles_only,healthy_ovulatory,calendar,3,A_windowed_any,strict_herzog,False,32977,29925,12278.0,0.4102923976608187,0.4047311670023414,0.41587665681244784,0.09254935257907027,,
window_false_positive,strict_23_35_day_cycles_only,healthy_ovulatory,calendar,4,A_windowed_any,strict_herzog,False,30161,28002,10751.0,0.3839368616527391,0.37825680769592324,0.38964875552175454,0.07158250721129933,,
window_false_positive,strict_23_35_day_cycles_only,healthy_ovulatory,calendar,6,A_windowed_any,strict_herzog,False,25345,24099,8199.0,0.34022158595792357,0.3342657193775144,0.34622838281549756,0.04916157032945356,,
window_false_positive,strict_23_35_day_cycles_only,healthy_ovulatory,calendar,12,A_windowed_any,strict_herzog,False,16538,16130,4077.0,0.2527588344699318,0.24611145618209548,0.25952394873014495,0.024670455919700074,,
window_false_positive,strict_23_35_day_cycles_only,healthy_ovulatory,cycle,3,A_windowed_any,strict_herzog,False,36385,32861,13672.0,0.4160555065274946,0.41073633376362945,0.42139430326035426,0.09685309880445236,,
window_false_positive,strict_23_35_day_cycles_only,healthy_ovulatory,cycle,6,A_windowed_any,strict_herzog,False,28126,26643,9178.0,0.3444807266448974,0.3387975144048579,0.35020877878728246,0.05272701415060799,,
window_false_positive,strict_23_35_day_cycles_only,healthy_ovulatory,cycle,12,A_windowed_any,strict_herzog,False,18103,17649,4498.0,0.2548586322171228,0.24848325430171345,0.2613407012249303,0.02507871623487823,,
window_false_positive,strict_23_35_day_cycles_only,healthy_ovulatory,full,full_diary,A_windowed_any,strict_herzog,False,5456,5407,580.0,0.10726835583502867,0.0992970606340973,0.11579729533218455,0.008980938416422335,,
window_false_positive,strict_23_35_day_cycles_only,population,calendar,1,A_windowed_any,strict_herzog,False,30644,23362,11634.0,0.49798818594298433,0.49157754487992017,0.504399488510225,0.23763216290301525,,
window_false_positive,strict_23_35_day_cycles_only,population,calendar,3,A_windowed_any,strict_herzog,False,22446,20292,9329.0,0.4597378277153558,0.45288895224402254,0.4666019442869092,0.09596364608393482,,
window_false_positive,strict_23_35_day_cycles_only,population,calendar,4,A_windowed_any,strict_herzog,False,19875,18455,8162.0,0.44226496884313193,0.4351122229478793,0.4494417451462729,0.07144654088050317,,
window_false_positive,strict_23_35_day_cycles_only,population,calendar,6,A_windowed_any,strict_herzog,False,16018,15238,6250.0,0.4101588134925843,0.40237282788438855,0.4179900851273147,0.04869521787988518,,
window_false_positive,strict_23_35_day_cycles_only,population,calendar,12,A_windowed_any,strict_herzog,False,9896,9623,3638.0,0.378052582354775,0.368414794702889,0.3877876928898056,0.027586903799515006,,
window_false_positive,strict_23_35_day_cycles_only,population,cycle,3,A_windowed_any,strict_herzog,False,26291,23716,11068.0,0.4666891550008433,0.46034567996374975,0.47304341950628714,0.09794226161043706,,
window_false_positive,strict_23_35_day_cycles_only,population,cycle,6,A_windowed_any,strict_herzog,False,17969,17023,7122.0,0.4183751395171239,0.41098409089389876,0.4258030192274358,0.05264622405253494,,
window_false_positive,strict_23_35_day_cycles_only,population,cycle,12,A_windowed_any,strict_herzog,False,10641,10333,3788.0,0.3665924707248621,0.35735251894055264,0.37593157843259806,0.028944648059392897,,
window_false_positive,strict_23_35_day_cycles_only,population,full,full_diary,A_windowed_any,strict_herzog,False,2983,2950,1158.0,0.3925423728813559,0.37507171213739054,0.41029253004061683,0.01106268856855519,,
window_false_positive,strict_23_35_day_cycles_only,healthy_ovulatory,calendar,1,A_windowed_excluding_C3,strict_herzog,False,40114,30698,14737.0,0.48006384780767475,0.4744779043296483,0.4856547801661104,0.23473101660268236,,
window_false_positive,strict_23_35_day_cycles_only,healthy_ovulatory,calendar,3,A_windowed_excluding_C3,strict_herzog,False,32977,29925,12278.0,0.4102923976608187,0.4047311670023414,0.41587665681244784,0.09254935257907027,,
window_false_positive,strict_23_35_day_cycles_only,healthy_ovulatory,calendar,4,A_windowed_excluding_C3,strict_herzog,False,30161,28002,10751.0,0.3839368616527391,0.37825680769592324,0.38964875552175454,0.07158250721129933,,
window_false_positive,strict_23_35_day_cycles_only,healthy_ovulatory,calendar,6,A_windowed_excluding_C3,strict_herzog,False,25345,24099,8199.0,0.34022158595792357,0.3342657193775144,0.34622838281549756,0.04916157032945356,,
window_false_positive,strict_23_35_day_cycles_only,healthy_ovulatory,calendar,12,A_windowed_excluding_C3,strict_herzog,False,16538,16130,4077.0,0.2527588344699318,0.24611145618209548,0.25952394873014495,0.024670455919700074,,
window_false_positive,strict_23_35_day_cycles_only,healthy_ovulatory,cycle,3,A_windowed_excluding_C3,strict_herzog,False,36385,32861,13672.0,0.4160555065274946,0.41073633376362945,0.42139430326035426,0.09685309880445236,,
window_false_positive,strict_23_35_day_cycles_only,healthy_ovulatory,cycle,6,A_windowed_excluding_C3,strict_herzog,False,28126,26643,9178.0,0.3444807266448974,0.3387975144048579,0.35020877878728246,0.05272701415060799,,
window_false_positive,strict_23_35_day_cycles_only,healthy_ovulatory,cycle,12,A_windowed_excluding_C3,strict_herzog,False,18103,17649,4498.0,0.2548586322171228,0.24848325430171345,0.2613407012249303,0.02507871623487823,,
window_false_positive,strict_23_35_day_cycles_only,healthy_ovulatory,full,full_diary,A_windowed_excluding_C3,strict_herzog,False,5456,5407,580.0,0.10726835583502867,0.0992970606340973,0.11579729533218455,0.008980938416422335,,
window_false_positive,strict_23_35_day_cycles_only,population,calendar,1,A_windowed_excluding_C3,strict_herzog,False,30644,23362,11084.0,0.4744456810204606,0.4680472357642409,0.4808525287871761,0.23763216290301525,,
window_false_positive,strict_23_35_day_cycles_only,population,calendar,3,A_windowed_excluding_C3,strict_herzog,False,22446,20292,8423.0,0.4150896905184309,0.4083268279728083,0.42188469555570507,0.09596364608393482,,
window_false_positive,strict_23_35_day_cycles_only,population,calendar,4,A_windowed_excluding_C3,strict_herzog,False,19875,18455,7193.0,0.38975887293416417,0.3827462834812215,0.3968173468215027,0.07144654088050317,,
window_false_positive,strict_23_35_day_cycles_only,population,calendar,6,A_windowed_excluding_C3,strict_herzog,False,16018,15238,5235.0,0.3435490221813886,0.3360491566849411,0.35112774953850706,0.04869521787988518,,
window_false_positive,strict_23_35_day_cycles_only,population,calendar,12,A_windowed_excluding_C3,strict_herzog,False,9896,9623,2484.0,0.2581315598046347,0.2494859563548493,0.2669701918104653,0.027586903799515006,,
window_false_positive,strict_23_35_day_cycles_only,population,cycle,3,A_windowed_excluding_C3,strict_herzog,False,26291,23716,9819.0,0.4140242874009108,0.4077699659068888,0.42030645664932037,0.09794226161043706,,
window_false_positive,strict_23_35_day_cycles_only,population,cycle,6,A_windowed_excluding_C3,strict_herzog,False,17969,17023,5940.0,0.34893966985842684,0.34181443118288873,0.356133070563791,0.05264622405253494,,
window_false_positive,strict_23_35_day_cycles_only,population,cycle,12,A_windowed_excluding_C3,strict_herzog,False,10641,10333,2655.0,0.2569437723797542,0.24861028000826277,0.26545791770858007,0.028944648059392897,,
window_false_positive,strict_23_35_day_cycles_only,population,full,full_diary,A_windowed_excluding_C3,strict_herzog,False,2983,2950,336.0,0.11389830508474576,0.10293285245397374,0.12586800508782553,0.01106268856855519,,
window_false_positive,strict_23_35_day_cycles_only,healthy_ovulatory,calendar,1,A_windowed_C1_only,strict_herzog,False,40114,27972,8817.0,0.3152080652080652,0.30978917522899063,0.32067770401690743,0.30268734107792794,,
window_false_positive,strict_23_35_day_cycles_only,healthy_ovulatory,calendar,3,A_windowed_C1_only,strict_herzog,False,32977,28918,7984.0,0.2760910159762086,0.2709683453018351,0.28127316675961556,0.1230857870637111,,
window_false_positive,strict_23_35_day_cycles_only,healthy_ovulatory,calendar,4,A_windowed_C1_only,strict_herzog,False,30161,27291,7130.0,0.2612582902788465,0.25607996538612166,0.26650381588772565,0.09515599615397363,,
window_false_positive,strict_23_35_day_cycles_only,healthy_ovulatory,calendar,6,A_windowed_C1_only,strict_herzog,False,25345,23678,5449.0,0.2301292338879973,0.22481196255361033,0.23553405731893315,0.06577234168475043,,
window_false_positive,strict_23_35_day_cycles_only,healthy_ovulatory,calendar,12,A_windowed_C1_only,strict_herzog,False,16538,15980,2789.0,0.17453066332916145,0.16872407769010936,0.18049369159277798,0.033740476478413384,,
window_false_positive,strict_23_35_day_cycles_only,healthy_ovulatory,cycle,3,A_windowed_C1_only,strict_herzog,False,36385,31705,8751.0,0.27601324712190506,0.27112004640903814,0.2809607188738877,0.12862443314552696,,
window_false_positive,strict_23_35_day_cycles_only,healthy_ovulatory,cycle,6,A_windowed_C1_only,strict_herzog,False,28126,26138,6107.0,0.23364450225724998,0.22855401792405453,0.2388132667435751,0.07068193130910905,,
window_false_positive,strict_23_35_day_cycles_only,healthy_ovulatory,cycle,12,A_windowed_C1_only,strict_herzog,False,18103,17482,2969.0,0.16983182702207986,0.16433847583914815,0.17547024728200003,0.034303706567972214,,
window_false_positive,strict_23_35_day_cycles_only,healthy_ovulatory,full,full_diary,A_windowed_C1_only,strict_herzog,False,5456,5379,411.0,0.07640825432236475,0.06960747975735389,0.08381362044380726,0.014112903225806495,,
window_false_positive,strict_23_35_day_cycles_only,population,calendar,1,A_windowed_C1_only,strict_herzog,False,30644,21325,6674.0,0.3129660023446659,0.30677656346533544,0.31922281322837354,0.3041052081973633,,
window_false_positive,strict_23_35_day_cycles_only,population,calendar,3,A_windowed_C1_only,strict_herzog,False,22446,19564,5433.0,0.2777039460233081,0.2714722674667746,0.2840229046346346,0.12839704178918288,,
window_false_positive,strict_23_35_day_cycles_only,population,calendar,4,A_windowed_C1_only,strict_herzog,False,19875,17995,4724.0,0.2625173659349819,0.2561397795705217,0.2689963232417306,0.0945911949685535,,
window_false_positive,strict_23_35_day_cycles_only,population,calendar,6,A_windowed_C1_only,strict_herzog,False,16018,14935,3432.0,0.2297957817207901,0.22311863754862374,0.2366118895978138,0.06761143713322515,,
window_false_positive,strict_23_35_day_cycles_only,population,calendar,12,A_windowed_C1_only,strict_herzog,False,9896,9527,1691.0,0.17749553899443687,0.16995354261740622,0.18529750981586382,0.03728779304769603,,
window_false_positive,strict_23_35_day_cycles_only,population,cycle,3,A_windowed_C1_only,strict_herzog,False,26291,22908,6269.0,0.2736598568185787,0.26792478578326684,0.27947082540591084,0.12867521204975085,,
window_false_positive,strict_23_35_day_cycles_only,population,cycle,6,A_windowed_C1_only,strict_herzog,False,17969,16711,3863.0,0.23116510083178746,0.22483550103018685,0.23761826964207583,0.07000946073793757,,
window_false_positive,strict_23_35_day_cycles_only,population,cycle,12,A_windowed_C1_only,strict_herzog,False,10641,10219,1772.0,0.17340248556610235,0.16618518409233465,0.18086523952149033,0.03965792688657077,,
window_false_positive,strict_23_35_day_cycles_only,population,full,full_diary,A_windowed_C1_only,strict_herzog,False,2983,2945,235.0,0.07979626485568761,0.07054797954073648,0.09013934985207316,0.01273885350318471,,
window_false_positive,strict_23_35_day_cycles_only,healthy_ovulatory,calendar,1,A_windowed_C2_only,strict_herzog,False,40114,28888,9079.0,0.3142827471614511,0.3089544319224081,0.3196604483269737,0.27985242060128634,,
window_false_positive,strict_23_35_day_cycles_only,healthy_ovulatory,calendar,3,A_windowed_C2_only,strict_herzog,False,32977,29262,7454.0,0.2547331009500376,0.24977328746785005,0.25975730230872657,0.11265427419110285,,
window_false_positive,strict_23_35_day_cycles_only,healthy_ovulatory,calendar,4,A_windowed_C2_only,strict_herzog,False,30161,27521,6328.0,0.22993350532320772,0.22499997187568724,0.234942421535036,0.08753025430191308,,
window_false_positive,strict_23_35_day_cycles_only,healthy_ovulatory,calendar,6,A_windowed_C2_only,strict_herzog,False,25345,23804,4782.0,0.20089060662073602,0.1958491880099906,0.2060285494308329,0.060800946932333844,,
window_false_positive,strict_23_35_day_cycles_only,healthy_ovulatory,calendar,12,A_windowed_C2_only,strict_herzog,False,16538,16036,2183.0,0.13613120478922425,0.1309106132041015,0.14152608575202277,0.03035433546982702,,
window_false_positive,strict_23_35_day_cycles_only,healthy_ovulatory,cycle,3,A_windowed_C2_only,strict_herzog,False,36385,32065,8391.0,0.26168719787930766,0.25690485361899035,0.2665266361145954,0.11873024598048643,,
window_false_positive,strict_23_35_day_cycles_only,healthy_ovulatory,cycle,6,A_windowed_C2_only,strict_herzog,False,28126,26311,5361.0,0.2037550834251834,0.19893154154352605,0.20866511738391774,0.06453103889639478,,
window_false_positive,strict_23_35_day_cycles_only,healthy_ovulatory,cycle,12,A_windowed_C2_only,strict_herzog,False,18103,17543,2469.0,0.14073989625491648,0.13567254166909506,0.14596455355504048,0.030934099320554576,,
window_false_positive,strict_23_35_day_cycles_only,healthy_ovulatory,full,full_diary,A_windowed_C2_only,strict_herzog,False,5456,5399,279.0,0.05167623634006297,0.04608356099534812,0.0579064344733196,0.01044721407624638,,
window_false_positive,strict_23_35_day_cycles_only,population,calendar,1,A_windowed_C2_only,strict_herzog,False,30644,21984,6759.0,0.3074508733624454,0.30138526158466356,0.31358376500872404,0.2826001827437671,,
window_false_positive,strict_23_35_day_cycles_only,population,calendar,3,A_windowed_C2_only,strict_herzog,False,22446,19826,5074.0,0.25592656108140827,0.24989994922754954,0.2620477372883687,0.1167245834447117,,
window_false_positive,strict_23_35_day_cycles_only,population,calendar,4,A_windowed_C2_only,strict_herzog,False,19875,18103,4214.0,0.2327790973871734,0.2266800908347213,0.23899148849603757,0.08915723270440257,,
window_false_positive,strict_23_35_day_cycles_only,population,calendar,6,A_windowed_C2_only,strict_herzog,False,16018,15062,3069.0,0.20375780108883282,0.19740111383075476,0.21026555886111742,0.05968285678611562,,
window_false_positive,strict_23_35_day_cycles_only,population,calendar,12,A_windowed_C2_only,strict_herzog,False,9896,9573,1358.0,0.14185730700929697,0.13501165497826026,0.14899027514825333,0.03263945028294257,,
window_false_positive,strict_23_35_day_cycles_only,population,cycle,3,A_windowed_C2_only,strict_herzog,False,26291,23124,6007.0,0.2597733956062965,0.25416170129575655,0.26546489162336895,0.12045947282339964,,
window_false_positive,strict_23_35_day_cycles_only,population,cycle,6,A_windowed_C2_only,strict_herzog,False,17969,16799,3515.0,0.20923864515744986,0.20315440170753618,0.21545583609413405,0.06511213757025991,,
window_false_positive,strict_23_35_day_cycles_only,population,cycle,12,A_windowed_C2_only,strict_herzog,False,10641,10259,1465.0,0.14280144263573447,0.13616487459917967,0.14970541489059117,0.0358988816840522,,
window_false_positive,strict_23_35_day_cycles_only,population,full,full_diary,A_windowed_C2_only,strict_herzog,False,2983,2945,168.0,0.05704584040747029,0.04923196783535039,0.06601378666397902,0.01273885350318471,,
window_false_positive,strict_23_35_day_cycles_only,healthy_ovulatory,calendar,1,A_windowed_C3_only,strict_herzog,False,40114,0,0.0,,,,1.0,,
window_false_positive,strict_23_35_day_cycles_only,healthy_ovulatory,calendar,3,A_windowed_C3_only,strict_herzog,False,32977,0,0.0,,,,1.0,,
window_false_positive,strict_23_35_day_cycles_only,healthy_ovulatory,calendar,4,A_windowed_C3_only,strict_herzog,False,30161,0,0.0,,,,1.0,,
window_false_positive,strict_23_35_day_cycles_only,healthy_ovulatory,calendar,6,A_windowed_C3_only,strict_herzog,False,25345,0,0.0,,,,1.0,,
window_false_positive,strict_23_35_day_cycles_only,healthy_ovulatory,calendar,12,A_windowed_C3_only,strict_herzog,False,16538,0,0.0,,,,1.0,,
window_false_positive,strict_23_35_day_cycles_only,healthy_ovulatory,cycle,3,A_windowed_C3_only,strict_herzog,False,36385,0,0.0,,,,1.0,,
window_false_positive,strict_23_35_day_cycles_only,healthy_ovulatory,cycle,6,A_windowed_C3_only,strict_herzog,False,28126,0,0.0,,,,1.0,,
window_false_positive,strict_23_35_day_cycles_only,healthy_ovulatory,cycle,12,A_windowed_C3_only,strict_herzog,False,18103,0,0.0,,,,1.0,,
window_false_positive,strict_23_35_day_cycles_only,healthy_ovulatory,full,full_diary,A_windowed_C3_only,strict_herzog,False,5456,0,0.0,,,,1.0,,
window_false_positive,strict_23_35_day_cycles_only,population,calendar,1,A_windowed_C3_only,strict_herzog,False,30644,2810,1573.0,0.5597864768683274,0.5413629078002693,0.5780468048353604,0.9083017882782927,,
window_false_positive,strict_23_35_day_cycles_only,population,calendar,3,A_windowed_C3_only,strict_herzog,False,22446,3351,1839.0,0.5487914055505819,0.5318969046994557,0.5655741692734253,0.8507083667468591,,
window_false_positive,strict_23_35_day_cycles_only,population,calendar,4,A_windowed_C3_only,strict_herzog,False,19875,3318,1835.0,0.553044002411091,0.5360753817311383,0.5698899403239863,0.8330566037735849,,
window_false_positive,strict_23_35_day_cycles_only,population,calendar,6,A_windowed_C3_only,strict_herzog,False,16018,3116,1661.0,0.5330551989730423,0.5155078958201741,0.5505211004346126,0.8054688475465102,,
window_false_positive,strict_23_35_day_cycles_only,population,calendar,12,A_windowed_C3_only,strict_herzog,False,9896,2883,1572.0,0.5452653485952134,0.5270406760875294,0.5633695538204967,0.7086701697655619,,
window_false_positive,strict_23_35_day_cycles_only,population,cycle,3,A_windowed_C3_only,strict_herzog,False,26291,4533,2485.0,0.5482020736818883,0.5336796957614766,0.5626428237637248,0.8275835837358791,,
window_false_positive,strict_23_35_day_cycles_only,population,cycle,6,A_windowed_C3_only,strict_herzog,False,17969,3635,1992.0,0.5480055020632737,0.5317841655952228,0.5641254814585147,0.7977071623351327,,
window_false_positive,strict_23_35_day_cycles_only,population,cycle,12,A_windowed_C3_only,strict_herzog,False,10641,2967,1604.0,0.540613414223121,0.5226407018048203,0.5584810959553563,0.7211728221031858,,
window_false_positive,strict_23_35_day_cycles_only,population,full,full_diary,A_windowed_C3_only,strict_herzog,False,2983,1807,918.0,0.5080243497509684,0.4849811382332345,0.5310335160915489,0.39423399262487424,,
window_false_positive,strict_23_35_day_cycles_only,healthy_ovulatory,calendar,1,B_minimum_data_any,strict_herzog,False,40114,0,0.0,,,,1.0,,
window_false_positive,strict_23_35_day_cycles_only,healthy_ovulatory,calendar,3,B_minimum_data_any,strict_herzog,False,32977,0,0.0,,,,1.0,,
window_false_positive,strict_23_35_day_cycles_only,healthy_ovulatory,calendar,4,B_minimum_data_any,strict_herzog,False,30161,22817,8140.0,0.3567515449007319,0.35056041899171236,0.3629908971683093,0.24349325287623091,,
window_false_positive,strict_23_35_day_cycles_only,healthy_ovulatory,calendar,6,B_minimum_data_any,strict_herzog,False,25345,20934,6613.0,0.31589758287952613,0.30963452818612397,0.3222281919916156,0.17403827184849086,,
window_false_positive,strict_23_35_day_cycles_only,healthy_ovulatory,calendar,12,B_minimum_data_any,strict_herzog,False,16538,14989,3505.0,0.2338381479751818,0.22713077036722784,0.24068191731341604,0.09366307896964565,,
window_false_positive,strict_23_35_day_cycles_only,healthy_ovulatory,cycle,3,B_minimum_data_any,strict_herzog,False,36385,0,0.0,,,,1.0,,
window_false_positive,strict_23_35_day_cycles_only,healthy_ovulatory,cycle,6,B_minimum_data_any,strict_herzog,False,28126,22977,7291.0,0.3173173173173173,0.31133020267103456,0.3233655061417617,0.18306904643390454,,
window_false_positive,strict_23_35_day_cycles_only,healthy_ovulatory,cycle,12,B_minimum_data_any,strict_herzog,False,18103,16417,3864.0,0.23536577937503808,0.22893882327496926,0.24191655147608673,0.09313373474009834,,
window_false_positive,strict_23_35_day_cycles_only,healthy_ovulatory,full,full_diary,B_minimum_data_any,strict_herzog,False,5456,5275,502.0,0.09516587677725119,0.08753903251908868,0.10338192365712662,0.03317448680351909,,
window_false_positive,strict_23_35_day_cycles_only,population,calendar,1,B_minimum_data_any,strict_herzog,False,30644,0,0.0,,,,1.0,,
window_false_positive,strict_23_35_day_cycles_only,population,calendar,3,B_minimum_data_any,strict_herzog,False,22446,0,0.0,,,,1.0,,
window_false_positive,strict_23_35_day_cycles_only,population,calendar,4,B_minimum_data_any,strict_herzog,False,19875,14911,6274.0,0.42076319495674336,0.4128606487192513,0.42870655757495213,0.2497610062893082,,
window_false_positive,strict_23_35_day_cycles_only,population,calendar,6,B_minimum_data_any,strict_herzog,False,16018,13255,5177.0,0.390569596378725,0.38229687309404176,0.39890572978721855,0.17249344487451612,,
window_false_positive,strict_23_35_day_cycles_only,population,calendar,12,B_minimum_data_any,strict_herzog,False,9896,8963,3273.0,0.36516791252928704,0.35525989361913485,0.37519145749487487,0.09428051738075993,,
window_false_positive,strict_23_35_day_cycles_only,population,cycle,3,B_minimum_data_any,strict_herzog,False,26291,0,0.0,,,,1.0,,
window_false_positive,strict_23_35_day_cycles_only,population,cycle,6,B_minimum_data_any,strict_herzog,False,17969,14700,5865.0,0.3989795918367347,0.39109090868456786,0.40692105925471334,0.18192442539929876,,
window_false_positive,strict_23_35_day_cycles_only,population,cycle,12,B_minimum_data_any,strict_herzog,False,10641,9586,3368.0,0.35134571249739205,0.3418503897163001,0.3609601299113646,0.09914481721642698,,
window_false_positive,strict_23_35_day_cycles_only,population,full,full_diary,B_minimum_data_any,strict_herzog,False,2983,2878,1116.0,0.3877692842251564,0.3701290208549403,0.40570875189181027,0.03519946362722093,,
window_false_positive,strict_23_35_day_cycles_only,healthy_ovulatory,calendar,1,B_minimum_data_excluding_C3,strict_herzog,False,40114,0,0.0,,,,1.0,,
window_false_positive,strict_23_35_day_cycles_only,healthy_ovulatory,calendar,3,B_minimum_data_excluding_C3,strict_herzog,False,32977,0,0.0,,,,1.0,,
window_false_positive,strict_23_35_day_cycles_only,healthy_ovulatory,calendar,4,B_minimum_data_excluding_C3,strict_herzog,False,30161,22817,8140.0,0.3567515449007319,0.35056041899171236,0.3629908971683093,0.24349325287623091,,
window_false_positive,strict_23_35_day_cycles_only,healthy_ovulatory,calendar,6,B_minimum_data_excluding_C3,strict_herzog,False,25345,20934,6613.0,0.31589758287952613,0.30963452818612397,0.3222281919916156,0.17403827184849086,,
window_false_positive,strict_23_35_day_cycles_only,healthy_ovulatory,calendar,12,B_minimum_data_excluding_C3,strict_herzog,False,16538,14989,3505.0,0.2338381479751818,0.22713077036722784,0.24068191731341604,0.09366307896964565,,
window_false_positive,strict_23_35_day_cycles_only,healthy_ovulatory,cycle,3,B_minimum_data_excluding_C3,strict_herzog,False,36385,0,0.0,,,,1.0,,
window_false_positive,strict_23_35_day_cycles_only,healthy_ovulatory,cycle,6,B_minimum_data_excluding_C3,strict_herzog,False,28126,22977,7291.0,0.3173173173173173,0.31133020267103456,0.3233655061417617,0.18306904643390454,,
window_false_positive,strict_23_35_day_cycles_only,healthy_ovulatory,cycle,12,B_minimum_data_excluding_C3,strict_herzog,False,18103,16417,3864.0,0.23536577937503808,0.22893882327496926,0.24191655147608673,0.09313373474009834,,
window_false_positive,strict_23_35_day_cycles_only,healthy_ovulatory,full,full_diary,B_minimum_data_excluding_C3,strict_herzog,False,5456,5275,502.0,0.09516587677725119,0.08753903251908868,0.10338192365712662,0.03317448680351909,,
window_false_positive,strict_23_35_day_cycles_only,population,calendar,1,B_minimum_data_excluding_C3,strict_herzog,False,30644,0,0.0,,,,1.0,,
window_false_positive,strict_23_35_day_cycles_only,population,calendar,3,B_minimum_data_excluding_C3,strict_herzog,False,22446,0,0.0,,,,1.0,,
window_false_positive,strict_23_35_day_cycles_only,population,calendar,4,B_minimum_data_excluding_C3,strict_herzog,False,19875,14911,5413.0,0.3630205888270404,0.3553384580881626,0.3707732802579317,0.2497610062893082,,
window_false_positive,strict_23_35_day_cycles_only,population,calendar,6,B_minimum_data_excluding_C3,strict_herzog,False,16018,13255,4200.0,0.3168615616748397,0.30899518716969643,0.32483405688012057,0.17249344487451612,,
window_false_positive,strict_23_35_day_cycles_only,population,calendar,12,B_minimum_data_excluding_C3,strict_herzog,False,9896,8963,2138.0,0.2385362043958496,0.22982625626756,0.24747017843304556,0.09428051738075993,,
window_false_positive,strict_23_35_day_cycles_only,population,cycle,3,B_minimum_data_excluding_C3,strict_herzog,False,26291,0,0.0,,,,1.0,,
window_false_positive,strict_23_35_day_cycles_only,population,cycle,6,B_minimum_data_excluding_C3,strict_herzog,False,17969,14700,4747.0,0.32292517006802723,0.31541337585790186,0.33052948780940383,0.18192442539929876,,
window_false_positive,strict_23_35_day_cycles_only,population,cycle,12,B_minimum_data_excluding_C3,strict_herzog,False,10641,9586,2254.0,0.23513457124973922,0.22675224594700466,0.2437290939369537,0.09914481721642698,,
window_false_positive,strict_23_35_day_cycles_only,population,full,full_diary,B_minimum_data_excluding_C3,strict_herzog,False,2983,2878,295.0,0.10250173731758165,0.09194515910821163,0.11411803600721487,0.03519946362722093,,
window_false_positive,strict_23_35_day_cycles_only,healthy_ovulatory,calendar,1,C_reproducibility_any,strict_herzog,False,40114,0,0.0,,,,1.0,,
window_false_positive,strict_23_35_day_cycles_only,healthy_ovulatory,calendar,3,C_reproducibility_any,strict_herzog,False,32977,0,0.0,,,,1.0,,
window_false_positive,strict_23_35_day_cycles_only,healthy_ovulatory,calendar,4,C_reproducibility_any,strict_herzog,False,30161,0,0.0,,,,1.0,,
window_false_positive,strict_23_35_day_cycles_only,healthy_ovulatory,calendar,6,C_reproducibility_any,strict_herzog,False,25345,3174,365.0,0.11499684940138627,0.1043608110037523,0.12656369178532795,0.87476819885579,,
window_false_positive,strict_23_35_day_cycles_only,healthy_ovulatory,calendar,12,C_reproducibility_any,strict_herzog,False,16538,5538,87.0,0.01570964247020585,0.012754271055880157,0.019336408575099186,0.6651348409723061,,
window_false_positive,strict_23_35_day_cycles_only,healthy_ovulatory,cycle,3,C_reproducibility_any,strict_herzog,False,36385,0,0.0,,,,1.0,,
window_false_positive,strict_23_35_day_cycles_only,healthy_ovulatory,cycle,6,C_reproducibility_any,strict_herzog,False,28126,12882,1582.0,0.12280701754385964,0.11725137944117724,0.12858754919566584,0.5419896181469104,,
window_false_positive,strict_23_35_day_cycles_only,healthy_ovulatory,cycle,12,C_reproducibility_any,strict_herzog,False,18103,6015,144.0,0.023940149625935162,0.020370224016931112,0.02811775507628732,0.6677346296194001,,
window_false_positive,strict_23_35_day_cycles_only,healthy_ovulatory,full,full_diary,C_reproducibility_any,strict_herzog,False,5456,760,0.0,0.0,0.0,0.00502913107992987,0.8607038123167156,,
window_false_positive,strict_23_35_day_cycles_only,population,calendar,1,C_reproducibility_any,strict_herzog,False,30644,0,0.0,,,,1.0,,
window_false_positive,strict_23_35_day_cycles_only,population,calendar,3,C_reproducibility_any,strict_herzog,False,22446,0,0.0,,,,1.0,,
window_false_positive,strict_23_35_day_cycles_only,population,calendar,4,C_reproducibility_any,strict_herzog,False,19875,0,0.0,,,,1.0,,
window_false_positive,strict_23_35_day_cycles_only,population,calendar,6,C_reproducibility_any,strict_herzog,False,16018,2023,209.0,0.10331191300049432,0.09079188452267069,0.1173356219405828,0.873704582344862,,
window_false_positive,strict_23_35_day_cycles_only,population,calendar,12,C_reproducibility_any,strict_herzog,False,9896,3453,47.0,0.013611352447147408,0.010251594985619767,0.018052120989272773,0.6510711398544866,,
window_false_positive,strict_23_35_day_cycles_only,population,cycle,3,C_reproducibility_any,strict_herzog,False,26291,0,0.0,,,,1.0,,
window_false_positive,strict_23_35_day_cycles_only,population,cycle,6,C_reproducibility_any,strict_herzog,False,17969,8545,917.0,0.10731421884142774,0.10092726577161275,0.11405408201375404,0.524458790138572,,
window_false_positive,strict_23_35_day_cycles_only,population,cycle,12,C_reproducibility_any,strict_herzog,False,10641,3496,78.0,0.02231121281464531,0.01791439812640811,0.027756658891858736,0.6714594492998778,,
window_false_positive,strict_23_35_day_cycles_only,population,full,full_diary,C_reproducibility_any,strict_herzog,False,2983,454,3.0,0.006607929515418502,0.002249785200243973,0.01924555697790588,0.8478042239356353,,
window_false_positive,strict_23_35_day_cycles_only,healthy_ovulatory,calendar,1,C_reproducibility_12cycle_any,strict_herzog,False,40114,0,0.0,,,,1.0,,
window_false_positive,strict_23_35_day_cycles_only,healthy_ovulatory,calendar,3,C_reproducibility_12cycle_any,strict_herzog,False,32977,0,0.0,,,,1.0,,
window_false_positive,strict_23_35_day_cycles_only,healthy_ovulatory,calendar,4,C_reproducibility_12cycle_any,strict_herzog,False,30161,0,0.0,,,,1.0,,
window_false_positive,strict_23_35_day_cycles_only,healthy_ovulatory,calendar,6,C_reproducibility_12cycle_any,strict_herzog,False,25345,0,0.0,,,,1.0,,
window_false_positive,strict_23_35_day_cycles_only,healthy_ovulatory,calendar,12,C_reproducibility_12cycle_any,strict_herzog,False,16538,2323,51.0,0.021954369349978475,0.016737567095416774,0.028749614001286485,0.8595356149473938,,
window_false_positive,strict_23_35_day_cycles_only,healthy_ovulatory,cycle,3,C_reproducibility_12cycle_any,strict_herzog,False,36385,0,0.0,,,,1.0,,
window_false_positive,strict_23_35_day_cycles_only,healthy_ovulatory,cycle,6,C_reproducibility_12cycle_any,strict_herzog,False,28126,0,0.0,,,,1.0,,
window_false_positive,strict_23_35_day_cycles_only,healthy_ovulatory,cycle,12,C_reproducibility_12cycle_any,strict_herzog,False,18103,6015,144.0,0.023940149625935162,0.020370224016931112,0.02811775507628732,0.6677346296194001,,
window_false_positive,strict_23_35_day_cycles_only,healthy_ovulatory,full,full_diary,C_reproducibility_12cycle_any,strict_herzog,False,5456,760,0.0,0.0,0.0,0.00502913107992987,0.8607038123167156,,
window_false_positive,strict_23_35_day_cycles_only,population,calendar,1,C_reproducibility_12cycle_any,strict_herzog,False,30644,0,0.0,,,,1.0,,
window_false_positive,strict_23_35_day_cycles_only,population,calendar,3,C_reproducibility_12cycle_any,strict_herzog,False,22446,0,0.0,,,,1.0,,
window_false_positive,strict_23_35_day_cycles_only,population,calendar,4,C_reproducibility_12cycle_any,strict_herzog,False,19875,0,0.0,,,,1.0,,
window_false_positive,strict_23_35_day_cycles_only,population,calendar,6,C_reproducibility_12cycle_any,strict_herzog,False,16018,0,0.0,,,,1.0,,
window_false_positive,strict_23_35_day_cycles_only,population,calendar,12,C_reproducibility_12cycle_any,strict_herzog,False,9896,1483,23.0,0.015509103169251517,0.010356531301804354,0.023165172390952816,0.850141471301536,,
window_false_positive,strict_23_35_day_cycles_only,population,cycle,3,C_reproducibility_12cycle_any,strict_herzog,False,26291,0,0.0,,,,1.0,,
window_false_positive,strict_23_35_day_cycles_only,population,cycle,6,C_reproducibility_12cycle_any,strict_herzog,False,17969,0,0.0,,,,1.0,,
window_false_positive,strict_23_35_day_cycles_only,population,cycle,12,C_reproducibility_12cycle_any,strict_herzog,False,10641,3486,64.0,0.01835915088927137,0.014403900804303638,0.02337473767437576,0.6723992106005074,,
window_false_positive,strict_23_35_day_cycles_only,population,full,full_diary,C_reproducibility_12cycle_any,strict_herzog,False,2983,447,0.0,0.0,0.0,0.008520642335650695,0.8501508548441167,,
window_false_positive,strict_23_35_day_cycles_only,healthy_ovulatory,calendar,1,D_nb_regression_any,strict_herzog,False,40114,0,0.0,,,,1.0,,
window_false_positive,strict_23_35_day_cycles_only,healthy_ovulatory,calendar,3,D_nb_regression_any,strict_herzog,False,32977,0,0.0,,,,1.0,,
window_false_positive,strict_23_35_day_cycles_only,healthy_ovulatory,calendar,4,D_nb_regression_any,strict_herzog,False,30161,22817,718.0,0.03146776526274269,0.029280240030043054,0.033813027648926235,0.24349325287623091,,
window_false_positive,strict_23_35_day_cycles_only,healthy_ovulatory,calendar,6,D_nb_regression_any,strict_herzog,False,25345,20934,982.0,0.046909334097640205,0.044127217665332036,0.0498577073180254,0.17403827184849086,,
window_false_positive,strict_23_35_day_cycles_only,healthy_ovulatory,calendar,12,D_nb_regression_any,strict_herzog,False,16538,14989,762.0,0.050837280672493164,0.047434330336680326,0.054470399531707896,0.09366307896964565,,
window_false_positive,strict_23_35_day_cycles_only,healthy_ovulatory,cycle,3,D_nb_regression_any,strict_herzog,False,36385,0,0.0,,,,1.0,,
window_false_positive,strict_23_35_day_cycles_only,healthy_ovulatory,cycle,6,D_nb_regression_any,strict_herzog,False,28126,22977,1048.0,0.04561082821952387,0.04298821187834229,0.04838535521159191,0.18306904643390454,,
window_false_positive,strict_23_35_day_cycles_only,healthy_ovulatory,cycle,12,D_nb_regression_any,strict_herzog,False,18103,16417,788.0,0.04799902540049948,0.04483352642640667,0.05137600478321715,0.09313373474009834,,
window_false_positive,strict_23_35_day_cycles_only,healthy_ovulatory,full,full_diary,D_nb_regression_any,strict_herzog,False,5456,5275,204.0,0.03867298578199052,0.03379649933642377,0.04422089558505592,0.03317448680351909,,
window_false_positive,strict_23_35_day_cycles_only,population,calendar,1,D_nb_regression_any,strict_herzog,False,30644,0,0.0,,,,1.0,,
window_false_positive,strict_23_35_day_cycles_only,population,calendar,3,D_nb_regression_any,strict_herzog,False,22446,0,0.0,,,,1.0,,
window_false_positive,strict_23_35_day_cycles_only,population,calendar,4,D_nb_regression_any,strict_herzog,False,19875,14911,483.0,0.032392193682516265,0.029668834409169745,0.03535642660338538,0.2497610062893082,,
window_false_positive,strict_23_35_day_cycles_only,population,calendar,6,D_nb_regression_any,strict_herzog,False,16018,13255,638.0,0.048132780082987554,0.0446179715670799,0.051909425852643784,0.17249344487451612,,
window_false_positive,strict_23_35_day_cycles_only,population,calendar,12,D_nb_regression_any,strict_herzog,False,9896,8963,455.0,0.050764253040276694,0.046409094295564196,0.05550432337970283,0.09428051738075993,,
window_false_positive,strict_23_35_day_cycles_only,population,cycle,3,D_nb_regression_any,strict_herzog,False,26291,0,0.0,,,,1.0,,
window_false_positive,strict_23_35_day_cycles_only,population,cycle,6,D_nb_regression_any,strict_herzog,False,17969,14700,723.0,0.049183673469387755,0.04580411141431308,0.05279879197532786,0.18192442539929876,,
window_false_positive,strict_23_35_day_cycles_only,population,cycle,12,D_nb_regression_any,strict_herzog,False,10641,9586,446.0,0.04652618401836011,0.042488457767676624,0.05092721158071528,0.09914481721642698,,
window_false_positive,strict_23_35_day_cycles_only,population,full,full_diary,D_nb_regression_any,strict_herzog,False,2983,2878,115.0,0.03995830437804031,0.03339437340757717,0.04774869506517172,0.03519946362722093,,
window_false_positive,strict_23_35_day_cycles_only,healthy_ovulatory,calendar,1,D_nb_regression_window_alpha_any,strict_herzog,False,40114,0,0.0,,,,1.0,,
window_false_positive,strict_23_35_day_cycles_only,healthy_ovulatory,calendar,3,D_nb_regression_window_alpha_any,strict_herzog,False,32977,0,0.0,,,,1.0,,
window_false_positive,strict_23_35_day_cycles_only,healthy_ovulatory,calendar,4,D_nb_regression_window_alpha_any,strict_herzog,False,30161,0,0.0,,,,1.0,,
window_false_positive,strict_23_35_day_cycles_only,healthy_ovulatory,calendar,6,D_nb_regression_window_alpha_any,strict_herzog,False,25345,0,0.0,,,,1.0,,
window_false_positive,strict_23_35_day_cycles_only,healthy_ovulatory,calendar,12,D_nb_regression_window_alpha_any,strict_herzog,False,16538,0,0.0,,,,1.0,,
window_false_positive,strict_23_35_day_cycles_only,healthy_ovulatory,cycle,3,D_nb_regression_window_alpha_any,strict_herzog,False,36385,0,0.0,,,,1.0,,
window_false_positive,strict_23_35_day_cycles_only,healthy_ovulatory,cycle,6,D_nb_regression_window_alpha_any,strict_herzog,False,28126,0,0.0,,,,1.0,,
window_false_positive,strict_23_35_day_cycles_only,healthy_ovulatory,cycle,12,D_nb_regression_window_alpha_any,strict_herzog,False,18103,0,0.0,,,,1.0,,
window_false_positive,strict_23_35_day_cycles_only,healthy_ovulatory,full,full_diary,D_nb_regression_window_alpha_any,strict_herzog,False,5456,5275,204.0,0.03867298578199052,0.03379649933642377,0.04422089558505592,0.03317448680351909,,
window_false_positive,strict_23_35_day_cycles_only,population,calendar,1,D_nb_regression_window_alpha_any,strict_herzog,False,30644,0,0.0,,,,1.0,,
window_false_positive,strict_23_35_day_cycles_only,population,calendar,3,D_nb_regression_window_alpha_any,strict_herzog,False,22446,0,0.0,,,,1.0,,
window_false_positive,strict_23_35_day_cycles_only,population,calendar,4,D_nb_regression_window_alpha_any,strict_herzog,False,19875,0,0.0,,,,1.0,,
window_false_positive,strict_23_35_day_cycles_only,population,calendar,6,D_nb_regression_window_alpha_any,strict_herzog,False,16018,0,0.0,,,,1.0,,
window_false_positive,strict_23_35_day_cycles_only,population,calendar,12,D_nb_regression_window_alpha_any,strict_herzog,False,9896,0,0.0,,,,1.0,,
window_false_positive,strict_23_35_day_cycles_only,population,cycle,3,D_nb_regression_window_alpha_any,strict_herzog,False,26291,0,0.0,,,,1.0,,
window_false_positive,strict_23_35_day_cycles_only,population,cycle,6,D_nb_regression_window_alpha_any,strict_herzog,False,17969,0,0.0,,,,1.0,,
window_false_positive,strict_23_35_day_cycles_only,population,cycle,12,D_nb_regression_window_alpha_any,strict_herzog,False,10641,0,0.0,,,,1.0,,
window_false_positive,strict_23_35_day_cycles_only,population,full,full_diary,D_nb_regression_window_alpha_any,strict_herzog,False,2983,2878,115.0,0.03995830437804031,0.03339437340757717,0.04774869506517172,0.03519946362722093,,
window_false_positive,strict_23_35_day_cycles_only,healthy_ovulatory,calendar,1,H1_newmark_penry_any,strict_herzog,True,40114,30698,4649.0,0.15144309075509804,0.14747658811102354,0.15549681728867953,0.23473101660268236,,
window_false_positive,strict_23_35_day_cycles_only,healthy_ovulatory,calendar,3,H1_newmark_penry_any,strict_herzog,True,32977,29925,2529.0,0.08451127819548872,0.08141287638561975,0.08771633851517474,0.09254935257907027,,
window_false_positive,strict_23_35_day_cycles_only,healthy_ovulatory,calendar,4,H1_newmark_penry_any,strict_herzog,True,30161,28002,1988.0,0.0709949289336476,0.06804541552289278,0.07406213245678797,0.07158250721129933,,
window_false_positive,strict_23_35_day_cycles_only,healthy_ovulatory,calendar,6,H1_newmark_penry_any,strict_herzog,True,25345,24099,1189.0,0.049338146811071,0.04667490372303041,0.052145040924990914,0.04916157032945356,,
window_false_positive,strict_23_35_day_cycles_only,healthy_ovulatory,calendar,12,H1_newmark_penry_any,strict_herzog,True,16538,16130,408.0,0.025294482331060138,0.022982011790758854,0.027833007119227423,0.024670455919700074,,
window_false_positive,strict_23_35_day_cycles_only,healthy_ovulatory,cycle,3,H1_newmark_penry_any,strict_herzog,True,36385,32861,2955.0,0.08992422628647942,0.08687893300797418,0.0930653842719578,0.09685309880445236,,
window_false_positive,strict_23_35_day_cycles_only,healthy_ovulatory,cycle,6,H1_newmark_penry_any,strict_herzog,True,28126,26643,1398.0,0.05247156851705889,0.04985809205421725,0.05521407806198557,0.05272701415060799,,
window_false_positive,strict_23_35_day_cycles_only,healthy_ovulatory,cycle,12,H1_newmark_penry_any,strict_herzog,True,18103,17649,433.0,0.024533967930194345,0.02235301100120837,0.026921858478008282,0.02507871623487823,,
window_false_positive,strict_23_35_day_cycles_only,healthy_ovulatory,full,full_diary,H1_newmark_penry_any,strict_herzog,True,5456,5407,39.0,0.007212872202700203,0.005281000740942272,0.009844457922659318,0.008980938416422335,,
window_false_positive,strict_23_35_day_cycles_only,population,calendar,1,H1_newmark_penry_any,strict_herzog,True,30644,23362,3480.0,0.1489598493279685,0.14445192151456435,0.15358320258287397,0.23763216290301525,,
window_false_positive,strict_23_35_day_cycles_only,population,calendar,3,H1_newmark_penry_any,strict_herzog,True,22446,20292,1769.0,0.08717721269465799,0.08337360142568677,0.09113709654201878,0.09596364608393482,,
window_false_positive,strict_23_35_day_cycles_only,population,calendar,4,H1_newmark_penry_any,strict_herzog,True,19875,18455,1304.0,0.07065835816851802,0.06704991891825926,0.07444549750033763,0.07144654088050317,,
window_false_positive,strict_23_35_day_cycles_only,population,calendar,6,H1_newmark_penry_any,strict_herzog,True,16018,15238,750.0,0.04921905761911012,0.04589650655368104,0.05276883272856147,0.04869521787988518,,
window_false_positive,strict_23_35_day_cycles_only,population,calendar,12,H1_newmark_penry_any,strict_herzog,True,9896,9623,213.0,0.022134469500155875,0.019380105897072914,0.02527020445231457,0.027586903799515006,,
window_false_positive,strict_23_35_day_cycles_only,population,cycle,3,H1_newmark_penry_any,strict_herzog,True,26291,23716,2085.0,0.08791533142182492,0.08437780543629765,0.09158633269113355,0.09794226161043706,,
window_false_positive,strict_23_35_day_cycles_only,population,cycle,6,H1_newmark_penry_any,strict_herzog,True,17969,17023,943.0,0.05539564119132938,0.05205855926696655,0.05893333922408733,0.05264622405253494,,
window_false_positive,strict_23_35_day_cycles_only,population,cycle,12,H1_newmark_penry_any,strict_herzog,True,10641,10333,285.0,0.027581534888222202,0.024595109162773084,0.030919088390389586,0.028944648059392897,,
window_false_positive,strict_23_35_day_cycles_only,population,full,full_diary,H1_newmark_penry_any,strict_herzog,True,2983,2950,23.0,0.007796610169491526,0.005200958281641133,0.011672479076297867,0.01106268856855519,,
window_false_positive,strict_23_35_day_cycles_only,healthy_ovulatory,calendar,1,H1_newmark_penry_66_7_any,strict_herzog,True,40114,30698,3169.0,0.10323148087823311,0.09987736981634389,0.10668488044238357,0.23473101660268236,,
window_false_positive,strict_23_35_day_cycles_only,healthy_ovulatory,calendar,3,H1_newmark_penry_66_7_any,strict_herzog,True,32977,29925,1198.0,0.040033416875522136,0.037870701313197,0.042314208688169166,0.09254935257907027,,
window_false_positive,strict_23_35_day_cycles_only,healthy_ovulatory,calendar,4,H1_newmark_penry_66_7_any,strict_herzog,True,30161,28002,841.0,0.030033569030783514,0.028098026553916706,0.0320980386598183,0.07158250721129933,,
window_false_positive,strict_23_35_day_cycles_only,healthy_ovulatory,calendar,6,H1_newmark_penry_66_7_any,strict_herzog,True,25345,24099,486.0,0.02016681190090875,0.018467006208960225,0.022019567147459312,0.04916157032945356,,
window_false_positive,strict_23_35_day_cycles_only,healthy_ovulatory,calendar,12,H1_newmark_penry_66_7_any,strict_herzog,True,16538,16130,169.0,0.010477371357718536,0.00901845696474667,0.012169395890581998,0.024670455919700074,,
window_false_positive,strict_23_35_day_cycles_only,healthy_ovulatory,cycle,3,H1_newmark_penry_66_7_any,strict_herzog,True,36385,32861,1427.0,0.04342533702565351,0.04127455677953314,0.04568285217074399,0.09685309880445236,,
window_false_positive,strict_23_35_day_cycles_only,healthy_ovulatory,cycle,6,H1_newmark_penry_66_7_any,strict_herzog,True,28126,26643,578.0,0.021694253650114476,0.02001266702481148,0.02351374718878609,0.05272701415060799,,
window_false_positive,strict_23_35_day_cycles_only,healthy_ovulatory,cycle,12,H1_newmark_penry_66_7_any,strict_herzog,True,18103,17649,180.0,0.010198878123406425,0.008819490972649,0.011791437849741316,0.02507871623487823,,
window_false_positive,strict_23_35_day_cycles_only,healthy_ovulatory,full,full_diary,H1_newmark_penry_66_7_any,strict_herzog,True,5456,5407,14.0,0.0025892361753282783,0.0015430219216838346,0.00434172984253327,0.008980938416422335,,
window_false_positive,strict_23_35_day_cycles_only,population,calendar,1,H1_newmark_penry_66_7_any,strict_herzog,True,30644,23362,2385.0,0.10208886225494393,0.09827166073286109,0.10603690085838222,0.23763216290301525,,
window_false_positive,strict_23_35_day_cycles_only,population,calendar,3,H1_newmark_penry_66_7_any,strict_herzog,True,22446,20292,836.0,0.04119850187265917,0.03854964030385758,0.04402104109513232,0.09596364608393482,,
window_false_positive,strict_23_35_day_cycles_only,population,calendar,4,H1_newmark_penry_66_7_any,strict_herzog,True,19875,18455,605.0,0.032782443782172856,0.030309046521876555,0.035450305793306304,0.07144654088050317,,
window_false_positive,strict_23_35_day_cycles_only,population,calendar,6,H1_newmark_penry_66_7_any,strict_herzog,True,16018,15238,298.0,0.01955637222732642,0.017475838605358493,0.02187908189039016,0.04869521787988518,,
window_false_positive,strict_23_35_day_cycles_only,population,calendar,12,H1_newmark_penry_66_7_any,strict_herzog,True,9896,9623,88.0,0.009144757352177076,0.007429060432260437,0.011252192353502694,0.027586903799515006,,
window_false_positive,strict_23_35_day_cycles_only,population,cycle,3,H1_newmark_penry_66_7_any,strict_herzog,True,26291,23716,1039.0,0.043810086017878225,0.041278257221668,0.04648967590026777,0.09794226161043706,,
window_false_positive,strict_23_35_day_cycles_only,population,cycle,6,H1_newmark_penry_66_7_any,strict_herzog,True,17969,17023,378.0,0.022205251718263527,0.02009716280449795,0.024528933037080536,0.05264622405253494,,
window_false_positive,strict_23_35_day_cycles_only,population,cycle,12,H1_newmark_penry_66_7_any,strict_herzog,True,10641,10333,114.0,0.011032613955288881,0.00919249375804169,0.013236162011159248,0.028944648059392897,,
window_false_positive,strict_23_35_day_cycles_only,population,full,full_diary,H1_newmark_penry_66_7_any,strict_herzog,True,2983,2950,10.0,0.003389830508474576,0.001842356189730901,0.006228983844277799,0.01106268856855519,,
window_false_positive,strict_23_35_day_cycles_only,healthy_ovulatory,calendar,1,H2_duncan1993_any,strict_herzog,True,40114,30698,5029.0,0.1638217473451039,0.1597235896400555,0.16800403126881697,0.23473101660268236,,
window_false_positive,strict_23_35_day_cycles_only,healthy_ovulatory,calendar,3,H2_duncan1993_any,strict_herzog,True,32977,29925,2036.0,0.06803675856307435,0.06523884387569553,0.07094556087076526,0.09254935257907027,,
window_false_positive,strict_23_35_day_cycles_only,healthy_ovulatory,calendar,4,H2_duncan1993_any,strict_herzog,True,30161,28002,1519.0,0.05424612527676594,0.051653807793538724,0.05696072761663152,0.07158250721129933,,
window_false_positive,strict_23_35_day_cycles_only,healthy_ovulatory,calendar,6,H2_duncan1993_any,strict_herzog,True,25345,24099,891.0,0.03697248848499938,0.034662972544484916,0.039429597075232956,0.04916157032945356,,
window_false_positive,strict_23_35_day_cycles_only,healthy_ovulatory,calendar,12,H2_duncan1993_any,strict_herzog,True,16538,16130,300.0,0.018598884066955982,0.01662564546037491,0.02080136535796692,0.024670455919700074,,
window_false_positive,strict_23_35_day_cycles_only,healthy_ovulatory,cycle,3,H2_duncan1993_any,strict_herzog,True,36385,32861,2448.0,0.07449560269011898,0.07170608915792538,0.07738458772728472,0.09685309880445236,,
window_false_positive,strict_23_35_day_cycles_only,healthy_ovulatory,cycle,6,H2_duncan1993_any,strict_herzog,True,28126,26643,1004.0,0.037683444056600235,0.035462682960639896,0.04003750200235992,0.05272701415060799,,
window_false_positive,strict_23_35_day_cycles_only,healthy_ovulatory,cycle,12,H2_duncan1993_any,strict_herzog,True,18103,17649,363.0,0.020567737548869626,0.01857573696617843,0.022768397943955833,0.02507871623487823,,
window_false_positive,strict_23_35_day_cycles_only,healthy_ovulatory,full,full_diary,H2_duncan1993_any,strict_herzog,True,5456,5407,37.0,0.0068429813205104495,0.004968791248104232,0.0094174108635466,0.008980938416422335,,
window_false_positive,strict_23_35_day_cycles_only,population,calendar,1,H2_duncan1993_any,strict_herzog,True,30644,23362,3787.0,0.1621008475301772,0.15743059364172124,0.16688220597115255,0.23763216290301525,,
window_false_positive,strict_23_35_day_cycles_only,population,calendar,3,H2_duncan1993_any,strict_herzog,True,22446,20292,1466.0,0.07224521979105065,0.06876349349927956,0.07588887111331254,0.09596364608393482,,
window_false_positive,strict_23_35_day_cycles_only,population,calendar,4,H2_duncan1993_any,strict_herzog,True,19875,18455,1084.0,0.05873746952045516,0.055436033927832896,0.06222256689312292,0.07144654088050317,,
window_false_positive,strict_23_35_day_cycles_only,population,calendar,6,H2_duncan1993_any,strict_herzog,True,16018,15238,554.0,0.03635647722798267,0.03349951559595759,0.0394471465133805,0.04869521787988518,,
window_false_positive,strict_23_35_day_cycles_only,population,calendar,12,H2_duncan1993_any,strict_herzog,True,9896,9623,176.0,0.01828951470435415,0.015798146029999988,0.02116532328055469,0.027586903799515006,,
window_false_positive,strict_23_35_day_cycles_only,population,cycle,3,H2_duncan1993_any,strict_herzog,True,26291,23716,1761.0,0.07425366840951257,0.07098535990908718,0.07765987724149843,0.09794226161043706,,
window_false_positive,strict_23_35_day_cycles_only,population,cycle,6,H2_duncan1993_any,strict_herzog,True,17969,17023,683.0,0.040122187628502615,0.03727642942185212,0.0431754536906821,0.05264622405253494,,
window_false_positive,strict_23_35_day_cycles_only,population,cycle,12,H2_duncan1993_any,strict_herzog,True,10641,10333,232.0,0.022452337172166843,0.019768326752635956,0.025491287674503482,0.028944648059392897,,
window_false_positive,strict_23_35_day_cycles_only,population,full,full_diary,H2_duncan1993_any,strict_herzog,True,2983,2950,14.0,0.0047457627118644066,0.0028290988894953545,0.007950578782645743,0.01106268856855519,,
window_false_positive,strict_23_35_day_cycles_only,healthy_ovulatory,calendar,1,H3_herzog1997_twofold_any,strict_herzog,True,40114,30698,14139.0,0.460583751384455,0.4550132018565037,0.46616416454850945,0.23473101660268236,,
window_false_positive,strict_23_35_day_cycles_only,healthy_ovulatory,calendar,3,H3_herzog1997_twofold_any,strict_herzog,True,32977,29925,11038.0,0.36885547201336677,0.36340595119293345,0.3743386584405702,0.09254935257907027,,
window_false_positive,strict_23_35_day_cycles_only,healthy_ovulatory,calendar,4,H3_herzog1997_twofold_any,strict_herzog,True,30161,28002,9411.0,0.3360831369187915,0.33057329719081396,0.34163794439969086,0.07158250721129933,,
window_false_positive,strict_23_35_day_cycles_only,healthy_ovulatory,calendar,6,H3_herzog1997_twofold_any,strict_herzog,True,25345,24099,6862.0,0.28474210548155526,0.27907898254964997,0.2904738430902019,0.04916157032945356,,
window_false_positive,strict_23_35_day_cycles_only,healthy_ovulatory,calendar,12,H3_herzog1997_twofold_any,strict_herzog,True,16538,16130,3084.0,0.19119652820830751,0.18520167673286683,0.1973384315589762,0.024670455919700074,,
window_false_positive,strict_23_35_day_cycles_only,healthy_ovulatory,cycle,3,H3_herzog1997_twofold_any,strict_herzog,True,36385,32861,12411.0,0.37768175040321356,0.3724545765567065,0.3829375189727125,0.09685309880445236,,
window_false_positive,strict_23_35_day_cycles_only,healthy_ovulatory,cycle,6,H3_herzog1997_twofold_any,strict_herzog,True,28126,26643,7804.0,0.29290995758735877,0.28747549197462735,0.29840413218070855,0.05272701415060799,,
window_false_positive,strict_23_35_day_cycles_only,healthy_ovulatory,cycle,12,H3_herzog1997_twofold_any,strict_herzog,True,18103,17649,3423.0,0.19394866564677885,0.18818224086797292,0.19984829091919132,0.02507871623487823,,
window_false_positive,strict_23_35_day_cycles_only,healthy_ovulatory,full,full_diary,H3_herzog1997_twofold_any,strict_herzog,True,5456,5407,370.0,0.0684298132051045,0.06200185227180895,0.07547056573964321,0.008980938416422335,,
window_false_positive,strict_23_35_day_cycles_only,population,calendar,1,H3_herzog1997_twofold_any,strict_herzog,True,30644,23362,11240.0,0.48112319150757643,0.47471984105233045,0.4875327488424349,0.23763216290301525,,
window_false_positive,strict_23_35_day_cycles_only,population,calendar,3,H3_herzog1997_twofold_any,strict_herzog,True,22446,20292,8508.0,0.41927853341218213,0.4125052009719805,0.4260824226726537,0.09596364608393482,,
window_false_positive,strict_23_35_day_cycles_only,population,calendar,4,H3_herzog1997_twofold_any,strict_herzog,True,19875,18455,7264.0,0.393606068816039,0.38658036561980197,0.40067605517125177,0.07144654088050317,,
window_false_positive,strict_23_35_day_cycles_only,population,calendar,6,H3_herzog1997_twofold_any,strict_herzog,True,16018,15238,5413.0,0.35523034518965746,0.34766896475711506,0.36286469930703213,0.04869521787988518,,
window_false_positive,strict_23_35_day_cycles_only,population,calendar,12,H3_herzog1997_twofold_any,strict_herzog,True,9896,9623,3067.0,0.31871557726280786,0.30947929914277905,0.3280965334992796,0.027586903799515006,,
window_false_positive,strict_23_35_day_cycles_only,population,cycle,3,H3_herzog1997_twofold_any,strict_herzog,True,26291,23716,10215.0,0.4307218755270703,0.4244314550389751,0.43703473537782306,0.09794226161043706,,
window_false_positive,strict_23_35_day_cycles_only,population,cycle,6,H3_herzog1997_twofold_any,strict_herzog,True,17969,17023,6253.0,0.36732655818598364,0.3601154546368552,0.3745975271616578,0.05264622405253494,,
window_false_positive,strict_23_35_day_cycles_only,population,cycle,12,H3_herzog1997_twofold_any,strict_herzog,True,10641,10333,3265.0,0.3159779347720894,0.3070838003878238,0.32500884462853163,0.028944648059392897,,
window_false_positive,strict_23_35_day_cycles_only,population,full,full_diary,H3_herzog1997_twofold_any,strict_herzog,True,2983,2950,1023.0,0.3467796610169491,0.32981405719690743,0.36414378969413147,0.01106268856855519,,
window_false_positive,strict_23_35_day_cycles_only,healthy_ovulatory,calendar,1,H4_reddy2007_any_phase2x_any,strict_herzog,True,40114,30698,28941.0,0.9427650009772623,0.9401106563139245,0.9453085468456301,0.23473101660268236,,
window_false_positive,strict_23_35_day_cycles_only,healthy_ovulatory,calendar,3,H4_reddy2007_any_phase2x_any,strict_herzog,True,32977,29925,22876.0,0.7644444444444445,0.759602843786105,0.7692181605877692,0.09254935257907027,,
window_false_positive,strict_23_35_day_cycles_only,healthy_ovulatory,calendar,4,H4_reddy2007_any_phase2x_any,strict_herzog,True,30161,28002,19305.0,0.6894150417827298,0.683969558730834,0.694808562097916,0.07158250721129933,,
window_false_positive,strict_23_35_day_cycles_only,healthy_ovulatory,calendar,6,H4_reddy2007_any_phase2x_any,strict_herzog,True,25345,24099,13791.0,0.5722644093115897,0.5660069093696248,0.578498874562558,0.04916157032945356,,
window_false_positive,strict_23_35_day_cycles_only,healthy_ovulatory,calendar,12,H4_reddy2007_any_phase2x_any,strict_herzog,True,16538,16130,5862.0,0.3634221946683199,0.35603281823934857,0.3708766092986819,0.024670455919700074,,
window_false_positive,strict_23_35_day_cycles_only,healthy_ovulatory,cycle,3,H4_reddy2007_any_phase2x_any,strict_herzog,True,36385,32861,24672.0,0.7507988192690424,0.7460929315405738,0.7554460769665272,0.09685309880445236,,
window_false_positive,strict_23_35_day_cycles_only,healthy_ovulatory,cycle,6,H4_reddy2007_any_phase2x_any,strict_herzog,True,28126,26643,15229.0,0.5715947903764591,0.5656429516458222,0.5775259866276162,0.05272701415060799,,
window_false_positive,strict_23_35_day_cycles_only,healthy_ovulatory,cycle,12,H4_reddy2007_any_phase2x_any,strict_herzog,True,18103,17649,6389.0,0.3620035129469092,0.354944130599634,0.369122954500364,0.02507871623487823,,
window_false_positive,strict_23_35_day_cycles_only,healthy_ovulatory,full,full_diary,H4_reddy2007_any_phase2x_any,strict_herzog,True,5456,5407,658.0,0.12169410024042908,0.11324743429285189,0.13067792719950957,0.008980938416422335,,
window_false_positive,strict_23_35_day_cycles_only,population,calendar,1,H4_reddy2007_any_phase2x_any,strict_herzog,True,30644,23362,21997.0,0.9415717832377365,0.9384908813962679,0.9445074919497664,0.23763216290301525,,
window_false_positive,strict_23_35_day_cycles_only,population,calendar,3,H4_reddy2007_any_phase2x_any,strict_herzog,True,22446,20292,15463.0,0.7620244431302976,0.7561160209429597,0.7678336769089812,0.09596364608393482,,
window_false_positive,strict_23_35_day_cycles_only,population,calendar,4,H4_reddy2007_any_phase2x_any,strict_herzog,True,19875,18455,12704.0,0.6883771335681387,0.6816563189607042,0.6950195420629276,0.07144654088050317,,
window_false_positive,strict_23_35_day_cycles_only,population,calendar,6,H4_reddy2007_any_phase2x_any,strict_herzog,True,16018,15238,8698.0,0.5708098175613597,0.5629341687982554,0.5786497733933968,0.04869521787988518,,
window_false_positive,strict_23_35_day_cycles_only,population,calendar,12,H4_reddy2007_any_phase2x_any,strict_herzog,True,9896,9623,3526.0,0.366413800270186,0.35684208674411777,0.37609212527156943,0.027586903799515006,,
window_false_positive,strict_23_35_day_cycles_only,population,cycle,3,H4_reddy2007_any_phase2x_any,strict_herzog,True,26291,23716,17839.0,0.7521926125822229,0.7466572990429977,0.7576462402857481,0.09794226161043706,,
window_false_positive,strict_23_35_day_cycles_only,population,cycle,6,H4_reddy2007_any_phase2x_any,strict_herzog,True,17969,17023,9675.0,0.5683487046936497,0.5608935755702367,0.5757729932486386,0.05264622405253494,,
window_false_positive,strict_23_35_day_cycles_only,population,cycle,12,H4_reddy2007_any_phase2x_any,strict_herzog,True,10641,10333,3854.0,0.37297977354108197,0.3637042469508006,0.38234970865475637,0.028944648059392897,,
window_false_positive,strict_23_35_day_cycles_only,population,full,full_diary,H4_reddy2007_any_phase2x_any,strict_herzog,True,2983,2950,414.0,0.14033898305084747,0.12827213860749076,0.15334130287789033,0.01106268856855519,,
window_false_positive,common_classifiable_subset,healthy_ovulatory,calendar,6,A_exact_any,strict_herzog,False,6706,0,0.0,,,,1.0,,
window_false_positive,common_classifiable_subset,healthy_ovulatory,calendar,12,A_exact_any,strict_herzog,False,15964,0,0.0,,,,1.0,,
window_false_positive,common_classifiable_subset,healthy_ovulatory,cycle,6,A_exact_any,strict_herzog,False,22591,0,0.0,,,,1.0,,
window_false_positive,common_classifiable_subset,healthy_ovulatory,cycle,12,A_exact_any,strict_herzog,False,15706,0,0.0,,,,1.0,,
window_false_positive,common_classifiable_subset,healthy_ovulatory,full,full_diary,A_exact_any,strict_herzog,False,6132,0,0.0,,,,1.0,,
window_false_positive,common_classifiable_subset,population,calendar,6,A_exact_any,strict_herzog,False,5182,0,0.0,,,,1.0,,
window_false_positive,common_classifiable_subset,population,calendar,12,A_exact_any,strict_herzog,False,20412,0,0.0,,,,1.0,,
window_false_positive,common_classifiable_subset,population,cycle,6,A_exact_any,strict_herzog,False,25698,0,0.0,,,,1.0,,
window_false_positive,common_classifiable_subset,population,cycle,12,A_exact_any,strict_herzog,False,20066,0,0.0,,,,1.0,,
window_false_positive,common_classifiable_subset,population,full,full_diary,A_exact_any,strict_herzog,False,13364,0,0.0,,,,1.0,,
window_false_positive,common_classifiable_subset,healthy_ovulatory,calendar,6,A_windowed_any,strict_herzog,False,6706,6706,1847.0,0.27542499254399044,0.2648638344963542,0.2862432939678432,0.0,,
window_false_positive,common_classifiable_subset,healthy_ovulatory,calendar,12,A_windowed_any,strict_herzog,False,15964,15964,2427.0,0.15202956652468053,0.14654362268739918,0.15768293613387496,0.0,,
window_false_positive,common_classifiable_subset,healthy_ovulatory,cycle,6,A_windowed_any,strict_herzog,False,22591,22591,6457.0,0.2858217874374751,0.27996701536049695,0.29174938647235416,0.0,,
window_false_positive,common_classifiable_subset,healthy_ovulatory,cycle,12,A_windowed_any,strict_herzog,False,15706,15706,2413.0,0.15363555329173564,0.14808081135356685,0.15935968519637486,0.0,,
window_false_positive,common_classifiable_subset,healthy_ovulatory,full,full_diary,A_windowed_any,strict_herzog,False,6132,6132,135.0,0.02201565557729941,0.018631237658474558,0.02599857565376938,0.0,,
window_false_positive,common_classifiable_subset,population,calendar,6,A_windowed_any,strict_herzog,False,5182,5182,1998.0,0.3855654187572366,0.37240267807812516,0.3988976963321433,0.0,,
window_false_positive,common_classifiable_subset,population,calendar,12,A_windowed_any,strict_herzog,False,20412,20412,7357.0,0.3604252400548697,0.3538655111553027,0.36703749392077895,0.0,,
window_false_positive,common_classifiable_subset,population,cycle,6,A_windowed_any,strict_herzog,False,25698,25698,11131.0,0.43314654836952293,0.4270986782708215,0.4392144026224237,0.0,,
window_false_positive,common_classifiable_subset,population,cycle,12,A_windowed_any,strict_herzog,False,20066,20066,7081.0,0.3528854779228546,0.3463023262485602,0.35952494637270943,0.0,,
window_false_positive,common_classifiable_subset,population,full,full_diary,A_windowed_any,strict_herzog,False,13364,13364,3634.0,0.2719245734809937,0.2644470771953008,0.27953315186572014,0.0,,
window_false_positive,common_classifiable_subset,healthy_ovulatory,calendar,6,A_windowed_excluding_C3,strict_herzog,False,6706,6706,1847.0,0.27542499254399044,0.2648638344963542,0.2862432939678432,0.0,,
window_false_positive,common_classifiable_subset,healthy_ovulatory,calendar,12,A_windowed_excluding_C3,strict_herzog,False,15964,15964,2427.0,0.15202956652468053,0.14654362268739918,0.15768293613387496,0.0,,
window_false_positive,common_classifiable_subset,healthy_ovulatory,cycle,6,A_windowed_excluding_C3,strict_herzog,False,22591,22591,6457.0,0.2858217874374751,0.27996701536049695,0.29174938647235416,0.0,,
window_false_positive,common_classifiable_subset,healthy_ovulatory,cycle,12,A_windowed_excluding_C3,strict_herzog,False,15706,15706,2413.0,0.15363555329173564,0.14808081135356685,0.15935968519637486,0.0,,
window_false_positive,common_classifiable_subset,healthy_ovulatory,full,full_diary,A_windowed_excluding_C3,strict_herzog,False,6132,6132,135.0,0.02201565557729941,0.018631237658474558,0.02599857565376938,0.0,,
window_false_positive,common_classifiable_subset,population,calendar,6,A_windowed_excluding_C3,strict_herzog,False,5182,5182,1434.0,0.27672713238131996,0.2647150979913282,0.28906994955113485,0.0,,
window_false_positive,common_classifiable_subset,population,calendar,12,A_windowed_excluding_C3,strict_herzog,False,20412,20412,3448.0,0.16892024299431707,0.16384259326867848,0.1741224851111601,0.0,,
window_false_positive,common_classifiable_subset,population,cycle,6,A_windowed_excluding_C3,strict_herzog,False,25698,25698,7322.0,0.2849248968791346,0.27943862738736763,0.2904754576516115,0.0,,
window_false_positive,common_classifiable_subset,population,cycle,12,A_windowed_excluding_C3,strict_herzog,False,20066,20066,3271.0,0.1630120602013356,0.1579658636856364,0.16818725876186544,0.0,,
window_false_positive,common_classifiable_subset,population,full,full_diary,A_windowed_excluding_C3,strict_herzog,False,13364,13364,625.0,0.04676743489973062,0.04331608728381416,0.05047926948213207,0.0,,
window_false_positive,common_classifiable_subset,healthy_ovulatory,calendar,6,A_windowed_C1_only,strict_herzog,False,6706,6706,1224.0,0.18252311362958545,0.173460603144711,0.19194914220739812,0.0,,
window_false_positive,common_classifiable_subset,healthy_ovulatory,calendar,12,A_windowed_C1_only,strict_herzog,False,15964,15964,1745.0,0.10930844399899775,0.10456185458951554,0.11424301442367742,0.0,,
window_false_positive,common_classifiable_subset,healthy_ovulatory,cycle,6,A_windowed_C1_only,strict_herzog,False,22591,22586,4563.0,0.20202780483485344,0.1968423352933339,0.2073146162046921,0.00022132707715460942,,
window_false_positive,common_classifiable_subset,healthy_ovulatory,cycle,12,A_windowed_C1_only,strict_herzog,False,15706,15706,1710.0,0.10887558894689928,0.10409953126386325,0.11384292651302862,0.0,,
window_false_positive,common_classifiable_subset,healthy_ovulatory,full,full_diary,A_windowed_C1_only,strict_herzog,False,6132,6132,109.0,0.017775603392041747,0.01475755764688557,0.021397460423501782,0.0,,
window_false_positive,common_classifiable_subset,population,calendar,6,A_windowed_C1_only,strict_herzog,False,5182,5181,953.0,0.1839413240687126,0.17362706468178365,0.19472392039444905,0.0001929756850637121,,
window_false_positive,common_classifiable_subset,population,calendar,12,A_windowed_C1_only,strict_herzog,False,20412,20406,2512.0,0.12310104871116338,0.11866394771633251,0.12768002653574426,0.00029394473838917357,,
window_false_positive,common_classifiable_subset,population,cycle,6,A_windowed_C1_only,strict_herzog,False,25698,25688,5116.0,0.19915914045468702,0.19432049934938453,0.20408774535455662,0.000389135341271718,,
window_false_positive,common_classifiable_subset,population,cycle,12,A_windowed_C1_only,strict_herzog,False,20066,20065,2405.0,0.11986045352604037,0.1154389637865494,0.12442747138850678,4.983554270909796e-05,,
window_false_positive,common_classifiable_subset,population,full,full_diary,A_windowed_C1_only,strict_herzog,False,13364,13364,512.0,0.038311882669859326,0.03518797390075261,0.04170113807644539,0.0,,
window_false_positive,common_classifiable_subset,healthy_ovulatory,calendar,6,A_windowed_C2_only,strict_herzog,False,6706,6705,1011.0,0.15078299776286352,0.14241794095544405,0.15954797540365326,0.00014912019087387485,,
window_false_positive,common_classifiable_subset,healthy_ovulatory,calendar,12,A_windowed_C2_only,strict_herzog,False,15964,15964,1098.0,0.06877975444750689,0.06495674638663622,0.07281024387900757,0.0,,
window_false_positive,common_classifiable_subset,healthy_ovulatory,cycle,6,A_windowed_C2_only,strict_herzog,False,22591,22587,3543.0,0.1568601407889494,0.15217584224951425,0.16166113773833984,0.00017706166172370974,,
window_false_positive,common_classifiable_subset,healthy_ovulatory,cycle,12,A_windowed_C2_only,strict_herzog,False,15706,15706,1079.0,0.06869985992614287,0.06484856780964714,0.07276207991632803,0.0,,
window_false_positive,common_classifiable_subset,healthy_ovulatory,full,full_diary,A_windowed_C2_only,strict_herzog,False,6132,6132,29.0,0.004729288975864318,0.003294941961893776,0.006783783056627158,0.0,,
window_false_positive,common_classifiable_subset,population,calendar,6,A_windowed_C2_only,strict_herzog,False,5182,5182,775.0,0.14955615592435353,0.14010576215658163,0.15952573856693866,0.0,,
window_false_positive,common_classifiable_subset,population,calendar,12,A_windowed_C2_only,strict_herzog,False,20412,20412,1594.0,0.07809131883205957,0.0744893243349076,0.081852086586544,0.0,,
window_false_positive,common_classifiable_subset,population,cycle,6,A_windowed_C2_only,strict_herzog,False,25698,25696,3941.0,0.15337017434620173,0.14901613212437012,0.15782784088053406,7.78270682543214e-05,,
window_false_positive,common_classifiable_subset,population,cycle,12,A_windowed_C2_only,strict_herzog,False,20066,20066,1464.0,0.072959234526064,0.06944200638443838,0.07663993775230267,0.0,,
window_false_positive,common_classifiable_subset,population,full,full_diary,A_windowed_C2_only,strict_herzog,False,13364,13364,158.0,0.0118228075426519,0.010125436398297449,0.013800749426538809,0.0,,
window_false_positive,common_classifiable_subset,healthy_ovulatory,calendar,6,A_windowed_C3_only,strict_herzog,False,6706,0,0.0,,,,1.0,,
window_false_positive,common_classifiable_subset,healthy_ovulatory,calendar,12,A_windowed_C3_only,strict_herzog,False,15964,0,0.0,,,,1.0,,
window_false_positive,common_classifiable_subset,healthy_ovulatory,cycle,6,A_windowed_C3_only,strict_herzog,False,22591,0,0.0,,,,1.0,,
window_false_positive,common_classifiable_subset,healthy_ovulatory,cycle,12,A_windowed_C3_only,strict_herzog,False,15706,0,0.0,,,,1.0,,
window_false_positive,common_classifiable_subset,healthy_ovulatory,full,full_diary,A_windowed_C3_only,strict_herzog,False,6132,0,0.0,,,,1.0,,
window_false_positive,common_classifiable_subset,population,calendar,6,A_windowed_C3_only,strict_herzog,False,5182,1973,882.0,0.44703497212366955,0.4252206211371843,0.469055169636305,0.6192589733693554,,
window_false_positive,common_classifiable_subset,population,calendar,12,A_windowed_C3_only,strict_herzog,False,20412,14326,5326.0,0.3717716040765043,0.36389321164440025,0.3797187459227592,0.2981579463060945,,
window_false_positive,common_classifiable_subset,population,cycle,6,A_windowed_C3_only,strict_herzog,False,25698,14269,6136.0,0.43002312705865864,0.4219198566731267,0.43816406524517904,0.4447427815394194,,
window_false_positive,common_classifiable_subset,population,cycle,12,A_windowed_C3_only,strict_herzog,False,20066,14068,5138.0,0.3652260449246517,0.3573073329241166,0.3732183405567306,0.2989135851689425,,
window_false_positive,common_classifiable_subset,population,full,full_diary,A_windowed_C3_only,strict_herzog,False,13364,12480,3341.0,0.2677083333333333,0.2600125974132683,0.275547028273638,0.06614785992217898,,
window_false_positive,common_classifiable_subset,healthy_ovulatory,calendar,6,B_minimum_data_any,strict_herzog,False,6706,6706,1847.0,0.27542499254399044,0.2648638344963542,0.2862432939678432,0.0,,
window_false_positive,common_classifiable_subset,healthy_ovulatory,calendar,12,B_minimum_data_any,strict_herzog,False,15964,15964,2427.0,0.15202956652468053,0.14654362268739918,0.15768293613387496,0.0,,
window_false_positive,common_classifiable_subset,healthy_ovulatory,cycle,6,B_minimum_data_any,strict_herzog,False,22591,22591,6457.0,0.2858217874374751,0.27996701536049695,0.29174938647235416,0.0,,
window_false_positive,common_classifiable_subset,healthy_ovulatory,cycle,12,B_minimum_data_any,strict_herzog,False,15706,15706,2413.0,0.15363555329173564,0.14808081135356685,0.15935968519637486,0.0,,
window_false_positive,common_classifiable_subset,healthy_ovulatory,full,full_diary,B_minimum_data_any,strict_herzog,False,6132,6132,135.0,0.02201565557729941,0.018631237658474558,0.02599857565376938,0.0,,
window_false_positive,common_classifiable_subset,population,calendar,6,B_minimum_data_any,strict_herzog,False,5182,5182,1998.0,0.3855654187572366,0.37240267807812516,0.3988976963321433,0.0,,
window_false_positive,common_classifiable_subset,population,calendar,12,B_minimum_data_any,strict_herzog,False,20412,20412,7357.0,0.3604252400548697,0.3538655111553027,0.36703749392077895,0.0,,
window_false_positive,common_classifiable_subset,population,cycle,6,B_minimum_data_any,strict_herzog,False,25698,25698,11131.0,0.43314654836952293,0.4270986782708215,0.4392144026224237,0.0,,
window_false_positive,common_classifiable_subset,population,cycle,12,B_minimum_data_any,strict_herzog,False,20066,20066,7081.0,0.3528854779228546,0.3463023262485602,0.35952494637270943,0.0,,
window_false_positive,common_classifiable_subset,population,full,full_diary,B_minimum_data_any,strict_herzog,False,13364,13364,3634.0,0.2719245734809937,0.2644470771953008,0.27953315186572014,0.0,,
window_false_positive,common_classifiable_subset,healthy_ovulatory,calendar,6,B_minimum_data_excluding_C3,strict_herzog,False,6706,6706,1847.0,0.27542499254399044,0.2648638344963542,0.2862432939678432,0.0,,
window_false_positive,common_classifiable_subset,healthy_ovulatory,calendar,12,B_minimum_data_excluding_C3,strict_herzog,False,15964,15964,2427.0,0.15202956652468053,0.14654362268739918,0.15768293613387496,0.0,,
window_false_positive,common_classifiable_subset,healthy_ovulatory,cycle,6,B_minimum_data_excluding_C3,strict_herzog,False,22591,22591,6457.0,0.2858217874374751,0.27996701536049695,0.29174938647235416,0.0,,
window_false_positive,common_classifiable_subset,healthy_ovulatory,cycle,12,B_minimum_data_excluding_C3,strict_herzog,False,15706,15706,2413.0,0.15363555329173564,0.14808081135356685,0.15935968519637486,0.0,,
window_false_positive,common_classifiable_subset,healthy_ovulatory,full,full_diary,B_minimum_data_excluding_C3,strict_herzog,False,6132,6132,135.0,0.02201565557729941,0.018631237658474558,0.02599857565376938,0.0,,
window_false_positive,common_classifiable_subset,population,calendar,6,B_minimum_data_excluding_C3,strict_herzog,False,5182,5182,1434.0,0.27672713238131996,0.2647150979913282,0.28906994955113485,0.0,,
window_false_positive,common_classifiable_subset,population,calendar,12,B_minimum_data_excluding_C3,strict_herzog,False,20412,20412,3448.0,0.16892024299431707,0.16384259326867848,0.1741224851111601,0.0,,
window_false_positive,common_classifiable_subset,population,cycle,6,B_minimum_data_excluding_C3,strict_herzog,False,25698,25698,7322.0,0.2849248968791346,0.27943862738736763,0.2904754576516115,0.0,,
window_false_positive,common_classifiable_subset,population,cycle,12,B_minimum_data_excluding_C3,strict_herzog,False,20066,20066,3271.0,0.1630120602013356,0.1579658636856364,0.16818725876186544,0.0,,
window_false_positive,common_classifiable_subset,population,full,full_diary,B_minimum_data_excluding_C3,strict_herzog,False,13364,13364,625.0,0.04676743489973062,0.04331608728381416,0.05047926948213207,0.0,,
window_false_positive,common_classifiable_subset,healthy_ovulatory,calendar,6,C_reproducibility_any,strict_herzog,False,6706,6706,704.0,0.1049806143751864,0.0978689128233048,0.11254462190555241,0.0,,
window_false_positive,common_classifiable_subset,healthy_ovulatory,calendar,12,C_reproducibility_any,strict_herzog,False,15964,15964,246.0,0.015409671761463293,0.01361218771319652,0.01744031616463911,0.0,,
window_false_positive,common_classifiable_subset,healthy_ovulatory,cycle,6,C_reproducibility_any,strict_herzog,False,22591,22591,2742.0,0.12137576911159312,0.11718160165797528,0.12569868005687262,0.0,,
window_false_positive,common_classifiable_subset,healthy_ovulatory,cycle,12,C_reproducibility_any,strict_herzog,False,15706,15706,355.0,0.022602826945116516,0.020392403035133903,0.025046722540502605,0.0,,
window_false_positive,common_classifiable_subset,healthy_ovulatory,full,full_diary,C_reproducibility_any,strict_herzog,False,6132,6132,1.0,0.00016307893020221786,2.8788015633889768e-05,0.000923234434733798,0.0,,
window_false_positive,common_classifiable_subset,population,calendar,6,C_reproducibility_any,strict_herzog,False,5182,5182,409.0,0.07892705519104593,0.07189399263972761,0.08658394490362105,0.0,,
window_false_positive,common_classifiable_subset,population,calendar,12,C_reproducibility_any,strict_herzog,False,20412,20412,1279.0,0.06265922006662747,0.059416150058936995,0.06606687076036147,0.0,,
window_false_positive,common_classifiable_subset,population,cycle,6,C_reproducibility_any,strict_herzog,False,25698,25698,2006.0,0.07806054945910187,0.07484331594279173,0.08140391113838247,0.0,,
window_false_positive,common_classifiable_subset,population,cycle,12,C_reproducibility_any,strict_herzog,False,20066,20066,1854.0,0.09239509618259743,0.08846600302895599,0.09648022419643845,0.0,,
window_false_positive,common_classifiable_subset,population,full,full_diary,C_reproducibility_any,strict_herzog,False,13364,13364,1605.0,0.12009877282250823,0.11469620113454716,0.12571968565771122,0.0,,
window_false_positive,common_classifiable_subset,healthy_ovulatory,calendar,6,C_reproducibility_12cycle_any,strict_herzog,False,6706,0,0.0,,,,1.0,,
window_false_positive,common_classifiable_subset,healthy_ovulatory,calendar,12,C_reproducibility_12cycle_any,strict_herzog,False,15964,6234,95.0,0.015239011870388194,0.012482911968357916,0.018592173876696757,0.609496366825357,,
window_false_positive,common_classifiable_subset,healthy_ovulatory,cycle,6,C_reproducibility_12cycle_any,strict_herzog,False,22591,0,0.0,,,,1.0,,
window_false_positive,common_classifiable_subset,healthy_ovulatory,cycle,12,C_reproducibility_12cycle_any,strict_herzog,False,15706,15706,355.0,0.022602826945116516,0.020392403035133903,0.025046722540502605,0.0,,
window_false_positive,common_classifiable_subset,healthy_ovulatory,full,full_diary,C_reproducibility_12cycle_any,strict_herzog,False,6132,6132,1.0,0.00016307893020221786,2.8788015633889768e-05,0.000923234434733798,0.0,,
window_false_positive,common_classifiable_subset,population,calendar,6,C_reproducibility_12cycle_any,strict_herzog,False,5182,0,0.0,,,,1.0,,
window_false_positive,common_classifiable_subset,population,calendar,12,C_reproducibility_12cycle_any,strict_herzog,False,20412,4817,56.0,0.011625493045463982,0.008963839342392045,0.015065463386229947,0.7640113658632177,,
window_false_positive,common_classifiable_subset,population,cycle,6,C_reproducibility_12cycle_any,strict_herzog,False,25698,0,0.0,,,,1.0,,
window_false_positive,common_classifiable_subset,population,cycle,12,C_reproducibility_12cycle_any,strict_herzog,False,20066,18680,266.0,0.01423982869379015,0.012637927221665396,0.016041477921098852,0.06907206219475726,,
window_false_positive,common_classifiable_subset,population,full,full_diary,C_reproducibility_12cycle_any,strict_herzog,False,13364,11986,1073.0,0.08952110795928583,0.08454071702120142,0.09476452785666956,0.10311284046692604,,
window_false_positive,common_classifiable_subset,healthy_ovulatory,calendar,6,D_nb_regression_any,strict_herzog,False,6706,6706,412.0,0.06143751864002386,0.055937450917216025,0.06743975015396898,0.0,,
window_false_positive,common_classifiable_subset,healthy_ovulatory,calendar,12,D_nb_regression_any,strict_herzog,False,15964,15964,897.0,0.05618892508143322,0.05272225209761902,0.059869137506112266,0.0,,
window_false_positive,common_classifiable_subset,healthy_ovulatory,cycle,6,D_nb_regression_any,strict_herzog,False,22591,22591,1434.0,0.06347660572794475,0.060370815402579055,0.0667308269813541,0.0,,
window_false_positive,common_classifiable_subset,healthy_ovulatory,cycle,12,D_nb_regression_any,strict_herzog,False,15706,15706,925.0,0.058894689927416276,0.055319517777173824,0.0626855851820166,0.0,,
window_false_positive,common_classifiable_subset,healthy_ovulatory,full,full_diary,D_nb_regression_any,strict_herzog,False,6132,6132,156.0,0.025440313111545987,0.021786412543392274,0.0296884276949666,0.0,,
window_false_positive,common_classifiable_subset,population,calendar,6,D_nb_regression_any,strict_herzog,False,5182,5182,310.0,0.05982246236974141,0.05368560491876489,0.06661145078076688,0.0,,
window_false_positive,common_classifiable_subset,population,calendar,12,D_nb_regression_any,strict_herzog,False,20412,20412,1103.0,0.054036841073878114,0.05101829910842392,0.05722320851094138,0.0,,
window_false_positive,common_classifiable_subset,population,cycle,6,D_nb_regression_any,strict_herzog,False,25698,25698,1495.0,0.058175733520118296,0.05537932270849175,0.061104216559206455,0.0,,
window_false_positive,common_classifiable_subset,population,cycle,12,D_nb_regression_any,strict_herzog,False,20066,20066,1122.0,0.055915478919565435,0.052820656783012086,0.059180300645217516,0.0,,
window_false_positive,common_classifiable_subset,population,full,full_diary,D_nb_regression_any,strict_herzog,False,13364,13364,565.0,0.04227776114935648,0.03899566938224621,0.045822920239231936,0.0,,
window_false_positive,common_classifiable_subset,healthy_ovulatory,calendar,6,D_nb_regression_window_alpha_any,strict_herzog,False,6706,0,0.0,,,,1.0,,
window_false_positive,common_classifiable_subset,healthy_ovulatory,calendar,12,D_nb_regression_window_alpha_any,strict_herzog,False,15964,0,0.0,,,,1.0,,
window_false_positive,common_classifiable_subset,healthy_ovulatory,cycle,6,D_nb_regression_window_alpha_any,strict_herzog,False,22591,0,0.0,,,,1.0,,
window_false_positive,common_classifiable_subset,healthy_ovulatory,cycle,12,D_nb_regression_window_alpha_any,strict_herzog,False,15706,0,0.0,,,,1.0,,
window_false_positive,common_classifiable_subset,healthy_ovulatory,full,full_diary,D_nb_regression_window_alpha_any,strict_herzog,False,6132,6132,156.0,0.025440313111545987,0.021786412543392274,0.0296884276949666,0.0,,
window_false_positive,common_classifiable_subset,population,calendar,6,D_nb_regression_window_alpha_any,strict_herzog,False,5182,0,0.0,,,,1.0,,
window_false_positive,common_classifiable_subset,population,calendar,12,D_nb_regression_window_alpha_any,strict_herzog,False,20412,0,0.0,,,,1.0,,
window_false_positive,common_classifiable_subset,population,cycle,6,D_nb_regression_window_alpha_any,strict_herzog,False,25698,0,0.0,,,,1.0,,
window_false_positive,common_classifiable_subset,population,cycle,12,D_nb_regression_window_alpha_any,strict_herzog,False,20066,0,0.0,,,,1.0,,
window_false_positive,common_classifiable_subset,population,full,full_diary,D_nb_regression_window_alpha_any,strict_herzog,False,13364,13364,565.0,0.04227776114935648,0.03899566938224621,0.045822920239231936,0.0,,
window_false_positive,common_classifiable_subset,healthy_ovulatory,calendar,6,H1_newmark_penry_any,strict_herzog,True,6706,6706,255.0,0.0380256486728303,0.033706223492122135,0.04287404475627337,0.0,,
window_false_positive,common_classifiable_subset,healthy_ovulatory,calendar,12,H1_newmark_penry_any,strict_herzog,True,15964,15964,54.0,0.003382610874467552,0.0025936286828539966,0.0044105402343488035,0.0,,
window_false_positive,common_classifiable_subset,healthy_ovulatory,cycle,6,H1_newmark_penry_any,strict_herzog,True,22591,22591,625.0,0.02766588464432739,0.02560611120970931,0.02988626571649448,0.0,,
window_false_positive,common_classifiable_subset,healthy_ovulatory,cycle,12,H1_newmark_penry_any,strict_herzog,True,15706,15706,70.0,0.004456895453966637,0.0035294260776462796,0.005626710806213274,0.0,,
window_false_positive,common_classifiable_subset,healthy_ovulatory,full,full_diary,H1_newmark_penry_any,strict_herzog,True,6132,6132,0.0,0.0,5.421010862427522e-20,0.0006260687872193574,0.0,,
window_false_positive,common_classifiable_subset,population,calendar,6,H1_newmark_penry_any,strict_herzog,True,5182,5182,194.0,0.037437282902354305,0.03260197701902442,0.042957883792802694,0.0,,
window_false_positive,common_classifiable_subset,population,calendar,12,H1_newmark_penry_any,strict_herzog,True,20412,20412,80.0,0.003919263178522437,0.003150472732839242,0.0048747394119144655,0.0,,
window_false_positive,common_classifiable_subset,population,cycle,6,H1_newmark_penry_any,strict_herzog,True,25698,25698,567.0,0.022063973850105067,0.020338166088246682,0.023932648539714333,0.0,,
window_false_positive,common_classifiable_subset,population,cycle,12,H1_newmark_penry_any,strict_herzog,True,20066,20066,81.0,0.004036678959433868,0.00324926431113812,0.005013952872762792,0.0,,
window_false_positive,common_classifiable_subset,population,full,full_diary,H1_newmark_penry_any,strict_herzog,True,13364,13364,0.0,0.0,0.0,0.00028736567773695134,0.0,,
window_false_positive,common_classifiable_subset,healthy_ovulatory,calendar,6,H1_newmark_penry_66_7_any,strict_herzog,True,6706,6706,24.0,0.003578884580972264,0.002406248148667925,0.005319934226706062,0.0,,
window_false_positive,common_classifiable_subset,healthy_ovulatory,calendar,12,H1_newmark_penry_66_7_any,strict_herzog,True,15964,15964,0.0,0.0,0.0,0.0002405747095248174,0.0,,
window_false_positive,common_classifiable_subset,healthy_ovulatory,cycle,6,H1_newmark_penry_66_7_any,strict_herzog,True,22591,22591,62.0,0.0027444557567172768,0.0021416357978487083,0.0035163573796509594,0.0,,
window_false_positive,common_classifiable_subset,healthy_ovulatory,cycle,12,H1_newmark_penry_66_7_any,strict_herzog,True,15706,15706,0.0,0.0,0.0,0.00024452562623012596,0.0,,
window_false_positive,common_classifiable_subset,healthy_ovulatory,full,full_diary,H1_newmark_penry_66_7_any,strict_herzog,True,6132,6132,0.0,0.0,5.421010862427522e-20,0.0006260687872193574,0.0,,
window_false_positive,common_classifiable_subset,population,calendar,6,H1_newmark_penry_66_7_any,strict_herzog,True,5182,5182,21.0,0.004052489386337322,0.0026521794741973747,0.006187554479242628,0.0,,
window_false_positive,common_classifiable_subset,population,calendar,12,H1_newmark_penry_66_7_any,strict_herzog,True,20412,20412,1.0,4.899078973153047e-05,8.64812970056137e-06,0.0002774757037195064,0.0,,
window_false_positive,common_classifiable_subset,population,cycle,6,H1_newmark_penry_66_7_any,strict_herzog,True,25698,25698,82.0,0.0031909097984278933,0.002571685228548591,0.003958642922825641,0.0,,
window_false_positive,common_classifiable_subset,population,cycle,12,H1_newmark_penry_66_7_any,strict_herzog,True,20066,20066,1.0,4.98355427090601e-05,8.797251164784125e-06,0.00028225929916620037,0.0,,
window_false_positive,common_classifiable_subset,population,full,full_diary,H1_newmark_penry_66_7_any,strict_herzog,True,13364,13364,0.0,0.0,0.0,0.00028736567773695134,0.0,,
window_false_positive,common_classifiable_subset,healthy_ovulatory,calendar,6,H2_duncan1993_any,strict_herzog,True,6706,6706,48.0,0.007157769161944528,0.0054032178267318185,0.009476635808176872,0.0,,
window_false_positive,common_classifiable_subset,healthy_ovulatory,calendar,12,H2_duncan1993_any,strict_herzog,True,15964,15964,2.0,0.00012528188423953897,3.435748380678882e-05,0.0004567207148912872,0.0,,
window_false_positive,common_classifiable_subset,healthy_ovulatory,cycle,6,H2_duncan1993_any,strict_herzog,True,22591,22591,95.0,0.004205214465937763,0.003441540167319286,0.0051374737272447445,0.0,,
window_false_positive,common_classifiable_subset,healthy_ovulatory,cycle,12,H2_duncan1993_any,strict_herzog,True,15706,15706,2.0,0.00012733987011333248,3.4921880033874156e-05,0.0004642212106999497,0.0,,
window_false_positive,common_classifiable_subset,healthy_ovulatory,full,full_diary,H2_duncan1993_any,strict_herzog,True,6132,6132,0.0,0.0,5.421010862427522e-20,0.0006260687872193574,0.0,,
window_false_positive,common_classifiable_subset,population,calendar,6,H2_duncan1993_any,strict_herzog,True,5182,5182,38.0,0.007333076032419915,0.005347407565097054,0.010048639432230699,0.0,,
window_false_positive,common_classifiable_subset,population,calendar,12,H2_duncan1993_any,strict_herzog,True,20412,20412,2.0,9.798157946306095e-05,2.6870494440866415e-05,0.0003572164821606398,0.0,,
window_false_positive,common_classifiable_subset,population,cycle,6,H2_duncan1993_any,strict_herzog,True,25698,25698,119.0,0.004630710561133162,0.003871446642280364,0.005538052642359252,0.0,,
window_false_positive,common_classifiable_subset,population,cycle,12,H2_duncan1993_any,strict_herzog,True,20066,20066,4.0,0.0001993421708362404,7.752292165286328e-05,0.0005124896524369935,0.0,,
window_false_positive,common_classifiable_subset,population,full,full_diary,H2_duncan1993_any,strict_herzog,True,13364,13364,0.0,0.0,0.0,0.00028736567773695134,0.0,,
window_false_positive,common_classifiable_subset,healthy_ovulatory,calendar,6,H3_herzog1997_twofold_any,strict_herzog,True,6706,6706,1384.0,0.20638234416940054,0.19686545036239117,0.21623543671994933,0.0,,
window_false_positive,common_classifiable_subset,healthy_ovulatory,calendar,12,H3_herzog1997_twofold_any,strict_herzog,True,15964,15964,1498.0,0.09383613129541468,0.08940992598286679,0.09845776211742871,0.0,,
window_false_positive,common_classifiable_subset,healthy_ovulatory,cycle,6,H3_herzog1997_twofold_any,strict_herzog,True,22591,22591,5041.0,0.22314195918728696,0.21776001195068365,0.22861804638631475,0.0,,
window_false_positive,common_classifiable_subset,healthy_ovulatory,cycle,12,H3_herzog1997_twofold_any,strict_herzog,True,15706,15706,1451.0,0.09238507576722271,0.0879555730476832,0.09701392307597978,0.0,,
window_false_positive,common_classifiable_subset,healthy_ovulatory,full,full_diary,H3_herzog1997_twofold_any,strict_herzog,True,6132,6132,36.0,0.005870841487279843,0.004243792592061415,0.00811660806849783,0.0,,
window_false_positive,common_classifiable_subset,population,calendar,6,H3_herzog1997_twofold_any,strict_herzog,True,5182,5182,1641.0,0.31667309918950215,0.30414745444853436,0.32947034604009134,0.0,,
window_false_positive,common_classifiable_subset,population,calendar,12,H3_herzog1997_twofold_any,strict_herzog,True,20412,20412,5850.0,0.2865961199294533,0.2804336361411735,0.29283891216048036,0.0,,
window_false_positive,common_classifiable_subset,population,cycle,6,H3_herzog1997_twofold_any,strict_herzog,True,25698,25698,9367.0,0.36450307416919603,0.35863928245684384,0.3704073692720733,0.0,,
window_false_positive,common_classifiable_subset,population,cycle,12,H3_herzog1997_twofold_any,strict_herzog,True,20066,20066,5509.0,0.2745440047842121,0.2684127085353147,0.2807616076363058,0.0,,
window_false_positive,common_classifiable_subset,population,full,full_diary,H3_herzog1997_twofold_any,strict_herzog,True,13364,13364,2541.0,0.1901376833283448,0.1835740560999541,0.1968793981460065,0.0,,
window_false_positive,common_classifiable_subset,healthy_ovulatory,calendar,6,H4_reddy2007_any_phase2x_any,strict_herzog,True,6706,6706,2611.0,0.3893528183716075,0.3777490037887722,0.40108332643727995,0.0,,
window_false_positive,common_classifiable_subset,healthy_ovulatory,calendar,12,H4_reddy2007_any_phase2x_any,strict_herzog,True,15964,15964,2706.0,0.16950638937609622,0.1637658480100218,0.17540594755092187,0.0,,
window_false_positive,common_classifiable_subset,healthy_ovulatory,cycle,6,H4_reddy2007_any_phase2x_any,strict_herzog,True,22591,22591,9262.0,0.40998627772121643,0.40358859386564716,0.4164145689176748,0.0,,
window_false_positive,common_classifiable_subset,healthy_ovulatory,cycle,12,H4_reddy2007_any_phase2x_any,strict_herzog,True,15706,15706,2627.0,0.16726091939386223,0.16150573403077667,0.17317883122106076,0.0,,
window_false_positive,common_classifiable_subset,healthy_ovulatory,full,full_diary,H4_reddy2007_any_phase2x_any,strict_herzog,True,6132,6132,64.0,0.010437051532941943,0.008182291076619719,0.013304812152092775,0.0,,
window_false_positive,common_classifiable_subset,population,calendar,6,H4_reddy2007_any_phase2x_any,strict_herzog,True,5182,5182,2060.0,0.39752991123118486,0.3842860023856205,0.41092563136117977,0.0,,
window_false_positive,common_classifiable_subset,population,calendar,12,H4_reddy2007_any_phase2x_any,strict_herzog,True,20412,20412,3998.0,0.19586517734665884,0.1904782358883295,0.20136657124130028,0.0,,
window_false_positive,common_classifiable_subset,population,cycle,6,H4_reddy2007_any_phase2x_any,strict_herzog,True,25698,25698,10569.0,0.4112771421900537,0.4052746531720503,0.4173061526699747,0.0,,
window_false_positive,common_classifiable_subset,population,cycle,12,H4_reddy2007_any_phase2x_any,strict_herzog,True,20066,20066,3627.0,0.18075351340576098,0.17549040599669197,0.18613883127019604,0.0,,
window_false_positive,common_classifiable_subset,population,full,full_diary,H4_reddy2007_any_phase2x_any,strict_herzog,True,13364,13364,289.0,0.021625261897635438,0.01929314164660813,0.02423231911031679,0.0,,
window_false_positive,seizure_frequency:1 to <4 seizure-days/month,healthy_ovulatory,calendar,1,A_exact_any,strict_herzog,False,27175,0,0.0,,,,1.0,,
window_false_positive,seizure_frequency:1 to <4 seizure-days/month,healthy_ovulatory,calendar,3,A_exact_any,strict_herzog,False,27175,0,0.0,,,,1.0,,
window_false_positive,seizure_frequency:1 to <4 seizure-days/month,healthy_ovulatory,calendar,4,A_exact_any,strict_herzog,False,27175,0,0.0,,,,1.0,,
window_false_positive,seizure_frequency:1 to <4 seizure-days/month,healthy_ovulatory,calendar,6,A_exact_any,strict_herzog,False,27175,0,0.0,,,,1.0,,
window_false_positive,seizure_frequency:1 to <4 seizure-days/month,healthy_ovulatory,calendar,12,A_exact_any,strict_herzog,False,27175,0,0.0,,,,1.0,,
window_false_positive,seizure_frequency:1 to <4 seizure-days/month,healthy_ovulatory,cycle,3,A_exact_any,strict_herzog,False,27175,14809,7684.0,0.5188736579107299,0.5108225903979392,0.5269149362983402,0.45505059797608094,,
window_false_positive,seizure_frequency:1 to <4 seizure-days/month,healthy_ovulatory,cycle,6,A_exact_any,strict_herzog,False,27175,0,0.0,,,,1.0,,
window_false_positive,seizure_frequency:1 to <4 seizure-days/month,healthy_ovulatory,cycle,12,A_exact_any,strict_herzog,False,27175,0,0.0,,,,1.0,,
window_false_positive,seizure_frequency:1 to <4 seizure-days/month,healthy_ovulatory,full,full_diary,A_exact_any,strict_herzog,False,27175,0,0.0,,,,1.0,,
window_false_positive,seizure_frequency:1 to <4 seizure-days/month,population,calendar,1,A_exact_any,strict_herzog,False,27072,0,0.0,,,,1.0,,
window_false_positive,seizure_frequency:1 to <4 seizure-days/month,population,calendar,3,A_exact_any,strict_herzog,False,27072,0,0.0,,,,1.0,,
window_false_positive,seizure_frequency:1 to <4 seizure-days/month,population,calendar,4,A_exact_any,strict_herzog,False,27072,0,0.0,,,,1.0,,
window_false_positive,seizure_frequency:1 to <4 seizure-days/month,population,calendar,6,A_exact_any,strict_herzog,False,27072,0,0.0,,,,1.0,,
window_false_positive,seizure_frequency:1 to <4 seizure-days/month,population,calendar,12,A_exact_any,strict_herzog,False,27072,0,0.0,,,,1.0,,
window_false_positive,seizure_frequency:1 to <4 seizure-days/month,population,cycle,3,A_exact_any,strict_herzog,False,27072,10657,5708.0,0.5356103969222108,0.5261304320297656,0.5450646985733644,0.6063460401891253,,
window_false_positive,seizure_frequency:1 to <4 seizure-days/month,population,cycle,6,A_exact_any,strict_herzog,False,27072,0,0.0,,,,1.0,,
window_false_positive,seizure_frequency:1 to <4 seizure-days/month,population,cycle,12,A_exact_any,strict_herzog,False,27072,0,0.0,,,,1.0,,
window_false_positive,seizure_frequency:1 to <4 seizure-days/month,population,full,full_diary,A_exact_any,strict_herzog,False,27072,0,0.0,,,,1.0,,
window_false_positive,seizure_frequency:1 to <4 seizure-days/month,healthy_ovulatory,calendar,1,A_windowed_any,strict_herzog,False,27175,23928,11655.0,0.487086258776329,0.48075568636921406,0.49342097692418996,0.11948482060717569,,
window_false_positive,seizure_frequency:1 to <4 seizure-days/month,healthy_ovulatory,calendar,3,A_windowed_any,strict_herzog,False,27175,26988,11191.0,0.4146657773825404,0.40880054146728473,0.42055530270411035,0.006881324747010087,,
window_false_positive,seizure_frequency:1 to <4 seizure-days/month,healthy_ovulatory,calendar,4,A_windowed_any,strict_herzog,False,27175,27104,10395.0,0.3835227272727273,0.3777508607367851,0.38932760585408877,0.0026126954921803502,,
window_false_positive,seizure_frequency:1 to <4 seizure-days/month,healthy_ovulatory,calendar,6,A_windowed_any,strict_herzog,False,27175,27171,9004.0,0.3313827242280373,0.32580998612744805,0.3370031340931383,0.00014719411223551582,,
window_false_positive,seizure_frequency:1 to <4 seizure-days/month,healthy_ovulatory,calendar,12,A_windowed_any,strict_herzog,False,27175,27175,6153.0,0.22642134314627416,0.22148428248688495,0.23143573904794124,0.0,,
window_false_positive,seizure_frequency:1 to <4 seizure-days/month,healthy_ovulatory,cycle,3,A_windowed_any,strict_herzog,False,27175,26961,11300.0,0.41912391973591484,0.4132461512634153,0.425024731706177,0.007874885004599763,,
window_false_positive,seizure_frequency:1 to <4 seizure-days/month,healthy_ovulatory,cycle,6,A_windowed_any,strict_herzog,False,27175,27168,8938.0,0.328989988221437,0.32342755361720826,0.3346007764066454,0.00025758969641209717,,
window_false_positive,seizure_frequency:1 to <4 seizure-days/month,healthy_ovulatory,cycle,12,A_windowed_any,strict_herzog,False,27175,27175,6184.0,0.22756209751609935,0.2226160381179161,0.23258516968800028,0.0,,
window_false_positive,seizure_frequency:1 to <4 seizure-days/month,healthy_ovulatory,full,full_diary,A_windowed_any,strict_herzog,False,27175,27175,1701.0,0.06259429622815088,0.05977564590390142,0.06553659244080381,0.0,,
window_false_positive,seizure_frequency:1 to <4 seizure-days/month,population,calendar,1,A_windowed_any,strict_herzog,False,27072,23797,12455.0,0.5233853006681515,0.51703630913416,0.529726743421174,0.1209736997635934,,
window_false_positive,seizure_frequency:1 to <4 seizure-days/month,population,calendar,3,A_windowed_any,strict_herzog,False,27072,26900,13791.0,0.5126765799256505,0.5067020610590921,0.5186474787471053,0.006353427895981034,,
window_false_positive,seizure_frequency:1 to <4 seizure-days/month,population,calendar,4,A_windowed_any,strict_herzog,False,27072,27019,13469.0,0.49850105481327955,0.4925398353078471,0.5044627004867905,0.001957742316784916,,
window_false_positive,seizure_frequency:1 to <4 seizure-days/month,population,calendar,6,A_windowed_any,strict_herzog,False,27072,27071,12623.0,0.4662923423589819,0.46035494044063224,0.47223930936224373,3.693853427899629e-05,,
window_false_positive,seizure_frequency:1 to <4 seizure-days/month,population,calendar,12,A_windowed_any,strict_herzog,False,27072,27072,10907.0,0.40288859338061467,0.397060143522985,0.4087445991293597,0.0,,
window_false_positive,seizure_frequency:1 to <4 seizure-days/month,population,cycle,3,A_windowed_any,strict_herzog,False,27072,26876,13587.0,0.5055439797588926,0.4995662591095847,0.5115201158028764,0.007239952718676168,,
window_false_positive,seizure_frequency:1 to <4 seizure-days/month,population,cycle,6,A_windowed_any,strict_herzog,False,27072,27066,12539.0,0.46327495751126874,0.45733997355531913,0.46922036470805056,0.00022163120567375572,,
window_false_positive,seizure_frequency:1 to <4 seizure-days/month,population,cycle,12,A_windowed_any,strict_herzog,False,27072,27072,10641.0,0.39306294326241137,0.3872602793832865,0.3988959511144457,0.0,,
window_false_positive,seizure_frequency:1 to <4 seizure-days/month,population,full,full_diary,A_windowed_any,strict_herzog,False,27072,27072,9113.0,0.33662086288416077,0.331015289485859,0.3422727960034223,0.0,,
window_false_positive,seizure_frequency:1 to <4 seizure-days/month,healthy_ovulatory,calendar,1,A_windowed_excluding_C3,strict_herzog,False,27175,23928,11655.0,0.487086258776329,0.48075568636921406,0.49342097692418996,0.11948482060717569,,
window_false_positive,seizure_frequency:1 to <4 seizure-days/month,healthy_ovulatory,calendar,3,A_windowed_excluding_C3,strict_herzog,False,27175,26988,11191.0,0.4146657773825404,0.40880054146728473,0.42055530270411035,0.006881324747010087,,
window_false_positive,seizure_frequency:1 to <4 seizure-days/month,healthy_ovulatory,calendar,4,A_windowed_excluding_C3,strict_herzog,False,27175,27104,10395.0,0.3835227272727273,0.3777508607367851,0.38932760585408877,0.0026126954921803502,,
window_false_positive,seizure_frequency:1 to <4 seizure-days/month,healthy_ovulatory,calendar,6,A_windowed_excluding_C3,strict_herzog,False,27175,27171,9004.0,0.3313827242280373,0.32580998612744805,0.3370031340931383,0.00014719411223551582,,
window_false_positive,seizure_frequency:1 to <4 seizure-days/month,healthy_ovulatory,calendar,12,A_windowed_excluding_C3,strict_herzog,False,27175,27175,6153.0,0.22642134314627416,0.22148428248688495,0.23143573904794124,0.0,,
window_false_positive,seizure_frequency:1 to <4 seizure-days/month,healthy_ovulatory,cycle,3,A_windowed_excluding_C3,strict_herzog,False,27175,26961,11300.0,0.41912391973591484,0.4132461512634153,0.425024731706177,0.007874885004599763,,
window_false_positive,seizure_frequency:1 to <4 seizure-days/month,healthy_ovulatory,cycle,6,A_windowed_excluding_C3,strict_herzog,False,27175,27168,8938.0,0.328989988221437,0.32342755361720826,0.3346007764066454,0.00025758969641209717,,
window_false_positive,seizure_frequency:1 to <4 seizure-days/month,healthy_ovulatory,cycle,12,A_windowed_excluding_C3,strict_herzog,False,27175,27175,6184.0,0.22756209751609935,0.2226160381179161,0.23258516968800028,0.0,,
window_false_positive,seizure_frequency:1 to <4 seizure-days/month,healthy_ovulatory,full,full_diary,A_windowed_excluding_C3,strict_herzog,False,27175,27175,1701.0,0.06259429622815088,0.05977564590390142,0.06553659244080381,0.0,,
window_false_positive,seizure_frequency:1 to <4 seizure-days/month,population,calendar,1,A_windowed_excluding_C3,strict_herzog,False,27072,23797,11551.0,0.4853973189897886,0.47905021758225935,0.49174913414644056,0.1209736997635934,,
window_false_positive,seizure_frequency:1 to <4 seizure-days/month,population,calendar,3,A_windowed_excluding_C3,strict_herzog,False,27072,26900,11264.0,0.4187360594795539,0.41285246119896957,0.4246428642662866,0.006353427895981034,,
window_false_positive,seizure_frequency:1 to <4 seizure-days/month,population,calendar,4,A_windowed_excluding_C3,strict_herzog,False,27072,27019,10565.0,0.39102113327658317,0.38521846943370797,0.3968547811171613,0.001957742316784916,,
window_false_positive,seizure_frequency:1 to <4 seizure-days/month,population,calendar,6,A_windowed_excluding_C3,strict_herzog,False,27072,27071,8990.0,0.3320896900742492,0.3265036046911429,0.33772342268307465,3.693853427899629e-05,,
window_false_positive,seizure_frequency:1 to <4 seizure-days/month,population,calendar,12,A_windowed_excluding_C3,strict_herzog,False,27072,27072,6030.0,0.22273936170212766,0.21782245557391808,0.22773494204818126,0.0,,
window_false_positive,seizure_frequency:1 to <4 seizure-days/month,population,cycle,3,A_windowed_excluding_C3,strict_herzog,False,27072,26876,11003.0,0.4093987200476261,0.403533307459917,0.4152900287022129,0.007239952718676168,,
window_false_positive,seizure_frequency:1 to <4 seizure-days/month,population,cycle,6,A_windowed_excluding_C3,strict_herzog,False,27072,27066,8934.0,0.33008202172467305,0.32450429064864733,0.33570797864032415,0.00022163120567375572,,
window_false_positive,seizure_frequency:1 to <4 seizure-days/month,population,cycle,12,A_windowed_excluding_C3,strict_herzog,False,27072,27072,5884.0,0.21734633569739953,0.2124735987336292,0.22229927717954745,0.0,,
window_false_positive,seizure_frequency:1 to <4 seizure-days/month,population,full,full_diary,A_windowed_excluding_C3,strict_herzog,False,27072,27072,1847.0,0.06822547281323878,0.06528289658003683,0.07129056742272352,0.0,,
window_false_positive,seizure_frequency:1 to <4 seizure-days/month,healthy_ovulatory,calendar,1,A_windowed_C1_only,strict_herzog,False,27175,21515,6903.0,0.32084592145015106,0.3146408885128321,0.32711491814840254,0.20827966881324744,,
window_false_positive,seizure_frequency:1 to <4 seizure-days/month,healthy_ovulatory,calendar,3,A_windowed_C1_only,strict_herzog,False,27175,26576,7512.0,0.2826610475617098,0.27727900518955245,0.2881059118763694,0.02204231830726766,,
window_false_positive,seizure_frequency:1 to <4 seizure-days/month,healthy_ovulatory,calendar,4,A_windowed_C1_only,strict_herzog,False,27175,26954,7037.0,0.2610744230911924,0.2558652602841316,0.26635167909231006,0.008132474701011971,,
window_false_positive,seizure_frequency:1 to <4 seizure-days/month,healthy_ovulatory,calendar,6,A_windowed_C1_only,strict_herzog,False,27175,27126,6122.0,0.22568753225687532,0.22075187159374451,0.23070087564811478,0.0018031278748850132,,
window_false_positive,seizure_frequency:1 to <4 seizure-days/month,healthy_ovulatory,calendar,12,A_windowed_C1_only,strict_herzog,False,27175,27175,4292.0,0.15793928242870287,0.15365175778380355,0.16232350083170208,0.0,,
window_false_positive,seizure_frequency:1 to <4 seizure-days/month,healthy_ovulatory,cycle,3,A_windowed_C1_only,strict_herzog,False,27175,26594,7468.0,0.280815221478529,0.27544601776774535,0.28624773779324086,0.02137994480220795,,
window_false_positive,seizure_frequency:1 to <4 seizure-days/month,healthy_ovulatory,cycle,6,A_windowed_C1_only,strict_herzog,False,27175,27141,6067.0,0.22353634722375743,0.21861922835845268,0.22853171474924824,0.0012511499540018844,,
window_false_positive,seizure_frequency:1 to <4 seizure-days/month,healthy_ovulatory,cycle,12,A_windowed_C1_only,strict_herzog,False,27175,27175,4212.0,0.15499540018399263,0.150741380060833,0.15934694624218163,0.0,,
window_false_positive,seizure_frequency:1 to <4 seizure-days/month,healthy_ovulatory,full,full_diary,A_windowed_C1_only,strict_herzog,False,27175,27175,1276.0,0.04695492180312787,0.04450318699673314,0.04953472343786394,0.0,,
window_false_positive,seizure_frequency:1 to <4 seizure-days/month,population,calendar,1,A_windowed_C1_only,strict_herzog,False,27072,20748,6718.0,0.32379024484287644,0.3174564029917433,0.3301893245206943,0.23359929078014185,,
window_false_positive,seizure_frequency:1 to <4 seizure-days/month,population,calendar,3,A_windowed_C1_only,strict_herzog,False,27072,26403,7531.0,0.2852327387039352,0.27981796399916825,0.29070999869999203,0.024711879432624095,,
window_false_positive,seizure_frequency:1 to <4 seizure-days/month,population,calendar,4,A_windowed_C1_only,strict_herzog,False,27072,26791,7147.0,0.2667686909783136,0.2615064806688271,0.2720977759861021,0.010379728132387744,,
window_false_positive,seizure_frequency:1 to <4 seizure-days/month,population,calendar,6,A_windowed_C1_only,strict_herzog,False,27072,27025,6207.0,0.22967622571692878,0.2246999818487749,0.23472930881244988,0.0017361111111111605,,
window_false_positive,seizure_frequency:1 to <4 seizure-days/month,population,calendar,12,A_windowed_C1_only,strict_herzog,False,27072,27071,4314.0,0.159358723357098,0.15504706858842313,0.16376704051538218,3.693853427899629e-05,,
window_false_positive,seizure_frequency:1 to <4 seizure-days/month,population,cycle,3,A_windowed_C1_only,strict_herzog,False,27072,26457,7267.0,0.27467210946063425,0.2693267227727307,0.28008292020649966,0.022717198581560294,,
window_false_positive,seizure_frequency:1 to <4 seizure-days/month,population,cycle,6,A_windowed_C1_only,strict_herzog,False,27072,27034,6089.0,0.22523488939853517,0.22029451262474753,0.23025334184706525,0.0014036643026005269,,
window_false_positive,seizure_frequency:1 to <4 seizure-days/month,population,cycle,12,A_windowed_C1_only,strict_herzog,False,27072,27072,4192.0,0.15484633569739953,0.1505860377669277,0.15920457286202194,0.0,,
window_false_positive,seizure_frequency:1 to <4 seizure-days/month,population,full,full_diary,A_windowed_C1_only,strict_herzog,False,27072,27072,1431.0,0.05285904255319149,0.050256562198944296,0.055588401592091205,0.0,,
window_false_positive,seizure_frequency:1 to <4 seizure-days/month,healthy_ovulatory,calendar,1,A_windowed_C2_only,strict_herzog,False,27175,22187,7166.0,0.32298192635326994,0.3168600103040923,0.3291651296358943,0.18355105795768167,,
window_false_positive,seizure_frequency:1 to <4 seizure-days/month,healthy_ovulatory,calendar,3,A_windowed_C2_only,strict_herzog,False,27175,26792,6913.0,0.2580247835174679,0.2528204619992378,0.26329848429599667,0.01409383624655014,,
window_false_positive,seizure_frequency:1 to <4 seizure-days/month,healthy_ovulatory,calendar,4,A_windowed_C2_only,strict_herzog,False,27175,27004,6315.0,0.233854243815731,0.22884381605745735,0.23894038202752188,0.006292548298068024,,
window_false_positive,seizure_frequency:1 to <4 seizure-days/month,healthy_ovulatory,calendar,6,A_windowed_C2_only,strict_herzog,False,27175,27159,5259.0,0.19363746824257153,0.1889814339360474,0.1983801561528237,0.0005887764489420633,,
window_false_positive,seizure_frequency:1 to <4 seizure-days/month,healthy_ovulatory,calendar,12,A_windowed_C2_only,strict_herzog,False,27175,27175,3154.0,0.11606255749770009,0.1123085022264134,0.11992514424390856,0.0,,
window_false_positive,seizure_frequency:1 to <4 seizure-days/month,healthy_ovulatory,cycle,3,A_windowed_C2_only,strict_herzog,False,27175,26670,7116.0,0.2668166479190101,0.26154228081778996,0.2721581792677251,0.01858325666973326,,
window_false_positive,seizure_frequency:1 to <4 seizure-days/month,healthy_ovulatory,cycle,6,A_windowed_C2_only,strict_herzog,False,27175,27152,5307.0,0.19545521508544492,0.19078164952244203,0.2002149423129339,0.0008463661453541604,,
window_false_positive,seizure_frequency:1 to <4 seizure-days/month,healthy_ovulatory,cycle,12,A_windowed_C2_only,strict_herzog,False,27175,27175,3189.0,0.11735050597976081,0.11357799358358141,0.12123118577345536,0.0,,
window_false_positive,seizure_frequency:1 to <4 seizure-days/month,healthy_ovulatory,full,full_diary,A_windowed_C2_only,strict_herzog,False,27175,27175,599.0,0.02204231830726771,0.02036306034857627,0.02385668539156621,0.0,,
window_false_positive,seizure_frequency:1 to <4 seizure-days/month,population,calendar,1,A_windowed_C2_only,strict_herzog,False,27072,22037,7218.0,0.3275400462857921,0.3213742021302492,0.33376600591484357,0.1859855200945626,,
window_false_positive,seizure_frequency:1 to <4 seizure-days/month,population,calendar,3,A_windowed_C2_only,strict_herzog,False,27072,26703,7054.0,0.26416507508519643,0.2589112136529589,0.2694867805681008,0.013630319148936199,,
window_false_positive,seizure_frequency:1 to <4 seizure-days/month,population,calendar,4,A_windowed_C2_only,strict_herzog,False,27072,26950,6474.0,0.2402226345083488,0.23515931549718608,0.2453600004084204,0.004506501182033107,,
window_false_positive,seizure_frequency:1 to <4 seizure-days/month,population,calendar,6,A_windowed_C2_only,strict_herzog,False,27072,27059,5194.0,0.19195092205920397,0.18730225704368286,0.19668703966904805,0.0004802009456265077,,
window_false_positive,seizure_frequency:1 to <4 seizure-days/month,population,calendar,12,A_windowed_C2_only,strict_herzog,False,27072,27072,2977.0,0.10996601654846336,0.10629454128353606,0.11374816608280376,0.0,,
window_false_positive,seizure_frequency:1 to <4 seizure-days/month,population,cycle,3,A_windowed_C2_only,strict_herzog,False,27072,26622,6961.0,0.26147547141461946,0.25623146898364213,0.26678830037682233,0.0166223404255319,,
window_false_positive,seizure_frequency:1 to <4 seizure-days/month,population,cycle,6,A_windowed_C2_only,strict_herzog,False,27072,27049,5229.0,0.19331583422677362,0.18865345004235357,0.19806531570155195,0.0008495862884160266,,
window_false_positive,seizure_frequency:1 to <4 seizure-days/month,population,cycle,12,A_windowed_C2_only,strict_herzog,False,27072,27072,2937.0,0.10848847517730496,0.10483925226549526,0.11224879161894796,0.0,,
window_false_positive,seizure_frequency:1 to <4 seizure-days/month,population,full,full_diary,A_windowed_C2_only,strict_herzog,False,27072,27072,592.0,0.02186761229314421,0.02019209438579337,0.023678802872460533,0.0,,
window_false_positive,seizure_frequency:1 to <4 seizure-days/month,healthy_ovulatory,calendar,1,A_windowed_C3_only,strict_herzog,False,27175,0,0.0,,,,1.0,,
window_false_positive,seizure_frequency:1 to <4 seizure-days/month,healthy_ovulatory,calendar,3,A_windowed_C3_only,strict_herzog,False,27175,0,0.0,,,,1.0,,
window_false_positive,seizure_frequency:1 to <4 seizure-days/month,healthy_ovulatory,calendar,4,A_windowed_C3_only,strict_herzog,False,27175,0,0.0,,,,1.0,,
window_false_positive,seizure_frequency:1 to <4 seizure-days/month,healthy_ovulatory,calendar,6,A_windowed_C3_only,strict_herzog,False,27175,0,0.0,,,,1.0,,
window_false_positive,seizure_frequency:1 to <4 seizure-days/month,healthy_ovulatory,calendar,12,A_windowed_C3_only,strict_herzog,False,27175,0,0.0,,,,1.0,,
window_false_positive,seizure_frequency:1 to <4 seizure-days/month,healthy_ovulatory,cycle,3,A_windowed_C3_only,strict_herzog,False,27175,0,0.0,,,,1.0,,
window_false_positive,seizure_frequency:1 to <4 seizure-days/month,healthy_ovulatory,cycle,6,A_windowed_C3_only,strict_herzog,False,27175,0,0.0,,,,1.0,,
window_false_positive,seizure_frequency:1 to <4 seizure-days/month,healthy_ovulatory,cycle,12,A_windowed_C3_only,strict_herzog,False,27175,0,0.0,,,,1.0,,
window_false_positive,seizure_frequency:1 to <4 seizure-days/month,healthy_ovulatory,full,full_diary,A_windowed_C3_only,strict_herzog,False,27175,0,0.0,,,,1.0,,
window_false_positive,seizure_frequency:1 to <4 seizure-days/month,population,calendar,1,A_windowed_C3_only,strict_herzog,False,27072,4748,2810.0,0.5918281381634373,0.5777792000428081,0.6057286058376541,0.8246158392434988,,
window_false_positive,seizure_frequency:1 to <4 seizure-days/month,population,calendar,3,A_windowed_C3_only,strict_herzog,False,27072,9932,5329.0,0.5365485300040274,0.5267292807535836,0.5463395179997904,0.6331264775413712,,
window_false_positive,seizure_frequency:1 to <4 seizure-days/month,population,calendar,4,A_windowed_C3_only,strict_herzog,False,27072,11321,5923.0,0.5231869976150517,0.5139802577982363,0.5323780070754048,0.581818853427896,,
window_false_positive,seizure_frequency:1 to <4 seizure-days/month,population,calendar,6,A_windowed_C3_only,strict_herzog,False,27072,13148,6338.0,0.48205050197748706,0.4735160004358817,0.4905954890861093,0.5143321513002364,,
window_false_positive,seizure_frequency:1 to <4 seizure-days/month,population,calendar,12,A_windowed_C3_only,strict_herzog,False,27072,16269,6966.0,0.4281762861884566,0.42059068122122506,0.4357958013783931,0.39904698581560283,,
window_false_positive,seizure_frequency:1 to <4 seizure-days/month,population,cycle,3,A_windowed_C3_only,strict_herzog,False,27072,10136,5333.0,0.5261444356748224,0.5164158299867684,0.5358532318276991,0.6255910165484633,,
window_false_positive,seizure_frequency:1 to <4 seizure-days/month,population,cycle,6,A_windowed_C3_only,strict_herzog,False,27072,13195,6195.0,0.46949602122015915,0.4609907609275952,0.47801903758301406,0.5125960401891253,,
window_false_positive,seizure_frequency:1 to <4 seizure-days/month,population,cycle,12,A_windowed_C3_only,strict_herzog,False,27072,16138,6673.0,0.4134960961705292,0.40591964434609573,0.4211137206437261,0.40388593380614657,,
window_false_positive,seizure_frequency:1 to <4 seizure-days/month,population,full,full_diary,A_windowed_C3_only,strict_herzog,False,27072,22619,8003.0,0.35381758698439364,0.34761158895984934,0.36007322985314816,0.16448729314420807,,
window_false_positive,seizure_frequency:1 to <4 seizure-days/month,healthy_ovulatory,calendar,1,B_minimum_data_any,strict_herzog,False,27175,0,0.0,,,,1.0,,
window_false_positive,seizure_frequency:1 to <4 seizure-days/month,healthy_ovulatory,calendar,3,B_minimum_data_any,strict_herzog,False,27175,0,0.0,,,,1.0,,
window_false_positive,seizure_frequency:1 to <4 seizure-days/month,healthy_ovulatory,calendar,4,B_minimum_data_any,strict_herzog,False,27175,25274,9455.0,0.37409986547440055,0.36815377617390604,0.3800842207148954,0.0699540018399264,,
window_false_positive,seizure_frequency:1 to <4 seizure-days/month,healthy_ovulatory,calendar,6,B_minimum_data_any,strict_herzog,False,27175,26771,8818.0,0.3293862761943894,0.32378115236114036,0.33504035685117406,0.014866605335786542,,
window_false_positive,seizure_frequency:1 to <4 seizure-days/month,healthy_ovulatory,calendar,12,B_minimum_data_any,strict_herzog,False,27175,27175,6153.0,0.22642134314627416,0.22148428248688495,0.23143573904794124,0.0,,
window_false_positive,seizure_frequency:1 to <4 seizure-days/month,healthy_ovulatory,cycle,3,B_minimum_data_any,strict_herzog,False,27175,15,11.0,0.7333333333333333,0.4804956594401943,0.8910254667430761,0.9994480220791169,,
window_false_positive,seizure_frequency:1 to <4 seizure-days/month,healthy_ovulatory,cycle,6,B_minimum_data_any,strict_herzog,False,27175,26724,8730.0,0.3266726537943422,0.3210749298058366,0.3323202007260117,0.016596136154553798,,
window_false_positive,seizure_frequency:1 to <4 seizure-days/month,healthy_ovulatory,cycle,12,B_minimum_data_any,strict_herzog,False,27175,27172,6183.0,0.22755041954953628,0.22260418112428004,0.23257368255161026,0.00011039558417658135,,
window_false_positive,seizure_frequency:1 to <4 seizure-days/month,healthy_ovulatory,full,full_diary,B_minimum_data_any,strict_herzog,False,27175,27175,1701.0,0.06259429622815088,0.05977564590390142,0.06553659244080381,0.0,,
window_false_positive,seizure_frequency:1 to <4 seizure-days/month,population,calendar,1,B_minimum_data_any,strict_herzog,False,27072,0,0.0,,,,1.0,,
window_false_positive,seizure_frequency:1 to <4 seizure-days/month,population,calendar,3,B_minimum_data_any,strict_herzog,False,27072,0,0.0,,,,1.0,,
window_false_positive,seizure_frequency:1 to <4 seizure-days/month,population,calendar,4,B_minimum_data_any,strict_herzog,False,27072,25216,12392.0,0.4914340101522843,0.48526534301751223,0.49760528681157,0.0685579196217494,,
window_false_positive,seizure_frequency:1 to <4 seizure-days/month,population,calendar,6,B_minimum_data_any,strict_herzog,False,27072,26753,12451.0,0.4654057488879752,0.459434051680063,0.47138737943508846,0.01178339243498816,,
window_false_positive,seizure_frequency:1 to <4 seizure-days/month,population,calendar,12,B_minimum_data_any,strict_herzog,False,27072,27071,10906.0,0.40286653614569096,0.3970380340546702,0.4087226014046862,3.693853427899629e-05,,
window_false_positive,seizure_frequency:1 to <4 seizure-days/month,population,cycle,3,B_minimum_data_any,strict_herzog,False,27072,1317,780.0,0.592255125284738,0.5654838991613208,0.6184897324787407,0.95135195035461,,
window_false_positive,seizure_frequency:1 to <4 seizure-days/month,population,cycle,6,B_minimum_data_any,strict_herzog,False,27072,26673,12318.0,0.46181531886177035,0.4558383422886918,0.46780329260484,0.014738475177304977,,
window_false_positive,seizure_frequency:1 to <4 seizure-days/month,population,cycle,12,B_minimum_data_any,strict_herzog,False,27072,27069,10640.0,0.3930695629687096,0.38726656023371087,0.398902911160513,0.00011081560283687786,,
window_false_positive,seizure_frequency:1 to <4 seizure-days/month,population,full,full_diary,B_minimum_data_any,strict_herzog,False,27072,27072,9113.0,0.33662086288416077,0.331015289485859,0.3422727960034223,0.0,,
window_false_positive,seizure_frequency:1 to <4 seizure-days/month,healthy_ovulatory,calendar,1,B_minimum_data_excluding_C3,strict_herzog,False,27175,0,0.0,,,,1.0,,
window_false_positive,seizure_frequency:1 to <4 seizure-days/month,healthy_ovulatory,calendar,3,B_minimum_data_excluding_C3,strict_herzog,False,27175,0,0.0,,,,1.0,,
window_false_positive,seizure_frequency:1 to <4 seizure-days/month,healthy_ovulatory,calendar,4,B_minimum_data_excluding_C3,strict_herzog,False,27175,25274,9455.0,0.37409986547440055,0.36815377617390604,0.3800842207148954,0.0699540018399264,,
window_false_positive,seizure_frequency:1 to <4 seizure-days/month,healthy_ovulatory,calendar,6,B_minimum_data_excluding_C3,strict_herzog,False,27175,26771,8818.0,0.3293862761943894,0.32378115236114036,0.33504035685117406,0.014866605335786542,,
window_false_positive,seizure_frequency:1 to <4 seizure-days/month,healthy_ovulatory,calendar,12,B_minimum_data_excluding_C3,strict_herzog,False,27175,27175,6153.0,0.22642134314627416,0.22148428248688495,0.23143573904794124,0.0,,
window_false_positive,seizure_frequency:1 to <4 seizure-days/month,healthy_ovulatory,cycle,3,B_minimum_data_excluding_C3,strict_herzog,False,27175,15,11.0,0.7333333333333333,0.4804956594401943,0.8910254667430761,0.9994480220791169,,
window_false_positive,seizure_frequency:1 to <4 seizure-days/month,healthy_ovulatory,cycle,6,B_minimum_data_excluding_C3,strict_herzog,False,27175,26724,8730.0,0.3266726537943422,0.3210749298058366,0.3323202007260117,0.016596136154553798,,
window_false_positive,seizure_frequency:1 to <4 seizure-days/month,healthy_ovulatory,cycle,12,B_minimum_data_excluding_C3,strict_herzog,False,27175,27172,6183.0,0.22755041954953628,0.22260418112428004,0.23257368255161026,0.00011039558417658135,,
window_false_positive,seizure_frequency:1 to <4 seizure-days/month,healthy_ovulatory,full,full_diary,B_minimum_data_excluding_C3,strict_herzog,False,27175,27175,1701.0,0.06259429622815088,0.05977564590390142,0.06553659244080381,0.0,,
window_false_positive,seizure_frequency:1 to <4 seizure-days/month,population,calendar,1,B_minimum_data_excluding_C3,strict_herzog,False,27072,0,0.0,,,,1.0,,
window_false_positive,seizure_frequency:1 to <4 seizure-days/month,population,calendar,3,B_minimum_data_excluding_C3,strict_herzog,False,27072,0,0.0,,,,1.0,,
window_false_positive,seizure_frequency:1 to <4 seizure-days/month,population,calendar,4,B_minimum_data_excluding_C3,strict_herzog,False,27072,25216,9659.0,0.38305044416243655,0.3770685286812833,0.3890679869018802,0.0685579196217494,,
window_false_positive,seizure_frequency:1 to <4 seizure-days/month,population,calendar,6,B_minimum_data_excluding_C3,strict_herzog,False,27072,26753,8843.0,0.33054236908010315,0.3249301938461126,0.33620320211341076,0.01178339243498816,,
window_false_positive,seizure_frequency:1 to <4 seizure-days/month,population,calendar,12,B_minimum_data_excluding_C3,strict_herzog,False,27072,27071,6029.0,0.22271064977281962,0.21779388550980683,0.22770609930694907,3.693853427899629e-05,,
window_false_positive,seizure_frequency:1 to <4 seizure-days/month,population,cycle,3,B_minimum_data_excluding_C3,strict_herzog,False,27072,1317,497.0,0.3773728170083523,0.35158603250175446,0.40387288511248454,0.95135195035461,,
window_false_positive,seizure_frequency:1 to <4 seizure-days/month,population,cycle,6,B_minimum_data_excluding_C3,strict_herzog,False,27072,26673,8740.0,0.32767217785775876,0.3220645678895876,0.33332941815667516,0.014738475177304977,,
window_false_positive,seizure_frequency:1 to <4 seizure-days/month,population,cycle,12,B_minimum_data_excluding_C3,strict_herzog,False,27072,27069,5883.0,0.21733348110384573,0.21246058311933208,0.22228659614233798,0.00011081560283687786,,
window_false_positive,seizure_frequency:1 to <4 seizure-days/month,population,full,full_diary,B_minimum_data_excluding_C3,strict_herzog,False,27072,27072,1847.0,0.06822547281323878,0.06528289658003683,0.07129056742272352,0.0,,
window_false_positive,seizure_frequency:1 to <4 seizure-days/month,healthy_ovulatory,calendar,1,C_reproducibility_any,strict_herzog,False,27175,0,0.0,,,,1.0,,
window_false_positive,seizure_frequency:1 to <4 seizure-days/month,healthy_ovulatory,calendar,3,C_reproducibility_any,strict_herzog,False,27175,0,0.0,,,,1.0,,
window_false_positive,seizure_frequency:1 to <4 seizure-days/month,healthy_ovulatory,calendar,4,C_reproducibility_any,strict_herzog,False,27175,0,0.0,,,,1.0,,
window_false_positive,seizure_frequency:1 to <4 seizure-days/month,healthy_ovulatory,calendar,6,C_reproducibility_any,strict_herzog,False,27175,3804,494.0,0.129863301787592,0.11955326760407131,0.14092014483885956,0.8600183992640295,,
window_false_positive,seizure_frequency:1 to <4 seizure-days/month,healthy_ovulatory,calendar,12,C_reproducibility_any,strict_herzog,False,27175,7650,169.0,0.022091503267973857,0.01902980460713229,0.025632925952401037,0.718491260349586,,
window_false_positive,seizure_frequency:1 to <4 seizure-days/month,healthy_ovulatory,cycle,3,C_reproducibility_any,strict_herzog,False,27175,0,0.0,,,,1.0,,
window_false_positive,seizure_frequency:1 to <4 seizure-days/month,healthy_ovulatory,cycle,6,C_reproducibility_any,strict_herzog,False,27175,13167,1894.0,0.14384445963393333,0.13795416177855596,0.14994251290818145,0.5154737810487581,,
window_false_positive,seizure_frequency:1 to <4 seizure-days/month,healthy_ovulatory,cycle,12,C_reproducibility_any,strict_herzog,False,27175,7364,225.0,0.03055404671374253,0.026861359246112215,0.034736255381895335,0.729015639374425,,
window_false_positive,seizure_frequency:1 to <4 seizure-days/month,healthy_ovulatory,full,full_diary,C_reproducibility_any,strict_herzog,False,27175,1283,1.0,0.000779423226812159,0.00013760059052951622,0.004401776642503867,0.95278748850046,,
window_false_positive,seizure_frequency:1 to <4 seizure-days/month,population,calendar,1,C_reproducibility_any,strict_herzog,False,27072,0,0.0,,,,1.0,,
window_false_positive,seizure_frequency:1 to <4 seizure-days/month,population,calendar,3,C_reproducibility_any,strict_herzog,False,27072,0,0.0,,,,1.0,,
window_false_positive,seizure_frequency:1 to <4 seizure-days/month,population,calendar,4,C_reproducibility_any,strict_herzog,False,27072,0,0.0,,,,1.0,,
window_false_positive,seizure_frequency:1 to <4 seizure-days/month,population,calendar,6,C_reproducibility_any,strict_herzog,False,27072,2968,283.0,0.09535040431266846,0.085301176019428,0.10644574814079363,0.8903664302600472,,
window_false_positive,seizure_frequency:1 to <4 seizure-days/month,population,calendar,12,C_reproducibility_any,strict_herzog,False,27072,11244,915.0,0.08137673425827108,0.07646488094819205,0.08657453115007978,0.5846631205673759,,
window_false_positive,seizure_frequency:1 to <4 seizure-days/month,population,cycle,3,C_reproducibility_any,strict_herzog,False,27072,0,0.0,,,,1.0,,
window_false_positive,seizure_frequency:1 to <4 seizure-days/month,population,cycle,6,C_reproducibility_any,strict_herzog,False,27072,15628,1339.0,0.08567954952649091,0.08139254746154602,0.09017018658265012,0.422724586288416,,
window_false_positive,seizure_frequency:1 to <4 seizure-days/month,population,cycle,12,C_reproducibility_any,strict_herzog,False,27072,10957,1325.0,0.12092726111161814,0.11495486441356896,0.1271653659347156,0.5952644799054374,,
window_false_positive,seizure_frequency:1 to <4 seizure-days/month,population,full,full_diary,C_reproducibility_any,strict_herzog,False,27072,6426,1239.0,0.19281045751633988,0.18334948677506596,0.20263848426829661,0.7626329787234043,,
window_false_positive,seizure_frequency:1 to <4 seizure-days/month,healthy_ovulatory,calendar,1,C_reproducibility_12cycle_any,strict_herzog,False,27175,0,0.0,,,,1.0,,
window_false_positive,seizure_frequency:1 to <4 seizure-days/month,healthy_ovulatory,calendar,3,C_reproducibility_12cycle_any,strict_herzog,False,27175,0,0.0,,,,1.0,,
window_false_positive,seizure_frequency:1 to <4 seizure-days/month,healthy_ovulatory,calendar,4,C_reproducibility_12cycle_any,strict_herzog,False,27175,0,0.0,,,,1.0,,
window_false_positive,seizure_frequency:1 to <4 seizure-days/month,healthy_ovulatory,calendar,6,C_reproducibility_12cycle_any,strict_herzog,False,27175,0,0.0,,,,1.0,,
window_false_positive,seizure_frequency:1 to <4 seizure-days/month,healthy_ovulatory,calendar,12,C_reproducibility_12cycle_any,strict_herzog,False,27175,2742,67.0,0.024434719183078046,0.019286970391384457,0.030913108851317112,0.8990984360625575,,
window_false_positive,seizure_frequency:1 to <4 seizure-days/month,healthy_ovulatory,cycle,3,C_reproducibility_12cycle_any,strict_herzog,False,27175,0,0.0,,,,1.0,,
window_false_positive,seizure_frequency:1 to <4 seizure-days/month,healthy_ovulatory,cycle,6,C_reproducibility_12cycle_any,strict_herzog,False,27175,0,0.0,,,,1.0,,
window_false_positive,seizure_frequency:1 to <4 seizure-days/month,healthy_ovulatory,cycle,12,C_reproducibility_12cycle_any,strict_herzog,False,27175,7364,225.0,0.03055404671374253,0.026861359246112215,0.034736255381895335,0.729015639374425,,
window_false_positive,seizure_frequency:1 to <4 seizure-days/month,healthy_ovulatory,full,full_diary,C_reproducibility_12cycle_any,strict_herzog,False,27175,1283,1.0,0.000779423226812159,0.00013760059052951622,0.004401776642503867,0.95278748850046,,
window_false_positive,seizure_frequency:1 to <4 seizure-days/month,population,calendar,1,C_reproducibility_12cycle_any,strict_herzog,False,27072,0,0.0,,,,1.0,,
window_false_positive,seizure_frequency:1 to <4 seizure-days/month,population,calendar,3,C_reproducibility_12cycle_any,strict_herzog,False,27072,0,0.0,,,,1.0,,
window_false_positive,seizure_frequency:1 to <4 seizure-days/month,population,calendar,4,C_reproducibility_12cycle_any,strict_herzog,False,27072,0,0.0,,,,1.0,,
window_false_positive,seizure_frequency:1 to <4 seizure-days/month,population,calendar,6,C_reproducibility_12cycle_any,strict_herzog,False,27072,0,0.0,,,,1.0,,
window_false_positive,seizure_frequency:1 to <4 seizure-days/month,population,calendar,12,C_reproducibility_12cycle_any,strict_herzog,False,27072,2234,29.0,0.012981199641897942,0.009053488130557551,0.018580935468549234,0.9174793144208038,,
window_false_positive,seizure_frequency:1 to <4 seizure-days/month,population,cycle,3,C_reproducibility_12cycle_any,strict_herzog,False,27072,0,0.0,,,,1.0,,
window_false_positive,seizure_frequency:1 to <4 seizure-days/month,population,cycle,6,C_reproducibility_12cycle_any,strict_herzog,False,27072,0,0.0,,,,1.0,,
window_false_positive,seizure_frequency:1 to <4 seizure-days/month,population,cycle,12,C_reproducibility_12cycle_any,strict_herzog,False,27072,9829,178.0,0.01810967545019839,0.015655527034811798,0.02094035019230377,0.636931146572104,,
window_false_positive,seizure_frequency:1 to <4 seizure-days/month,population,full,full_diary,C_reproducibility_12cycle_any,strict_herzog,False,27072,5391,847.0,0.15711370803190502,0.14764410092620844,0.16707162738211528,0.8008643617021276,,
window_false_positive,seizure_frequency:1 to <4 seizure-days/month,healthy_ovulatory,calendar,1,D_nb_regression_any,strict_herzog,False,27175,0,0.0,,,,1.0,,
window_false_positive,seizure_frequency:1 to <4 seizure-days/month,healthy_ovulatory,calendar,3,D_nb_regression_any,strict_herzog,False,27175,0,0.0,,,,1.0,,
window_false_positive,seizure_frequency:1 to <4 seizure-days/month,healthy_ovulatory,calendar,4,D_nb_regression_any,strict_herzog,False,27175,25274,765.0,0.030268259871805016,0.028226420618983145,0.032452868841686404,0.0699540018399264,,
window_false_positive,seizure_frequency:1 to <4 seizure-days/month,healthy_ovulatory,calendar,6,D_nb_regression_any,strict_herzog,False,27175,26771,1294.0,0.04833588584662508,0.04583088659483617,0.05097048803914281,0.014866605335786542,,
window_false_positive,seizure_frequency:1 to <4 seizure-days/month,healthy_ovulatory,calendar,12,D_nb_regression_any,strict_herzog,False,27175,27175,1485.0,0.054645814167433304,0.05200588436732273,0.05741163673365694,0.0,,
window_false_positive,seizure_frequency:1 to <4 seizure-days/month,healthy_ovulatory,cycle,3,D_nb_regression_any,strict_herzog,False,27175,15,0.0,0.0,0.0,0.20388330103584862,0.9994480220791169,,
window_false_positive,seizure_frequency:1 to <4 seizure-days/month,healthy_ovulatory,cycle,6,D_nb_regression_any,strict_herzog,False,27175,26724,1280.0,0.04789702140398144,0.04540104339827224,0.05052295640435969,0.016596136154553798,,
window_false_positive,seizure_frequency:1 to <4 seizure-days/month,healthy_ovulatory,cycle,12,D_nb_regression_any,strict_herzog,False,27175,27172,1431.0,0.052664507581333724,0.05007135860936722,0.05538412335476174,0.00011039558417658135,,
window_false_positive,seizure_frequency:1 to <4 seizure-days/month,healthy_ovulatory,full,full_diary,D_nb_regression_any,strict_herzog,False,27175,27175,1267.0,0.04662373505059798,0.044180492759211834,0.04919513779023002,0.0,,
window_false_positive,seizure_frequency:1 to <4 seizure-days/month,population,calendar,1,D_nb_regression_any,strict_herzog,False,27072,0,0.0,,,,1.0,,
window_false_positive,seizure_frequency:1 to <4 seizure-days/month,population,calendar,3,D_nb_regression_any,strict_herzog,False,27072,0,0.0,,,,1.0,,
window_false_positive,seizure_frequency:1 to <4 seizure-days/month,population,calendar,4,D_nb_regression_any,strict_herzog,False,27072,25216,746.0,0.029584390862944163,0.027563657525756353,0.03174843058800617,0.0685579196217494,,
window_false_positive,seizure_frequency:1 to <4 seizure-days/month,population,calendar,6,D_nb_regression_any,strict_herzog,False,27072,26753,1184.0,0.04425671887264979,0.04185699626868115,0.04678730289013417,0.01178339243498816,,
window_false_positive,seizure_frequency:1 to <4 seizure-days/month,population,calendar,12,D_nb_regression_any,strict_herzog,False,27072,27071,1418.0,0.052380776476672455,0.049789727181779514,0.05509884485805801,3.693853427899629e-05,,
window_false_positive,seizure_frequency:1 to <4 seizure-days/month,population,cycle,3,D_nb_regression_any,strict_herzog,False,27072,1317,29.0,0.02201974183750949,0.015374746625625242,0.03144499726393204,0.95135195035461,,
window_false_positive,seizure_frequency:1 to <4 seizure-days/month,population,cycle,6,D_nb_regression_any,strict_herzog,False,27072,26673,1258.0,0.04716379859783301,0.04468430429100692,0.04977370951510311,0.014738475177304977,,
window_false_positive,seizure_frequency:1 to <4 seizure-days/month,population,cycle,12,D_nb_regression_any,strict_herzog,False,27072,27069,1426.0,0.05268018766855074,0.050081851926860196,0.05540546691126726,0.00011081560283687786,,
window_false_positive,seizure_frequency:1 to <4 seizure-days/month,population,full,full_diary,D_nb_regression_any,strict_herzog,False,27072,27072,1305.0,0.048204787234042555,0.04571670884452429,0.05082106497853686,0.0,,
window_false_positive,seizure_frequency:1 to <4 seizure-days/month,healthy_ovulatory,calendar,1,D_nb_regression_window_alpha_any,strict_herzog,False,27175,0,0.0,,,,1.0,,
window_false_positive,seizure_frequency:1 to <4 seizure-days/month,healthy_ovulatory,calendar,3,D_nb_regression_window_alpha_any,strict_herzog,False,27175,0,0.0,,,,1.0,,
window_false_positive,seizure_frequency:1 to <4 seizure-days/month,healthy_ovulatory,calendar,4,D_nb_regression_window_alpha_any,strict_herzog,False,27175,0,0.0,,,,1.0,,
window_false_positive,seizure_frequency:1 to <4 seizure-days/month,healthy_ovulatory,calendar,6,D_nb_regression_window_alpha_any,strict_herzog,False,27175,0,0.0,,,,1.0,,
window_false_positive,seizure_frequency:1 to <4 seizure-days/month,healthy_ovulatory,calendar,12,D_nb_regression_window_alpha_any,strict_herzog,False,27175,0,0.0,,,,1.0,,
window_false_positive,seizure_frequency:1 to <4 seizure-days/month,healthy_ovulatory,cycle,3,D_nb_regression_window_alpha_any,strict_herzog,False,27175,0,0.0,,,,1.0,,
window_false_positive,seizure_frequency:1 to <4 seizure-days/month,healthy_ovulatory,cycle,6,D_nb_regression_window_alpha_any,strict_herzog,False,27175,0,0.0,,,,1.0,,
window_false_positive,seizure_frequency:1 to <4 seizure-days/month,healthy_ovulatory,cycle,12,D_nb_regression_window_alpha_any,strict_herzog,False,27175,0,0.0,,,,1.0,,
window_false_positive,seizure_frequency:1 to <4 seizure-days/month,healthy_ovulatory,full,full_diary,D_nb_regression_window_alpha_any,strict_herzog,False,27175,27175,1267.0,0.04662373505059798,0.044180492759211834,0.04919513779023002,0.0,,
window_false_positive,seizure_frequency:1 to <4 seizure-days/month,population,calendar,1,D_nb_regression_window_alpha_any,strict_herzog,False,27072,0,0.0,,,,1.0,,
window_false_positive,seizure_frequency:1 to <4 seizure-days/month,population,calendar,3,D_nb_regression_window_alpha_any,strict_herzog,False,27072,0,0.0,,,,1.0,,
window_false_positive,seizure_frequency:1 to <4 seizure-days/month,population,calendar,4,D_nb_regression_window_alpha_any,strict_herzog,False,27072,0,0.0,,,,1.0,,
window_false_positive,seizure_frequency:1 to <4 seizure-days/month,population,calendar,6,D_nb_regression_window_alpha_any,strict_herzog,False,27072,0,0.0,,,,1.0,,
window_false_positive,seizure_frequency:1 to <4 seizure-days/month,population,calendar,12,D_nb_regression_window_alpha_any,strict_herzog,False,27072,0,0.0,,,,1.0,,
window_false_positive,seizure_frequency:1 to <4 seizure-days/month,population,cycle,3,D_nb_regression_window_alpha_any,strict_herzog,False,27072,0,0.0,,,,1.0,,
window_false_positive,seizure_frequency:1 to <4 seizure-days/month,population,cycle,6,D_nb_regression_window_alpha_any,strict_herzog,False,27072,0,0.0,,,,1.0,,
window_false_positive,seizure_frequency:1 to <4 seizure-days/month,population,cycle,12,D_nb_regression_window_alpha_any,strict_herzog,False,27072,0,0.0,,,,1.0,,
window_false_positive,seizure_frequency:1 to <4 seizure-days/month,population,full,full_diary,D_nb_regression_window_alpha_any,strict_herzog,False,27072,27072,1305.0,0.048204787234042555,0.04571670884452429,0.05082106497853686,0.0,,
window_false_positive,seizure_frequency:1 to <4 seizure-days/month,healthy_ovulatory,calendar,1,H1_newmark_penry_any,strict_herzog,True,27175,23928,3744.0,0.15646940822467403,0.1519213878047633,0.1611277133984115,0.11948482060717569,,
window_false_positive,seizure_frequency:1 to <4 seizure-days/month,healthy_ovulatory,calendar,3,H1_newmark_penry_any,strict_herzog,True,27175,26988,2176.0,0.08062842744923669,0.07743952306443802,0.08393670113523563,0.006881324747010087,,
window_false_positive,seizure_frequency:1 to <4 seizure-days/month,healthy_ovulatory,calendar,4,H1_newmark_penry_any,strict_herzog,True,27175,27104,1610.0,0.059400826446280995,0.056648732754799785,0.06227779497032383,0.0026126954921803502,,
window_false_positive,seizure_frequency:1 to <4 seizure-days/month,healthy_ovulatory,calendar,6,H1_newmark_penry_any,strict_herzog,True,27175,27171,942.0,0.03466931655073424,0.03255902144715803,0.036911170740768016,0.00014719411223551582,,
window_false_positive,seizure_frequency:1 to <4 seizure-days/month,healthy_ovulatory,calendar,12,H1_newmark_penry_any,strict_herzog,True,27175,27175,223.0,0.008206071757129715,0.007200798015107488,0.009350365856327562,0.0,,
window_false_positive,seizure_frequency:1 to <4 seizure-days/month,healthy_ovulatory,cycle,3,H1_newmark_penry_any,strict_herzog,True,27175,26961,2261.0,0.08386187455954898,0.08061227364045859,0.08723004301963838,0.007874885004599763,,
window_false_positive,seizure_frequency:1 to <4 seizure-days/month,healthy_ovulatory,cycle,6,H1_newmark_penry_any,strict_herzog,True,27175,27168,999.0,0.03677120141342756,0.03459800547768246,0.03907537664676843,0.00025758969641209717,,
window_false_positive,seizure_frequency:1 to <4 seizure-days/month,healthy_ovulatory,cycle,12,H1_newmark_penry_any,strict_herzog,True,27175,27175,264.0,0.009714811407543699,0.00861596679567948,0.010952249885907178,0.0,,
window_false_positive,seizure_frequency:1 to <4 seizure-days/month,healthy_ovulatory,full,full_diary,H1_newmark_penry_any,strict_herzog,True,27175,27175,4.0,0.00014719411223551059,5.724235746171758e-05,0.000378444308529377,0.0,,
window_false_positive,seizure_frequency:1 to <4 seizure-days/month,population,calendar,1,H1_newmark_penry_any,strict_herzog,True,27072,23847,3560.0,0.14928502537006752,0.14481847379037235,0.153864550501255,0.11912677304964536,,
window_false_positive,seizure_frequency:1 to <4 seizure-days/month,population,calendar,3,H1_newmark_penry_any,strict_herzog,True,27072,26900,1992.0,0.07405204460966543,0.07098329267220992,0.07724243430899187,0.006353427895981034,,
window_false_positive,seizure_frequency:1 to <4 seizure-days/month,population,calendar,4,H1_newmark_penry_any,strict_herzog,True,27072,27019,1420.0,0.05255560901587772,0.04995792062816972,0.05528051120566759,0.001957742316784916,,
window_false_positive,seizure_frequency:1 to <4 seizure-days/month,population,calendar,6,H1_newmark_penry_any,strict_herzog,True,27072,27071,882.0,0.0325809907280854,0.03053154156550014,0.03476307748183504,3.693853427899629e-05,,
window_false_positive,seizure_frequency:1 to <4 seizure-days/month,population,calendar,12,H1_newmark_penry_any,strict_herzog,True,27072,27072,195.0,0.007203014184397163,0.00626324077711639,0.008282621423313562,0.0,,
window_false_positive,seizure_frequency:1 to <4 seizure-days/month,population,cycle,3,H1_newmark_penry_any,strict_herzog,True,27072,26876,1983.0,0.0737833010864712,0.07071847476320636,0.07696995059087916,0.007239952718676168,,
window_false_positive,seizure_frequency:1 to <4 seizure-days/month,population,cycle,6,H1_newmark_penry_any,strict_herzog,True,27072,27066,876.0,0.03236532919530038,0.03032249928065804,0.034540882408951146,0.00022163120567375572,,
window_false_positive,seizure_frequency:1 to <4 seizure-days/month,population,cycle,12,H1_newmark_penry_any,strict_herzog,True,27072,27072,210.0,0.00775709219858156,0.006779601110207546,0.008874259895933637,0.0,,
window_false_positive,seizure_frequency:1 to <4 seizure-days/month,population,full,full_diary,H1_newmark_penry_any,strict_herzog,True,27072,27072,1.0,3.693853427895981e-05,6.520588082887412e-06,0.0002092237251484604,0.0,,
window_false_positive,seizure_frequency:1 to <4 seizure-days/month,healthy_ovulatory,calendar,1,H1_newmark_penry_66_7_any,strict_herzog,True,27175,23928,2549.0,0.1065279170845871,0.10268186651342658,0.1105002852904531,0.11948482060717569,,
window_false_positive,seizure_frequency:1 to <4 seizure-days/month,healthy_ovulatory,calendar,3,H1_newmark_penry_66_7_any,strict_herzog,True,27175,26988,735.0,0.027234326367274343,0.02535869037412008,0.029244529679214065,0.006881324747010087,,
window_false_positive,seizure_frequency:1 to <4 seizure-days/month,healthy_ovulatory,calendar,4,H1_newmark_penry_66_7_any,strict_herzog,True,27175,27104,399.0,0.014721074380165289,0.013354522441538702,0.016225164308465538,0.0026126954921803502,,
window_false_positive,seizure_frequency:1 to <4 seizure-days/month,healthy_ovulatory,calendar,6,H1_newmark_penry_66_7_any,strict_herzog,True,27175,27171,140.0,0.005152552353612307,0.0043683911080965344,0.006076617715627878,0.00014719411223551582,,
window_false_positive,seizure_frequency:1 to <4 seizure-days/month,healthy_ovulatory,calendar,12,H1_newmark_penry_66_7_any,strict_herzog,True,27175,27175,1.0,3.6798528058877646e-05,6.49587332203517e-06,0.00020843083095064906,0.0,,
window_false_positive,seizure_frequency:1 to <4 seizure-days/month,healthy_ovulatory,cycle,3,H1_newmark_penry_66_7_any,strict_herzog,True,27175,26961,832.0,0.030859389488520454,0.028861016288489447,0.03299143188435573,0.007874885004599763,,
window_false_positive,seizure_frequency:1 to <4 seizure-days/month,healthy_ovulatory,cycle,6,H1_newmark_penry_66_7_any,strict_herzog,True,27175,27168,149.0,0.005484393404004711,0.004673397907726246,0.0064352146343474685,0.00025758969641209717,,
window_false_positive,seizure_frequency:1 to <4 seizure-days/month,healthy_ovulatory,cycle,12,H1_newmark_penry_66_7_any,strict_herzog,True,27175,27175,9.0,0.0003311867525298988,0.0001742531880842793,0.0006293667474374992,0.0,,
window_false_positive,seizure_frequency:1 to <4 seizure-days/month,healthy_ovulatory,full,full_diary,H1_newmark_penry_66_7_any,strict_herzog,True,27175,27175,0.0,0.0,1.3552527156068805e-20,0.00014134005036654747,0.0,,
window_false_positive,seizure_frequency:1 to <4 seizure-days/month,population,calendar,1,H1_newmark_penry_66_7_any,strict_herzog,True,27072,23847,2422.0,0.10156413804671448,0.09779414573739753,0.10546247592899782,0.11912677304964536,,
window_false_positive,seizure_frequency:1 to <4 seizure-days/month,population,calendar,3,H1_newmark_penry_66_7_any,strict_herzog,True,27072,26900,639.0,0.023754646840148698,0.022001698545454636,0.02564359630147992,0.006353427895981034,,
window_false_positive,seizure_frequency:1 to <4 seizure-days/month,population,calendar,4,H1_newmark_penry_66_7_any,strict_herzog,True,27072,27019,352.0,0.013027869277175322,0.011743339605606772,0.014450850960894268,0.001957742316784916,,
window_false_positive,seizure_frequency:1 to <4 seizure-days/month,population,calendar,6,H1_newmark_penry_66_7_any,strict_herzog,True,27072,27071,124.0,0.004580547449299989,0.003843457051324677,0.005458221010344889,3.693853427899629e-05,,
window_false_positive,seizure_frequency:1 to <4 seizure-days/month,population,calendar,12,H1_newmark_penry_66_7_any,strict_herzog,True,27072,27072,8.0,0.0002955082742316785,0.00014974873617120982,0.0005830616863920465,0.0,,
window_false_positive,seizure_frequency:1 to <4 seizure-days/month,population,cycle,3,H1_newmark_penry_66_7_any,strict_herzog,True,27072,26876,737.0,0.02742223545170412,0.025536296775911824,0.029443248437727675,0.007239952718676168,,
window_false_positive,seizure_frequency:1 to <4 seizure-days/month,population,cycle,6,H1_newmark_penry_66_7_any,strict_herzog,True,27072,27066,155.0,0.005726742037981231,0.0048952503618777884,0.006698517532851753,0.00022163120567375572,,
window_false_positive,seizure_frequency:1 to <4 seizure-days/month,population,cycle,12,H1_newmark_penry_66_7_any,strict_herzog,True,27072,27072,11.0,0.0004063238770685579,0.00022690720832576472,0.000727502975379738,0.0,,
window_false_positive,seizure_frequency:1 to <4 seizure-days/month,population,full,full_diary,H1_newmark_penry_66_7_any,strict_herzog,True,27072,27072,0.0,0.0,0.0,0.00014187772618393232,0.0,,
window_false_positive,seizure_frequency:1 to <4 seizure-days/month,healthy_ovulatory,calendar,1,H2_duncan1993_any,strict_herzog,True,27175,23928,4093.0,0.1710548311601471,0.16633654678067616,0.17587871788723003,0.11948482060717569,,
window_false_positive,seizure_frequency:1 to <4 seizure-days/month,healthy_ovulatory,calendar,3,H2_duncan1993_any,strict_herzog,True,27175,26988,1407.0,0.05213428190306803,0.04954529611366105,0.05485074752491955,0.006881324747010087,,
window_false_positive,seizure_frequency:1 to <4 seizure-days/month,healthy_ovulatory,calendar,4,H2_duncan1993_any,strict_herzog,True,27175,27104,858.0,0.03165584415584415,0.02963694223737762,0.03380748440327879,0.0026126954921803502,,
window_false_positive,seizure_frequency:1 to <4 seizure-days/month,healthy_ovulatory,calendar,6,H2_duncan1993_any,strict_herzog,True,27175,27171,308.0,0.011335615177947076,0.010144129947599912,0.0126652564387004,0.00014719411223551582,,
window_false_positive,seizure_frequency:1 to <4 seizure-days/month,healthy_ovulatory,calendar,12,H2_duncan1993_any,strict_herzog,True,27175,27175,25.0,0.0009199632014719411,0.0006232377421054515,0.0013577686559145153,0.0,,
window_false_positive,seizure_frequency:1 to <4 seizure-days/month,healthy_ovulatory,cycle,3,H2_duncan1993_any,strict_herzog,True,27175,26961,1569.0,0.05819517080226994,0.055463101983908907,0.06105312020930336,0.007874885004599763,,
window_false_positive,seizure_frequency:1 to <4 seizure-days/month,healthy_ovulatory,cycle,6,H2_duncan1993_any,strict_herzog,True,27175,27168,342.0,0.01258833922261484,0.011329829268121256,0.013984666249715746,0.00025758969641209717,,
window_false_positive,seizure_frequency:1 to <4 seizure-days/month,healthy_ovulatory,cycle,12,H2_duncan1993_any,strict_herzog,True,27175,27175,32.0,0.0011775528978840847,0.0008342809983160882,0.0016618319770468363,0.0,,
window_false_positive,seizure_frequency:1 to <4 seizure-days/month,healthy_ovulatory,full,full_diary,H2_duncan1993_any,strict_herzog,True,27175,27175,0.0,0.0,1.3552527156068805e-20,0.00014134005036654747,0.0,,
window_false_positive,seizure_frequency:1 to <4 seizure-days/month,population,calendar,1,H2_duncan1993_any,strict_herzog,True,27072,23847,3834.0,0.16077494024405586,0.156167552867142,0.16549160000033208,0.11912677304964536,,
window_false_positive,seizure_frequency:1 to <4 seizure-days/month,population,calendar,3,H2_duncan1993_any,strict_herzog,True,27072,26900,1274.0,0.047360594795539036,0.04488627251709484,0.04996417710091119,0.006353427895981034,,
window_false_positive,seizure_frequency:1 to <4 seizure-days/month,population,calendar,4,H2_duncan1993_any,strict_herzog,True,27072,27019,781.0,0.028905584958732744,0.026973851542686705,0.030971256162098285,0.001957742316784916,,
window_false_positive,seizure_frequency:1 to <4 seizure-days/month,population,calendar,6,H2_duncan1993_any,strict_herzog,True,27072,27071,279.0,0.010306231760924975,0.00917070660404454,0.011580715326725517,3.693853427899629e-05,,
window_false_positive,seizure_frequency:1 to <4 seizure-days/month,population,calendar,12,H2_duncan1993_any,strict_herzog,True,27072,27072,25.0,0.0009234633569739953,0.0006256092408911417,0.0013629331614781778,0.0,,
window_false_positive,seizure_frequency:1 to <4 seizure-days/month,population,cycle,3,H2_duncan1993_any,strict_herzog,True,27072,26876,1356.0,0.05045393659770799,0.04790077587666808,0.05313558860417536,0.007239952718676168,,
window_false_positive,seizure_frequency:1 to <4 seizure-days/month,population,cycle,6,H2_duncan1993_any,strict_herzog,True,27072,27066,319.0,0.01178600458139363,0.010567796984016697,0.013142776267661893,0.00022163120567375572,,
window_false_positive,seizure_frequency:1 to <4 seizure-days/month,population,cycle,12,H2_duncan1993_any,strict_herzog,True,27072,27072,43.0,0.0015883569739952718,0.0011794926116377893,0.002138648357585009,0.0,,
window_false_positive,seizure_frequency:1 to <4 seizure-days/month,population,full,full_diary,H2_duncan1993_any,strict_herzog,True,27072,27072,0.0,0.0,0.0,0.00014187772618393232,0.0,,
window_false_positive,seizure_frequency:1 to <4 seizure-days/month,healthy_ovulatory,calendar,1,H3_herzog1997_twofold_any,strict_herzog,True,27175,23928,11226.0,0.46915747241725175,0.4628397266086425,0.4754851197037594,0.11948482060717569,,
window_false_positive,seizure_frequency:1 to <4 seizure-days/month,healthy_ovulatory,calendar,3,H3_herzog1997_twofold_any,strict_herzog,True,27175,26988,10027.0,0.37153549725804064,0.36578910890182564,0.3773184515594104,0.006881324747010087,,
window_false_positive,seizure_frequency:1 to <4 seizure-days/month,healthy_ovulatory,calendar,4,H3_herzog1997_twofold_any,strict_herzog,True,27175,27104,9004.0,0.33220188902007086,0.3266186985372632,0.3378326369252943,0.0026126954921803502,,
window_false_positive,seizure_frequency:1 to <4 seizure-days/month,healthy_ovulatory,calendar,6,H3_herzog1997_twofold_any,strict_herzog,True,27175,27171,7267.0,0.2674542710978617,0.26222436423386425,0.2727499236879462,0.00014719411223551582,,
window_false_positive,seizure_frequency:1 to <4 seizure-days/month,healthy_ovulatory,calendar,12,H3_herzog1997_twofold_any,strict_herzog,True,27175,27175,4256.0,0.15661453541858325,0.15234202137757924,0.16098411769730542,0.0,,
window_false_positive,seizure_frequency:1 to <4 seizure-days/month,healthy_ovulatory,cycle,3,H3_herzog1997_twofold_any,strict_herzog,True,27175,26961,10247.0,0.38006750491450614,0.37429092257891167,0.38587825883919274,0.007874885004599763,,
window_false_positive,seizure_frequency:1 to <4 seizure-days/month,healthy_ovulatory,cycle,6,H3_herzog1997_twofold_any,strict_herzog,True,27175,27168,7420.0,0.27311542991755006,0.2678496231092701,0.2784453890015852,0.00025758969641209717,,
window_false_positive,seizure_frequency:1 to <4 seizure-days/month,healthy_ovulatory,cycle,12,H3_herzog1997_twofold_any,strict_herzog,True,27175,27175,4305.0,0.15841766329346826,0.15412474463164,0.1628071404846454,0.0,,
window_false_positive,seizure_frequency:1 to <4 seizure-days/month,healthy_ovulatory,full,full_diary,H3_herzog1997_twofold_any,strict_herzog,True,27175,27175,676.0,0.02487580496780129,0.02309012468366388,0.026795793407251134,0.0,,
window_false_positive,seizure_frequency:1 to <4 seizure-days/month,population,calendar,1,H3_herzog1997_twofold_any,strict_herzog,True,27072,23797,12089.0,0.5080052107408497,0.5016525652832737,0.5143552721143743,0.1209736997635934,,
window_false_positive,seizure_frequency:1 to <4 seizure-days/month,population,calendar,3,H3_herzog1997_twofold_any,strict_herzog,True,27072,26900,12717.0,0.47275092936802976,0.4667890688425111,0.478720571398126,0.006353427895981034,,
window_false_positive,seizure_frequency:1 to <4 seizure-days/month,population,calendar,4,H3_herzog1997_twofold_any,strict_herzog,True,27072,27019,12170.0,0.45042377586143084,0.44449873641139453,0.45636291042606153,0.001957742316784916,,
window_false_positive,seizure_frequency:1 to <4 seizure-days/month,population,calendar,6,H3_herzog1997_twofold_any,strict_herzog,True,27072,27071,10970.0,0.4052306896679103,0.3993963464970432,0.41109192514052245,3.693853427899629e-05,,
window_false_positive,seizure_frequency:1 to <4 seizure-days/month,population,calendar,12,H3_herzog1997_twofold_any,strict_herzog,True,27072,27072,8952.0,0.33067375886524825,0.32509401776564606,0.3363015472090014,0.0,,
window_false_positive,seizure_frequency:1 to <4 seizure-days/month,population,cycle,3,H3_herzog1997_twofold_any,strict_herzog,True,27072,26876,12636.0,0.47015924988837626,0.46419687194061293,0.47613015705405987,0.007239952718676168,,
window_false_positive,seizure_frequency:1 to <4 seizure-days/month,population,cycle,6,H3_herzog1997_twofold_any,strict_herzog,True,27072,27066,11000.0,0.40641395108253897,0.40057619944105644,0.4122782641616755,0.00022163120567375572,,
window_false_positive,seizure_frequency:1 to <4 seizure-days/month,population,cycle,12,H3_herzog1997_twofold_any,strict_herzog,True,27072,27072,8729.0,0.3224364657210402,0.31689417830458255,0.3280291377584912,0.0,,
window_false_positive,seizure_frequency:1 to <4 seizure-days/month,population,full,full_diary,H3_herzog1997_twofold_any,strict_herzog,True,27072,27072,7286.0,0.2691341607565012,0.26388406033774,0.2744497706159133,0.0,,
window_false_positive,seizure_frequency:1 to <4 seizure-days/month,healthy_ovulatory,calendar,1,H4_reddy2007_any_phase2x_any,strict_herzog,True,27175,23928,22844.0,0.9546974256101638,0.9519885878025636,0.9572602904102658,0.11948482060717569,,
window_false_positive,seizure_frequency:1 to <4 seizure-days/month,healthy_ovulatory,calendar,3,H4_reddy2007_any_phase2x_any,strict_herzog,True,27175,26988,20894.0,0.7741959389358233,0.7691688007391514,0.7791450304079076,0.006881324747010087,,
window_false_positive,seizure_frequency:1 to <4 seizure-days/month,healthy_ovulatory,calendar,4,H4_reddy2007_any_phase2x_any,strict_herzog,True,27175,27104,18521.0,0.6833308736717828,0.6777672657114239,0.6888425219065516,0.0026126954921803502,,
window_false_positive,seizure_frequency:1 to <4 seizure-days/month,healthy_ovulatory,calendar,6,H4_reddy2007_any_phase2x_any,strict_herzog,True,27175,27171,14710.0,0.5413860365831217,0.535455819203874,0.5473045532313437,0.00014719411223551582,,
window_false_positive,seizure_frequency:1 to <4 seizure-days/month,healthy_ovulatory,calendar,12,H4_reddy2007_any_phase2x_any,strict_herzog,True,27175,27175,7588.0,0.27922723091076357,0.2739248634190018,0.2845920064711307,0.0,,
window_false_positive,seizure_frequency:1 to <4 seizure-days/month,healthy_ovulatory,cycle,3,H4_reddy2007_any_phase2x_any,strict_herzog,True,27175,26961,20386.0,0.7561292236934832,0.750967213652028,0.7612182564940304,0.007874885004599763,,
window_false_positive,seizure_frequency:1 to <4 seizure-days/month,healthy_ovulatory,cycle,6,H4_reddy2007_any_phase2x_any,strict_herzog,True,27175,27168,14753.0,0.5430285630153121,0.5370994400193442,0.5489455195592426,0.00025758969641209717,,
window_false_positive,seizure_frequency:1 to <4 seizure-days/month,healthy_ovulatory,cycle,12,H4_reddy2007_any_phase2x_any,strict_herzog,True,27175,27175,7835.0,0.28831646734130634,0.28296099240930217,0.2937317809956461,0.0,,
window_false_positive,seizure_frequency:1 to <4 seizure-days/month,healthy_ovulatory,full,full_diary,H4_reddy2007_any_phase2x_any,strict_herzog,True,27175,27175,883.0,0.03249310027598896,0.030450216935074898,0.034668138514410425,0.0,,
window_false_positive,seizure_frequency:1 to <4 seizure-days/month,population,calendar,1,H4_reddy2007_any_phase2x_any,strict_herzog,True,27072,23760,22630.0,0.9524410774410774,0.9496609699424524,0.9550749094504646,0.12234042553191493,,
window_false_positive,seizure_frequency:1 to <4 seizure-days/month,population,calendar,3,H4_reddy2007_any_phase2x_any,strict_herzog,True,27072,26900,20787.0,0.7727509293680297,0.767704439191471,0.7777195301870349,0.006353427895981034,,
window_false_positive,seizure_frequency:1 to <4 seizure-days/month,population,calendar,4,H4_reddy2007_any_phase2x_any,strict_herzog,True,27072,27019,18563.0,0.6870350494096746,0.6814797373249531,0.6925371851886085,0.001957742316784916,,
window_false_positive,seizure_frequency:1 to <4 seizure-days/month,population,calendar,6,H4_reddy2007_any_phase2x_any,strict_herzog,True,27072,27071,14776.0,0.5458239444423922,0.5398867722522285,0.5517481133582176,3.693853427899629e-05,,
window_false_positive,seizure_frequency:1 to <4 seizure-days/month,population,calendar,12,H4_reddy2007_any_phase2x_any,strict_herzog,True,27072,27072,7789.0,0.28771424349881797,0.2823520913031894,0.2931366329353138,0.0,,
window_false_positive,seizure_frequency:1 to <4 seizure-days/month,population,cycle,3,H4_reddy2007_any_phase2x_any,strict_herzog,True,27072,26876,20176.0,0.7507069504390534,0.7454993958459168,0.7558428468397376,0.007239952718676168,,
window_false_positive,seizure_frequency:1 to <4 seizure-days/month,population,cycle,6,H4_reddy2007_any_phase2x_any,strict_herzog,True,27072,27066,14226.0,0.5256040789181999,0.5196519771513276,0.5315489137777315,0.00022163120567375572,,
window_false_positive,seizure_frequency:1 to <4 seizure-days/month,population,cycle,12,H4_reddy2007_any_phase2x_any,strict_herzog,True,27072,27072,7433.0,0.2745641252955083,0.26928009238537715,0.2799121268642461,0.0,,
window_false_positive,seizure_frequency:1 to <4 seizure-days/month,population,full,full_diary,H4_reddy2007_any_phase2x_any,strict_herzog,True,27072,27072,1034.0,0.03819444444444445,0.035976050981095416,0.040543877752116146,0.0,,
window_false_positive,seizure_frequency:4 to <10 seizure-days/month,healthy_ovulatory,calendar,1,A_exact_any,strict_herzog,False,10134,0,0.0,,,,1.0,,
window_false_positive,seizure_frequency:4 to <10 seizure-days/month,healthy_ovulatory,calendar,3,A_exact_any,strict_herzog,False,10134,0,0.0,,,,1.0,,
window_false_positive,seizure_frequency:4 to <10 seizure-days/month,healthy_ovulatory,calendar,4,A_exact_any,strict_herzog,False,10134,0,0.0,,,,1.0,,
window_false_positive,seizure_frequency:4 to <10 seizure-days/month,healthy_ovulatory,calendar,6,A_exact_any,strict_herzog,False,10134,0,0.0,,,,1.0,,
window_false_positive,seizure_frequency:4 to <10 seizure-days/month,healthy_ovulatory,calendar,12,A_exact_any,strict_herzog,False,10134,0,0.0,,,,1.0,,
window_false_positive,seizure_frequency:4 to <10 seizure-days/month,healthy_ovulatory,cycle,3,A_exact_any,strict_herzog,False,10134,7191,3101.0,0.43123348630232233,0.41982659433740455,0.4427138096922755,0.2904085257548845,,
window_false_positive,seizure_frequency:4 to <10 seizure-days/month,healthy_ovulatory,cycle,6,A_exact_any,strict_herzog,False,10134,0,0.0,,,,1.0,,
window_false_positive,seizure_frequency:4 to <10 seizure-days/month,healthy_ovulatory,cycle,12,A_exact_any,strict_herzog,False,10134,0,0.0,,,,1.0,,
window_false_positive,seizure_frequency:4 to <10 seizure-days/month,healthy_ovulatory,full,full_diary,A_exact_any,strict_herzog,False,10134,0,0.0,,,,1.0,,
window_false_positive,seizure_frequency:4 to <10 seizure-days/month,population,calendar,1,A_exact_any,strict_herzog,False,10124,0,0.0,,,,1.0,,
window_false_positive,seizure_frequency:4 to <10 seizure-days/month,population,calendar,3,A_exact_any,strict_herzog,False,10124,0,0.0,,,,1.0,,
window_false_positive,seizure_frequency:4 to <10 seizure-days/month,population,calendar,4,A_exact_any,strict_herzog,False,10124,0,0.0,,,,1.0,,
window_false_positive,seizure_frequency:4 to <10 seizure-days/month,population,calendar,6,A_exact_any,strict_herzog,False,10124,0,0.0,,,,1.0,,
window_false_positive,seizure_frequency:4 to <10 seizure-days/month,population,calendar,12,A_exact_any,strict_herzog,False,10124,0,0.0,,,,1.0,,
window_false_positive,seizure_frequency:4 to <10 seizure-days/month,population,cycle,3,A_exact_any,strict_herzog,False,10124,5176,2246.0,0.4339258114374034,0.4204778165962133,0.44747180977020284,0.4887396286052943,,
window_false_positive,seizure_frequency:4 to <10 seizure-days/month,population,cycle,6,A_exact_any,strict_herzog,False,10124,0,0.0,,,,1.0,,
window_false_positive,seizure_frequency:4 to <10 seizure-days/month,population,cycle,12,A_exact_any,strict_herzog,False,10124,0,0.0,,,,1.0,,
window_false_positive,seizure_frequency:4 to <10 seizure-days/month,population,full,full_diary,A_exact_any,strict_herzog,False,10124,0,0.0,,,,1.0,,
window_false_positive,seizure_frequency:4 to <10 seizure-days/month,healthy_ovulatory,calendar,1,A_windowed_any,strict_herzog,False,10134,10043,4504.0,0.44847157223937073,0.43876636376325284,0.4582161850067078,0.008979672389974325,,
window_false_positive,seizure_frequency:4 to <10 seizure-days/month,healthy_ovulatory,calendar,3,A_windowed_any,strict_herzog,False,10134,10134,3470.0,0.34241168344187883,0.3332342950148507,0.35170849946720584,0.0,,
window_false_positive,seizure_frequency:4 to <10 seizure-days/month,healthy_ovulatory,calendar,4,A_windowed_any,strict_herzog,False,10134,10134,3068.0,0.3027432405762779,0.29387414394492983,0.3117618273572812,0.0,,
window_false_positive,seizure_frequency:4 to <10 seizure-days/month,healthy_ovulatory,calendar,6,A_windowed_any,strict_herzog,False,10134,10134,2362.0,0.23307677126504836,0.2249472750517426,0.2414085540490481,0.0,,
window_false_positive,seizure_frequency:4 to <10 seizure-days/month,healthy_ovulatory,calendar,12,A_windowed_any,strict_herzog,False,10134,10134,1387.0,0.1368659956581804,0.13031162417070485,0.143695566620759,0.0,,
window_false_positive,seizure_frequency:4 to <10 seizure-days/month,healthy_ovulatory,cycle,3,A_windowed_any,strict_herzog,False,10134,10134,3439.0,0.33935267416617326,0.3301964259921738,0.3486306681949195,0.0,,
window_false_positive,seizure_frequency:4 to <10 seizure-days/month,healthy_ovulatory,cycle,6,A_windowed_any,strict_herzog,False,10134,10134,2530.0,0.249654627985001,0.24132384205944196,0.2581751370269558,0.0,,
window_false_positive,seizure_frequency:4 to <10 seizure-days/month,healthy_ovulatory,cycle,12,A_windowed_any,strict_herzog,False,10134,10134,1404.0,0.13854351687388988,0.13195419736625827,0.14540676455470156,0.0,,
window_false_positive,seizure_frequency:4 to <10 seizure-days/month,healthy_ovulatory,full,full_diary,A_windowed_any,strict_herzog,False,10134,10134,251.0,0.024768107361357806,0.02191747845797199,0.027978888621291567,0.0,,
window_false_positive,seizure_frequency:4 to <10 seizure-days/month,population,calendar,1,A_windowed_any,strict_herzog,False,10124,10018,4942.0,0.4933120383310042,0.4835263419974729,0.5031028617720539,0.010470169893322834,,
window_false_positive,seizure_frequency:4 to <10 seizure-days/month,population,calendar,3,A_windowed_any,strict_herzog,False,10124,10122,4520.0,0.44655206480932624,0.43688938634450414,0.45625529655417385,0.00019755037534574527,,
window_false_positive,seizure_frequency:4 to <10 seizure-days/month,population,calendar,4,A_windowed_any,strict_herzog,False,10124,10124,4231.0,0.41791781904385616,0.40834324143733886,0.4275546636831539,0.0,,
window_false_positive,seizure_frequency:4 to <10 seizure-days/month,population,calendar,6,A_windowed_any,strict_herzog,False,10124,10124,3855.0,0.3807783484788621,0.3713665599643915,0.3902805777978646,0.0,,
window_false_positive,seizure_frequency:4 to <10 seizure-days/month,population,calendar,12,A_windowed_any,strict_herzog,False,10124,10124,3121.0,0.30827736072698536,0.29935633383212595,0.3173438272254872,0.0,,
window_false_positive,seizure_frequency:4 to <10 seizure-days/month,population,cycle,3,A_windowed_any,strict_herzog,False,10124,10123,4413.0,0.4359379630544305,0.42630424085209506,0.4456202871190339,9.877518767287263e-05,,
window_false_positive,seizure_frequency:4 to <10 seizure-days/month,population,cycle,6,A_windowed_any,strict_herzog,False,10124,10124,3827.0,0.3780126432240221,0.3686152862420003,0.38750253905740845,0.0,,
window_false_positive,seizure_frequency:4 to <10 seizure-days/month,population,cycle,12,A_windowed_any,strict_herzog,False,10124,10124,3104.0,0.3065981825365468,0.29769143433568274,0.3156516441552017,0.0,,
window_false_positive,seizure_frequency:4 to <10 seizure-days/month,population,full,full_diary,A_windowed_any,strict_herzog,False,10124,10124,2651.0,0.2618530225207428,0.2533805858738539,0.2705061159859634,0.0,,
window_false_positive,seizure_frequency:4 to <10 seizure-days/month,healthy_ovulatory,calendar,1,A_windowed_excluding_C3,strict_herzog,False,10134,10043,4504.0,0.44847157223937073,0.43876636376325284,0.4582161850067078,0.008979672389974325,,
window_false_positive,seizure_frequency:4 to <10 seizure-days/month,healthy_ovulatory,calendar,3,A_windowed_excluding_C3,strict_herzog,False,10134,10134,3470.0,0.34241168344187883,0.3332342950148507,0.35170849946720584,0.0,,
window_false_positive,seizure_frequency:4 to <10 seizure-days/month,healthy_ovulatory,calendar,4,A_windowed_excluding_C3,strict_herzog,False,10134,10134,3068.0,0.3027432405762779,0.29387414394492983,0.3117618273572812,0.0,,
window_false_positive,seizure_frequency:4 to <10 seizure-days/month,healthy_ovulatory,calendar,6,A_windowed_excluding_C3,strict_herzog,False,10134,10134,2362.0,0.23307677126504836,0.2249472750517426,0.2414085540490481,0.0,,
window_false_positive,seizure_frequency:4 to <10 seizure-days/month,healthy_ovulatory,calendar,12,A_windowed_excluding_C3,strict_herzog,False,10134,10134,1387.0,0.1368659956581804,0.13031162417070485,0.143695566620759,0.0,,
window_false_positive,seizure_frequency:4 to <10 seizure-days/month,healthy_ovulatory,cycle,3,A_windowed_excluding_C3,strict_herzog,False,10134,10134,3439.0,0.33935267416617326,0.3301964259921738,0.3486306681949195,0.0,,
window_false_positive,seizure_frequency:4 to <10 seizure-days/month,healthy_ovulatory,cycle,6,A_windowed_excluding_C3,strict_herzog,False,10134,10134,2530.0,0.249654627985001,0.24132384205944196,0.2581751370269558,0.0,,
window_false_positive,seizure_frequency:4 to <10 seizure-days/month,healthy_ovulatory,cycle,12,A_windowed_excluding_C3,strict_herzog,False,10134,10134,1404.0,0.13854351687388988,0.13195419736625827,0.14540676455470156,0.0,,
window_false_positive,seizure_frequency:4 to <10 seizure-days/month,healthy_ovulatory,full,full_diary,A_windowed_excluding_C3,strict_herzog,False,10134,10134,251.0,0.024768107361357806,0.02191747845797199,0.027978888621291567,0.0,,
window_false_positive,seizure_frequency:4 to <10 seizure-days/month,population,calendar,1,A_windowed_excluding_C3,strict_herzog,False,10124,10018,4580.0,0.4571770812537433,0.44744031529376255,0.46694667600664036,0.010470169893322834,,
window_false_positive,seizure_frequency:4 to <10 seizure-days/month,population,calendar,3,A_windowed_excluding_C3,strict_herzog,False,10124,10122,3549.0,0.3506224066390041,0.3413849389556083,0.359973213618885,0.00019755037534574527,,
window_false_positive,seizure_frequency:4 to <10 seizure-days/month,population,calendar,4,A_windowed_excluding_C3,strict_herzog,False,10124,10124,3112.0,0.3073883840379297,0.29847489905298336,0.3164479829987146,0.0,,
window_false_positive,seizure_frequency:4 to <10 seizure-days/month,population,calendar,6,A_windowed_excluding_C3,strict_herzog,False,10124,10124,2519.0,0.24881469774792572,0.24048964368955186,0.25733029941684193,0.0,,
window_false_positive,seizure_frequency:4 to <10 seizure-days/month,population,calendar,12,A_windowed_excluding_C3,strict_herzog,False,10124,10124,1383.0,0.13660608455156065,0.1300539921059023,0.14343384536496778,0.0,,
window_false_positive,seizure_frequency:4 to <10 seizure-days/month,population,cycle,3,A_windowed_excluding_C3,strict_herzog,False,10124,10123,3426.0,0.3384372221673417,0.32928244875786006,0.3477145681993975,9.877518767287263e-05,,
window_false_positive,seizure_frequency:4 to <10 seizure-days/month,population,cycle,6,A_windowed_excluding_C3,strict_herzog,False,10124,10124,2479.0,0.24486369024101146,0.23658529500544612,0.2533356302968799,0.0,,
window_false_positive,seizure_frequency:4 to <10 seizure-days/month,population,cycle,12,A_windowed_excluding_C3,strict_herzog,False,10124,10124,1411.0,0.13937178980640064,0.13276214284386886,0.14625500708984865,0.0,,
window_false_positive,seizure_frequency:4 to <10 seizure-days/month,population,full,full_diary,A_windowed_excluding_C3,strict_herzog,False,10124,10124,266.0,0.02627419992097985,0.023333599493567524,0.02957416579871111,0.0,,
window_false_positive,seizure_frequency:4 to <10 seizure-days/month,healthy_ovulatory,calendar,1,A_windowed_C1_only,strict_herzog,False,10134,9729,2944.0,0.30260047281323876,0.2935515596470287,0.3118052093652751,0.039964476021314366,,
window_false_positive,seizure_frequency:4 to <10 seizure-days/month,healthy_ovulatory,calendar,3,A_windowed_C1_only,strict_herzog,False,10134,10134,2361.0,0.2329780935464772,0.22484984719227616,0.24130870125383827,0.0,,
window_false_positive,seizure_frequency:4 to <10 seizure-days/month,healthy_ovulatory,calendar,4,A_windowed_C1_only,strict_herzog,False,10134,10134,2077.0,0.20495362147227156,0.1972068548585546,0.21292398765950976,0.0,,
window_false_positive,seizure_frequency:4 to <10 seizure-days/month,healthy_ovulatory,calendar,6,A_windowed_C1_only,strict_herzog,False,10134,10134,1633.0,0.16114071442668246,0.15411110382075024,0.16842712802106682,0.0,,
window_false_positive,seizure_frequency:4 to <10 seizure-days/month,healthy_ovulatory,calendar,12,A_windowed_C1_only,strict_herzog,False,10134,10134,979.0,0.09660548648115255,0.0910056868195911,0.10251099686396985,0.0,,
window_false_positive,seizure_frequency:4 to <10 seizure-days/month,healthy_ovulatory,cycle,3,A_windowed_C1_only,strict_herzog,False,10134,10133,2304.0,0.22737590052304352,0.2193192563056766,0.23563917207219304,9.8677718571194e-05,,
window_false_positive,seizure_frequency:4 to <10 seizure-days/month,healthy_ovulatory,cycle,6,A_windowed_C1_only,strict_herzog,False,10134,10134,1763.0,0.17396881784093152,0.16671212458663592,0.18147259236309143,0.0,,
window_false_positive,seizure_frequency:4 to <10 seizure-days/month,healthy_ovulatory,cycle,12,A_windowed_C1_only,strict_herzog,False,10134,10134,979.0,0.09660548648115255,0.0910056868195911,0.10251099686396985,0.0,,
window_false_positive,seizure_frequency:4 to <10 seizure-days/month,healthy_ovulatory,full,full_diary,A_windowed_C1_only,strict_herzog,False,10134,10134,190.0,0.01874876652851786,0.0162845425960318,0.021577704547981566,0.0,,
window_false_positive,seizure_frequency:4 to <10 seizure-days/month,population,calendar,1,A_windowed_C1_only,strict_herzog,False,10124,9394,2829.0,0.301149670002129,0.291955523267582,0.3105063807376789,0.07210588700118525,,
window_false_positive,seizure_frequency:4 to <10 seizure-days/month,population,calendar,3,A_windowed_C1_only,strict_herzog,False,10124,10120,2435.0,0.24061264822134387,0.23238391654376714,0.24903822727835054,0.0003951007506913795,,
window_false_positive,seizure_frequency:4 to <10 seizure-days/month,population,calendar,4,A_windowed_C1_only,strict_herzog,False,10124,10123,2123.0,0.20972043860515657,0.20190072460016767,0.2177603786275314,9.877518767287263e-05,,
window_false_positive,seizure_frequency:4 to <10 seizure-days/month,population,calendar,6,A_windowed_C1_only,strict_herzog,False,10124,10124,1769.0,0.1747333069932833,0.16746002960157386,0.1822533296785499,0.0,,
window_false_positive,seizure_frequency:4 to <10 seizure-days/month,population,calendar,12,A_windowed_C1_only,strict_herzog,False,10124,10124,1028.0,0.10154089292769657,0.09580762188299079,0.1075764325767782,0.0,,
window_false_positive,seizure_frequency:4 to <10 seizure-days/month,population,cycle,3,A_windowed_C1_only,strict_herzog,False,10124,10121,2327.0,0.22991799229325166,0.22182369139216562,0.23821723643518455,0.0002963255630186179,,
window_false_positive,seizure_frequency:4 to <10 seizure-days/month,population,cycle,6,A_windowed_C1_only,strict_herzog,False,10124,10124,1740.0,0.17186882655077046,0.16464476258512276,0.1793418087870519,0.0,,
window_false_positive,seizure_frequency:4 to <10 seizure-days/month,population,cycle,12,A_windowed_C1_only,strict_herzog,False,10124,10124,1039.0,0.10262741999209798,0.09686594485965568,0.10869033949623193,0.0,,
window_false_positive,seizure_frequency:4 to <10 seizure-days/month,population,full,full_diary,A_windowed_C1_only,strict_herzog,False,10124,10124,219.0,0.021631766100355592,0.018974143317632346,0.0246522760548667,0.0,,
window_false_positive,seizure_frequency:4 to <10 seizure-days/month,healthy_ovulatory,calendar,1,A_windowed_C2_only,strict_herzog,False,10134,9796,2858.0,0.291751735402205,0.28283308925996314,0.30083364482504066,0.03335306887704759,,
window_false_positive,seizure_frequency:4 to <10 seizure-days/month,healthy_ovulatory,calendar,3,A_windowed_C2_only,strict_herzog,False,10134,10134,2081.0,0.20534833234655614,0.19759580870213025,0.21332415643463906,0.0,,
window_false_positive,seizure_frequency:4 to <10 seizure-days/month,healthy_ovulatory,calendar,4,A_windowed_C2_only,strict_herzog,False,10134,10134,1767.0,0.1743635287152161,0.16710008812639593,0.18187375144203632,0.0,,
window_false_positive,seizure_frequency:4 to <10 seizure-days/month,healthy_ovulatory,calendar,6,A_windowed_C2_only,strict_herzog,False,10134,10134,1242.0,0.12255772646536411,0.11631570317053505,0.12908579269287507,0.0,,
window_false_positive,seizure_frequency:4 to <10 seizure-days/month,healthy_ovulatory,calendar,12,A_windowed_C2_only,strict_herzog,False,10134,10134,636.0,0.06275902901124926,0.05820074800518647,0.06764867112442667,0.0,,
window_false_positive,seizure_frequency:4 to <10 seizure-days/month,healthy_ovulatory,cycle,3,A_windowed_C2_only,strict_herzog,False,10134,10129,2025.0,0.19992101885674796,0.19224680820850643,0.2078227552298717,0.000493388592855748,,
window_false_positive,seizure_frequency:4 to <10 seizure-days/month,healthy_ovulatory,cycle,6,A_windowed_C2_only,strict_herzog,False,10134,10134,1324.0,0.13064929938819814,0.1242274214318906,0.1373510881149706,0.0,,
window_false_positive,seizure_frequency:4 to <10 seizure-days/month,healthy_ovulatory,cycle,12,A_windowed_C2_only,strict_herzog,False,10134,10134,640.0,0.06315373988553384,0.05858149754942889,0.06805704419888918,0.0,,
window_false_positive,seizure_frequency:4 to <10 seizure-days/month,healthy_ovulatory,full,full_diary,A_windowed_C2_only,strict_herzog,False,10134,10134,74.0,0.007302151174264851,0.005821032254856028,0.00915665894671435,0.0,,
window_false_positive,seizure_frequency:4 to <10 seizure-days/month,population,calendar,1,A_windowed_C2_only,strict_herzog,False,10124,9740,3017.0,0.3097535934291581,0.3006472219556415,0.31900997221544053,0.037929672066376874,,
window_false_positive,seizure_frequency:4 to <10 seizure-days/month,population,calendar,3,A_windowed_C2_only,strict_herzog,False,10124,10120,2088.0,0.20632411067193676,0.198552111701112,0.21431897837101518,0.0003951007506913795,,
window_false_positive,seizure_frequency:4 to <10 seizure-days/month,population,calendar,4,A_windowed_C2_only,strict_herzog,False,10124,10123,1792.0,0.17702262175244493,0.1697101823753114,0.18458009395715827,9.877518767287263e-05,,
window_false_positive,seizure_frequency:4 to <10 seizure-days/month,population,calendar,6,A_windowed_C2_only,strict_herzog,False,10124,10124,1319.0,0.13028447254049783,0.12386742160792535,0.13698198737643635,0.0,,
window_false_positive,seizure_frequency:4 to <10 seizure-days/month,population,calendar,12,A_windowed_C2_only,strict_herzog,False,10124,10124,606.0,0.05985776372975109,0.05540164310637424,0.06464777352048012,0.0,,
window_false_positive,seizure_frequency:4 to <10 seizure-days/month,population,cycle,3,A_windowed_C2_only,strict_herzog,False,10124,10120,2044.0,0.20197628458498024,0.19426806932602791,0.20991066810921283,0.0003951007506913795,,
window_false_positive,seizure_frequency:4 to <10 seizure-days/month,population,cycle,6,A_windowed_C2_only,strict_herzog,False,10124,10124,1270.0,0.12544448834452784,0.11913425796882661,0.1320388542055521,0.0,,
window_false_positive,seizure_frequency:4 to <10 seizure-days/month,population,cycle,12,A_windowed_C2_only,strict_herzog,False,10124,10124,602.0,0.05946266297905966,0.05502098286839306,0.06423853197805453,0.0,,
window_false_positive,seizure_frequency:4 to <10 seizure-days/month,population,full,full_diary,A_windowed_C2_only,strict_herzog,False,10124,10124,60.0,0.005926511260371394,0.0046073581059535695,0.0076204654953762295,0.0,,
window_false_positive,seizure_frequency:4 to <10 seizure-days/month,healthy_ovulatory,calendar,1,A_windowed_C3_only,strict_herzog,False,10134,0,0.0,,,,1.0,,
window_false_positive,seizure_frequency:4 to <10 seizure-days/month,healthy_ovulatory,calendar,3,A_windowed_C3_only,strict_herzog,False,10134,0,0.0,,,,1.0,,
window_false_positive,seizure_frequency:4 to <10 seizure-days/month,healthy_ovulatory,calendar,4,A_windowed_C3_only,strict_herzog,False,10134,0,0.0,,,,1.0,,
window_false_positive,seizure_frequency:4 to <10 seizure-days/month,healthy_ovulatory,calendar,6,A_windowed_C3_only,strict_herzog,False,10134,0,0.0,,,,1.0,,
window_false_positive,seizure_frequency:4 to <10 seizure-days/month,healthy_ovulatory,calendar,12,A_windowed_C3_only,strict_herzog,False,10134,0,0.0,,,,1.0,,
window_false_positive,seizure_frequency:4 to <10 seizure-days/month,healthy_ovulatory,cycle,3,A_windowed_C3_only,strict_herzog,False,10134,0,0.0,,,,1.0,,
window_false_positive,seizure_frequency:4 to <10 seizure-days/month,healthy_ovulatory,cycle,6,A_windowed_C3_only,strict_herzog,False,10134,0,0.0,,,,1.0,,
window_false_positive,seizure_frequency:4 to <10 seizure-days/month,healthy_ovulatory,cycle,12,A_windowed_C3_only,strict_herzog,False,10134,0,0.0,,,,1.0,,
window_false_positive,seizure_frequency:4 to <10 seizure-days/month,healthy_ovulatory,full,full_diary,A_windowed_C3_only,strict_herzog,False,10134,0,0.0,,,,1.0,,
window_false_positive,seizure_frequency:4 to <10 seizure-days/month,population,calendar,1,A_windowed_C3_only,strict_herzog,False,10124,2200,1123.0,0.5104545454545455,0.4895658090751458,0.5313068357405186,0.7826945871197155,,
window_false_positive,seizure_frequency:4 to <10 seizure-days/month,population,calendar,3,A_windowed_C3_only,strict_herzog,False,10124,4019,1864.0,0.4637969644190097,0.44842122743060847,0.4792418428199134,0.6030225207427894,,
window_false_positive,seizure_frequency:4 to <10 seizure-days/month,population,calendar,4,A_windowed_C3_only,strict_herzog,False,10124,4541,1962.0,0.43206342215371063,0.4177190753853282,0.4465226136613782,0.5514618727775582,,
window_false_positive,seizure_frequency:4 to <10 seizure-days/month,population,calendar,6,A_windowed_C3_only,strict_herzog,False,10124,5198,2096.0,0.40323201231242783,0.38997267901847305,0.416634268162868,0.48656657447649154,,
window_false_positive,seizure_frequency:4 to <10 seizure-days/month,population,calendar,12,A_windowed_C3_only,strict_herzog,False,10124,6391,2199.0,0.3440776091378501,0.33252728731857606,0.355815259899547,0.3687277755827736,,
window_false_positive,seizure_frequency:4 to <10 seizure-days/month,population,cycle,3,A_windowed_C3_only,strict_herzog,False,10124,4054,1764.0,0.4351258016773557,0.41993308938933843,0.45044134358496807,0.5995653891742394,,
window_false_positive,seizure_frequency:4 to <10 seizure-days/month,population,cycle,6,A_windowed_C3_only,strict_herzog,False,10124,5135,2026.0,0.39454722492697175,0.38126278667525987,0.4079893222527052,0.4927894112998815,,
window_false_positive,seizure_frequency:4 to <10 seizure-days/month,population,cycle,12,A_windowed_C3_only,strict_herzog,False,10124,6290,2131.0,0.33879173290938,0.32719671861035526,0.3505835347899273,0.37870406953773217,,
window_false_positive,seizure_frequency:4 to <10 seizure-days/month,population,full,full_diary,A_windowed_C3_only,strict_herzog,False,10124,8775,2506.0,0.2855840455840456,0.2762287048544675,0.29512703523364403,0.13324772817068353,,
window_false_positive,seizure_frequency:4 to <10 seizure-days/month,healthy_ovulatory,calendar,1,B_minimum_data_any,strict_herzog,False,10134,0,0.0,,,,1.0,,
window_false_positive,seizure_frequency:4 to <10 seizure-days/month,healthy_ovulatory,calendar,3,B_minimum_data_any,strict_herzog,False,10134,0,0.0,,,,1.0,,
window_false_positive,seizure_frequency:4 to <10 seizure-days/month,healthy_ovulatory,calendar,4,B_minimum_data_any,strict_herzog,False,10134,10133,3068.0,0.30277311753676106,0.2939033261999514,0.3117923911260838,9.8677718571194e-05,,
window_false_positive,seizure_frequency:4 to <10 seizure-days/month,healthy_ovulatory,calendar,6,B_minimum_data_any,strict_herzog,False,10134,10134,2362.0,0.23307677126504836,0.2249472750517426,0.2414085540490481,0.0,,
window_false_positive,seizure_frequency:4 to <10 seizure-days/month,healthy_ovulatory,calendar,12,B_minimum_data_any,strict_herzog,False,10134,10134,1387.0,0.1368659956581804,0.13031162417070485,0.143695566620759,0.0,,
window_false_positive,seizure_frequency:4 to <10 seizure-days/month,healthy_ovulatory,cycle,3,B_minimum_data_any,strict_herzog,False,10134,2,1.0,0.5,0.09453120573423074,0.9054687942657693,0.9998026445628577,,
window_false_positive,seizure_frequency:4 to <10 seizure-days/month,healthy_ovulatory,cycle,6,B_minimum_data_any,strict_herzog,False,10134,10134,2530.0,0.249654627985001,0.24132384205944196,0.2581751370269558,0.0,,
window_false_positive,seizure_frequency:4 to <10 seizure-days/month,healthy_ovulatory,cycle,12,B_minimum_data_any,strict_herzog,False,10134,10134,1404.0,0.13854351687388988,0.13195419736625827,0.14540676455470156,0.0,,
window_false_positive,seizure_frequency:4 to <10 seizure-days/month,healthy_ovulatory,full,full_diary,B_minimum_data_any,strict_herzog,False,10134,10134,251.0,0.024768107361357806,0.02191747845797199,0.027978888621291567,0.0,,
window_false_positive,seizure_frequency:4 to <10 seizure-days/month,population,calendar,1,B_minimum_data_any,strict_herzog,False,10124,0,0.0,,,,1.0,,
window_false_positive,seizure_frequency:4 to <10 seizure-days/month,population,calendar,3,B_minimum_data_any,strict_herzog,False,10124,0,0.0,,,,1.0,,
window_false_positive,seizure_frequency:4 to <10 seizure-days/month,population,calendar,4,B_minimum_data_any,strict_herzog,False,10124,10122,4230.0,0.4179016004742146,0.408326139130726,0.4275393534548587,0.00019755037534574527,,
window_false_positive,seizure_frequency:4 to <10 seizure-days/month,population,calendar,6,B_minimum_data_any,strict_herzog,False,10124,10124,3855.0,0.3807783484788621,0.3713665599643915,0.3902805777978646,0.0,,
window_false_positive,seizure_frequency:4 to <10 seizure-days/month,population,calendar,12,B_minimum_data_any,strict_herzog,False,10124,10124,3121.0,0.30827736072698536,0.29935633383212595,0.3173438272254872,0.0,,
window_false_positive,seizure_frequency:4 to <10 seizure-days/month,population,cycle,3,B_minimum_data_any,strict_herzog,False,10124,527,283.0,0.5370018975332068,0.4943159699372275,0.5791522932361908,0.9479454760964046,,
window_false_positive,seizure_frequency:4 to <10 seizure-days/month,population,cycle,6,B_minimum_data_any,strict_herzog,False,10124,10124,3827.0,0.3780126432240221,0.3686152862420003,0.38750253905740845,0.0,,
window_false_positive,seizure_frequency:4 to <10 seizure-days/month,population,cycle,12,B_minimum_data_any,strict_herzog,False,10124,10124,3104.0,0.3065981825365468,0.29769143433568274,0.3156516441552017,0.0,,
window_false_positive,seizure_frequency:4 to <10 seizure-days/month,population,full,full_diary,B_minimum_data_any,strict_herzog,False,10124,10124,2651.0,0.2618530225207428,0.2533805858738539,0.2705061159859634,0.0,,
window_false_positive,seizure_frequency:4 to <10 seizure-days/month,healthy_ovulatory,calendar,1,B_minimum_data_excluding_C3,strict_herzog,False,10134,0,0.0,,,,1.0,,
window_false_positive,seizure_frequency:4 to <10 seizure-days/month,healthy_ovulatory,calendar,3,B_minimum_data_excluding_C3,strict_herzog,False,10134,0,0.0,,,,1.0,,
window_false_positive,seizure_frequency:4 to <10 seizure-days/month,healthy_ovulatory,calendar,4,B_minimum_data_excluding_C3,strict_herzog,False,10134,10133,3068.0,0.30277311753676106,0.2939033261999514,0.3117923911260838,9.8677718571194e-05,,
window_false_positive,seizure_frequency:4 to <10 seizure-days/month,healthy_ovulatory,calendar,6,B_minimum_data_excluding_C3,strict_herzog,False,10134,10134,2362.0,0.23307677126504836,0.2249472750517426,0.2414085540490481,0.0,,
window_false_positive,seizure_frequency:4 to <10 seizure-days/month,healthy_ovulatory,calendar,12,B_minimum_data_excluding_C3,strict_herzog,False,10134,10134,1387.0,0.1368659956581804,0.13031162417070485,0.143695566620759,0.0,,
window_false_positive,seizure_frequency:4 to <10 seizure-days/month,healthy_ovulatory,cycle,3,B_minimum_data_excluding_C3,strict_herzog,False,10134,2,1.0,0.5,0.09453120573423074,0.9054687942657693,0.9998026445628577,,
window_false_positive,seizure_frequency:4 to <10 seizure-days/month,healthy_ovulatory,cycle,6,B_minimum_data_excluding_C3,strict_herzog,False,10134,10134,2530.0,0.249654627985001,0.24132384205944196,0.2581751370269558,0.0,,
window_false_positive,seizure_frequency:4 to <10 seizure-days/month,healthy_ovulatory,cycle,12,B_minimum_data_excluding_C3,strict_herzog,False,10134,10134,1404.0,0.13854351687388988,0.13195419736625827,0.14540676455470156,0.0,,
window_false_positive,seizure_frequency:4 to <10 seizure-days/month,healthy_ovulatory,full,full_diary,B_minimum_data_excluding_C3,strict_herzog,False,10134,10134,251.0,0.024768107361357806,0.02191747845797199,0.027978888621291567,0.0,,
window_false_positive,seizure_frequency:4 to <10 seizure-days/month,population,calendar,1,B_minimum_data_excluding_C3,strict_herzog,False,10124,0,0.0,,,,1.0,,
window_false_positive,seizure_frequency:4 to <10 seizure-days/month,population,calendar,3,B_minimum_data_excluding_C3,strict_herzog,False,10124,0,0.0,,,,1.0,,
window_false_positive,seizure_frequency:4 to <10 seizure-days/month,population,calendar,4,B_minimum_data_excluding_C3,strict_herzog,False,10124,10122,3111.0,0.3073503260225252,0.2984362917502137,0.31641053200657343,0.00019755037534574527,,
window_false_positive,seizure_frequency:4 to <10 seizure-days/month,population,calendar,6,B_minimum_data_excluding_C3,strict_herzog,False,10124,10124,2519.0,0.24881469774792572,0.24048964368955186,0.25733029941684193,0.0,,
window_false_positive,seizure_frequency:4 to <10 seizure-days/month,population,calendar,12,B_minimum_data_excluding_C3,strict_herzog,False,10124,10124,1383.0,0.13660608455156065,0.1300539921059023,0.14343384536496778,0.0,,
window_false_positive,seizure_frequency:4 to <10 seizure-days/month,population,cycle,3,B_minimum_data_excluding_C3,strict_herzog,False,10124,527,163.0,0.3092979127134725,0.2713349898920668,0.3500208845218547,0.9479454760964046,,
window_false_positive,seizure_frequency:4 to <10 seizure-days/month,population,cycle,6,B_minimum_data_excluding_C3,strict_herzog,False,10124,10124,2479.0,0.24486369024101146,0.23658529500544612,0.2533356302968799,0.0,,
window_false_positive,seizure_frequency:4 to <10 seizure-days/month,population,cycle,12,B_minimum_data_excluding_C3,strict_herzog,False,10124,10124,1411.0,0.13937178980640064,0.13276214284386886,0.14625500708984865,0.0,,
window_false_positive,seizure_frequency:4 to <10 seizure-days/month,population,full,full_diary,B_minimum_data_excluding_C3,strict_herzog,False,10124,10124,266.0,0.02627419992097985,0.023333599493567524,0.02957416579871111,0.0,,
window_false_positive,seizure_frequency:4 to <10 seizure-days/month,healthy_ovulatory,calendar,1,C_reproducibility_any,strict_herzog,False,10134,0,0.0,,,,1.0,,
window_false_positive,seizure_frequency:4 to <10 seizure-days/month,healthy_ovulatory,calendar,3,C_reproducibility_any,strict_herzog,False,10134,0,0.0,,,,1.0,,
window_false_positive,seizure_frequency:4 to <10 seizure-days/month,healthy_ovulatory,calendar,4,C_reproducibility_any,strict_herzog,False,10134,0,0.0,,,,1.0,,
window_false_positive,seizure_frequency:4 to <10 seizure-days/month,healthy_ovulatory,calendar,6,C_reproducibility_any,strict_herzog,False,10134,2883,203.0,0.07041276448144294,0.06163421452828279,0.08033459971623719,0.7155121373593842,,
window_false_positive,seizure_frequency:4 to <10 seizure-days/month,healthy_ovulatory,calendar,12,C_reproducibility_any,strict_herzog,False,10134,8313,76.0,0.009142307229640323,0.007310988795250889,0.011427069347652806,0.17969212551805802,,
window_false_positive,seizure_frequency:4 to <10 seizure-days/month,healthy_ovulatory,cycle,3,C_reproducibility_any,strict_herzog,False,10134,0,0.0,,,,1.0,,
window_false_positive,seizure_frequency:4 to <10 seizure-days/month,healthy_ovulatory,cycle,6,C_reproducibility_any,strict_herzog,False,10134,9331,803.0,0.0860572285928625,0.08053586857898241,0.0919192787229056,0.0792382080126307,,
window_false_positive,seizure_frequency:4 to <10 seizure-days/month,healthy_ovulatory,cycle,12,C_reproducibility_any,strict_herzog,False,10134,8342,130.0,0.015583792855430352,0.013140133678444778,0.01847339026908252,0.17683047167949473,,
window_false_positive,seizure_frequency:4 to <10 seizure-days/month,healthy_ovulatory,full,full_diary,C_reproducibility_any,strict_herzog,False,10134,4849,0.0,0.0,0.0,0.0007915895982366693,0.52151174264851,,
window_false_positive,seizure_frequency:4 to <10 seizure-days/month,population,calendar,1,C_reproducibility_any,strict_herzog,False,10124,0,0.0,,,,1.0,,
window_false_positive,seizure_frequency:4 to <10 seizure-days/month,population,calendar,3,C_reproducibility_any,strict_herzog,False,10124,0,0.0,,,,1.0,,
window_false_positive,seizure_frequency:4 to <10 seizure-days/month,population,calendar,4,C_reproducibility_any,strict_herzog,False,10124,0,0.0,,,,1.0,,
window_false_positive,seizure_frequency:4 to <10 seizure-days/month,population,calendar,6,C_reproducibility_any,strict_herzog,False,10124,2185,119.0,0.05446224256292906,0.04570540334679975,0.06478293643044188,0.7841762149348084,,
window_false_positive,seizure_frequency:4 to <10 seizure-days/month,population,calendar,12,C_reproducibility_any,strict_herzog,False,10124,8860,273.0,0.030812641083521445,0.027412699686310566,0.03461926031377824,0.12485183721849069,,
window_false_positive,seizure_frequency:4 to <10 seizure-days/month,population,cycle,3,C_reproducibility_any,strict_herzog,False,10124,0,0.0,,,,1.0,,
window_false_positive,seizure_frequency:4 to <10 seizure-days/month,population,cycle,6,C_reproducibility_any,strict_herzog,False,10124,9511,581.0,0.06108716223320366,0.056449001224618614,0.06607973074283899,0.06054919004346104,,
window_false_positive,seizure_frequency:4 to <10 seizure-days/month,population,cycle,12,C_reproducibility_any,strict_herzog,False,10124,8850,373.0,0.04214689265536723,0.03815564868210593,0.04653543849267738,0.1258395890952193,,
window_false_positive,seizure_frequency:4 to <10 seizure-days/month,population,full,full_diary,C_reproducibility_any,strict_herzog,False,10124,6847,287.0,0.041916167664670656,0.03742072679897093,0.04692532941821147,0.323686290003951,,
window_false_positive,seizure_frequency:4 to <10 seizure-days/month,healthy_ovulatory,calendar,1,C_reproducibility_12cycle_any,strict_herzog,False,10134,0,0.0,,,,1.0,,
window_false_positive,seizure_frequency:4 to <10 seizure-days/month,healthy_ovulatory,calendar,3,C_reproducibility_12cycle_any,strict_herzog,False,10134,0,0.0,,,,1.0,,
window_false_positive,seizure_frequency:4 to <10 seizure-days/month,healthy_ovulatory,calendar,4,C_reproducibility_12cycle_any,strict_herzog,False,10134,0,0.0,,,,1.0,,
window_false_positive,seizure_frequency:4 to <10 seizure-days/month,healthy_ovulatory,calendar,6,C_reproducibility_12cycle_any,strict_herzog,False,10134,0,0.0,,,,1.0,,
window_false_positive,seizure_frequency:4 to <10 seizure-days/month,healthy_ovulatory,calendar,12,C_reproducibility_12cycle_any,strict_herzog,False,10134,3492,28.0,0.008018327605956471,0.005553506862669045,0.011564391510468666,0.655417406749556,,
window_false_positive,seizure_frequency:4 to <10 seizure-days/month,healthy_ovulatory,cycle,3,C_reproducibility_12cycle_any,strict_herzog,False,10134,0,0.0,,,,1.0,,
window_false_positive,seizure_frequency:4 to <10 seizure-days/month,healthy_ovulatory,cycle,6,C_reproducibility_12cycle_any,strict_herzog,False,10134,0,0.0,,,,1.0,,
window_false_positive,seizure_frequency:4 to <10 seizure-days/month,healthy_ovulatory,cycle,12,C_reproducibility_12cycle_any,strict_herzog,False,10134,8342,130.0,0.015583792855430352,0.013140133678444778,0.01847339026908252,0.17683047167949473,,
window_false_positive,seizure_frequency:4 to <10 seizure-days/month,healthy_ovulatory,full,full_diary,C_reproducibility_12cycle_any,strict_herzog,False,10134,4849,0.0,0.0,0.0,0.0007915895982366693,0.52151174264851,,
window_false_positive,seizure_frequency:4 to <10 seizure-days/month,population,calendar,1,C_reproducibility_12cycle_any,strict_herzog,False,10124,0,0.0,,,,1.0,,
window_false_positive,seizure_frequency:4 to <10 seizure-days/month,population,calendar,3,C_reproducibility_12cycle_any,strict_herzog,False,10124,0,0.0,,,,1.0,,
window_false_positive,seizure_frequency:4 to <10 seizure-days/month,population,calendar,4,C_reproducibility_12cycle_any,strict_herzog,False,10124,0,0.0,,,,1.0,,
window_false_positive,seizure_frequency:4 to <10 seizure-days/month,population,calendar,6,C_reproducibility_12cycle_any,strict_herzog,False,10124,0,0.0,,,,1.0,,
window_false_positive,seizure_frequency:4 to <10 seizure-days/month,population,calendar,12,C_reproducibility_12cycle_any,strict_herzog,False,10124,2580,26.0,0.010077519379844961,0.0068864551109751775,0.014725342559529363,0.74516001580403,,
window_false_positive,seizure_frequency:4 to <10 seizure-days/month,population,cycle,3,C_reproducibility_12cycle_any,strict_herzog,False,10124,0,0.0,,,,1.0,,
window_false_positive,seizure_frequency:4 to <10 seizure-days/month,population,cycle,6,C_reproducibility_12cycle_any,strict_herzog,False,10124,0,0.0,,,,1.0,,
window_false_positive,seizure_frequency:4 to <10 seizure-days/month,population,cycle,12,C_reproducibility_12cycle_any,strict_herzog,False,10124,8747,78.0,0.008917343089059107,0.007151476524498419,0.011114362203453477,0.13601343342552352,,
window_false_positive,seizure_frequency:4 to <10 seizure-days/month,population,full,full_diary,C_reproducibility_12cycle_any,strict_herzog,False,10124,6531,172.0,0.026335936303781962,0.022721922055434624,0.030506830472475533,0.35489924930857364,,
window_false_positive,seizure_frequency:4 to <10 seizure-days/month,healthy_ovulatory,calendar,1,D_nb_regression_any,strict_herzog,False,10134,0,0.0,,,,1.0,,
window_false_positive,seizure_frequency:4 to <10 seizure-days/month,healthy_ovulatory,calendar,3,D_nb_regression_any,strict_herzog,False,10134,0,0.0,,,,1.0,,
window_false_positive,seizure_frequency:4 to <10 seizure-days/month,healthy_ovulatory,calendar,4,D_nb_regression_any,strict_herzog,False,10134,10133,468.0,0.04618572979374321,0.042268238072349154,0.05044717655050457,9.8677718571194e-05,,
window_false_positive,seizure_frequency:4 to <10 seizure-days/month,healthy_ovulatory,calendar,6,D_nb_regression_any,strict_herzog,False,10134,10134,545.0,0.053779356621274914,0.049554024748077394,0.05834285480599856,0.0,,
window_false_positive,seizure_frequency:4 to <10 seizure-days/month,healthy_ovulatory,calendar,12,D_nb_regression_any,strict_herzog,False,10134,10134,568.0,0.05604894414841129,0.051736526775146584,0.06069780783648273,0.0,,
window_false_positive,seizure_frequency:4 to <10 seizure-days/month,healthy_ovulatory,cycle,3,D_nb_regression_any,strict_herzog,False,10134,2,1.0,0.5,0.09453120573423074,0.9054687942657693,0.9998026445628577,,
window_false_positive,seizure_frequency:4 to <10 seizure-days/month,healthy_ovulatory,cycle,6,D_nb_regression_any,strict_herzog,False,10134,10134,551.0,0.05437142293270179,0.05012316823986119,0.05895739524227216,0.0,,
window_false_positive,seizure_frequency:4 to <10 seizure-days/month,healthy_ovulatory,cycle,12,D_nb_regression_any,strict_herzog,False,10134,10134,595.0,0.05871324254983225,0.05430120898733897,0.06345970330054863,0.0,,
window_false_positive,seizure_frequency:4 to <10 seizure-days/month,healthy_ovulatory,full,full_diary,D_nb_regression_any,strict_herzog,False,10134,10134,347.0,0.03424116834418788,0.030873415338958196,0.037961894589223694,0.0,,
window_false_positive,seizure_frequency:4 to <10 seizure-days/month,population,calendar,1,D_nb_regression_any,strict_herzog,False,10124,0,0.0,,,,1.0,,
window_false_positive,seizure_frequency:4 to <10 seizure-days/month,population,calendar,3,D_nb_regression_any,strict_herzog,False,10124,0,0.0,,,,1.0,,
window_false_positive,seizure_frequency:4 to <10 seizure-days/month,population,calendar,4,D_nb_regression_any,strict_herzog,False,10124,10121,433.0,0.04278233376148602,0.03901021849824324,0.04690139427697647,0.0002963255630186179,,
window_false_positive,seizure_frequency:4 to <10 seizure-days/month,population,calendar,6,D_nb_regression_any,strict_herzog,False,10124,10124,644.0,0.06361122086131964,0.05902067684643237,0.06853280669428635,0.0,,
window_false_positive,seizure_frequency:4 to <10 seizure-days/month,population,calendar,12,D_nb_regression_any,strict_herzog,False,10124,10124,556.0,0.05491900434610826,0.05064765202493721,0.05952799234683249,0.0,,
window_false_positive,seizure_frequency:4 to <10 seizure-days/month,population,cycle,3,D_nb_regression_any,strict_herzog,False,10124,527,21.0,0.03984819734345351,0.026208697424258975,0.060147516957591504,0.9479454760964046,,
window_false_positive,seizure_frequency:4 to <10 seizure-days/month,population,cycle,6,D_nb_regression_any,strict_herzog,False,10124,10124,613.0,0.060549190043461085,0.05606793488906324,0.06536380985350299,0.0,,
window_false_positive,seizure_frequency:4 to <10 seizure-days/month,population,cycle,12,D_nb_regression_any,strict_herzog,False,10124,10124,585.0,0.057783484788621095,0.05340382304304702,0.06249860923667178,0.0,,
window_false_positive,seizure_frequency:4 to <10 seizure-days/month,population,full,full_diary,D_nb_regression_any,strict_herzog,False,10124,10124,328.0,0.03239826155669696,0.02912281265037992,0.036028430238203686,0.0,,
window_false_positive,seizure_frequency:4 to <10 seizure-days/month,healthy_ovulatory,calendar,1,D_nb_regression_window_alpha_any,strict_herzog,False,10134,0,0.0,,,,1.0,,
window_false_positive,seizure_frequency:4 to <10 seizure-days/month,healthy_ovulatory,calendar,3,D_nb_regression_window_alpha_any,strict_herzog,False,10134,0,0.0,,,,1.0,,
window_false_positive,seizure_frequency:4 to <10 seizure-days/month,healthy_ovulatory,calendar,4,D_nb_regression_window_alpha_any,strict_herzog,False,10134,0,0.0,,,,1.0,,
window_false_positive,seizure_frequency:4 to <10 seizure-days/month,healthy_ovulatory,calendar,6,D_nb_regression_window_alpha_any,strict_herzog,False,10134,0,0.0,,,,1.0,,
window_false_positive,seizure_frequency:4 to <10 seizure-days/month,healthy_ovulatory,calendar,12,D_nb_regression_window_alpha_any,strict_herzog,False,10134,0,0.0,,,,1.0,,
window_false_positive,seizure_frequency:4 to <10 seizure-days/month,healthy_ovulatory,cycle,3,D_nb_regression_window_alpha_any,strict_herzog,False,10134,0,0.0,,,,1.0,,
window_false_positive,seizure_frequency:4 to <10 seizure-days/month,healthy_ovulatory,cycle,6,D_nb_regression_window_alpha_any,strict_herzog,False,10134,0,0.0,,,,1.0,,
window_false_positive,seizure_frequency:4 to <10 seizure-days/month,healthy_ovulatory,cycle,12,D_nb_regression_window_alpha_any,strict_herzog,False,10134,0,0.0,,,,1.0,,
window_false_positive,seizure_frequency:4 to <10 seizure-days/month,healthy_ovulatory,full,full_diary,D_nb_regression_window_alpha_any,strict_herzog,False,10134,10134,347.0,0.03424116834418788,0.030873415338958196,0.037961894589223694,0.0,,
window_false_positive,seizure_frequency:4 to <10 seizure-days/month,population,calendar,1,D_nb_regression_window_alpha_any,strict_herzog,False,10124,0,0.0,,,,1.0,,
window_false_positive,seizure_frequency:4 to <10 seizure-days/month,population,calendar,3,D_nb_regression_window_alpha_any,strict_herzog,False,10124,0,0.0,,,,1.0,,
window_false_positive,seizure_frequency:4 to <10 seizure-days/month,population,calendar,4,D_nb_regression_window_alpha_any,strict_herzog,False,10124,0,0.0,,,,1.0,,
window_false_positive,seizure_frequency:4 to <10 seizure-days/month,population,calendar,6,D_nb_regression_window_alpha_any,strict_herzog,False,10124,0,0.0,,,,1.0,,
window_false_positive,seizure_frequency:4 to <10 seizure-days/month,population,calendar,12,D_nb_regression_window_alpha_any,strict_herzog,False,10124,0,0.0,,,,1.0,,
window_false_positive,seizure_frequency:4 to <10 seizure-days/month,population,cycle,3,D_nb_regression_window_alpha_any,strict_herzog,False,10124,0,0.0,,,,1.0,,
window_false_positive,seizure_frequency:4 to <10 seizure-days/month,population,cycle,6,D_nb_regression_window_alpha_any,strict_herzog,False,10124,0,0.0,,,,1.0,,
window_false_positive,seizure_frequency:4 to <10 seizure-days/month,population,cycle,12,D_nb_regression_window_alpha_any,strict_herzog,False,10124,0,0.0,,,,1.0,,
window_false_positive,seizure_frequency:4 to <10 seizure-days/month,population,full,full_diary,D_nb_regression_window_alpha_any,strict_herzog,False,10124,10124,328.0,0.03239826155669696,0.02912281265037992,0.036028430238203686,0.0,,
window_false_positive,seizure_frequency:4 to <10 seizure-days/month,healthy_ovulatory,calendar,1,H1_newmark_penry_any,strict_herzog,True,10134,10043,1253.0,0.12476351687742707,0.11844380134361096,0.13137017940923168,0.008979672389974325,,
window_false_positive,seizure_frequency:4 to <10 seizure-days/month,healthy_ovulatory,calendar,3,H1_newmark_penry_any,strict_herzog,True,10134,10134,470.0,0.046378527728438916,0.04245305337086452,0.050647777082493996,0.0,,
window_false_positive,seizure_frequency:4 to <10 seizure-days/month,healthy_ovulatory,calendar,4,H1_newmark_penry_any,strict_herzog,True,10134,10134,326.0,0.0321689362541938,0.02890689963143154,0.035785516548549466,0.0,,
window_false_positive,seizure_frequency:4 to <10 seizure-days/month,healthy_ovulatory,calendar,6,H1_newmark_penry_any,strict_herzog,True,10134,10134,141.0,0.013913558318531676,0.011810230327148393,0.01638526473772958,0.0,,
window_false_positive,seizure_frequency:4 to <10 seizure-days/month,healthy_ovulatory,calendar,12,H1_newmark_penry_any,strict_herzog,True,10134,10134,36.0,0.003552397868561279,0.0025671888566493523,0.004913837467224187,0.0,,
window_false_positive,seizure_frequency:4 to <10 seizure-days/month,healthy_ovulatory,cycle,3,H1_newmark_penry_any,strict_herzog,True,10134,10134,505.0,0.04983224787842905,0.04576363940684541,0.05424201396018123,0.0,,
window_false_positive,seizure_frequency:4 to <10 seizure-days/month,healthy_ovulatory,cycle,6,H1_newmark_penry_any,strict_herzog,True,10134,10134,186.0,0.018354055654233273,0.015917320047401966,0.021155804477906468,0.0,,
window_false_positive,seizure_frequency:4 to <10 seizure-days/month,healthy_ovulatory,cycle,12,H1_newmark_penry_any,strict_herzog,True,10134,10134,37.0,0.0036510755871324253,0.002650121216657164,0.005028185761892607,0.0,,
window_false_positive,seizure_frequency:4 to <10 seizure-days/month,healthy_ovulatory,full,full_diary,H1_newmark_penry_any,strict_herzog,True,10134,10134,0.0,0.0,0.0,0.00037892275552916285,0.0,,
window_false_positive,seizure_frequency:4 to <10 seizure-days/month,population,calendar,1,H1_newmark_penry_any,strict_herzog,True,10124,10034,1166.0,0.11620490332868248,0.11008080536998949,0.12262275628749089,0.008889766890557094,,
window_false_positive,seizure_frequency:4 to <10 seizure-days/month,population,calendar,3,H1_newmark_penry_any,strict_herzog,True,10124,10122,444.0,0.04386484884410195,0.040045266342673504,0.04803052098301137,0.00019755037534574527,,
window_false_positive,seizure_frequency:4 to <10 seizure-days/month,population,calendar,4,H1_newmark_penry_any,strict_herzog,True,10124,10124,292.0,0.02884235480047412,0.02575667645198947,0.03228545041293319,0.0,,
window_false_positive,seizure_frequency:4 to <10 seizure-days/month,population,calendar,6,H1_newmark_penry_any,strict_herzog,True,10124,10124,157.0,0.015507704464638483,0.013278054728027153,0.018104887048166898,0.0,,
window_false_positive,seizure_frequency:4 to <10 seizure-days/month,population,calendar,12,H1_newmark_penry_any,strict_herzog,True,10124,10124,33.0,0.003259581193204267,0.002322018973618484,0.004573967609965596,0.0,,
window_false_positive,seizure_frequency:4 to <10 seizure-days/month,population,cycle,3,H1_newmark_penry_any,strict_herzog,True,10124,10123,443.0,0.043761730712239454,0.03994683808978599,0.047922757029195885,9.877518767287263e-05,,
window_false_positive,seizure_frequency:4 to <10 seizure-days/month,population,cycle,6,H1_newmark_penry_any,strict_herzog,True,10124,10124,166.0,0.016396681153694193,0.014100013189087596,0.019060207593021704,0.0,,
window_false_positive,seizure_frequency:4 to <10 seizure-days/month,population,cycle,12,H1_newmark_penry_any,strict_herzog,True,10124,10124,33.0,0.003259581193204267,0.002322018973618484,0.004573967609965596,0.0,,
window_false_positive,seizure_frequency:4 to <10 seizure-days/month,population,full,full_diary,H1_newmark_penry_any,strict_herzog,True,10124,10124,0.0,0.0,0.0,0.0003792968952281992,0.0,,
window_false_positive,seizure_frequency:4 to <10 seizure-days/month,healthy_ovulatory,calendar,1,H1_newmark_penry_66_7_any,strict_herzog,True,10134,10043,619.0,0.06163496963058847,0.05709705108663935,0.0665081101882418,0.008979672389974325,,
window_false_positive,seizure_frequency:4 to <10 seizure-days/month,healthy_ovulatory,calendar,3,H1_newmark_penry_66_7_any,strict_herzog,True,10134,10134,72.0,0.007104795737122558,0.005645987780993663,0.008937142111224254,0.0,,
window_false_positive,seizure_frequency:4 to <10 seizure-days/month,healthy_ovulatory,calendar,4,H1_newmark_penry_66_7_any,strict_herzog,True,10134,10134,48.0,0.004736530491415038,0.003574568655446389,0.006273825524541942,0.0,,
window_false_positive,seizure_frequency:4 to <10 seizure-days/month,healthy_ovulatory,calendar,6,H1_newmark_penry_66_7_any,strict_herzog,True,10134,10134,4.0,0.00039471087428458656,0.0001535057191656859,0.0010145396550684076,0.0,,
window_false_positive,seizure_frequency:4 to <10 seizure-days/month,healthy_ovulatory,calendar,12,H1_newmark_penry_66_7_any,strict_herzog,True,10134,10134,0.0,0.0,0.0,0.00037892275552916285,0.0,,
window_false_positive,seizure_frequency:4 to <10 seizure-days/month,healthy_ovulatory,cycle,3,H1_newmark_penry_66_7_any,strict_herzog,True,10134,10134,115.0,0.011347937635681864,0.009462958809349433,0.013603239233946489,0.0,,
window_false_positive,seizure_frequency:4 to <10 seizure-days/month,healthy_ovulatory,cycle,6,H1_newmark_penry_66_7_any,strict_herzog,True,10134,10134,12.0,0.0011841326228537595,0.0006775238020280774,0.002068766809615877,0.0,,
window_false_positive,seizure_frequency:4 to <10 seizure-days/month,healthy_ovulatory,cycle,12,H1_newmark_penry_66_7_any,strict_herzog,True,10134,10134,0.0,0.0,0.0,0.00037892275552916285,0.0,,
window_false_positive,seizure_frequency:4 to <10 seizure-days/month,healthy_ovulatory,full,full_diary,H1_newmark_penry_66_7_any,strict_herzog,True,10134,10134,0.0,0.0,0.0,0.00037892275552916285,0.0,,
window_false_positive,seizure_frequency:4 to <10 seizure-days/month,population,calendar,1,H1_newmark_penry_66_7_any,strict_herzog,True,10124,10034,599.0,0.05969703009766793,0.05522759427435916,0.06450347178711793,0.008889766890557094,,
window_false_positive,seizure_frequency:4 to <10 seizure-days/month,population,calendar,3,H1_newmark_penry_66_7_any,strict_herzog,True,10124,10122,92.0,0.009089112823552658,0.007417530066373559,0.01113317108617748,0.00019755037534574527,,
window_false_positive,seizure_frequency:4 to <10 seizure-days/month,population,calendar,4,H1_newmark_penry_66_7_any,strict_herzog,True,10124,10124,42.0,0.004148557882259977,0.0030707815414105183,0.005602484048088802,0.0,,
window_false_positive,seizure_frequency:4 to <10 seizure-days/month,population,calendar,6,H1_newmark_penry_66_7_any,strict_herzog,True,10124,10124,16.0,0.0015804030027657052,0.0009730638374714545,0.0025658401793838383,0.0,,
window_false_positive,seizure_frequency:4 to <10 seizure-days/month,population,calendar,12,H1_newmark_penry_66_7_any,strict_herzog,True,10124,10124,0.0,0.0,0.0,0.0003792968952281992,0.0,,
window_false_positive,seizure_frequency:4 to <10 seizure-days/month,population,cycle,3,H1_newmark_penry_66_7_any,strict_herzog,True,10124,10123,92.0,0.009088214956040699,0.007416796771194412,0.011132072546501897,9.877518767287263e-05,,
window_false_positive,seizure_frequency:4 to <10 seizure-days/month,population,cycle,6,H1_newmark_penry_66_7_any,strict_herzog,True,10124,10124,12.0,0.001185302252074279,0.0006781931510507586,0.0020708090853977616,0.0,,
window_false_positive,seizure_frequency:4 to <10 seizure-days/month,population,cycle,12,H1_newmark_penry_66_7_any,strict_herzog,True,10124,10124,1.0,9.877518767285657e-05,1.7436458840030817e-05,0.0005593358814898618,0.0,,
window_false_positive,seizure_frequency:4 to <10 seizure-days/month,population,full,full_diary,H1_newmark_penry_66_7_any,strict_herzog,True,10124,10124,0.0,0.0,0.0,0.0003792968952281992,0.0,,
window_false_positive,seizure_frequency:4 to <10 seizure-days/month,healthy_ovulatory,calendar,1,H2_duncan1993_any,strict_herzog,True,10134,10043,1025.0,0.10206113711042517,0.09629181025228886,0.10813477169775373,0.008979672389974325,,
window_false_positive,seizure_frequency:4 to <10 seizure-days/month,healthy_ovulatory,calendar,3,H2_duncan1993_any,strict_herzog,True,10134,10134,140.0,0.013814880599960529,0.01171954709237888,0.01627866731782286,0.0,,
window_false_positive,seizure_frequency:4 to <10 seizure-days/month,healthy_ovulatory,calendar,4,H2_duncan1993_any,strict_herzog,True,10134,10134,67.0,0.006611407144266825,0.00520977832895581,0.008386948289880944,0.0,,
window_false_positive,seizure_frequency:4 to <10 seizure-days/month,healthy_ovulatory,calendar,6,H2_duncan1993_any,strict_herzog,True,10134,10134,15.0,0.0014801657785671995,0.0008972361773174771,0.0024408963983551754,0.0,,
window_false_positive,seizure_frequency:4 to <10 seizure-days/month,healthy_ovulatory,calendar,12,H2_duncan1993_any,strict_herzog,True,10134,10134,0.0,0.0,0.0,0.00037892275552916285,0.0,,
window_false_positive,seizure_frequency:4 to <10 seizure-days/month,healthy_ovulatory,cycle,3,H2_duncan1993_any,strict_herzog,True,10134,10134,152.0,0.014999013222814288,0.01280960859952449,0.017555973666792037,0.0,,
window_false_positive,seizure_frequency:4 to <10 seizure-days/month,healthy_ovulatory,cycle,6,H2_duncan1993_any,strict_herzog,True,10134,10134,23.0,0.0022695875271363727,0.0015128757317361917,0.003403502081346322,0.0,,
window_false_positive,seizure_frequency:4 to <10 seizure-days/month,healthy_ovulatory,cycle,12,H2_duncan1993_any,strict_herzog,True,10134,10134,0.0,0.0,0.0,0.00037892275552916285,0.0,,
window_false_positive,seizure_frequency:4 to <10 seizure-days/month,healthy_ovulatory,full,full_diary,H2_duncan1993_any,strict_herzog,True,10134,10134,0.0,0.0,0.0,0.00037892275552916285,0.0,,
window_false_positive,seizure_frequency:4 to <10 seizure-days/month,population,calendar,1,H2_duncan1993_any,strict_herzog,True,10124,10034,969.0,0.09657165636834762,0.09094569142077485,0.10250640351287371,0.008889766890557094,,
window_false_positive,seizure_frequency:4 to <10 seizure-days/month,population,calendar,3,H2_duncan1993_any,strict_herzog,True,10124,10122,130.0,0.01284331159849832,0.010827223299155116,0.015229026928904687,0.00019755037534574527,,
window_false_positive,seizure_frequency:4 to <10 seizure-days/month,population,calendar,4,H2_duncan1993_any,strict_herzog,True,10124,10124,58.0,0.005728960885025681,0.004434655255686591,0.007398217455439822,0.0,,
window_false_positive,seizure_frequency:4 to <10 seizure-days/month,population,calendar,6,H2_duncan1993_any,strict_herzog,True,10124,10124,19.0,0.001876728565784275,0.0012018373949403802,0.0029294929572199926,0.0,,
window_false_positive,seizure_frequency:4 to <10 seizure-days/month,population,calendar,12,H2_duncan1993_any,strict_herzog,True,10124,10124,1.0,9.877518767285657e-05,1.7436458840030817e-05,0.0005593358814898618,0.0,,
window_false_positive,seizure_frequency:4 to <10 seizure-days/month,population,cycle,3,H2_duncan1993_any,strict_herzog,True,10124,10123,129.0,0.01274325792749185,0.01073571379838258,0.015120468495517621,9.877518767287263e-05,,
window_false_positive,seizure_frequency:4 to <10 seizure-days/month,population,cycle,6,H2_duncan1993_any,strict_herzog,True,10124,10124,23.0,0.0022718293164757015,0.0015143705311329316,0.003406861601434215,0.0,,
window_false_positive,seizure_frequency:4 to <10 seizure-days/month,population,cycle,12,H2_duncan1993_any,strict_herzog,True,10124,10124,1.0,9.877518767285657e-05,1.7436458840030817e-05,0.0005593358814898618,0.0,,
window_false_positive,seizure_frequency:4 to <10 seizure-days/month,population,full,full_diary,H2_duncan1993_any,strict_herzog,True,10124,10124,0.0,0.0,0.0,0.0003792968952281992,0.0,,
window_false_positive,seizure_frequency:4 to <10 seizure-days/month,healthy_ovulatory,calendar,1,H3_herzog1997_twofold_any,strict_herzog,True,10134,10043,4206.0,0.4187991635965349,0.4091830044333331,0.4284774178312134,0.008979672389974325,,
window_false_positive,seizure_frequency:4 to <10 seizure-days/month,healthy_ovulatory,calendar,3,H3_herzog1997_twofold_any,strict_herzog,True,10134,10134,2887.0,0.2848825735149003,0.27617759162171146,0.2937505811841014,0.0,,
window_false_positive,seizure_frequency:4 to <10 seizure-days/month,healthy_ovulatory,calendar,4,H3_herzog1997_twofold_any,strict_herzog,True,10134,10134,2404.0,0.2372212354450365,0.2290398076227224,0.24560180897447004,0.0,,
window_false_positive,seizure_frequency:4 to <10 seizure-days/month,healthy_ovulatory,calendar,6,H3_herzog1997_twofold_any,strict_herzog,True,10134,10134,1679.0,0.1656798894809552,0.15856816197945206,0.1730449799774717,0.0,,
window_false_positive,seizure_frequency:4 to <10 seizure-days/month,healthy_ovulatory,calendar,12,H3_herzog1997_twofold_any,strict_herzog,True,10134,10134,810.0,0.07992895204262877,0.07480689227278686,0.08536936077049076,0.0,,
window_false_positive,seizure_frequency:4 to <10 seizure-days/month,healthy_ovulatory,cycle,3,H3_herzog1997_twofold_any,strict_herzog,True,10134,10134,2851.0,0.28133017564633905,0.2726598182069333,0.29016625103053517,0.0,,
window_false_positive,seizure_frequency:4 to <10 seizure-days/month,healthy_ovulatory,cycle,6,H3_herzog1997_twofold_any,strict_herzog,True,10134,10134,1845.0,0.18206039076376554,0.17466810478849404,0.18969362584468435,0.0,,
window_false_positive,seizure_frequency:4 to <10 seizure-days/month,healthy_ovulatory,cycle,12,H3_herzog1997_twofold_any,strict_herzog,True,10134,10134,803.0,0.07923820801263075,0.07413727920991751,0.08465800925062648,0.0,,
window_false_positive,seizure_frequency:4 to <10 seizure-days/month,healthy_ovulatory,full,full_diary,H3_herzog1997_twofold_any,strict_herzog,True,10134,10134,67.0,0.006611407144266825,0.00520977832895581,0.008386948289880944,0.0,,
window_false_positive,seizure_frequency:4 to <10 seizure-days/month,population,calendar,1,H3_herzog1997_twofold_any,strict_herzog,True,10124,10018,4703.0,0.4694549810341386,0.45969583045170115,0.47923754795837636,0.010470169893322834,,
window_false_positive,seizure_frequency:4 to <10 seizure-days/month,population,calendar,3,H3_herzog1997_twofold_any,strict_herzog,True,10124,10122,3913.0,0.38658367911479946,0.37714172608427476,0.3961116860556184,0.00019755037534574527,,
window_false_positive,seizure_frequency:4 to <10 seizure-days/month,population,calendar,4,H3_herzog1997_twofold_any,strict_herzog,True,10124,10124,3535.0,0.349170288423548,0.3399431752157939,0.3585118201139204,0.0,,
window_false_positive,seizure_frequency:4 to <10 seizure-days/month,population,calendar,6,H3_herzog1997_twofold_any,strict_herzog,True,10124,10124,3130.0,0.3091663374160411,0.3002378076677725,0.3182396323957559,0.0,,
window_false_positive,seizure_frequency:4 to <10 seizure-days/month,population,calendar,12,H3_herzog1997_twofold_any,strict_herzog,True,10124,10124,2391.0,0.23617147372580008,0.22799911349925128,0.2445439726341257,0.0,,
window_false_positive,seizure_frequency:4 to <10 seizure-days/month,population,cycle,3,H3_herzog1997_twofold_any,strict_herzog,True,10124,10123,3780.0,0.37340709275906353,0.3640340326145853,0.3828761949798664,9.877518767287263e-05,,
window_false_positive,seizure_frequency:4 to <10 seizure-days/month,population,cycle,6,H3_herzog1997_twofold_any,strict_herzog,True,10124,10124,3049.0,0.3011655472145397,0.29230595718189284,0.31017597182839846,0.0,,
window_false_positive,seizure_frequency:4 to <10 seizure-days/month,population,cycle,12,H3_herzog1997_twofold_any,strict_herzog,True,10124,10124,2318.0,0.22896088502568154,0.22088011996149648,0.2372472586794569,0.0,,
window_false_positive,seizure_frequency:4 to <10 seizure-days/month,population,full,full_diary,H3_herzog1997_twofold_any,strict_herzog,True,10124,10124,2049.0,0.20239035954168313,0.19467751054992108,0.2103289733586768,0.0,,
window_false_positive,seizure_frequency:4 to <10 seizure-days/month,healthy_ovulatory,calendar,1,H4_reddy2007_any_phase2x_any,strict_herzog,True,10134,10042,8899.0,0.8861780521808404,0.8798180983342183,0.8922426625082582,0.009078350108545519,,
window_false_positive,seizure_frequency:4 to <10 seizure-days/month,healthy_ovulatory,calendar,3,H4_reddy2007_any_phase2x_any,strict_herzog,True,10134,10134,5927.0,0.5848628379711861,0.5752388707103592,0.5944224923112008,0.0,,
window_false_positive,seizure_frequency:4 to <10 seizure-days/month,healthy_ovulatory,calendar,4,H4_reddy2007_any_phase2x_any,strict_herzog,True,10134,10134,4836.0,0.4772054470100651,0.4674912309771615,0.4869369377926288,0.0,,
window_false_positive,seizure_frequency:4 to <10 seizure-days/month,healthy_ovulatory,calendar,6,H4_reddy2007_any_phase2x_any,strict_herzog,True,10134,10134,3261.0,0.32178804026050917,0.31276156801625543,0.33094956963846844,0.0,,
window_false_positive,seizure_frequency:4 to <10 seizure-days/month,healthy_ovulatory,calendar,12,H4_reddy2007_any_phase2x_any,strict_herzog,True,10134,10134,1324.0,0.13064929938819814,0.1242274214318906,0.1373510881149706,0.0,,
window_false_positive,seizure_frequency:4 to <10 seizure-days/month,healthy_ovulatory,cycle,3,H4_reddy2007_any_phase2x_any,strict_herzog,True,10134,10134,5936.0,0.5857509374383264,0.576129625913746,0.5953072629999002,0.0,,
window_false_positive,seizure_frequency:4 to <10 seizure-days/month,healthy_ovulatory,cycle,6,H4_reddy2007_any_phase2x_any,strict_herzog,True,10134,10134,3329.0,0.32849812512334714,0.3194203709302864,0.33770585124242136,0.0,,
window_false_positive,seizure_frequency:4 to <10 seizure-days/month,healthy_ovulatory,cycle,12,H4_reddy2007_any_phase2x_any,strict_herzog,True,10134,10134,1353.0,0.1335109532267614,0.12702749392364124,0.14027215460883072,0.0,,
window_false_positive,seizure_frequency:4 to <10 seizure-days/month,healthy_ovulatory,full,full_diary,H4_reddy2007_any_phase2x_any,strict_herzog,True,10134,10134,81.0,0.007992895204262877,0.006435986553862811,0.0099226692304412,0.0,,
window_false_positive,seizure_frequency:4 to <10 seizure-days/month,population,calendar,1,H4_reddy2007_any_phase2x_any,strict_herzog,True,10124,10008,8786.0,0.8778976818545163,0.8713378434023372,0.8841675280232076,0.011457921770051338,,
window_false_positive,seizure_frequency:4 to <10 seizure-days/month,population,calendar,3,H4_reddy2007_any_phase2x_any,strict_herzog,True,10124,10122,5939.0,0.5867417506421656,0.5771177227625954,0.5962999637715283,0.00019755037534574527,,
window_false_positive,seizure_frequency:4 to <10 seizure-days/month,population,calendar,4,H4_reddy2007_any_phase2x_any,strict_herzog,True,10124,10124,4940.0,0.4879494271039115,0.47821905231200346,0.4976889433855899,0.0,,
window_false_positive,seizure_frequency:4 to <10 seizure-days/month,population,calendar,6,H4_reddy2007_any_phase2x_any,strict_herzog,True,10124,10124,3296.0,0.3255630185697353,0.31650299675507965,0.33475536719532994,0.0,,
window_false_positive,seizure_frequency:4 to <10 seizure-days/month,population,calendar,12,H4_reddy2007_any_phase2x_any,strict_herzog,True,10124,10124,1335.0,0.13186487554326354,0.12541359842709018,0.13859541767889863,0.0,,
window_false_positive,seizure_frequency:4 to <10 seizure-days/month,population,cycle,3,H4_reddy2007_any_phase2x_any,strict_herzog,True,10124,10123,5646.0,0.5577398004544107,0.548044769508766,0.5673910260207251,9.877518767287263e-05,,
window_false_positive,seizure_frequency:4 to <10 seizure-days/month,population,cycle,6,H4_reddy2007_any_phase2x_any,strict_herzog,True,10124,10124,3217.0,0.31775977874357964,0.3087607166481572,0.3268970871392186,0.0,,
window_false_positive,seizure_frequency:4 to <10 seizure-days/month,population,cycle,12,H4_reddy2007_any_phase2x_any,strict_herzog,True,10124,10124,1305.0,0.12890161991307783,0.12251477799438362,0.1355699747585544,0.0,,
window_false_positive,seizure_frequency:4 to <10 seizure-days/month,population,full,full_diary,H4_reddy2007_any_phase2x_any,strict_herzog,True,10124,10124,107.0,0.010568945080995654,0.008754369348087975,0.012754800173021415,0.0,,
window_false_positive,seizure_frequency:<1 seizure-day/month,healthy_ovulatory,calendar,1,A_exact_any,strict_herzog,False,12691,0,0.0,,,,1.0,,
window_false_positive,seizure_frequency:<1 seizure-day/month,healthy_ovulatory,calendar,3,A_exact_any,strict_herzog,False,12691,0,0.0,,,,1.0,,
window_false_positive,seizure_frequency:<1 seizure-day/month,healthy_ovulatory,calendar,4,A_exact_any,strict_herzog,False,12691,0,0.0,,,,1.0,,
window_false_positive,seizure_frequency:<1 seizure-day/month,healthy_ovulatory,calendar,6,A_exact_any,strict_herzog,False,12691,0,0.0,,,,1.0,,
window_false_positive,seizure_frequency:<1 seizure-day/month,healthy_ovulatory,calendar,12,A_exact_any,strict_herzog,False,12691,0,0.0,,,,1.0,,
window_false_positive,seizure_frequency:<1 seizure-day/month,healthy_ovulatory,cycle,3,A_exact_any,strict_herzog,False,12691,1101,831.0,0.7547683923705722,0.7284987129904655,0.779266446907508,0.9132456071231582,,
window_false_positive,seizure_frequency:<1 seizure-day/month,healthy_ovulatory,cycle,6,A_exact_any,strict_herzog,False,12691,0,0.0,,,,1.0,,
window_false_positive,seizure_frequency:<1 seizure-day/month,healthy_ovulatory,cycle,12,A_exact_any,strict_herzog,False,12691,0,0.0,,,,1.0,,
window_false_positive,seizure_frequency:<1 seizure-day/month,healthy_ovulatory,full,full_diary,A_exact_any,strict_herzog,False,12691,0,0.0,,,,1.0,,
window_false_positive,seizure_frequency:<1 seizure-day/month,population,calendar,1,A_exact_any,strict_herzog,False,12804,0,0.0,,,,1.0,,
window_false_positive,seizure_frequency:<1 seizure-day/month,population,calendar,3,A_exact_any,strict_herzog,False,12804,0,0.0,,,,1.0,,
window_false_positive,seizure_frequency:<1 seizure-day/month,population,calendar,4,A_exact_any,strict_herzog,False,12804,0,0.0,,,,1.0,,
window_false_positive,seizure_frequency:<1 seizure-day/month,population,calendar,6,A_exact_any,strict_herzog,False,12804,0,0.0,,,,1.0,,
window_false_positive,seizure_frequency:<1 seizure-day/month,population,calendar,12,A_exact_any,strict_herzog,False,12804,0,0.0,,,,1.0,,
window_false_positive,seizure_frequency:<1 seizure-day/month,population,cycle,3,A_exact_any,strict_herzog,False,12804,840,648.0,0.7714285714285715,0.7418340507647444,0.798551818207942,0.9343955014058107,,
window_false_positive,seizure_frequency:<1 seizure-day/month,population,cycle,6,A_exact_any,strict_herzog,False,12804,0,0.0,,,,1.0,,
window_false_positive,seizure_frequency:<1 seizure-day/month,population,cycle,12,A_exact_any,strict_herzog,False,12804,0,0.0,,,,1.0,,
window_false_positive,seizure_frequency:<1 seizure-day/month,population,full,full_diary,A_exact_any,strict_herzog,False,12804,0,0.0,,,,1.0,,
window_false_positive,seizure_frequency:<1 seizure-day/month,healthy_ovulatory,calendar,1,A_windowed_any,strict_herzog,False,12691,4263,2090.0,0.49026507154585974,0.4752741355187281,0.5052735363830678,0.6640926640926641,,
window_false_positive,seizure_frequency:<1 seizure-day/month,healthy_ovulatory,calendar,3,A_windowed_any,strict_herzog,False,12691,8158,4035.0,0.494606521206178,0.48376233140570246,0.5054557880047282,0.35718225514143886,,
window_false_positive,seizure_frequency:<1 seizure-day/month,healthy_ovulatory,calendar,4,A_windowed_any,strict_herzog,False,12691,9143,4431.0,0.484633052608553,0.4743976802637976,0.4948813324680761,0.2795681979355449,,
window_false_positive,seizure_frequency:<1 seizure-day/month,healthy_ovulatory,calendar,6,A_windowed_any,strict_herzog,False,12691,10184,4819.0,0.4731932443047918,0.4635082548041054,0.48289844948090566,0.19754156488850372,,
window_false_positive,seizure_frequency:<1 seizure-day/month,healthy_ovulatory,calendar,12,A_windowed_any,strict_herzog,False,12691,11466,4879.0,0.4255189255189255,0.41649554254567706,0.43459219862911563,0.09652509652509655,,
window_false_positive,seizure_frequency:<1 seizure-day/month,healthy_ovulatory,cycle,3,A_windowed_any,strict_herzog,False,12691,8027,4092.0,0.5097794942070512,0.4988414342916454,0.5207081983097501,0.3675045307698369,,
window_false_positive,seizure_frequency:<1 seizure-day/month,healthy_ovulatory,cycle,6,A_windowed_any,strict_herzog,False,12691,10092,4831.0,0.47869599682917163,0.4689597634519542,0.4884484425154333,0.2047907966275313,,
window_false_positive,seizure_frequency:<1 seizure-day/month,healthy_ovulatory,cycle,12,A_windowed_any,strict_herzog,False,12691,11373,4776.0,0.41994196781851756,0.4108997884126095,0.4290382113748323,0.10385312426128757,,
window_false_positive,seizure_frequency:<1 seizure-day/month,healthy_ovulatory,full,full_diary,A_windowed_any,strict_herzog,False,12691,12296,3624.0,0.2947299934938191,0.2867365725022161,0.30285163341893545,0.031124418879520888,,
window_false_positive,seizure_frequency:<1 seizure-day/month,population,calendar,1,A_windowed_any,strict_herzog,False,12804,4268,2351.0,0.5508434864104967,0.5358816570276616,0.5657138736547463,0.6666666666666667,,
window_false_positive,seizure_frequency:<1 seizure-day/month,population,calendar,3,A_windowed_any,strict_herzog,False,12804,8275,4873.0,0.5888821752265861,0.5782419559772773,0.5994399101771619,0.3537175882536707,,
window_false_positive,seizure_frequency:<1 seizure-day/month,population,calendar,4,A_windowed_any,strict_herzog,False,12804,9226,5360.0,0.5809668328636463,0.5708672191352795,0.5909990498212938,0.27944392377382066,,
window_false_positive,seizure_frequency:<1 seizure-day/month,population,calendar,6,A_windowed_any,strict_herzog,False,12804,10295,6068.0,0.5894123360854784,0.5798779892724816,0.598879981452782,0.19595438925335829,,
window_false_positive,seizure_frequency:<1 seizure-day/month,population,calendar,12,A_windowed_any,strict_herzog,False,12804,11514,6515.0,0.5658328990793816,0.5567591126444683,0.5748627720133556,0.10074976569821925,,
window_false_positive,seizure_frequency:<1 seizure-day/month,population,cycle,3,A_windowed_any,strict_herzog,False,12804,8350,4907.0,0.5876646706586827,0.5770683871554924,0.598180330122256,0.3478600437363324,,
window_false_positive,seizure_frequency:<1 seizure-day/month,population,cycle,6,A_windowed_any,strict_herzog,False,12804,10298,6009.0,0.5835113614294037,0.5739606094161096,0.5929998322559269,0.19572008747266478,,
window_false_positive,seizure_frequency:<1 seizure-day/month,population,cycle,12,A_windowed_any,strict_herzog,False,12804,11510,6316.0,0.54874022589053,0.5396345609923815,0.55781336757367,0.10106216807247737,,
window_false_positive,seizure_frequency:<1 seizure-day/month,population,full,full_diary,A_windowed_any,strict_herzog,False,12804,12391,6219.0,0.5018965378097006,0.49309368411896837,0.5106982159352718,0.03225554514214313,,
window_false_positive,seizure_frequency:<1 seizure-day/month,healthy_ovulatory,calendar,1,A_windowed_excluding_C3,strict_herzog,False,12691,4263,2090.0,0.49026507154585974,0.4752741355187281,0.5052735363830678,0.6640926640926641,,
window_false_positive,seizure_frequency:<1 seizure-day/month,healthy_ovulatory,calendar,3,A_windowed_excluding_C3,strict_herzog,False,12691,8158,4035.0,0.494606521206178,0.48376233140570246,0.5054557880047282,0.35718225514143886,,
window_false_positive,seizure_frequency:<1 seizure-day/month,healthy_ovulatory,calendar,4,A_windowed_excluding_C3,strict_herzog,False,12691,9143,4431.0,0.484633052608553,0.4743976802637976,0.4948813324680761,0.2795681979355449,,
window_false_positive,seizure_frequency:<1 seizure-day/month,healthy_ovulatory,calendar,6,A_windowed_excluding_C3,strict_herzog,False,12691,10184,4819.0,0.4731932443047918,0.4635082548041054,0.48289844948090566,0.19754156488850372,,
window_false_positive,seizure_frequency:<1 seizure-day/month,healthy_ovulatory,calendar,12,A_windowed_excluding_C3,strict_herzog,False,12691,11466,4879.0,0.4255189255189255,0.41649554254567706,0.43459219862911563,0.09652509652509655,,
window_false_positive,seizure_frequency:<1 seizure-day/month,healthy_ovulatory,cycle,3,A_windowed_excluding_C3,strict_herzog,False,12691,8027,4092.0,0.5097794942070512,0.4988414342916454,0.5207081983097501,0.3675045307698369,,
window_false_positive,seizure_frequency:<1 seizure-day/month,healthy_ovulatory,cycle,6,A_windowed_excluding_C3,strict_herzog,False,12691,10092,4831.0,0.47869599682917163,0.4689597634519542,0.4884484425154333,0.2047907966275313,,
window_false_positive,seizure_frequency:<1 seizure-day/month,healthy_ovulatory,cycle,12,A_windowed_excluding_C3,strict_herzog,False,12691,11373,4776.0,0.41994196781851756,0.4108997884126095,0.4290382113748323,0.10385312426128757,,
window_false_positive,seizure_frequency:<1 seizure-day/month,healthy_ovulatory,full,full_diary,A_windowed_excluding_C3,strict_herzog,False,12691,12296,3624.0,0.2947299934938191,0.2867365725022161,0.30285163341893545,0.031124418879520888,,
window_false_positive,seizure_frequency:<1 seizure-day/month,population,calendar,1,A_windowed_excluding_C3,strict_herzog,False,12804,4268,2169.0,0.5082005623242737,0.4932014437033837,0.5231849322131338,0.6666666666666667,,
window_false_positive,seizure_frequency:<1 seizure-day/month,population,calendar,3,A_windowed_excluding_C3,strict_herzog,False,12804,8275,4243.0,0.5127492447129909,0.5019763925184997,0.5235102653731294,0.3537175882536707,,
window_false_positive,seizure_frequency:<1 seizure-day/month,population,calendar,4,A_windowed_excluding_C3,strict_herzog,False,12804,9226,4602.0,0.49880771732061563,0.48860775393882266,0.5090086731582024,0.27944392377382066,,
window_false_positive,seizure_frequency:<1 seizure-day/month,population,calendar,6,A_windowed_excluding_C3,strict_herzog,False,12804,10295,5058.0,0.49130645944633317,0.4816545687489377,0.5009648355097139,0.19595438925335829,,
window_false_positive,seizure_frequency:<1 seizure-day/month,population,calendar,12,A_windowed_excluding_C3,strict_herzog,False,12804,11514,5040.0,0.43772798332464824,0.42868852552977393,0.44680897935194136,0.10074976569821925,,
window_false_positive,seizure_frequency:<1 seizure-day/month,population,cycle,3,A_windowed_excluding_C3,strict_herzog,False,12804,8350,4205.0,0.5035928143712575,0.4928694592138818,0.5143128652647144,0.3478600437363324,,
window_false_positive,seizure_frequency:<1 seizure-day/month,population,cycle,6,A_windowed_excluding_C3,strict_herzog,False,12804,10298,4888.0,0.47465527286851816,0.46502194470119096,0.48430750265183053,0.19572008747266478,,
window_false_positive,seizure_frequency:<1 seizure-day/month,population,cycle,12,A_windowed_excluding_C3,strict_herzog,False,12804,11510,4817.0,0.41850564726324935,0.40952203675218557,0.42754363705359644,0.10106216807247737,,
window_false_positive,seizure_frequency:<1 seizure-day/month,population,full,full_diary,A_windowed_excluding_C3,strict_herzog,False,12804,12391,3724.0,0.3005407150351061,0.2925306797665472,0.3086743847417727,0.03225554514214313,,
window_false_positive,seizure_frequency:<1 seizure-day/month,healthy_ovulatory,calendar,1,A_windowed_C1_only,strict_herzog,False,12691,3347,1052.0,0.3143113235733493,0.29880413002161116,0.33024427012637275,0.7362697974942873,,
window_false_positive,seizure_frequency:<1 seizure-day/month,healthy_ovulatory,calendar,3,A_windowed_C1_only,strict_herzog,False,12691,7016,2305.0,0.32853477765108324,0.3176410115984794,0.33961620509025786,0.4471672839019778,,
window_false_positive,seizure_frequency:<1 seizure-day/month,healthy_ovulatory,calendar,4,A_windowed_C1_only,strict_herzog,False,12691,8082,2608.0,0.3226924028705766,0.3125863227227191,0.33296695523902814,0.36317075092585294,,
window_false_positive,seizure_frequency:<1 seizure-day/month,healthy_ovulatory,calendar,6,A_windowed_C1_only,strict_herzog,False,12691,9334,2946.0,0.3156203128347975,0.30626924172426795,0.3251230864514665,0.26451816247734616,,
window_false_positive,seizure_frequency:<1 seizure-day/month,healthy_ovulatory,calendar,12,A_windowed_C1_only,strict_herzog,False,12691,11009,3166.0,0.28758288672903987,0.27920295158395103,0.2961110109852664,0.13253486722874475,,
window_false_positive,seizure_frequency:<1 seizure-day/month,healthy_ovulatory,cycle,3,A_windowed_C1_only,strict_herzog,False,12691,6810,2287.0,0.33582966226138034,0.3247080728649154,0.3471363612163267,0.4633992593176267,,
window_false_positive,seizure_frequency:<1 seizure-day/month,healthy_ovulatory,cycle,6,A_windowed_C1_only,strict_herzog,False,12691,9234,2915.0,0.31568117825427766,0.30627952145898935,0.32523612912086425,0.2723977621936806,,
window_false_positive,seizure_frequency:<1 seizure-day/month,healthy_ovulatory,cycle,12,A_windowed_C1_only,strict_herzog,False,12691,10913,3016.0,0.27636763493081645,0.26805711340175115,0.2848355416384846,0.14009928295642582,,
window_false_positive,seizure_frequency:<1 seizure-day/month,healthy_ovulatory,full,full_diary,A_windowed_C1_only,strict_herzog,False,12691,12142,2427.0,0.19988469774337012,0.19286684328785583,0.2070923917549148,0.04325900244267589,,
window_false_positive,seizure_frequency:<1 seizure-day/month,population,calendar,1,A_windowed_C1_only,strict_herzog,False,12804,3143,982.0,0.3124403436207445,0.29647386203106063,0.32886474640273056,0.7545298344267417,,
window_false_positive,seizure_frequency:<1 seizure-day/month,population,calendar,3,A_windowed_C1_only,strict_herzog,False,12804,6856,2246.0,0.3275962660443407,0.3165859331383003,0.338799688498733,0.464542330521712,,
window_false_positive,seizure_frequency:<1 seizure-day/month,population,calendar,4,A_windowed_C1_only,strict_herzog,False,12804,7946,2621.0,0.3298514976088598,0.31959831384943843,0.340269116965827,0.3794126835363949,,
window_false_positive,seizure_frequency:<1 seizure-day/month,population,calendar,6,A_windowed_C1_only,strict_herzog,False,12804,9234,2992.0,0.32401992635910765,0.31454915016994006,0.3336370614588861,0.27881911902530454,,
window_false_positive,seizure_frequency:<1 seizure-day/month,population,calendar,12,A_windowed_C1_only,strict_herzog,False,12804,10926,3198.0,0.29269632070291046,0.28423879652414663,0.3012995649363336,0.14667291471415178,,
window_false_positive,seizure_frequency:<1 seizure-day/month,population,cycle,3,A_windowed_C1_only,strict_herzog,False,12804,7024,2296.0,0.32687927107061504,0.31600675820504964,0.33794104152119797,0.4514214308028741,,
window_false_positive,seizure_frequency:<1 seizure-day/month,population,cycle,6,A_windowed_C1_only,strict_herzog,False,12804,9381,2949.0,0.3143588103613687,0.30504167314166564,0.32382792308082853,0.2673383317713215,,
window_false_positive,seizure_frequency:<1 seizure-day/month,population,cycle,12,A_windowed_C1_only,strict_herzog,False,12804,10946,3053.0,0.278914672026311,0.2705919938136292,0.28739247397963597,0.14511090284286166,,
window_false_positive,seizure_frequency:<1 seizure-day/month,population,full,full_diary,A_windowed_C1_only,strict_herzog,False,12804,12196,2521.0,0.2067071170875697,0.19961323445959633,0.21398570253088928,0.047485160887222766,,
window_false_positive,seizure_frequency:<1 seizure-day/month,healthy_ovulatory,calendar,1,A_windowed_C2_only,strict_herzog,False,12691,3529,1171.0,0.33182204590535563,0.31647694025823414,0.34753289040191815,0.7219289260105586,,
window_false_positive,seizure_frequency:<1 seizure-day/month,healthy_ovulatory,calendar,3,A_windowed_C2_only,strict_herzog,False,12691,7321,2383.0,0.32550198060374264,0.3148626990798098,0.33632429051390667,0.42313450476715786,,
window_false_positive,seizure_frequency:<1 seizure-day/month,healthy_ovulatory,calendar,4,A_windowed_C2_only,strict_herzog,False,12691,8418,2642.0,0.3138512710857686,0.30402485745247865,0.32384750094752723,0.3366952958789694,,
window_false_positive,seizure_frequency:<1 seizure-day/month,healthy_ovulatory,calendar,6,A_windowed_C2_only,strict_herzog,False,12691,9627,2952.0,0.30663758180118417,0.2975054629882986,0.31592395375387194,0.24143093530848636,,
window_false_positive,seizure_frequency:<1 seizure-day/month,healthy_ovulatory,calendar,12,A_windowed_C2_only,strict_herzog,False,12691,11129,2944.0,0.2645341000988409,0.25642148924850106,0.27280920900711025,0.12307934756914352,,
window_false_positive,seizure_frequency:<1 seizure-day/month,healthy_ovulatory,cycle,3,A_windowed_C2_only,strict_herzog,False,12691,7179,2406.0,0.33514417049728373,0.3243155789435792,0.3461490952984967,0.4343235363643527,,
window_false_positive,seizure_frequency:<1 seizure-day/month,healthy_ovulatory,cycle,6,A_windowed_C2_only,strict_herzog,False,12691,9505,2966.0,0.3120462914255655,0.3028092602039344,0.3214351847714759,0.25104404696241434,,
window_false_positive,seizure_frequency:<1 seizure-day/month,healthy_ovulatory,cycle,12,A_windowed_C2_only,strict_herzog,False,12691,11041,2964.0,0.2684539443890952,0.26026944243708483,0.2767995124172534,0.13001339531951772,,
window_false_positive,seizure_frequency:<1 seizure-day/month,healthy_ovulatory,full,full_diary,A_windowed_C2_only,strict_herzog,False,12691,12186,2080.0,0.17068767438043655,0.16411168082258087,0.1774712243273212,0.03979197856748873,,
window_false_positive,seizure_frequency:<1 seizure-day/month,population,calendar,1,A_windowed_C2_only,strict_herzog,False,12804,3588,1306.0,0.36399108138238573,0.348400879469809,0.37987220518898623,0.7197750702905342,,
window_false_positive,seizure_frequency:<1 seizure-day/month,population,calendar,3,A_windowed_C2_only,strict_herzog,False,12804,7504,2600.0,0.3464818763326226,0.33579648734368256,0.3573243633512782,0.41393314589190877,,
window_false_positive,seizure_frequency:<1 seizure-day/month,population,calendar,4,A_windowed_C2_only,strict_herzog,False,12804,8511,2811.0,0.33027846316531545,0.32036516305815443,0.3403449025406329,0.3352858481724461,,
window_false_positive,seizure_frequency:<1 seizure-day/month,population,calendar,6,A_windowed_C2_only,strict_herzog,False,12804,9755,3177.0,0.3256791389031266,0.3164497687793646,0.335045747942454,0.23812870977819434,,
window_false_positive,seizure_frequency:<1 seizure-day/month,population,calendar,12,A_windowed_C2_only,strict_herzog,False,12804,11211,3118.0,0.27811970386227813,0.2699025798843821,0.28648883070599557,0.12441424554826619,,
window_false_positive,seizure_frequency:<1 seizure-day/month,population,cycle,3,A_windowed_C2_only,strict_herzog,False,12804,7543,2580.0,0.34203897653453535,0.3314161324749966,0.35282262979358575,0.4108872227428928,,
window_false_positive,seizure_frequency:<1 seizure-day/month,population,cycle,6,A_windowed_C2_only,strict_herzog,False,12804,9736,3059.0,0.3141947411668036,0.30504898335494257,0.323487064660148,0.23961262105592007,,
window_false_positive,seizure_frequency:<1 seizure-day/month,population,cycle,12,A_windowed_C2_only,strict_herzog,False,12804,11208,3005.0,0.26811206281227695,0.2599915772106242,0.2763914496907616,0.12464854732895969,,
window_false_positive,seizure_frequency:<1 seizure-day/month,population,full,full_diary,A_windowed_C2_only,strict_herzog,False,12804,12286,2136.0,0.17385642194367573,0.16725723059066908,0.18065949991782967,0.0404561074664167,,
window_false_positive,seizure_frequency:<1 seizure-day/month,healthy_ovulatory,calendar,1,A_windowed_C3_only,strict_herzog,False,12691,0,0.0,,,,1.0,,
window_false_positive,seizure_frequency:<1 seizure-day/month,healthy_ovulatory,calendar,3,A_windowed_C3_only,strict_herzog,False,12691,0,0.0,,,,1.0,,
window_false_positive,seizure_frequency:<1 seizure-day/month,healthy_ovulatory,calendar,4,A_windowed_C3_only,strict_herzog,False,12691,0,0.0,,,,1.0,,
window_false_positive,seizure_frequency:<1 seizure-day/month,healthy_ovulatory,calendar,6,A_windowed_C3_only,strict_herzog,False,12691,0,0.0,,,,1.0,,
window_false_positive,seizure_frequency:<1 seizure-day/month,healthy_ovulatory,calendar,12,A_windowed_C3_only,strict_herzog,False,12691,0,0.0,,,,1.0,,
window_false_positive,seizure_frequency:<1 seizure-day/month,healthy_ovulatory,cycle,3,A_windowed_C3_only,strict_herzog,False,12691,0,0.0,,,,1.0,,
window_false_positive,seizure_frequency:<1 seizure-day/month,healthy_ovulatory,cycle,6,A_windowed_C3_only,strict_herzog,False,12691,0,0.0,,,,1.0,,
window_false_positive,seizure_frequency:<1 seizure-day/month,healthy_ovulatory,cycle,12,A_windowed_C3_only,strict_herzog,False,12691,0,0.0,,,,1.0,,
window_false_positive,seizure_frequency:<1 seizure-day/month,healthy_ovulatory,full,full_diary,A_windowed_C3_only,strict_herzog,False,12691,0,0.0,,,,1.0,,
window_false_positive,seizure_frequency:<1 seizure-day/month,population,calendar,1,A_windowed_C3_only,strict_herzog,False,12804,814,606.0,0.7444717444717445,0.7134092490890683,0.7732376379174984,0.936426116838488,,
window_false_positive,seizure_frequency:<1 seizure-day/month,population,calendar,3,A_windowed_C3_only,strict_herzog,False,12804,2337,1720.0,0.7359863072314934,0.717737771648482,0.7534603079325618,0.8174789128397376,,
window_false_positive,seizure_frequency:<1 seizure-day/month,population,calendar,4,A_windowed_C3_only,strict_herzog,False,12804,2783,1959.0,0.7039166367229608,0.6866836170816564,0.7205874877770666,0.7826460481099656,,
window_false_positive,seizure_frequency:<1 seizure-day/month,population,calendar,6,A_windowed_C3_only,strict_herzog,False,12804,3479,2372.0,0.6818051164127623,0.666134444071395,0.6970747387055709,0.7282880349890659,,
window_false_positive,seizure_frequency:<1 seizure-day/month,population,calendar,12,A_windowed_C3_only,strict_herzog,False,12804,5049,3051.0,0.6042780748663101,0.5907153402508765,0.6176822531788142,0.6056701030927836,,
window_false_positive,seizure_frequency:<1 seizure-day/month,population,cycle,3,A_windowed_C3_only,strict_herzog,False,12804,2467,1810.0,0.7336846372111877,0.7158882965889248,0.7507543509528218,0.8073258356763511,,
window_false_positive,seizure_frequency:<1 seizure-day/month,population,cycle,6,A_windowed_C3_only,strict_herzog,False,12804,3739,2515.0,0.6726397432468575,0.657428304392257,0.6874968051010991,0.7079818806622931,,
window_false_positive,seizure_frequency:<1 seizure-day/month,population,cycle,12,A_windowed_C3_only,strict_herzog,False,12804,5004,2987.0,0.5969224620303757,0.5832623967626146,0.6104338310385801,0.6091846298031864,,
window_false_positive,seizure_frequency:<1 seizure-day/month,population,full,full_diary,A_windowed_C3_only,strict_herzog,False,12804,7595,3916.0,0.5156023699802502,0.504357933130032,0.5268310318305268,0.4068259918775383,,
window_false_positive,seizure_frequency:<1 seizure-day/month,healthy_ovulatory,calendar,1,B_minimum_data_any,strict_herzog,False,12691,0,0.0,,,,1.0,,
window_false_positive,seizure_frequency:<1 seizure-day/month,healthy_ovulatory,calendar,3,B_minimum_data_any,strict_herzog,False,12691,0,0.0,,,,1.0,,
window_false_positive,seizure_frequency:<1 seizure-day/month,healthy_ovulatory,calendar,4,B_minimum_data_any,strict_herzog,False,12691,2234,978.0,0.4377797672336616,0.4173314369874056,0.458441710880495,0.8239697423370893,,
window_false_positive,seizure_frequency:<1 seizure-day/month,healthy_ovulatory,calendar,6,B_minimum_data_any,strict_herzog,False,12691,4231,1805.0,0.42661309383124557,0.41178348662733627,0.44157584074334316,0.6666141360018911,,
window_false_positive,seizure_frequency:<1 seizure-day/month,healthy_ovulatory,calendar,12,B_minimum_data_any,strict_herzog,False,12691,7957,3121.0,0.3922332537388463,0.38155983417239636,0.40301067776767485,0.373020250571271,,
window_false_positive,seizure_frequency:<1 seizure-day/month,healthy_ovulatory,cycle,3,B_minimum_data_any,strict_herzog,False,12691,0,0.0,,,,1.0,,
window_false_positive,seizure_frequency:<1 seizure-day/month,healthy_ovulatory,cycle,6,B_minimum_data_any,strict_herzog,False,12691,4003,1665.0,0.41593804646515115,0.40075715181467303,0.4312801256976549,0.6845796233551336,,
window_false_positive,seizure_frequency:<1 seizure-day/month,healthy_ovulatory,cycle,12,B_minimum_data_any,strict_herzog,False,12691,7782,2957.0,0.37997943973271653,0.36925701344670014,0.3908202999843722,0.3868095500748562,,
window_false_positive,seizure_frequency:<1 seizure-day/month,healthy_ovulatory,full,full_diary,B_minimum_data_any,strict_herzog,False,12691,11050,2988.0,0.27040723981900455,0.2622064428383789,0.27876761410803474,0.12930423134504765,,
window_false_positive,seizure_frequency:<1 seizure-day/month,population,calendar,1,B_minimum_data_any,strict_herzog,False,12804,0,0.0,,,,1.0,,
window_false_positive,seizure_frequency:<1 seizure-day/month,population,calendar,3,B_minimum_data_any,strict_herzog,False,12804,0,0.0,,,,1.0,,
window_false_positive,seizure_frequency:<1 seizure-day/month,population,calendar,4,B_minimum_data_any,strict_herzog,False,12804,2192,1203.0,0.5488138686131386,0.5279151378440845,0.5695418070279425,0.8288034989065917,,
window_false_positive,seizure_frequency:<1 seizure-day/month,population,calendar,6,B_minimum_data_any,strict_herzog,False,12804,4363,2463.0,0.5645198258079304,0.5497571753148787,0.5791689616445437,0.6592471102780382,,
window_false_positive,seizure_frequency:<1 seizure-day/month,population,calendar,12,B_minimum_data_any,strict_herzog,False,12804,8108,4410.0,0.5439072520966947,0.5330477349512469,0.5547251836412118,0.3667603873789441,,
window_false_positive,seizure_frequency:<1 seizure-day/month,population,cycle,3,B_minimum_data_any,strict_herzog,False,12804,103,77.0,0.7475728155339806,0.6558210776288516,0.8215217119860896,0.9919556388628553,,
window_false_positive,seizure_frequency:<1 seizure-day/month,population,cycle,6,B_minimum_data_any,strict_herzog,False,12804,4529,2527.0,0.5579598145285936,0.5434530464135129,0.5723683439372075,0.6462824117463293,,
window_false_positive,seizure_frequency:<1 seizure-day/month,population,cycle,12,B_minimum_data_any,strict_herzog,False,12804,8139,4258.0,0.5231600933775649,0.5123008115305339,0.5339975232591749,0.36433926897844426,,
window_false_positive,seizure_frequency:<1 seizure-day/month,population,full,full_diary,B_minimum_data_any,strict_herzog,False,12804,11137,5442.0,0.48864146538565145,0.47936326474442614,0.4979274990694966,0.13019368947204002,,
window_false_positive,seizure_frequency:<1 seizure-day/month,healthy_ovulatory,calendar,1,B_minimum_data_excluding_C3,strict_herzog,False,12691,0,0.0,,,,1.0,,
window_false_positive,seizure_frequency:<1 seizure-day/month,healthy_ovulatory,calendar,3,B_minimum_data_excluding_C3,strict_herzog,False,12691,0,0.0,,,,1.0,,
window_false_positive,seizure_frequency:<1 seizure-day/month,healthy_ovulatory,calendar,4,B_minimum_data_excluding_C3,strict_herzog,False,12691,2234,978.0,0.4377797672336616,0.4173314369874056,0.458441710880495,0.8239697423370893,,
window_false_positive,seizure_frequency:<1 seizure-day/month,healthy_ovulatory,calendar,6,B_minimum_data_excluding_C3,strict_herzog,False,12691,4231,1805.0,0.42661309383124557,0.41178348662733627,0.44157584074334316,0.6666141360018911,,
window_false_positive,seizure_frequency:<1 seizure-day/month,healthy_ovulatory,calendar,12,B_minimum_data_excluding_C3,strict_herzog,False,12691,7957,3121.0,0.3922332537388463,0.38155983417239636,0.40301067776767485,0.373020250571271,,
window_false_positive,seizure_frequency:<1 seizure-day/month,healthy_ovulatory,cycle,3,B_minimum_data_excluding_C3,strict_herzog,False,12691,0,0.0,,,,1.0,,
window_false_positive,seizure_frequency:<1 seizure-day/month,healthy_ovulatory,cycle,6,B_minimum_data_excluding_C3,strict_herzog,False,12691,4003,1665.0,0.41593804646515115,0.40075715181467303,0.4312801256976549,0.6845796233551336,,
window_false_positive,seizure_frequency:<1 seizure-day/month,healthy_ovulatory,cycle,12,B_minimum_data_excluding_C3,strict_herzog,False,12691,7782,2957.0,0.37997943973271653,0.36925701344670014,0.3908202999843722,0.3868095500748562,,
window_false_positive,seizure_frequency:<1 seizure-day/month,healthy_ovulatory,full,full_diary,B_minimum_data_excluding_C3,strict_herzog,False,12691,11050,2988.0,0.27040723981900455,0.2622064428383789,0.27876761410803474,0.12930423134504765,,
window_false_positive,seizure_frequency:<1 seizure-day/month,population,calendar,1,B_minimum_data_excluding_C3,strict_herzog,False,12804,0,0.0,,,,1.0,,
window_false_positive,seizure_frequency:<1 seizure-day/month,population,calendar,3,B_minimum_data_excluding_C3,strict_herzog,False,12804,0,0.0,,,,1.0,,
window_false_positive,seizure_frequency:<1 seizure-day/month,population,calendar,4,B_minimum_data_excluding_C3,strict_herzog,False,12804,2192,962.0,0.43886861313868614,0.4182191160238935,0.4597319997438484,0.8288034989065917,,
window_false_positive,seizure_frequency:<1 seizure-day/month,population,calendar,6,B_minimum_data_excluding_C3,strict_herzog,False,12804,4363,1922.0,0.44052257620903046,0.42585033227858404,0.45529946331299653,0.6592471102780382,,
window_false_positive,seizure_frequency:<1 seizure-day/month,population,calendar,12,B_minimum_data_excluding_C3,strict_herzog,False,12804,8108,3237.0,0.3992353231376418,0.3886254420510848,0.4099406408420648,0.3667603873789441,,
window_false_positive,seizure_frequency:<1 seizure-day/month,population,cycle,3,B_minimum_data_excluding_C3,strict_herzog,False,12804,103,55.0,0.5339805825242718,0.43816142979955147,0.6273562079907344,0.9919556388628553,,
window_false_positive,seizure_frequency:<1 seizure-day/month,population,cycle,6,B_minimum_data_excluding_C3,strict_herzog,False,12804,4529,1892.0,0.41775226319275777,0.4034643855737692,0.43217954621425614,0.6462824117463293,,
window_false_positive,seizure_frequency:<1 seizure-day/month,population,cycle,12,B_minimum_data_excluding_C3,strict_herzog,False,12804,8139,3053.0,0.37510750706475,0.36465050195549864,0.3856823504915101,0.36433926897844426,,
window_false_positive,seizure_frequency:<1 seizure-day/month,population,full,full_diary,B_minimum_data_excluding_C3,strict_herzog,False,12804,11137,3070.0,0.27565771751818263,0.2674372344745179,0.28403291089375177,0.13019368947204002,,
window_false_positive,seizure_frequency:<1 seizure-day/month,healthy_ovulatory,calendar,1,C_reproducibility_any,strict_herzog,False,12691,0,0.0,,,,1.0,,
window_false_positive,seizure_frequency:<1 seizure-day/month,healthy_ovulatory,calendar,3,C_reproducibility_any,strict_herzog,False,12691,0,0.0,,,,1.0,,
window_false_positive,seizure_frequency:<1 seizure-day/month,healthy_ovulatory,calendar,4,C_reproducibility_any,strict_herzog,False,12691,0,0.0,,,,1.0,,
window_false_positive,seizure_frequency:<1 seizure-day/month,healthy_ovulatory,calendar,6,C_reproducibility_any,strict_herzog,False,12691,19,7.0,0.3684210526315789,0.19149512745135075,0.5896046683519692,0.9985028760538964,,
window_false_positive,seizure_frequency:<1 seizure-day/month,healthy_ovulatory,calendar,12,C_reproducibility_any,strict_herzog,False,12691,1,1.0,1.0,0.20654931437723745,1.0,0.9999212040028367,,
window_false_positive,seizure_frequency:<1 seizure-day/month,healthy_ovulatory,cycle,3,C_reproducibility_any,strict_herzog,False,12691,0,0.0,,,,1.0,,
window_false_positive,seizure_frequency:<1 seizure-day/month,healthy_ovulatory,cycle,6,C_reproducibility_any,strict_herzog,False,12691,93,45.0,0.4838709677419355,0.38497702482953833,0.5840445075127757,0.992671972263809,,
window_false_positive,seizure_frequency:<1 seizure-day/month,healthy_ovulatory,cycle,12,C_reproducibility_any,strict_herzog,False,12691,0,0.0,,,,1.0,,
window_false_positive,seizure_frequency:<1 seizure-day/month,healthy_ovulatory,full,full_diary,C_reproducibility_any,strict_herzog,False,12691,0,0.0,,,,1.0,,
window_false_positive,seizure_frequency:<1 seizure-day/month,population,calendar,1,C_reproducibility_any,strict_herzog,False,12804,0,0.0,,,,1.0,,
window_false_positive,seizure_frequency:<1 seizure-day/month,population,calendar,3,C_reproducibility_any,strict_herzog,False,12804,0,0.0,,,,1.0,,
window_false_positive,seizure_frequency:<1 seizure-day/month,population,calendar,4,C_reproducibility_any,strict_herzog,False,12804,0,0.0,,,,1.0,,
window_false_positive,seizure_frequency:<1 seizure-day/month,population,calendar,6,C_reproducibility_any,strict_herzog,False,12804,36,7.0,0.19444444444444445,0.09753095418928728,0.3502804299517739,0.9971883786316776,,
window_false_positive,seizure_frequency:<1 seizure-day/month,population,calendar,12,C_reproducibility_any,strict_herzog,False,12804,334,91.0,0.27245508982035926,0.2274965227776778,0.32258829946235273,0.9739144017494533,,
window_false_positive,seizure_frequency:<1 seizure-day/month,population,cycle,3,C_reproducibility_any,strict_herzog,False,12804,0,0.0,,,,1.0,,
window_false_positive,seizure_frequency:<1 seizure-day/month,population,cycle,6,C_reproducibility_any,strict_herzog,False,12804,703,86.0,0.12233285917496443,0.10014239852231763,0.1486283217380232,0.9450952827241487,,
window_false_positive,seizure_frequency:<1 seizure-day/month,population,cycle,12,C_reproducibility_any,strict_herzog,False,12804,267,156.0,0.5842696629213483,0.5243670004195288,0.6417818609694931,0.9791471415182755,,
window_false_positive,seizure_frequency:<1 seizure-day/month,population,full,full_diary,C_reproducibility_any,strict_herzog,False,12804,91,79.0,0.8681318681318682,0.7835131821428026,0.9229289248546154,0.9928928459856294,,
window_false_positive,seizure_frequency:<1 seizure-day/month,healthy_ovulatory,calendar,1,C_reproducibility_12cycle_any,strict_herzog,False,12691,0,0.0,,,,1.0,,
window_false_positive,seizure_frequency:<1 seizure-day/month,healthy_ovulatory,calendar,3,C_reproducibility_12cycle_any,strict_herzog,False,12691,0,0.0,,,,1.0,,
window_false_positive,seizure_frequency:<1 seizure-day/month,healthy_ovulatory,calendar,4,C_reproducibility_12cycle_any,strict_herzog,False,12691,0,0.0,,,,1.0,,
window_false_positive,seizure_frequency:<1 seizure-day/month,healthy_ovulatory,calendar,6,C_reproducibility_12cycle_any,strict_herzog,False,12691,0,0.0,,,,1.0,,
window_false_positive,seizure_frequency:<1 seizure-day/month,healthy_ovulatory,calendar,12,C_reproducibility_12cycle_any,strict_herzog,False,12691,0,0.0,,,,1.0,,
window_false_positive,seizure_frequency:<1 seizure-day/month,healthy_ovulatory,cycle,3,C_reproducibility_12cycle_any,strict_herzog,False,12691,0,0.0,,,,1.0,,
window_false_positive,seizure_frequency:<1 seizure-day/month,healthy_ovulatory,cycle,6,C_reproducibility_12cycle_any,strict_herzog,False,12691,0,0.0,,,,1.0,,
window_false_positive,seizure_frequency:<1 seizure-day/month,healthy_ovulatory,cycle,12,C_reproducibility_12cycle_any,strict_herzog,False,12691,0,0.0,,,,1.0,,
window_false_positive,seizure_frequency:<1 seizure-day/month,healthy_ovulatory,full,full_diary,C_reproducibility_12cycle_any,strict_herzog,False,12691,0,0.0,,,,1.0,,
window_false_positive,seizure_frequency:<1 seizure-day/month,population,calendar,1,C_reproducibility_12cycle_any,strict_herzog,False,12804,0,0.0,,,,1.0,,
window_false_positive,seizure_frequency:<1 seizure-day/month,population,calendar,3,C_reproducibility_12cycle_any,strict_herzog,False,12804,0,0.0,,,,1.0,,
window_false_positive,seizure_frequency:<1 seizure-day/month,population,calendar,4,C_reproducibility_12cycle_any,strict_herzog,False,12804,0,0.0,,,,1.0,,
window_false_positive,seizure_frequency:<1 seizure-day/month,population,calendar,6,C_reproducibility_12cycle_any,strict_herzog,False,12804,0,0.0,,,,1.0,,
window_false_positive,seizure_frequency:<1 seizure-day/month,population,calendar,12,C_reproducibility_12cycle_any,strict_herzog,False,12804,3,1.0,0.3333333333333333,0.06149194472039621,0.7923403991979522,0.9997656982193065,,
window_false_positive,seizure_frequency:<1 seizure-day/month,population,cycle,3,C_reproducibility_12cycle_any,strict_herzog,False,12804,0,0.0,,,,1.0,,
window_false_positive,seizure_frequency:<1 seizure-day/month,population,cycle,6,C_reproducibility_12cycle_any,strict_herzog,False,12804,0,0.0,,,,1.0,,
window_false_positive,seizure_frequency:<1 seizure-day/month,population,cycle,12,C_reproducibility_12cycle_any,strict_herzog,False,12804,112,10.0,0.08928571428571429,0.04922153008054796,0.1565895764387274,0.9912527335207748,,
window_false_positive,seizure_frequency:<1 seizure-day/month,population,full,full_diary,C_reproducibility_12cycle_any,strict_herzog,False,12804,64,54.0,0.84375,0.7357193822745122,0.912851576617934,0.9950015620118713,,
window_false_positive,seizure_frequency:<1 seizure-day/month,healthy_ovulatory,calendar,1,D_nb_regression_any,strict_herzog,False,12691,0,0.0,,,,1.0,,
window_false_positive,seizure_frequency:<1 seizure-day/month,healthy_ovulatory,calendar,3,D_nb_regression_any,strict_herzog,False,12691,0,0.0,,,,1.0,,
window_false_positive,seizure_frequency:<1 seizure-day/month,healthy_ovulatory,calendar,4,D_nb_regression_any,strict_herzog,False,12691,2234,3.0,0.0013428827215756492,0.0004568040706084476,0.003940942151271102,0.8239697423370893,,
window_false_positive,seizure_frequency:<1 seizure-day/month,healthy_ovulatory,calendar,6,D_nb_regression_any,strict_herzog,False,12691,4231,42.0,0.009926731269203497,0.007352529995629723,0.013390031367023022,0.6666141360018911,,
window_false_positive,seizure_frequency:<1 seizure-day/month,healthy_ovulatory,calendar,12,D_nb_regression_any,strict_herzog,False,12691,7957,154.0,0.0193540278999623,0.016550797222881553,0.022621124543651137,0.373020250571271,,
window_false_positive,seizure_frequency:<1 seizure-day/month,healthy_ovulatory,cycle,3,D_nb_regression_any,strict_herzog,False,12691,0,0.0,,,,1.0,,
window_false_positive,seizure_frequency:<1 seizure-day/month,healthy_ovulatory,cycle,6,D_nb_regression_any,strict_herzog,False,12691,4003,29.0,0.007244566575068698,0.0050489492204069935,0.010385017772361295,0.6845796233551336,,
window_false_positive,seizure_frequency:<1 seizure-day/month,healthy_ovulatory,cycle,12,D_nb_regression_any,strict_herzog,False,12691,7782,129.0,0.016576715497301466,0.01396916377998948,0.019661299954158374,0.3868095500748562,,
window_false_positive,seizure_frequency:<1 seizure-day/month,healthy_ovulatory,full,full_diary,D_nb_regression_any,strict_herzog,False,12691,11050,352.0,0.031855203619909504,0.028740056923963184,0.03529573203299294,0.12930423134504765,,
window_false_positive,seizure_frequency:<1 seizure-day/month,population,calendar,1,D_nb_regression_any,strict_herzog,False,12804,0,0.0,,,,1.0,,
window_false_positive,seizure_frequency:<1 seizure-day/month,population,calendar,3,D_nb_regression_any,strict_herzog,False,12804,0,0.0,,,,1.0,,
window_false_positive,seizure_frequency:<1 seizure-day/month,population,calendar,4,D_nb_regression_any,strict_herzog,False,12804,2192,1.0,0.0004562043795620438,8.053581477634303e-05,0.002579701242516199,0.8288034989065917,,
window_false_positive,seizure_frequency:<1 seizure-day/month,population,calendar,6,D_nb_regression_any,strict_herzog,False,12804,4363,34.0,0.007792803117121247,0.005582064557285677,0.010869519384599763,0.6592471102780382,,
window_false_positive,seizure_frequency:<1 seizure-day/month,population,calendar,12,D_nb_regression_any,strict_herzog,False,12804,8108,148.0,0.018253576714356193,0.015559649663046399,0.021403777241044662,0.3667603873789441,,
window_false_positive,seizure_frequency:<1 seizure-day/month,population,cycle,3,D_nb_regression_any,strict_herzog,False,12804,103,0.0,0.0,0.0,0.03595475822864816,0.9919556388628553,,
window_false_positive,seizure_frequency:<1 seizure-day/month,population,cycle,6,D_nb_regression_any,strict_herzog,False,12804,4529,39.0,0.008611172444248178,0.006305789638687141,0.011749432359301454,0.6462824117463293,,
window_false_positive,seizure_frequency:<1 seizure-day/month,population,cycle,12,D_nb_regression_any,strict_herzog,False,12804,8139,142.0,0.0174468607937093,0.0148216272490787,0.020527391920254528,0.36433926897844426,,
window_false_positive,seizure_frequency:<1 seizure-day/month,population,full,full_diary,D_nb_regression_any,strict_herzog,False,12804,11137,399.0,0.035826524198617225,0.032531674790524365,0.03944147569227341,0.13019368947204002,,
window_false_positive,seizure_frequency:<1 seizure-day/month,healthy_ovulatory,calendar,1,D_nb_regression_window_alpha_any,strict_herzog,False,12691,0,0.0,,,,1.0,,
window_false_positive,seizure_frequency:<1 seizure-day/month,healthy_ovulatory,calendar,3,D_nb_regression_window_alpha_any,strict_herzog,False,12691,0,0.0,,,,1.0,,
window_false_positive,seizure_frequency:<1 seizure-day/month,healthy_ovulatory,calendar,4,D_nb_regression_window_alpha_any,strict_herzog,False,12691,0,0.0,,,,1.0,,
window_false_positive,seizure_frequency:<1 seizure-day/month,healthy_ovulatory,calendar,6,D_nb_regression_window_alpha_any,strict_herzog,False,12691,0,0.0,,,,1.0,,
window_false_positive,seizure_frequency:<1 seizure-day/month,healthy_ovulatory,calendar,12,D_nb_regression_window_alpha_any,strict_herzog,False,12691,0,0.0,,,,1.0,,
window_false_positive,seizure_frequency:<1 seizure-day/month,healthy_ovulatory,cycle,3,D_nb_regression_window_alpha_any,strict_herzog,False,12691,0,0.0,,,,1.0,,
window_false_positive,seizure_frequency:<1 seizure-day/month,healthy_ovulatory,cycle,6,D_nb_regression_window_alpha_any,strict_herzog,False,12691,0,0.0,,,,1.0,,
window_false_positive,seizure_frequency:<1 seizure-day/month,healthy_ovulatory,cycle,12,D_nb_regression_window_alpha_any,strict_herzog,False,12691,0,0.0,,,,1.0,,
window_false_positive,seizure_frequency:<1 seizure-day/month,healthy_ovulatory,full,full_diary,D_nb_regression_window_alpha_any,strict_herzog,False,12691,11050,352.0,0.031855203619909504,0.028740056923963184,0.03529573203299294,0.12930423134504765,,
window_false_positive,seizure_frequency:<1 seizure-day/month,population,calendar,1,D_nb_regression_window_alpha_any,strict_herzog,False,12804,0,0.0,,,,1.0,,
window_false_positive,seizure_frequency:<1 seizure-day/month,population,calendar,3,D_nb_regression_window_alpha_any,strict_herzog,False,12804,0,0.0,,,,1.0,,
window_false_positive,seizure_frequency:<1 seizure-day/month,population,calendar,4,D_nb_regression_window_alpha_any,strict_herzog,False,12804,0,0.0,,,,1.0,,
window_false_positive,seizure_frequency:<1 seizure-day/month,population,calendar,6,D_nb_regression_window_alpha_any,strict_herzog,False,12804,0,0.0,,,,1.0,,
window_false_positive,seizure_frequency:<1 seizure-day/month,population,calendar,12,D_nb_regression_window_alpha_any,strict_herzog,False,12804,0,0.0,,,,1.0,,
window_false_positive,seizure_frequency:<1 seizure-day/month,population,cycle,3,D_nb_regression_window_alpha_any,strict_herzog,False,12804,0,0.0,,,,1.0,,
window_false_positive,seizure_frequency:<1 seizure-day/month,population,cycle,6,D_nb_regression_window_alpha_any,strict_herzog,False,12804,0,0.0,,,,1.0,,
window_false_positive,seizure_frequency:<1 seizure-day/month,population,cycle,12,D_nb_regression_window_alpha_any,strict_herzog,False,12804,0,0.0,,,,1.0,,
window_false_positive,seizure_frequency:<1 seizure-day/month,population,full,full_diary,D_nb_regression_window_alpha_any,strict_herzog,False,12804,11137,399.0,0.035826524198617225,0.032531674790524365,0.03944147569227341,0.13019368947204002,,
window_false_positive,seizure_frequency:<1 seizure-day/month,healthy_ovulatory,calendar,1,H1_newmark_penry_any,strict_herzog,True,12691,4263,869.0,0.20384705606380482,0.19202299817024837,0.21620436992655434,0.6640926640926641,,
window_false_positive,seizure_frequency:<1 seizure-day/month,healthy_ovulatory,calendar,3,H1_newmark_penry_any,strict_herzog,True,12691,8158,1293.0,0.15849472910026968,0.15073082855534672,0.1665800959323853,0.35718225514143886,,
window_false_positive,seizure_frequency:<1 seizure-day/month,healthy_ovulatory,calendar,4,H1_newmark_penry_any,strict_herzog,True,12691,9143,1352.0,0.14787268948922674,0.14074447795303113,0.1552966714438906,0.2795681979355449,,
window_false_positive,seizure_frequency:<1 seizure-day/month,healthy_ovulatory,calendar,6,H1_newmark_penry_any,strict_herzog,True,12691,10184,1265.0,0.12421445404556167,0.11794998247713698,0.13076231532043808,0.19754156488850372,,
window_false_positive,seizure_frequency:<1 seizure-day/month,healthy_ovulatory,calendar,12,H1_newmark_penry_any,strict_herzog,True,12691,11466,1018.0,0.0887842316413745,0.08371480784967873,0.09412910273480345,0.09652509652509655,,
window_false_positive,seizure_frequency:<1 seizure-day/month,healthy_ovulatory,cycle,3,H1_newmark_penry_any,strict_herzog,True,12691,8027,1363.0,0.1698019185249782,0.16174670939593816,0.1781730204129932,0.3675045307698369,,
window_false_positive,seizure_frequency:<1 seizure-day/month,healthy_ovulatory,cycle,6,H1_newmark_penry_any,strict_herzog,True,12691,10092,1288.0,0.12762584225128815,0.12125723909078845,0.1342778214926657,0.2047907966275313,,
window_false_positive,seizure_frequency:<1 seizure-day/month,healthy_ovulatory,cycle,12,H1_newmark_penry_any,strict_herzog,True,12691,11373,994.0,0.08739998241449046,0.08234783843024462,0.09273076014479129,0.10385312426128757,,
window_false_positive,seizure_frequency:<1 seizure-day/month,healthy_ovulatory,full,full_diary,H1_newmark_penry_any,strict_herzog,True,12691,12296,423.0,0.034401431359791804,0.03132260847120272,0.037771083643929365,0.031124418879520888,,
window_false_positive,seizure_frequency:<1 seizure-day/month,population,calendar,1,H1_newmark_penry_any,strict_herzog,True,12804,4278,787.0,0.18396446937821412,0.17263929308545822,0.19585670892561657,0.6658856607310215,,
window_false_positive,seizure_frequency:<1 seizure-day/month,population,calendar,3,H1_newmark_penry_any,strict_herzog,True,12804,8275,1260.0,0.15226586102719034,0.14468636054584919,0.1601680652061582,0.3537175882536707,,
window_false_positive,seizure_frequency:<1 seizure-day/month,population,calendar,4,H1_newmark_penry_any,strict_herzog,True,12804,9226,1297.0,0.14058096683286364,0.13363782860268741,0.14782328537322076,0.27944392377382066,,
window_false_positive,seizure_frequency:<1 seizure-day/month,population,calendar,6,H1_newmark_penry_any,strict_herzog,True,12804,10295,1172.0,0.1138416707139388,0.10784978461818226,0.12012163024516898,0.19595438925335829,,
window_false_positive,seizure_frequency:<1 seizure-day/month,population,calendar,12,H1_newmark_penry_any,strict_herzog,True,12804,11514,883.0,0.07668924787215564,0.0719687452270379,0.08169211780431583,0.10074976569821925,,
window_false_positive,seizure_frequency:<1 seizure-day/month,population,cycle,3,H1_newmark_penry_any,strict_herzog,True,12804,8350,1260.0,0.15089820359281436,0.14338119997257176,0.1587362715238269,0.3478600437363324,,
window_false_positive,seizure_frequency:<1 seizure-day/month,population,cycle,6,H1_newmark_penry_any,strict_herzog,True,12804,10298,1208.0,0.11730433093804622,0.11123165459338732,0.12366241444208256,0.19572008747266478,,
window_false_positive,seizure_frequency:<1 seizure-day/month,population,cycle,12,H1_newmark_penry_any,strict_herzog,True,12804,11510,892.0,0.07749782797567333,0.07275286074167833,0.08252472104672107,0.10106216807247737,,
window_false_positive,seizure_frequency:<1 seizure-day/month,population,full,full_diary,H1_newmark_penry_any,strict_herzog,True,12804,12391,377.0,0.03042530869179243,0.027543661521331152,0.033598020793724356,0.03225554514214313,,
window_false_positive,seizure_frequency:<1 seizure-day/month,healthy_ovulatory,calendar,1,H1_newmark_penry_66_7_any,strict_herzog,True,12691,4263,827.0,0.19399483931503636,0.1824023825011577,0.20613829209866735,0.6640926640926641,,
window_false_positive,seizure_frequency:<1 seizure-day/month,healthy_ovulatory,calendar,3,H1_newmark_penry_66_7_any,strict_herzog,True,12691,8158,1063.0,0.13030154449620004,0.12317027533512252,0.13778081879804321,0.35718225514143886,,
window_false_positive,seizure_frequency:<1 seizure-day/month,healthy_ovulatory,calendar,4,H1_newmark_penry_66_7_any,strict_herzog,True,12691,9143,983.0,0.10751394509460789,0.10132851294863862,0.1140290471106418,0.2795681979355449,,
window_false_positive,seizure_frequency:<1 seizure-day/month,healthy_ovulatory,calendar,6,H1_newmark_penry_66_7_any,strict_herzog,True,12691,10184,836.0,0.08208955223880597,0.0769145088693306,0.08757975280469069,0.19754156488850372,,
window_false_positive,seizure_frequency:<1 seizure-day/month,healthy_ovulatory,calendar,12,H1_newmark_penry_66_7_any,strict_herzog,True,12691,11466,536.0,0.046746903889761035,0.043032500986218886,0.05076491222853273,0.09652509652509655,,
window_false_positive,seizure_frequency:<1 seizure-day/month,healthy_ovulatory,cycle,3,H1_newmark_penry_66_7_any,strict_herzog,True,12691,8027,1089.0,0.13566712345832815,0.12834999867517013,0.14333279695818954,0.3675045307698369,,
window_false_positive,seizure_frequency:<1 seizure-day/month,healthy_ovulatory,cycle,6,H1_newmark_penry_66_7_any,strict_herzog,True,12691,10092,862.0,0.08541418945699564,0.08011767956965046,0.09102619841895304,0.2047907966275313,,
window_false_positive,seizure_frequency:<1 seizure-day/month,healthy_ovulatory,cycle,12,H1_newmark_penry_66_7_any,strict_herzog,True,12691,11373,533.0,0.046865382924470234,0.0431317205626217,0.05090505253411724,0.10385312426128757,,
window_false_positive,seizure_frequency:<1 seizure-day/month,healthy_ovulatory,full,full_diary,H1_newmark_penry_66_7_any,strict_herzog,True,12691,12296,170.0,0.013825634352635003,0.011908333454880373,0.016046617019226102,0.031124418879520888,,
window_false_positive,seizure_frequency:<1 seizure-day/month,population,calendar,1,H1_newmark_penry_66_7_any,strict_herzog,True,12804,4278,749.0,0.1750818139317438,0.16398652985043444,0.18676009943609956,0.6658856607310215,,
window_false_positive,seizure_frequency:<1 seizure-day/month,population,calendar,3,H1_newmark_penry_66_7_any,strict_herzog,True,12804,8275,1002.0,0.12108761329305136,0.11423397402986786,0.1282928902430841,0.3537175882536707,,
window_false_positive,seizure_frequency:<1 seizure-day/month,population,calendar,4,H1_newmark_penry_66_7_any,strict_herzog,True,12804,9226,964.0,0.10448731844786473,0.09840927092136297,0.11089459062812106,0.27944392377382066,,
window_false_positive,seizure_frequency:<1 seizure-day/month,population,calendar,6,H1_newmark_penry_66_7_any,strict_herzog,True,12804,10295,768.0,0.07459932005828072,0.06968109583467519,0.07983489244203135,0.19595438925335829,,
window_false_positive,seizure_frequency:<1 seizure-day/month,population,calendar,12,H1_newmark_penry_66_7_any,strict_herzog,True,12804,11514,483.0,0.04194893173527879,0.03843736774625025,0.04576603636276896,0.10074976569821925,,
window_false_positive,seizure_frequency:<1 seizure-day/month,population,cycle,3,H1_newmark_penry_66_7_any,strict_herzog,True,12804,8350,1036.0,0.12407185628742515,0.11717332011344464,0.1313161286094354,0.3478600437363324,,
window_false_positive,seizure_frequency:<1 seizure-day/month,population,cycle,6,H1_newmark_penry_66_7_any,strict_herzog,True,12804,10298,798.0,0.07749077490774908,0.07248293443900507,0.08281371472956371,0.19572008747266478,,
window_false_positive,seizure_frequency:<1 seizure-day/month,population,cycle,12,H1_newmark_penry_66_7_any,strict_herzog,True,12804,11510,461.0,0.04005212858384014,0.03662071935026862,0.043790450295585044,0.10106216807247737,,
window_false_positive,seizure_frequency:<1 seizure-day/month,population,full,full_diary,H1_newmark_penry_66_7_any,strict_herzog,True,12804,12391,175.0,0.014123153902025664,0.012190961416527094,0.016356516176974964,0.03225554514214313,,
window_false_positive,seizure_frequency:<1 seizure-day/month,healthy_ovulatory,calendar,1,H2_duncan1993_any,strict_herzog,True,12691,4263,1222.0,0.2866525920713113,0.2732750765230882,0.3004142631078362,0.6640926640926641,,
window_false_positive,seizure_frequency:<1 seizure-day/month,healthy_ovulatory,calendar,3,H2_duncan1993_any,strict_herzog,True,12691,8158,1616.0,0.19808776660946312,0.18958207955579578,0.20687765016900103,0.35718225514143886,,
window_false_positive,seizure_frequency:<1 seizure-day/month,healthy_ovulatory,calendar,4,H2_duncan1993_any,strict_herzog,True,12691,9143,1649.0,0.18035655692879798,0.17261029575407588,0.18837130359753262,0.2795681979355449,,
window_false_positive,seizure_frequency:<1 seizure-day/month,healthy_ovulatory,calendar,6,H2_duncan1993_any,strict_herzog,True,12691,10184,1479.0,0.1452278083267871,0.13851868149155194,0.15220447814854177,0.19754156488850372,,
window_false_positive,seizure_frequency:<1 seizure-day/month,healthy_ovulatory,calendar,12,H2_duncan1993_any,strict_herzog,True,12691,11466,960.0,0.0837257980115123,0.07879442177242563,0.08893600987544997,0.09652509652509655,,
window_false_positive,seizure_frequency:<1 seizure-day/month,healthy_ovulatory,cycle,3,H2_duncan1993_any,strict_herzog,True,12691,8027,1706.0,0.2125327021303102,0.20372175512061913,0.22161866236065197,0.3675045307698369,,
window_false_positive,seizure_frequency:<1 seizure-day/month,healthy_ovulatory,cycle,6,H2_duncan1993_any,strict_herzog,True,12691,10092,1467.0,0.1453626634958383,0.13862093835156075,0.1523742670311381,0.2047907966275313,,
window_false_positive,seizure_frequency:<1 seizure-day/month,healthy_ovulatory,cycle,12,H2_duncan1993_any,strict_herzog,True,12691,11373,985.0,0.0866086344851842,0.08157805099495824,0.0919183861282237,0.10385312426128757,,
window_false_positive,seizure_frequency:<1 seizure-day/month,healthy_ovulatory,full,full_diary,H2_duncan1993_any,strict_herzog,True,12691,12296,361.0,0.02935914118412492,0.026519195509519096,0.03249306584773319,0.031124418879520888,,
window_false_positive,seizure_frequency:<1 seizure-day/month,population,calendar,1,H2_duncan1993_any,strict_herzog,True,12804,4278,1135.0,0.2653108929406265,0.2522957897565357,0.2787470993108601,0.6658856607310215,,
window_false_positive,seizure_frequency:<1 seizure-day/month,population,calendar,3,H2_duncan1993_any,strict_herzog,True,12804,8275,1614.0,0.1950453172205438,0.18665038550369778,0.2037232525102694,0.3537175882536707,,
window_false_positive,seizure_frequency:<1 seizure-day/month,population,calendar,4,H2_duncan1993_any,strict_herzog,True,12804,9226,1610.0,0.17450682852807284,0.16689803056473143,0.18238656692310098,0.27944392377382066,,
window_false_positive,seizure_frequency:<1 seizure-day/month,population,calendar,6,H2_duncan1993_any,strict_herzog,True,12804,10295,1339.0,0.13006313744536183,0.12370322648527679,0.13669902065522707,0.19595438925335829,,
window_false_positive,seizure_frequency:<1 seizure-day/month,population,calendar,12,H2_duncan1993_any,strict_herzog,True,12804,11514,879.0,0.07634184471078687,0.07163155780434707,0.08133473063778329,0.10074976569821925,,
window_false_positive,seizure_frequency:<1 seizure-day/month,population,cycle,3,H2_duncan1993_any,strict_herzog,True,12804,8350,1595.0,0.19101796407185628,0.18272916168846048,0.1995909331522629,0.3478600437363324,,
window_false_positive,seizure_frequency:<1 seizure-day/month,population,cycle,6,H2_duncan1993_any,strict_herzog,True,12804,10298,1410.0,0.13691979025053408,0.13041561388667303,0.1436947449368798,0.19572008747266478,,
window_false_positive,seizure_frequency:<1 seizure-day/month,population,cycle,12,H2_duncan1993_any,strict_herzog,True,12804,11510,844.0,0.0733275412684622,0.06870636811342434,0.0782334229955268,0.10106216807247737,,
window_false_positive,seizure_frequency:<1 seizure-day/month,population,full,full_diary,H2_duncan1993_any,strict_herzog,True,12804,12391,311.0,0.02509886207731418,0.022488298959637817,0.028003791713722012,0.03225554514214313,,
window_false_positive,seizure_frequency:<1 seizure-day/month,healthy_ovulatory,calendar,1,H3_herzog1997_twofold_any,strict_herzog,True,12691,4263,2063.0,0.4839315036359371,0.4689511707288045,0.49894076963922,0.6640926640926641,,
window_false_positive,seizure_frequency:<1 seizure-day/month,healthy_ovulatory,calendar,3,H3_herzog1997_twofold_any,strict_herzog,True,12691,8158,3948.0,0.4839421426820299,0.4731079342699498,0.49479146670201446,0.35718225514143886,,
window_false_positive,seizure_frequency:<1 seizure-day/month,healthy_ovulatory,calendar,4,H3_herzog1997_twofold_any,strict_herzog,True,12691,9143,4297.0,0.4699770316088811,0.4597614571390669,0.4802178239634194,0.2795681979355449,,
window_false_positive,seizure_frequency:<1 seizure-day/month,healthy_ovulatory,calendar,6,H3_herzog1997_twofold_any,strict_herzog,True,12691,10184,4609.0,0.4525726630007855,0.4429252504130646,0.4622558417834936,0.19754156488850372,,
window_false_positive,seizure_frequency:<1 seizure-day/month,healthy_ovulatory,calendar,12,H3_herzog1997_twofold_any,strict_herzog,True,12691,11466,4379.0,0.3819117390545962,0.37305967843735105,0.39084289949083323,0.09652509652509655,,
window_false_positive,seizure_frequency:<1 seizure-day/month,healthy_ovulatory,cycle,3,H3_herzog1997_twofold_any,strict_herzog,True,12691,8027,4009.0,0.4994393920518251,0.4885041941693961,0.5103751262547277,0.3675045307698369,,
window_false_positive,seizure_frequency:<1 seizure-day/month,healthy_ovulatory,cycle,6,H3_herzog1997_twofold_any,strict_herzog,True,12691,10092,4650.0,0.46076099881093935,0.45105280474653225,0.47049905368642336,0.2047907966275313,,
window_false_positive,seizure_frequency:<1 seizure-day/month,healthy_ovulatory,cycle,12,H3_herzog1997_twofold_any,strict_herzog,True,12691,11373,4394.0,0.3863536445968522,0.3774447010940571,0.3953393348480279,0.10385312426128757,,
window_false_positive,seizure_frequency:<1 seizure-day/month,healthy_ovulatory,full,full_diary,H3_herzog1997_twofold_any,strict_herzog,True,12691,12296,2860.0,0.23259596616785946,0.2252126105291403,0.2401463518594281,0.031124418879520888,,
window_false_positive,seizure_frequency:<1 seizure-day/month,population,calendar,1,H3_herzog1997_twofold_any,strict_herzog,True,12804,4268,2333.0,0.5466260543580131,0.5316556426057865,0.561512609033841,0.6666666666666667,,
window_false_positive,seizure_frequency:<1 seizure-day/month,population,calendar,3,H3_herzog1997_twofold_any,strict_herzog,True,12804,8275,4787.0,0.5784894259818731,0.5678160393781472,0.5890899729499403,0.3537175882536707,,
window_false_positive,seizure_frequency:<1 seizure-day/month,population,calendar,4,H3_herzog1997_twofold_any,strict_herzog,True,12804,9226,5275.0,0.5717537394320399,0.5616289256484978,0.5818188254214506,0.27944392377382066,,
window_false_positive,seizure_frequency:<1 seizure-day/month,population,calendar,6,H3_herzog1997_twofold_any,strict_herzog,True,12804,10295,5878.0,0.57095677513356,0.561371412925499,0.5804892037119862,0.19595438925335829,,
window_false_positive,seizure_frequency:<1 seizure-day/month,population,calendar,12,H3_herzog1997_twofold_any,strict_herzog,True,12804,11514,6097.0,0.5295292687163453,0.5204040545572748,0.5386347855267095,0.10074976569821925,,
window_false_positive,seizure_frequency:<1 seizure-day/month,population,cycle,3,H3_herzog1997_twofold_any,strict_herzog,True,12804,8350,4842.0,0.5798802395209581,0.5692591788397146,0.5904278354010752,0.3478600437363324,,
window_false_positive,seizure_frequency:<1 seizure-day/month,population,cycle,6,H3_herzog1997_twofold_any,strict_herzog,True,12804,10298,5873.0,0.5703049135754515,0.5607193985895119,0.5798379964925281,0.19572008747266478,,
window_false_positive,seizure_frequency:<1 seizure-day/month,population,cycle,12,H3_herzog1997_twofold_any,strict_herzog,True,12804,11510,5973.0,0.5189400521285839,0.5098074009070593,0.5280600650954349,0.10106216807247737,,
window_false_positive,seizure_frequency:<1 seizure-day/month,population,full,full_diary,H3_herzog1997_twofold_any,strict_herzog,True,12804,12391,5579.0,0.4502461463965782,0.4415029113221663,0.45902022129744907,0.03225554514214313,,
window_false_positive,seizure_frequency:<1 seizure-day/month,healthy_ovulatory,calendar,1,H4_reddy2007_any_phase2x_any,strict_herzog,True,12691,4263,4246.0,0.9960121979826413,0.9936226125684553,0.9975086588448601,0.6640926640926641,,
window_false_positive,seizure_frequency:<1 seizure-day/month,healthy_ovulatory,calendar,3,H4_reddy2007_any_phase2x_any,strict_herzog,True,12691,8158,7860.0,0.9634714390782054,0.959177503620043,0.967329098860892,0.35718225514143886,,
window_false_positive,seizure_frequency:<1 seizure-day/month,healthy_ovulatory,calendar,4,H4_reddy2007_any_phase2x_any,strict_herzog,True,12691,9143,8649.0,0.9459695942250902,0.9411454287084482,0.9504191662081698,0.2795681979355449,,
window_false_positive,seizure_frequency:<1 seizure-day/month,healthy_ovulatory,calendar,6,H4_reddy2007_any_phase2x_any,strict_herzog,True,12691,10184,9151.0,0.89856637863315,0.892551800342222,0.9042803875960174,0.19754156488850372,,
window_false_positive,seizure_frequency:<1 seizure-day/month,healthy_ovulatory,calendar,12,H4_reddy2007_any_phase2x_any,strict_herzog,True,12691,11466,8926.0,0.7784754927612071,0.7707818437839126,0.7859826087089291,0.09652509652509655,,
window_false_positive,seizure_frequency:<1 seizure-day/month,healthy_ovulatory,cycle,3,H4_reddy2007_any_phase2x_any,strict_herzog,True,12691,8027,7604.0,0.9473028528715585,0.9421976228887745,0.9519801587075403,0.3675045307698369,,
window_false_positive,seizure_frequency:<1 seizure-day/month,healthy_ovulatory,cycle,6,H4_reddy2007_any_phase2x_any,strict_herzog,True,12691,10092,8969.0,0.8887237415774871,0.8824397995070401,0.8947118655624409,0.2047907966275313,,
window_false_positive,seizure_frequency:<1 seizure-day/month,healthy_ovulatory,cycle,12,H4_reddy2007_any_phase2x_any,strict_herzog,True,12691,11373,8719.0,0.7666402884023564,0.7587774979449401,0.7743230134714058,0.10385312426128757,,
window_false_positive,seizure_frequency:<1 seizure-day/month,healthy_ovulatory,full,full_diary,H4_reddy2007_any_phase2x_any,strict_herzog,True,12691,12296,5635.0,0.45827911515940145,0.449486693772999,0.46709759689164077,0.031124418879520888,,
window_false_positive,seizure_frequency:<1 seizure-day/month,population,calendar,1,H4_reddy2007_any_phase2x_any,strict_herzog,True,12804,4269,4253.0,0.996252049660342,0.9939201676829866,0.9976916299542261,0.6665885660731021,,
window_false_positive,seizure_frequency:<1 seizure-day/month,population,calendar,3,H4_reddy2007_any_phase2x_any,strict_herzog,True,12804,8275,8024.0,0.969667673716012,0.9657490597128583,0.9731504274512851,0.3537175882536707,,
window_false_positive,seizure_frequency:<1 seizure-day/month,population,calendar,4,H4_reddy2007_any_phase2x_any,strict_herzog,True,12804,9226,8751.0,0.948515066117494,0.9438162274434869,0.9528405609665529,0.27944392377382066,,
window_false_positive,seizure_frequency:<1 seizure-day/month,population,calendar,6,H4_reddy2007_any_phase2x_any,strict_herzog,True,12804,10295,9334.0,0.9066537153958232,0.9008814511313356,0.9121226167027933,0.19595438925335829,,
window_false_positive,seizure_frequency:<1 seizure-day/month,population,calendar,12,H4_reddy2007_any_phase2x_any,strict_herzog,True,12804,11514,8966.0,0.7787041862080945,0.7710295068957164,0.7861929573087124,0.10074976569821925,,
window_false_positive,seizure_frequency:<1 seizure-day/month,population,cycle,3,H4_reddy2007_any_phase2x_any,strict_herzog,True,12804,8350,7944.0,0.9513772455089821,0.946552888770348,0.9557864765572932,0.3478600437363324,,
window_false_positive,seizure_frequency:<1 seizure-day/month,population,cycle,6,H4_reddy2007_any_phase2x_any,strict_herzog,True,12804,10298,9039.0,0.8777432511167217,0.871275093573354,0.8839296949199273,0.19572008747266478,,
window_false_positive,seizure_frequency:<1 seizure-day/month,population,cycle,12,H4_reddy2007_any_phase2x_any,strict_herzog,True,12804,11510,8722.0,0.7577758470894874,0.7498637809623218,0.7655159054110731,0.10106216807247737,,
window_false_positive,seizure_frequency:<1 seizure-day/month,population,full,full_diary,H4_reddy2007_any_phase2x_any,strict_herzog,True,12804,12391,5713.0,0.46106044709870064,0.45229691223689916,0.4698481185643407,0.03225554514214313,,
window_false_positive,cycle_regularity:SD cycle length 2 to <4 days,healthy_ovulatory,calendar,1,A_exact_any,strict_herzog,False,40419,0,0.0,,,,1.0,,
window_false_positive,cycle_regularity:SD cycle length 2 to <4 days,healthy_ovulatory,calendar,3,A_exact_any,strict_herzog,False,40419,0,0.0,,,,1.0,,
window_false_positive,cycle_regularity:SD cycle length 2 to <4 days,healthy_ovulatory,calendar,4,A_exact_any,strict_herzog,False,40419,0,0.0,,,,1.0,,
window_false_positive,cycle_regularity:SD cycle length 2 to <4 days,healthy_ovulatory,calendar,6,A_exact_any,strict_herzog,False,40419,0,0.0,,,,1.0,,
window_false_positive,cycle_regularity:SD cycle length 2 to <4 days,healthy_ovulatory,calendar,12,A_exact_any,strict_herzog,False,40419,0,0.0,,,,1.0,,
window_false_positive,cycle_regularity:SD cycle length 2 to <4 days,healthy_ovulatory,cycle,3,A_exact_any,strict_herzog,False,40419,19778,10018.0,0.5065223986247346,0.49955410028243363,0.5134881637826724,0.5106756723323189,,
window_false_positive,cycle_regularity:SD cycle length 2 to <4 days,healthy_ovulatory,cycle,6,A_exact_any,strict_herzog,False,40419,0,0.0,,,,1.0,,
window_false_positive,cycle_regularity:SD cycle length 2 to <4 days,healthy_ovulatory,cycle,12,A_exact_any,strict_herzog,False,40419,0,0.0,,,,1.0,,
window_false_positive,cycle_regularity:SD cycle length 2 to <4 days,healthy_ovulatory,full,full_diary,A_exact_any,strict_herzog,False,40419,0,0.0,,,,1.0,,
window_false_positive,cycle_regularity:SD cycle length 2 to <4 days,population,calendar,1,A_exact_any,strict_herzog,False,24927,0,0.0,,,,1.0,,
window_false_positive,cycle_regularity:SD cycle length 2 to <4 days,population,calendar,3,A_exact_any,strict_herzog,False,24927,0,0.0,,,,1.0,,
window_false_positive,cycle_regularity:SD cycle length 2 to <4 days,population,calendar,4,A_exact_any,strict_herzog,False,24927,0,0.0,,,,1.0,,
window_false_positive,cycle_regularity:SD cycle length 2 to <4 days,population,calendar,6,A_exact_any,strict_herzog,False,24927,0,0.0,,,,1.0,,
window_false_positive,cycle_regularity:SD cycle length 2 to <4 days,population,calendar,12,A_exact_any,strict_herzog,False,24927,0,0.0,,,,1.0,,
window_false_positive,cycle_regularity:SD cycle length 2 to <4 days,population,cycle,3,A_exact_any,strict_herzog,False,24927,11950,6018.0,0.5035983263598326,0.4946341759947151,0.5125601640252907,0.5206001524451398,,
window_false_positive,cycle_regularity:SD cycle length 2 to <4 days,population,cycle,6,A_exact_any,strict_herzog,False,24927,0,0.0,,,,1.0,,
window_false_positive,cycle_regularity:SD cycle length 2 to <4 days,population,cycle,12,A_exact_any,strict_herzog,False,24927,0,0.0,,,,1.0,,
window_false_positive,cycle_regularity:SD cycle length 2 to <4 days,population,full,full_diary,A_exact_any,strict_herzog,False,24927,0,0.0,,,,1.0,,
window_false_positive,cycle_regularity:SD cycle length 2 to <4 days,healthy_ovulatory,calendar,1,A_windowed_any,strict_herzog,False,40419,30862,14678.0,0.47560106279567105,0.47003273706042387,0.4811754617502511,0.23644820505207942,,
window_false_positive,cycle_regularity:SD cycle length 2 to <4 days,healthy_ovulatory,calendar,3,A_windowed_any,strict_herzog,False,40419,36616,15152.0,0.4138081712912388,0.4087728076404918,0.41886161816394835,0.09408941339469057,,
window_false_positive,cycle_regularity:SD cycle length 2 to <4 days,healthy_ovulatory,calendar,4,A_windowed_any,strict_herzog,False,40419,37495,14526.0,0.3874116548873183,0.3824924605081366,0.3923539168320362,0.07234221529478713,,
window_false_positive,cycle_regularity:SD cycle length 2 to <4 days,healthy_ovulatory,calendar,6,A_windowed_any,strict_herzog,False,40419,38406,13075.0,0.3404415976670312,0.33571865885749214,0.34519645210073197,0.04980331032435237,,
window_false_positive,cycle_regularity:SD cycle length 2 to <4 days,healthy_ovulatory,calendar,12,A_windowed_any,strict_herzog,False,40419,39433,10034.0,0.2544569269393655,0.25018204457535703,0.25877964496003286,0.024394467948242182,,
window_false_positive,cycle_regularity:SD cycle length 2 to <4 days,healthy_ovulatory,cycle,3,A_windowed_any,strict_herzog,False,40419,36509,15317.0,0.4195403873017612,0.4144871246818429,0.42461057998116325,0.09673668324302931,,
window_false_positive,cycle_regularity:SD cycle length 2 to <4 days,healthy_ovulatory,cycle,6,A_windowed_any,strict_herzog,False,40419,38304,13264.0,0.3462823725981621,0.34153329287647266,0.3510622815137289,0.05232687597417052,,
window_false_positive,cycle_regularity:SD cycle length 2 to <4 days,healthy_ovulatory,cycle,12,A_windowed_any,strict_herzog,False,40419,39358,10039.0,0.25506885512475225,0.25078646298378426,0.2593990546279813,0.026250030926049606,,
window_false_positive,cycle_regularity:SD cycle length 2 to <4 days,healthy_ovulatory,full,full_diary,A_windowed_any,strict_herzog,False,40419,40112,4510.0,0.1124351814918229,0.10938077062618125,0.11556381811150625,0.00759543778915861,,
window_false_positive,cycle_regularity:SD cycle length 2 to <4 days,population,calendar,1,A_windowed_any,strict_herzog,False,24927,19027,9181.0,0.4825248331318652,0.4754289263403081,0.4896277948015846,0.2366911381233201,,
window_false_positive,cycle_regularity:SD cycle length 2 to <4 days,population,calendar,3,A_windowed_any,strict_herzog,False,24927,22528,10059.0,0.4465110085227273,0.4400289911720446,0.45301126457427204,0.0962410237894652,,
window_false_positive,cycle_regularity:SD cycle length 2 to <4 days,population,calendar,4,A_windowed_any,strict_herzog,False,24927,23129,9974.0,0.4312335163647369,0.4248629247962372,0.4376269467717424,0.07213062141453042,,
window_false_positive,cycle_regularity:SD cycle length 2 to <4 days,population,calendar,6,A_windowed_any,strict_herzog,False,24927,23720,9814.0,0.41374367622259695,0.40749055050395766,0.4200247358756617,0.0484213904601436,,
window_false_positive,cycle_regularity:SD cycle length 2 to <4 days,population,calendar,12,A_windowed_any,strict_herzog,False,24927,24282,9277.0,0.3820525492134091,0.37596022579913096,0.388182185749077,0.02587555662534602,,
window_false_positive,cycle_regularity:SD cycle length 2 to <4 days,population,cycle,3,A_windowed_any,strict_herzog,False,24927,22503,10061.0,0.44709594276318715,0.4406094140689386,0.4536005307446701,0.09724395234083527,,
window_false_positive,cycle_regularity:SD cycle length 2 to <4 days,population,cycle,6,A_windowed_any,strict_herzog,False,24927,23614,9862.0,0.41763360718218007,0.41135737777291825,0.4239366304969536,0.052673807517952476,,
window_false_positive,cycle_regularity:SD cycle length 2 to <4 days,population,cycle,12,A_windowed_any,strict_herzog,False,24927,24255,9069.0,0.3739022881880025,0.3678336831201696,0.3800108291421497,0.02695871946082562,,
window_false_positive,cycle_regularity:SD cycle length 2 to <4 days,population,full,full_diary,A_windowed_any,strict_herzog,False,24927,24722,9854.0,0.3985923468975002,0.3925053887350556,0.40471081487320204,0.008224014121233969,,
window_false_positive,cycle_regularity:SD cycle length 2 to <4 days,healthy_ovulatory,calendar,1,A_windowed_excluding_C3,strict_herzog,False,40419,30862,14678.0,0.47560106279567105,0.47003273706042387,0.4811754617502511,0.23644820505207942,,
window_false_positive,cycle_regularity:SD cycle length 2 to <4 days,healthy_ovulatory,calendar,3,A_windowed_excluding_C3,strict_herzog,False,40419,36616,15152.0,0.4138081712912388,0.4087728076404918,0.41886161816394835,0.09408941339469057,,
window_false_positive,cycle_regularity:SD cycle length 2 to <4 days,healthy_ovulatory,calendar,4,A_windowed_excluding_C3,strict_herzog,False,40419,37495,14526.0,0.3874116548873183,0.3824924605081366,0.3923539168320362,0.07234221529478713,,
window_false_positive,cycle_regularity:SD cycle length 2 to <4 days,healthy_ovulatory,calendar,6,A_windowed_excluding_C3,strict_herzog,False,40419,38406,13075.0,0.3404415976670312,0.33571865885749214,0.34519645210073197,0.04980331032435237,,
window_false_positive,cycle_regularity:SD cycle length 2 to <4 days,healthy_ovulatory,calendar,12,A_windowed_excluding_C3,strict_herzog,False,40419,39433,10034.0,0.2544569269393655,0.25018204457535703,0.25877964496003286,0.024394467948242182,,
window_false_positive,cycle_regularity:SD cycle length 2 to <4 days,healthy_ovulatory,cycle,3,A_windowed_excluding_C3,strict_herzog,False,40419,36509,15317.0,0.4195403873017612,0.4144871246818429,0.42461057998116325,0.09673668324302931,,
window_false_positive,cycle_regularity:SD cycle length 2 to <4 days,healthy_ovulatory,cycle,6,A_windowed_excluding_C3,strict_herzog,False,40419,38304,13264.0,0.3462823725981621,0.34153329287647266,0.3510622815137289,0.05232687597417052,,
window_false_positive,cycle_regularity:SD cycle length 2 to <4 days,healthy_ovulatory,cycle,12,A_windowed_excluding_C3,strict_herzog,False,40419,39358,10039.0,0.25506885512475225,0.25078646298378426,0.2593990546279813,0.026250030926049606,,
window_false_positive,cycle_regularity:SD cycle length 2 to <4 days,healthy_ovulatory,full,full_diary,A_windowed_excluding_C3,strict_herzog,False,40419,40112,4510.0,0.1124351814918229,0.10938077062618125,0.11556381811150625,0.00759543778915861,,
window_false_positive,cycle_regularity:SD cycle length 2 to <4 days,population,calendar,1,A_windowed_excluding_C3,strict_herzog,False,24927,19027,9004.0,0.47322226309980553,0.46613408763963654,0.48032124896726375,0.2366911381233201,,
window_false_positive,cycle_regularity:SD cycle length 2 to <4 days,population,calendar,3,A_windowed_excluding_C3,strict_herzog,False,24927,22528,9322.0,0.4137961647727273,0.40738001079071195,0.42024171257804066,0.0962410237894652,,
window_false_positive,cycle_regularity:SD cycle length 2 to <4 days,population,calendar,4,A_windowed_excluding_C3,strict_herzog,False,24927,23129,8977.0,0.388127459034113,0.3818661303343387,0.3944259430275898,0.07213062141453042,,
window_false_positive,cycle_regularity:SD cycle length 2 to <4 days,population,calendar,6,A_windowed_excluding_C3,strict_herzog,False,24927,23720,8219.0,0.3465008431703204,0.34047042287055784,0.35258097385876486,0.0484213904601436,,
window_false_positive,cycle_regularity:SD cycle length 2 to <4 days,population,calendar,12,A_windowed_excluding_C3,strict_herzog,False,24927,24282,6211.0,0.2557861790626802,0.2503373694049608,0.2613122466847296,0.02587555662534602,,
window_false_positive,cycle_regularity:SD cycle length 2 to <4 days,population,cycle,3,A_windowed_excluding_C3,strict_herzog,False,24927,22503,9301.0,0.4133226680886993,0.40690412621006955,0.4197707980729575,0.09724395234083527,,
window_false_positive,cycle_regularity:SD cycle length 2 to <4 days,population,cycle,6,A_windowed_excluding_C3,strict_herzog,False,24927,23614,8291.0,0.35110527653087154,0.3450420188718268,0.3572169698566408,0.052673807517952476,,
window_false_positive,cycle_regularity:SD cycle length 2 to <4 days,population,cycle,12,A_windowed_excluding_C3,strict_herzog,False,24927,24255,6153.0,0.25367965367965367,0.24824308663519515,0.2591942318252354,0.02695871946082562,,
window_false_positive,cycle_regularity:SD cycle length 2 to <4 days,population,full,full_diary,A_windowed_excluding_C3,strict_herzog,False,24927,24722,2867.0,0.11596958174904944,0.11203783198342679,0.12002065906435824,0.008224014121233969,,
window_false_positive,cycle_regularity:SD cycle length 2 to <4 days,healthy_ovulatory,calendar,1,A_windowed_C1_only,strict_herzog,False,40419,28094,8847.0,0.31490709760091123,0.3095013719445783,0.32036343403199785,0.30493084935302706,,
window_false_positive,cycle_regularity:SD cycle length 2 to <4 days,healthy_ovulatory,calendar,3,A_windowed_C1_only,strict_herzog,False,40419,35367,9857.0,0.27870613849068343,0.2740575515005401,0.2834027928278956,0.12499072218511098,,
window_false_positive,cycle_regularity:SD cycle length 2 to <4 days,healthy_ovulatory,calendar,4,A_windowed_C1_only,strict_herzog,False,40419,36538,9548.0,0.26131698505665335,0.25683730796882187,0.2658468452188183,0.09601919889161037,,
window_false_positive,cycle_regularity:SD cycle length 2 to <4 days,healthy_ovulatory,calendar,6,A_windowed_C1_only,strict_herzog,False,40419,37707,8671.0,0.22995730235765244,0.22573758727389978,0.2342320338697155,0.06709715727751797,,
window_false_positive,cycle_regularity:SD cycle length 2 to <4 days,healthy_ovulatory,calendar,12,A_windowed_C1_only,strict_herzog,False,40419,39077,6831.0,0.1748087110064744,0.17107501980086567,0.17860633169255932,0.03320220688290165,,
window_false_positive,cycle_regularity:SD cycle length 2 to <4 days,healthy_ovulatory,cycle,3,A_windowed_C1_only,strict_herzog,False,40419,35243,9847.0,0.27940300201458446,0.2747426281701803,0.2841114604106055,0.12805858630841926,,
window_false_positive,cycle_regularity:SD cycle length 2 to <4 days,healthy_ovulatory,cycle,6,A_windowed_C1_only,strict_herzog,False,40419,37593,8710.0,0.2316920703322427,0.22745462621378643,0.23598434319817307,0.0699176130037853,,
window_false_positive,cycle_regularity:SD cycle length 2 to <4 days,healthy_ovulatory,cycle,12,A_windowed_C1_only,strict_herzog,False,40419,38988,6638.0,0.1702575151328614,0.1665591967136652,0.17402080571698536,0.035404141616566465,,
window_false_positive,cycle_regularity:SD cycle length 2 to <4 days,healthy_ovulatory,full,full_diary,A_windowed_C1_only,strict_herzog,False,40419,39989,3151.0,0.0787966690839981,0.07619630226841687,0.08147795214317852,0.010638561072762842,,
window_false_positive,cycle_regularity:SD cycle length 2 to <4 days,population,calendar,1,A_windowed_C1_only,strict_herzog,False,24927,17325,5456.0,0.31492063492063493,0.30804587054605803,0.3218774561091312,0.3049705139005897,,
window_false_positive,cycle_regularity:SD cycle length 2 to <4 days,population,calendar,3,A_windowed_C1_only,strict_herzog,False,24927,21776,6039.0,0.27732365907421014,0.2714173353723478,0.28330853265859823,0.12640911461467486,,
window_false_positive,cycle_regularity:SD cycle length 2 to <4 days,population,calendar,4,A_windowed_C1_only,strict_herzog,False,24927,22548,5864.0,0.26006741174383535,0.25438286366108637,0.26583369959574793,0.09543868094836927,,
window_false_positive,cycle_regularity:SD cycle length 2 to <4 days,population,calendar,6,A_windowed_C1_only,strict_herzog,False,24927,23263,5387.0,0.2315694450414822,0.2261932955196358,0.23703423271603313,0.06675492437918717,,
window_false_positive,cycle_regularity:SD cycle length 2 to <4 days,population,calendar,12,A_windowed_C1_only,strict_herzog,False,24927,24053,4256.0,0.1769425851245167,0.17217153130934432,0.18181681223100316,0.03506238215589519,,
window_false_positive,cycle_regularity:SD cycle length 2 to <4 days,population,cycle,3,A_windowed_C1_only,strict_herzog,False,24927,21747,5904.0,0.27148572216857497,0.2656157371089082,0.27743642393889345,0.1275725117342641,,
window_false_positive,cycle_regularity:SD cycle length 2 to <4 days,population,cycle,6,A_windowed_C1_only,strict_herzog,False,24927,23199,5428.0,0.23397560239665502,0.22857213220277742,0.2394671585062604,0.06932242147069445,,
window_false_positive,cycle_regularity:SD cycle length 2 to <4 days,population,cycle,12,A_windowed_C1_only,strict_herzog,False,24927,24005,4153.0,0.1730056238283691,0.16827307685024773,0.17784281021050474,0.03698800497452559,,
window_false_positive,cycle_regularity:SD cycle length 2 to <4 days,population,full,full_diary,A_windowed_C1_only,strict_herzog,False,24927,24640,1997.0,0.08104707792207792,0.07770446732552866,0.08452030049327902,0.011513619769727645,,
window_false_positive,cycle_regularity:SD cycle length 2 to <4 days,healthy_ovulatory,calendar,1,A_windowed_C2_only,strict_herzog,False,40419,28680,8945.0,0.31188981868898186,0.3065537888265233,0.31727623354023615,0.2904327172864247,,
window_false_positive,cycle_regularity:SD cycle length 2 to <4 days,healthy_ovulatory,calendar,3,A_windowed_C2_only,strict_herzog,False,40419,35786,9217.0,0.2575588218856536,0.2530543599360205,0.2621153280894217,0.11462431034909326,,
window_false_positive,cycle_regularity:SD cycle length 2 to <4 days,healthy_ovulatory,calendar,4,A_windowed_C2_only,strict_herzog,False,40419,36825,8708.0,0.23646978954514597,0.2321575371704855,0.24083701733642945,0.08891857789653379,,
window_false_positive,cycle_regularity:SD cycle length 2 to <4 days,healthy_ovulatory,calendar,6,A_windowed_C2_only,strict_herzog,False,40419,37941,7633.0,0.20118078068580164,0.19717735263607722,0.2052447124394129,0.06130780078675868,,
window_false_positive,cycle_regularity:SD cycle length 2 to <4 days,healthy_ovulatory,calendar,12,A_windowed_C2_only,strict_herzog,False,40419,39158,5426.0,0.13856683180959192,0.13518028325054207,0.14202428768966227,0.031198198866869586,,
window_false_positive,cycle_regularity:SD cycle length 2 to <4 days,healthy_ovulatory,cycle,3,A_windowed_C2_only,strict_herzog,False,40419,35564,9343.0,0.2627094814981442,0.25816124464958085,0.26730897485921884,0.12011677676340338,,
window_false_positive,cycle_regularity:SD cycle length 2 to <4 days,healthy_ovulatory,cycle,6,A_windowed_C2_only,strict_herzog,False,40419,37825,7810.0,0.20647719762062128,0.2024279084591348,0.21058610033170602,0.06417773819243422,,
window_false_positive,cycle_regularity:SD cycle length 2 to <4 days,healthy_ovulatory,cycle,12,A_windowed_C2_only,strict_herzog,False,40419,39080,5535.0,0.14163254861821903,0.13821084501706615,0.14512469840663378,0.033127984363789276,,
window_false_positive,cycle_regularity:SD cycle length 2 to <4 days,healthy_ovulatory,full,full_diary,A_windowed_C2_only,strict_herzog,False,40419,40028,2214.0,0.05531128210252823,0.0531143290938201,0.057593579843608335,0.009673668324302942,,
window_false_positive,cycle_regularity:SD cycle length 2 to <4 days,population,calendar,1,A_windowed_C2_only,strict_herzog,False,24927,17685,5415.0,0.3061916878710772,0.29944137804544796,0.3130261758099972,0.2905283427608617,,
window_false_positive,cycle_regularity:SD cycle length 2 to <4 days,population,calendar,3,A_windowed_C2_only,strict_herzog,False,24927,22007,5572.0,0.25319216612895895,0.24749048506367077,0.25897999584351294,0.11714205480001605,,
window_false_positive,cycle_regularity:SD cycle length 2 to <4 days,population,calendar,4,A_windowed_C2_only,strict_herzog,False,24927,22701,5324.0,0.23452711334302453,0.22906059373485824,0.2400834642908153,0.08930075821398487,,
window_false_positive,cycle_regularity:SD cycle length 2 to <4 days,population,calendar,6,A_windowed_C2_only,strict_herzog,False,24927,23433,4790.0,0.2044125805487987,0.1992978711190589,0.2096241875832548,0.059935010229871244,,
window_false_positive,cycle_regularity:SD cycle length 2 to <4 days,population,calendar,12,A_windowed_C2_only,strict_herzog,False,24927,24133,3321.0,0.13761239796129782,0.1333237086483455,0.14201643766528924,0.03185301079151126,,
window_false_positive,cycle_regularity:SD cycle length 2 to <4 days,population,cycle,3,A_windowed_C2_only,strict_herzog,False,24927,21930,5680.0,0.2590059279525764,0.25325031874804443,0.26484595180973897,0.12023107473823569,,
window_false_positive,cycle_regularity:SD cycle length 2 to <4 days,population,cycle,6,A_windowed_C2_only,strict_herzog,False,24927,23291,4891.0,0.2099952771456786,0.20481244691631428,0.215273754405105,0.06563164440165281,,
window_false_positive,cycle_regularity:SD cycle length 2 to <4 days,population,cycle,12,A_windowed_C2_only,strict_herzog,False,24927,24086,3359.0,0.13945860665947024,0.13514110894416348,0.1438910910107863,0.03373851646808679,,
window_false_positive,cycle_regularity:SD cycle length 2 to <4 days,population,full,full_diary,A_windowed_C2_only,strict_herzog,False,24927,24664,1409.0,0.057127797599740515,0.05429971639544018,0.06009381347750556,0.010550808360412445,,
window_false_positive,cycle_regularity:SD cycle length 2 to <4 days,healthy_ovulatory,calendar,1,A_windowed_C3_only,strict_herzog,False,40419,0,0.0,,,,1.0,,
window_false_positive,cycle_regularity:SD cycle length 2 to <4 days,healthy_ovulatory,calendar,3,A_windowed_C3_only,strict_herzog,False,40419,0,0.0,,,,1.0,,
window_false_positive,cycle_regularity:SD cycle length 2 to <4 days,healthy_ovulatory,calendar,4,A_windowed_C3_only,strict_herzog,False,40419,0,0.0,,,,1.0,,
window_false_positive,cycle_regularity:SD cycle length 2 to <4 days,healthy_ovulatory,calendar,6,A_windowed_C3_only,strict_herzog,False,40419,0,0.0,,,,1.0,,
window_false_positive,cycle_regularity:SD cycle length 2 to <4 days,healthy_ovulatory,calendar,12,A_windowed_C3_only,strict_herzog,False,40419,0,0.0,,,,1.0,,
window_false_positive,cycle_regularity:SD cycle length 2 to <4 days,healthy_ovulatory,cycle,3,A_windowed_C3_only,strict_herzog,False,40419,0,0.0,,,,1.0,,
window_false_positive,cycle_regularity:SD cycle length 2 to <4 days,healthy_ovulatory,cycle,6,A_windowed_C3_only,strict_herzog,False,40419,0,0.0,,,,1.0,,
window_false_positive,cycle_regularity:SD cycle length 2 to <4 days,healthy_ovulatory,cycle,12,A_windowed_C3_only,strict_herzog,False,40419,0,0.0,,,,1.0,,
window_false_positive,cycle_regularity:SD cycle length 2 to <4 days,healthy_ovulatory,full,full_diary,A_windowed_C3_only,strict_herzog,False,40419,0,0.0,,,,1.0,,
window_false_positive,cycle_regularity:SD cycle length 2 to <4 days,population,calendar,1,A_windowed_C3_only,strict_herzog,False,24927,975,525.0,0.5384615384615384,0.5070801436982756,0.5695410489618308,0.96088578649657,,
window_false_positive,cycle_regularity:SD cycle length 2 to <4 days,population,calendar,3,A_windowed_C3_only,strict_herzog,False,24927,2616,1469.0,0.5615443425076453,0.54245336756331,0.5804548332042839,0.8950535563846431,,
window_false_positive,cycle_regularity:SD cycle length 2 to <4 days,population,calendar,4,A_windowed_C3_only,strict_herzog,False,24927,3370,1903.0,0.5646884272997033,0.5478848279409273,0.5813447180592576,0.8648052312753239,,
window_false_positive,cycle_regularity:SD cycle length 2 to <4 days,population,calendar,6,A_windowed_C3_only,strict_herzog,False,24927,4638,2579.0,0.5560586459680897,0.541719091025777,0.5703054157595349,0.8139366951498375,,
window_false_positive,cycle_regularity:SD cycle length 2 to <4 days,population,calendar,12,A_windowed_C3_only,strict_herzog,False,24927,7914,4196.0,0.5301996461966136,0.5191918618877002,0.5411781268884069,0.6825129377783127,,
window_false_positive,cycle_regularity:SD cycle length 2 to <4 days,population,cycle,3,A_windowed_C3_only,strict_herzog,False,24927,2581,1483.0,0.5745834947694692,0.5554126822611376,0.5935326229475046,0.8964576563565612,,
window_false_positive,cycle_regularity:SD cycle length 2 to <4 days,population,cycle,6,A_windowed_C3_only,strict_herzog,False,24927,4542,2584.0,0.5689123734037869,0.5544578695040254,0.5832504086378172,0.8177879407870983,,
window_false_positive,cycle_regularity:SD cycle length 2 to <4 days,population,cycle,12,A_windowed_C3_only,strict_herzog,False,24927,7507,4007.0,0.5337684827494339,0.5224693289824995,0.545033094385069,0.6988406145946162,,
window_false_positive,cycle_regularity:SD cycle length 2 to <4 days,population,full,full_diary,A_windowed_C3_only,strict_herzog,False,24927,16150,7868.0,0.4871826625386997,0.47947778558433707,0.4948936355382877,0.3521081558149798,,
window_false_positive,cycle_regularity:SD cycle length 2 to <4 days,healthy_ovulatory,calendar,1,B_minimum_data_any,strict_herzog,False,40419,0,0.0,,,,1.0,,
window_false_positive,cycle_regularity:SD cycle length 2 to <4 days,healthy_ovulatory,calendar,3,B_minimum_data_any,strict_herzog,False,40419,0,0.0,,,,1.0,,
window_false_positive,cycle_regularity:SD cycle length 2 to <4 days,healthy_ovulatory,calendar,4,B_minimum_data_any,strict_herzog,False,40419,30455,10969.0,0.360170743720243,0.3547972466605709,0.36557951121727905,0.24651772681164796,,
window_false_positive,cycle_regularity:SD cycle length 2 to <4 days,healthy_ovulatory,calendar,6,B_minimum_data_any,strict_herzog,False,40419,33288,10501.0,0.3154590242730113,0.31048855062454495,0.32047208532595406,0.17642692792993397,,
window_false_positive,cycle_regularity:SD cycle length 2 to <4 days,healthy_ovulatory,calendar,12,B_minimum_data_any,strict_herzog,False,40419,36586,8619.0,0.2355819165801126,0.23126144082631347,0.23995791327297053,0.09483163858581356,,
window_false_positive,cycle_regularity:SD cycle length 2 to <4 days,healthy_ovulatory,cycle,3,B_minimum_data_any,strict_herzog,False,40419,1,1.0,1.0,0.20654931437723745,1.0,0.999975259160296,,
window_false_positive,cycle_regularity:SD cycle length 2 to <4 days,healthy_ovulatory,cycle,6,B_minimum_data_any,strict_herzog,False,40419,33052,10548.0,0.319133486627133,0.3141294024591094,0.3241796082222799,0.18226576610010148,,
window_false_positive,cycle_regularity:SD cycle length 2 to <4 days,healthy_ovulatory,cycle,12,B_minimum_data_any,strict_herzog,False,40419,36438,8543.0,0.23445304352598936,0.2301312207902475,0.2388308506827933,0.0984932828620203,,
window_false_positive,cycle_regularity:SD cycle length 2 to <4 days,healthy_ovulatory,full,full_diary,B_minimum_data_any,strict_herzog,False,40419,39115,4000.0,0.102262559120542,0.09929882767326519,0.10530440596917574,0.032262054974145804,,
window_false_positive,cycle_regularity:SD cycle length 2 to <4 days,population,calendar,1,B_minimum_data_any,strict_herzog,False,24927,0,0.0,,,,1.0,,
window_false_positive,cycle_regularity:SD cycle length 2 to <4 days,population,calendar,3,B_minimum_data_any,strict_herzog,False,24927,0,0.0,,,,1.0,,
window_false_positive,cycle_regularity:SD cycle length 2 to <4 days,population,calendar,4,B_minimum_data_any,strict_herzog,False,24927,18732,7648.0,0.40828528720905405,0.40126606212013816,0.41534212131523385,0.24852569502948607,,
window_false_positive,cycle_regularity:SD cycle length 2 to <4 days,population,calendar,6,B_minimum_data_any,strict_herzog,False,24927,20594,8117.0,0.39414392541516946,0.3874902038978531,0.4008371308514442,0.1738275765234485,,
window_false_positive,cycle_regularity:SD cycle length 2 to <4 days,population,calendar,12,B_minimum_data_any,strict_herzog,False,24927,22621,8354.0,0.36930286017417446,0.3630363669269358,0.37561373540583826,0.0925101295783688,,
window_false_positive,cycle_regularity:SD cycle length 2 to <4 days,population,cycle,3,B_minimum_data_any,strict_herzog,False,24927,20,11.0,0.55,0.3420853424503424,0.7418021417443758,0.999197657158904,,
window_false_positive,cycle_regularity:SD cycle length 2 to <4 days,population,cycle,6,B_minimum_data_any,strict_herzog,False,24927,20394,8114.0,0.39786211630871826,0.391164402832644,0.40459830037247946,0.18185100493440842,,
window_false_positive,cycle_regularity:SD cycle length 2 to <4 days,population,cycle,12,B_minimum_data_any,strict_herzog,False,24927,22504,8106.0,0.36020263064344116,0.3539548811338302,0.36649809915254894,0.0972038351987804,,
window_false_positive,cycle_regularity:SD cycle length 2 to <4 days,population,full,full_diary,B_minimum_data_any,strict_herzog,False,24927,24102,9497.0,0.394033690150195,0.3878820778822961,0.40021907557771286,0.033096642195210024,,
window_false_positive,cycle_regularity:SD cycle length 2 to <4 days,healthy_ovulatory,calendar,1,B_minimum_data_excluding_C3,strict_herzog,False,40419,0,0.0,,,,1.0,,
window_false_positive,cycle_regularity:SD cycle length 2 to <4 days,healthy_ovulatory,calendar,3,B_minimum_data_excluding_C3,strict_herzog,False,40419,0,0.0,,,,1.0,,
window_false_positive,cycle_regularity:SD cycle length 2 to <4 days,healthy_ovulatory,calendar,4,B_minimum_data_excluding_C3,strict_herzog,False,40419,30455,10969.0,0.360170743720243,0.3547972466605709,0.36557951121727905,0.24651772681164796,,
window_false_positive,cycle_regularity:SD cycle length 2 to <4 days,healthy_ovulatory,calendar,6,B_minimum_data_excluding_C3,strict_herzog,False,40419,33288,10501.0,0.3154590242730113,0.31048855062454495,0.32047208532595406,0.17642692792993397,,
window_false_positive,cycle_regularity:SD cycle length 2 to <4 days,healthy_ovulatory,calendar,12,B_minimum_data_excluding_C3,strict_herzog,False,40419,36586,8619.0,0.2355819165801126,0.23126144082631347,0.23995791327297053,0.09483163858581356,,
window_false_positive,cycle_regularity:SD cycle length 2 to <4 days,healthy_ovulatory,cycle,3,B_minimum_data_excluding_C3,strict_herzog,False,40419,1,1.0,1.0,0.20654931437723745,1.0,0.999975259160296,,
window_false_positive,cycle_regularity:SD cycle length 2 to <4 days,healthy_ovulatory,cycle,6,B_minimum_data_excluding_C3,strict_herzog,False,40419,33052,10548.0,0.319133486627133,0.3141294024591094,0.3241796082222799,0.18226576610010148,,
window_false_positive,cycle_regularity:SD cycle length 2 to <4 days,healthy_ovulatory,cycle,12,B_minimum_data_excluding_C3,strict_herzog,False,40419,36438,8543.0,0.23445304352598936,0.2301312207902475,0.2388308506827933,0.0984932828620203,,
window_false_positive,cycle_regularity:SD cycle length 2 to <4 days,healthy_ovulatory,full,full_diary,B_minimum_data_excluding_C3,strict_herzog,False,40419,39115,4000.0,0.102262559120542,0.09929882767326519,0.10530440596917574,0.032262054974145804,,
window_false_positive,cycle_regularity:SD cycle length 2 to <4 days,population,calendar,1,B_minimum_data_excluding_C3,strict_herzog,False,24927,0,0.0,,,,1.0,,
window_false_positive,cycle_regularity:SD cycle length 2 to <4 days,population,calendar,3,B_minimum_data_excluding_C3,strict_herzog,False,24927,0,0.0,,,,1.0,,
window_false_positive,cycle_regularity:SD cycle length 2 to <4 days,population,calendar,4,B_minimum_data_excluding_C3,strict_herzog,False,24927,18732,6754.0,0.3605594704249413,0.35371256833618164,0.367463552230286,0.24852569502948607,,
window_false_positive,cycle_regularity:SD cycle length 2 to <4 days,population,calendar,6,B_minimum_data_excluding_C3,strict_herzog,False,24927,20594,6602.0,0.3205788093619501,0.3142387390759568,0.32698580307938885,0.1738275765234485,,
window_false_positive,cycle_regularity:SD cycle length 2 to <4 days,population,calendar,12,B_minimum_data_excluding_C3,strict_herzog,False,24927,22621,5344.0,0.23624066133239024,0.23075034928701318,0.24182054047063808,0.0925101295783688,,
window_false_positive,cycle_regularity:SD cycle length 2 to <4 days,population,cycle,3,B_minimum_data_excluding_C3,strict_herzog,False,24927,20,8.0,0.4,0.21880653237281708,0.6134184992377468,0.999197657158904,,
window_false_positive,cycle_regularity:SD cycle length 2 to <4 days,population,cycle,6,B_minimum_data_excluding_C3,strict_herzog,False,24927,20394,6627.0,0.32494851426890264,0.31855405012542126,0.3314089121608441,0.18185100493440842,,
window_false_positive,cycle_regularity:SD cycle length 2 to <4 days,population,cycle,12,B_minimum_data_excluding_C3,strict_herzog,False,24927,22504,5246.0,0.2331141130465695,0.22763576578069286,0.23868356022057655,0.0972038351987804,,
window_false_positive,cycle_regularity:SD cycle length 2 to <4 days,population,full,full_diary,B_minimum_data_excluding_C3,strict_herzog,False,24927,24102,2535.0,0.10517799352750809,0.10136766612377862,0.10911415702635657,0.033096642195210024,,
window_false_positive,cycle_regularity:SD cycle length 2 to <4 days,healthy_ovulatory,calendar,1,C_reproducibility_any,strict_herzog,False,40419,0,0.0,,,,1.0,,
window_false_positive,cycle_regularity:SD cycle length 2 to <4 days,healthy_ovulatory,calendar,3,C_reproducibility_any,strict_herzog,False,40419,0,0.0,,,,1.0,,
window_false_positive,cycle_regularity:SD cycle length 2 to <4 days,healthy_ovulatory,calendar,4,C_reproducibility_any,strict_herzog,False,40419,0,0.0,,,,1.0,,
window_false_positive,cycle_regularity:SD cycle length 2 to <4 days,healthy_ovulatory,calendar,6,C_reproducibility_any,strict_herzog,False,40419,5670,593.0,0.10458553791887125,0.09688610786699625,0.11282039652800008,0.8597194388777555,,
window_false_positive,cycle_regularity:SD cycle length 2 to <4 days,healthy_ovulatory,calendar,12,C_reproducibility_any,strict_herzog,False,40419,12828,195.0,0.01520112254443405,0.01322431483874224,0.017468198007881568,0.6826245082758109,,
window_false_positive,cycle_regularity:SD cycle length 2 to <4 days,healthy_ovulatory,cycle,3,C_reproducibility_any,strict_herzog,False,40419,0,0.0,,,,1.0,,
window_false_positive,cycle_regularity:SD cycle length 2 to <4 days,healthy_ovulatory,cycle,6,C_reproducibility_any,strict_herzog,False,40419,18165,2215.0,0.12193779245802368,0.11725914454193426,0.12677630861945222,0.5505826467750315,,
window_false_positive,cycle_regularity:SD cycle length 2 to <4 days,healthy_ovulatory,cycle,12,C_reproducibility_any,strict_herzog,False,40419,12693,294.0,0.023162372961474827,0.0206862739450609,0.02592700863708339,0.6859645216358643,,
window_false_positive,cycle_regularity:SD cycle length 2 to <4 days,healthy_ovulatory,full,full_diary,C_reproducibility_any,strict_herzog,False,40419,5021,0.0,0.0,0.0,0.0007644935371942455,0.8757762438457162,,
window_false_positive,cycle_regularity:SD cycle length 2 to <4 days,population,calendar,1,C_reproducibility_any,strict_herzog,False,24927,0,0.0,,,,1.0,,
window_false_positive,cycle_regularity:SD cycle length 2 to <4 days,population,calendar,3,C_reproducibility_any,strict_herzog,False,24927,0,0.0,,,,1.0,,
window_false_positive,cycle_regularity:SD cycle length 2 to <4 days,population,calendar,4,C_reproducibility_any,strict_herzog,False,24927,0,0.0,,,,1.0,,
window_false_positive,cycle_regularity:SD cycle length 2 to <4 days,population,calendar,6,C_reproducibility_any,strict_herzog,False,24927,3545,329.0,0.0928067700987306,0.08369086075258361,0.10280421559851066,0.857784731415734,,
window_false_positive,cycle_regularity:SD cycle length 2 to <4 days,population,calendar,12,C_reproducibility_any,strict_herzog,False,24927,8355,132.0,0.015798922800718134,0.013339005174880217,0.018703887388664405,0.6648212781321459,,
window_false_positive,cycle_regularity:SD cycle length 2 to <4 days,population,cycle,3,C_reproducibility_any,strict_herzog,False,24927,0,0.0,,,,1.0,,
window_false_positive,cycle_regularity:SD cycle length 2 to <4 days,population,cycle,6,C_reproducibility_any,strict_herzog,False,24927,11603,1223.0,0.10540377488580539,0.09994643776855518,0.11112230711887681,0.5345208007381554,,
window_false_positive,cycle_regularity:SD cycle length 2 to <4 days,population,cycle,12,C_reproducibility_any,strict_herzog,False,24927,8132,184.0,0.02262666010821446,0.019612832707794667,0.02609128538530707,0.6737674008103662,,
window_false_positive,cycle_regularity:SD cycle length 2 to <4 days,population,full,full_diary,C_reproducibility_any,strict_herzog,False,24927,3744,111.0,0.029647435897435896,0.024677978447732226,0.03558109635629057,0.8498014201468287,,
window_false_positive,cycle_regularity:SD cycle length 2 to <4 days,healthy_ovulatory,calendar,1,C_reproducibility_12cycle_any,strict_herzog,False,40419,0,0.0,,,,1.0,,
window_false_positive,cycle_regularity:SD cycle length 2 to <4 days,healthy_ovulatory,calendar,3,C_reproducibility_12cycle_any,strict_herzog,False,40419,0,0.0,,,,1.0,,
window_false_positive,cycle_regularity:SD cycle length 2 to <4 days,healthy_ovulatory,calendar,4,C_reproducibility_12cycle_any,strict_herzog,False,40419,0,0.0,,,,1.0,,
window_false_positive,cycle_regularity:SD cycle length 2 to <4 days,healthy_ovulatory,calendar,6,C_reproducibility_12cycle_any,strict_herzog,False,40419,0,0.0,,,,1.0,,
window_false_positive,cycle_regularity:SD cycle length 2 to <4 days,healthy_ovulatory,calendar,12,C_reproducibility_12cycle_any,strict_herzog,False,40419,5267,79.0,0.014999050692994115,0.012052148757161906,0.01865290281479427,0.8696899972785076,,
window_false_positive,cycle_regularity:SD cycle length 2 to <4 days,healthy_ovulatory,cycle,3,C_reproducibility_12cycle_any,strict_herzog,False,40419,0,0.0,,,,1.0,,
window_false_positive,cycle_regularity:SD cycle length 2 to <4 days,healthy_ovulatory,cycle,6,C_reproducibility_12cycle_any,strict_herzog,False,40419,0,0.0,,,,1.0,,
window_false_positive,cycle_regularity:SD cycle length 2 to <4 days,healthy_ovulatory,cycle,12,C_reproducibility_12cycle_any,strict_herzog,False,40419,12693,294.0,0.023162372961474827,0.0206862739450609,0.02592700863708339,0.6859645216358643,,
window_false_positive,cycle_regularity:SD cycle length 2 to <4 days,healthy_ovulatory,full,full_diary,C_reproducibility_12cycle_any,strict_herzog,False,40419,5021,0.0,0.0,0.0,0.0007644935371942455,0.8757762438457162,,
window_false_positive,cycle_regularity:SD cycle length 2 to <4 days,population,calendar,1,C_reproducibility_12cycle_any,strict_herzog,False,24927,0,0.0,,,,1.0,,
window_false_positive,cycle_regularity:SD cycle length 2 to <4 days,population,calendar,3,C_reproducibility_12cycle_any,strict_herzog,False,24927,0,0.0,,,,1.0,,
window_false_positive,cycle_regularity:SD cycle length 2 to <4 days,population,calendar,4,C_reproducibility_12cycle_any,strict_herzog,False,24927,0,0.0,,,,1.0,,
window_false_positive,cycle_regularity:SD cycle length 2 to <4 days,population,calendar,6,C_reproducibility_12cycle_any,strict_herzog,False,24927,0,0.0,,,,1.0,,
window_false_positive,cycle_regularity:SD cycle length 2 to <4 days,population,calendar,12,C_reproducibility_12cycle_any,strict_herzog,False,24927,3394,42.0,0.012374779021803181,0.009168248880594303,0.0166838869195209,0.8638424198660087,,
window_false_positive,cycle_regularity:SD cycle length 2 to <4 days,population,cycle,3,C_reproducibility_12cycle_any,strict_herzog,False,24927,0,0.0,,,,1.0,,
window_false_positive,cycle_regularity:SD cycle length 2 to <4 days,population,cycle,6,C_reproducibility_12cycle_any,strict_herzog,False,24927,0,0.0,,,,1.0,,
window_false_positive,cycle_regularity:SD cycle length 2 to <4 days,population,cycle,12,C_reproducibility_12cycle_any,strict_herzog,False,24927,8092,138.0,0.017053880375679682,0.014453454087910001,0.020112620389227554,0.6753720864925583,,
window_false_positive,cycle_regularity:SD cycle length 2 to <4 days,population,full,full_diary,C_reproducibility_12cycle_any,strict_herzog,False,24927,3528,26.0,0.007369614512471655,0.0050342474605506796,0.010776614796935806,0.8584667228306655,,
window_false_positive,cycle_regularity:SD cycle length 2 to <4 days,healthy_ovulatory,calendar,1,D_nb_regression_any,strict_herzog,False,40419,0,0.0,,,,1.0,,
window_false_positive,cycle_regularity:SD cycle length 2 to <4 days,healthy_ovulatory,calendar,3,D_nb_regression_any,strict_herzog,False,40419,0,0.0,,,,1.0,,
window_false_positive,cycle_regularity:SD cycle length 2 to <4 days,healthy_ovulatory,calendar,4,D_nb_regression_any,strict_herzog,False,40419,30455,997.0,0.0327368248235101,0.030796489086706947,0.034795022708700864,0.24651772681164796,,
window_false_positive,cycle_regularity:SD cycle length 2 to <4 days,healthy_ovulatory,calendar,6,D_nb_regression_any,strict_herzog,False,40419,33288,1534.0,0.04608267243451093,0.043882258365025656,0.04838783917885196,0.17642692792993397,,
window_false_positive,cycle_regularity:SD cycle length 2 to <4 days,healthy_ovulatory,calendar,12,D_nb_regression_any,strict_herzog,False,40419,36586,1802.0,0.049253812933909145,0.04708335299383386,0.05151891788184257,0.09483163858581356,,
window_false_positive,cycle_regularity:SD cycle length 2 to <4 days,healthy_ovulatory,cycle,3,D_nb_regression_any,strict_herzog,False,40419,1,0.0,0.0,0.0,0.7934506856227626,0.999975259160296,,
window_false_positive,cycle_regularity:SD cycle length 2 to <4 days,healthy_ovulatory,cycle,6,D_nb_regression_any,strict_herzog,False,40419,33052,1521.0,0.046018395255960305,0.04381183087602993,0.04833047512501531,0.18226576610010148,,
window_false_positive,cycle_regularity:SD cycle length 2 to <4 days,healthy_ovulatory,cycle,12,D_nb_regression_any,strict_herzog,False,40419,36438,1729.0,0.04745046380152588,0.045314857390223846,0.04968147979357563,0.0984932828620203,,
window_false_positive,cycle_regularity:SD cycle length 2 to <4 days,healthy_ovulatory,full,full_diary,D_nb_regression_any,strict_herzog,False,40419,39115,1592.0,0.04070049852997571,0.03878699481867209,0.04270420839542222,0.032262054974145804,,
window_false_positive,cycle_regularity:SD cycle length 2 to <4 days,population,calendar,1,D_nb_regression_any,strict_herzog,False,24927,0,0.0,,,,1.0,,
window_false_positive,cycle_regularity:SD cycle length 2 to <4 days,population,calendar,3,D_nb_regression_any,strict_herzog,False,24927,0,0.0,,,,1.0,,
window_false_positive,cycle_regularity:SD cycle length 2 to <4 days,population,calendar,4,D_nb_regression_any,strict_herzog,False,24927,18731,635.0,0.03390101969996263,0.03140339388890354,0.03658978671102874,0.24856581217154095,,
window_false_positive,cycle_regularity:SD cycle length 2 to <4 days,population,calendar,6,D_nb_regression_any,strict_herzog,False,24927,20594,953.0,0.046275614256579584,0.043490023516236084,0.049230442491760854,0.1738275765234485,,
window_false_positive,cycle_regularity:SD cycle length 2 to <4 days,population,calendar,12,D_nb_regression_any,strict_herzog,False,24927,22621,1102.0,0.048715795057689755,0.04598629132872204,0.05159854535794247,0.0925101295783688,,
window_false_positive,cycle_regularity:SD cycle length 2 to <4 days,population,cycle,3,D_nb_regression_any,strict_herzog,False,24927,20,0.0,0.0,0.0,0.16112515805281938,0.999197657158904,,
window_false_positive,cycle_regularity:SD cycle length 2 to <4 days,population,cycle,6,D_nb_regression_any,strict_herzog,False,24927,20394,991.0,0.048592723350004904,0.045725812505310194,0.05162965830907596,0.18185100493440842,,
window_false_positive,cycle_regularity:SD cycle length 2 to <4 days,population,cycle,12,D_nb_regression_any,strict_herzog,False,24927,22504,1048.0,0.04656949875577675,0.04389298762115483,0.049400785691691124,0.0972038351987804,,
window_false_positive,cycle_regularity:SD cycle length 2 to <4 days,population,full,full_diary,D_nb_regression_any,strict_herzog,False,24927,24102,1008.0,0.041822255414488425,0.03936716586155903,0.04442337355068801,0.033096642195210024,,
window_false_positive,cycle_regularity:SD cycle length 2 to <4 days,healthy_ovulatory,calendar,1,D_nb_regression_window_alpha_any,strict_herzog,False,40419,0,0.0,,,,1.0,,
window_false_positive,cycle_regularity:SD cycle length 2 to <4 days,healthy_ovulatory,calendar,3,D_nb_regression_window_alpha_any,strict_herzog,False,40419,0,0.0,,,,1.0,,
window_false_positive,cycle_regularity:SD cycle length 2 to <4 days,healthy_ovulatory,calendar,4,D_nb_regression_window_alpha_any,strict_herzog,False,40419,0,0.0,,,,1.0,,
window_false_positive,cycle_regularity:SD cycle length 2 to <4 days,healthy_ovulatory,calendar,6,D_nb_regression_window_alpha_any,strict_herzog,False,40419,0,0.0,,,,1.0,,
window_false_positive,cycle_regularity:SD cycle length 2 to <4 days,healthy_ovulatory,calendar,12,D_nb_regression_window_alpha_any,strict_herzog,False,40419,0,0.0,,,,1.0,,
window_false_positive,cycle_regularity:SD cycle length 2 to <4 days,healthy_ovulatory,cycle,3,D_nb_regression_window_alpha_any,strict_herzog,False,40419,0,0.0,,,,1.0,,
window_false_positive,cycle_regularity:SD cycle length 2 to <4 days,healthy_ovulatory,cycle,6,D_nb_regression_window_alpha_any,strict_herzog,False,40419,0,0.0,,,,1.0,,
window_false_positive,cycle_regularity:SD cycle length 2 to <4 days,healthy_ovulatory,cycle,12,D_nb_regression_window_alpha_any,strict_herzog,False,40419,0,0.0,,,,1.0,,
window_false_positive,cycle_regularity:SD cycle length 2 to <4 days,healthy_ovulatory,full,full_diary,D_nb_regression_window_alpha_any,strict_herzog,False,40419,39115,1592.0,0.04070049852997571,0.03878699481867209,0.04270420839542222,0.032262054974145804,,
window_false_positive,cycle_regularity:SD cycle length 2 to <4 days,population,calendar,1,D_nb_regression_window_alpha_any,strict_herzog,False,24927,0,0.0,,,,1.0,,
window_false_positive,cycle_regularity:SD cycle length 2 to <4 days,population,calendar,3,D_nb_regression_window_alpha_any,strict_herzog,False,24927,0,0.0,,,,1.0,,
window_false_positive,cycle_regularity:SD cycle length 2 to <4 days,population,calendar,4,D_nb_regression_window_alpha_any,strict_herzog,False,24927,0,0.0,,,,1.0,,
window_false_positive,cycle_regularity:SD cycle length 2 to <4 days,population,calendar,6,D_nb_regression_window_alpha_any,strict_herzog,False,24927,0,0.0,,,,1.0,,
window_false_positive,cycle_regularity:SD cycle length 2 to <4 days,population,calendar,12,D_nb_regression_window_alpha_any,strict_herzog,False,24927,0,0.0,,,,1.0,,
window_false_positive,cycle_regularity:SD cycle length 2 to <4 days,population,cycle,3,D_nb_regression_window_alpha_any,strict_herzog,False,24927,0,0.0,,,,1.0,,
window_false_positive,cycle_regularity:SD cycle length 2 to <4 days,population,cycle,6,D_nb_regression_window_alpha_any,strict_herzog,False,24927,0,0.0,,,,1.0,,
window_false_positive,cycle_regularity:SD cycle length 2 to <4 days,population,cycle,12,D_nb_regression_window_alpha_any,strict_herzog,False,24927,0,0.0,,,,1.0,,
window_false_positive,cycle_regularity:SD cycle length 2 to <4 days,population,full,full_diary,D_nb_regression_window_alpha_any,strict_herzog,False,24927,24102,1008.0,0.041822255414488425,0.03936716586155903,0.04442337355068801,0.033096642195210024,,
window_false_positive,cycle_regularity:SD cycle length 2 to <4 days,healthy_ovulatory,calendar,1,H1_newmark_penry_any,strict_herzog,True,40419,30862,4783.0,0.154980234592703,0.15098574292765932,0.15906060625702717,0.23644820505207942,,
window_false_positive,cycle_regularity:SD cycle length 2 to <4 days,healthy_ovulatory,calendar,3,H1_newmark_penry_any,strict_herzog,True,40419,36616,3218.0,0.08788507756172165,0.08502815878722375,0.0908284588898994,0.09408941339469057,,
window_false_positive,cycle_regularity:SD cycle length 2 to <4 days,healthy_ovulatory,calendar,4,H1_newmark_penry_any,strict_herzog,True,40419,37495,2670.0,0.0712094945992799,0.06865009312868564,0.07385674844104728,0.07234221529478713,,
window_false_positive,cycle_regularity:SD cycle length 2 to <4 days,healthy_ovulatory,calendar,6,H1_newmark_penry_any,strict_herzog,True,40419,38406,1937.0,0.05043482789147529,0.04829078812869339,0.052668791800271925,0.04980331032435237,,
window_false_positive,cycle_regularity:SD cycle length 2 to <4 days,healthy_ovulatory,calendar,12,H1_newmark_penry_any,strict_herzog,True,40419,39433,1053.0,0.026703522430451654,0.0251578339931357,0.028341416473556872,0.024394467948242182,,
window_false_positive,cycle_regularity:SD cycle length 2 to <4 days,healthy_ovulatory,cycle,3,H1_newmark_penry_any,strict_herzog,True,40419,36509,3402.0,0.09318250294447944,0.09024337561190263,0.09620723153951835,0.09673668324302931,,
window_false_positive,cycle_regularity:SD cycle length 2 to <4 days,healthy_ovulatory,cycle,6,H1_newmark_penry_any,strict_herzog,True,40419,38304,2013.0,0.05255325814536341,0.05036317130416485,0.054833083701552536,0.05232687597417052,,
window_false_positive,cycle_regularity:SD cycle length 2 to <4 days,healthy_ovulatory,cycle,12,H1_newmark_penry_any,strict_herzog,True,40419,39358,1077.0,0.027364195335128818,0.02579798885462089,0.02902265415513692,0.026250030926049606,,
window_false_positive,cycle_regularity:SD cycle length 2 to <4 days,healthy_ovulatory,full,full_diary,H1_newmark_penry_any,strict_herzog,True,40419,40112,354.0,0.008825289190267252,0.007955887003963148,0.009788760320745379,0.00759543778915861,,
window_false_positive,cycle_regularity:SD cycle length 2 to <4 days,population,calendar,1,H1_newmark_penry_any,strict_herzog,True,24927,19027,2889.0,0.1518368634046355,0.1468080988631947,0.1570061844585152,0.2366911381233201,,
window_false_positive,cycle_regularity:SD cycle length 2 to <4 days,population,calendar,3,H1_newmark_penry_any,strict_herzog,True,24927,22528,2018.0,0.08957741477272728,0.08591791904174388,0.09337685658518073,0.0962410237894652,,
window_false_positive,cycle_regularity:SD cycle length 2 to <4 days,population,calendar,4,H1_newmark_penry_any,strict_herzog,True,24927,23129,1652.0,0.07142548315966968,0.06817718515049258,0.0748161200476198,0.07213062141453042,,
window_false_positive,cycle_regularity:SD cycle length 2 to <4 days,population,calendar,6,H1_newmark_penry_any,strict_herzog,True,24927,23720,1220.0,0.05143338954468803,0.048694400550847484,0.054317645919900466,0.0484213904601436,,
window_false_positive,cycle_regularity:SD cycle length 2 to <4 days,population,calendar,12,H1_newmark_penry_any,strict_herzog,True,24927,24282,586.0,0.024133102709826208,0.022276835204995654,0.026139912504341993,0.02587555662534602,,
window_false_positive,cycle_regularity:SD cycle length 2 to <4 days,population,cycle,3,H1_newmark_penry_any,strict_herzog,True,24927,22503,2035.0,0.09043238679287206,0.08675475508827715,0.09424982817474253,0.09724395234083527,,
window_false_positive,cycle_regularity:SD cycle length 2 to <4 days,population,cycle,6,H1_newmark_penry_any,strict_herzog,True,24927,23614,1330.0,0.056322520538663504,0.053453572774532485,0.059335797222098335,0.052673807517952476,,
window_false_positive,cycle_regularity:SD cycle length 2 to <4 days,population,cycle,12,H1_newmark_penry_any,strict_herzog,True,24927,24255,657.0,0.027087198515769944,0.025117884234183006,0.029206287060547856,0.02695871946082562,,
window_false_positive,cycle_regularity:SD cycle length 2 to <4 days,population,full,full_diary,H1_newmark_penry_any,strict_herzog,True,24927,24722,216.0,0.00873715718792978,0.007650988484853054,0.009975973151480341,0.008224014121233969,,
window_false_positive,cycle_regularity:SD cycle length 2 to <4 days,healthy_ovulatory,calendar,1,H1_newmark_penry_66_7_any,strict_herzog,True,40419,30862,3257.0,0.10553431404315987,0.10215547540823211,0.10901134042332059,0.23644820505207942,,
window_false_positive,cycle_regularity:SD cycle length 2 to <4 days,healthy_ovulatory,calendar,3,H1_newmark_penry_66_7_any,strict_herzog,True,40419,36616,1522.0,0.04156652829364212,0.039569761839168494,0.04365947502817338,0.09408941339469057,,
window_false_positive,cycle_regularity:SD cycle length 2 to <4 days,healthy_ovulatory,calendar,4,H1_newmark_penry_66_7_any,strict_herzog,True,40419,37495,1162.0,0.030990798773169757,0.029284227842534725,0.032793462247624736,0.07234221529478713,,
window_false_positive,cycle_regularity:SD cycle length 2 to <4 days,healthy_ovulatory,calendar,6,H1_newmark_penry_66_7_any,strict_herzog,True,40419,38406,804.0,0.020934229026714577,0.01954960963685882,0.02241467341150404,0.04980331032435237,,
window_false_positive,cycle_regularity:SD cycle length 2 to <4 days,healthy_ovulatory,calendar,12,H1_newmark_penry_66_7_any,strict_herzog,True,40419,39433,443.0,0.011234245428955443,0.010240568864602251,0.01232314125781848,0.024394467948242182,,
window_false_positive,cycle_regularity:SD cycle length 2 to <4 days,healthy_ovulatory,cycle,3,H1_newmark_penry_66_7_any,strict_herzog,True,40419,36509,1664.0,0.045577802733572544,0.0434857749603079,0.04776544860108916,0.09673668324302931,,
window_false_positive,cycle_regularity:SD cycle length 2 to <4 days,healthy_ovulatory,cycle,6,H1_newmark_penry_66_7_any,strict_herzog,True,40419,38304,823.0,0.021486006683375105,0.020081202071651223,0.022986780774477137,0.05232687597417052,,
window_false_positive,cycle_regularity:SD cycle length 2 to <4 days,healthy_ovulatory,cycle,12,H1_newmark_penry_66_7_any,strict_herzog,True,40419,39358,454.0,0.01153513898063926,0.010526854912881849,0.012638765013072026,0.026250030926049606,,
window_false_positive,cycle_regularity:SD cycle length 2 to <4 days,healthy_ovulatory,full,full_diary,H1_newmark_penry_66_7_any,strict_herzog,True,40419,40112,133.0,0.0033157159952134025,0.002798725566682359,0.003927830551994325,0.00759543778915861,,
window_false_positive,cycle_regularity:SD cycle length 2 to <4 days,population,calendar,1,H1_newmark_penry_66_7_any,strict_herzog,True,24927,19027,1971.0,0.10358963578073264,0.09933948396035742,0.10799982194257822,0.2366911381233201,,
window_false_positive,cycle_regularity:SD cycle length 2 to <4 days,population,calendar,3,H1_newmark_penry_66_7_any,strict_herzog,True,24927,22528,920.0,0.040838068181818184,0.038330952368100045,0.04350174924177538,0.0962410237894652,,
window_false_positive,cycle_regularity:SD cycle length 2 to <4 days,population,calendar,4,H1_newmark_penry_66_7_any,strict_herzog,True,24927,23129,735.0,0.031778286999005576,0.029594298448183,0.034117782121093954,0.07213062141453042,,
window_false_positive,cycle_regularity:SD cycle length 2 to <4 days,population,calendar,6,H1_newmark_penry_66_7_any,strict_herzog,True,24927,23720,488.0,0.02057335581787521,0.018843001492384742,0.022458971483681582,0.0484213904601436,,
window_false_positive,cycle_regularity:SD cycle length 2 to <4 days,population,calendar,12,H1_newmark_penry_66_7_any,strict_herzog,True,24927,24282,250.0,0.010295692282349065,0.009101234874101404,0.011645069497316507,0.02587555662534602,,
window_false_positive,cycle_regularity:SD cycle length 2 to <4 days,population,cycle,3,H1_newmark_penry_66_7_any,strict_herzog,True,24927,22503,1032.0,0.04586055192640981,0.04320411156284431,0.04867201697363154,0.09724395234083527,,
window_false_positive,cycle_regularity:SD cycle length 2 to <4 days,population,cycle,6,H1_newmark_penry_66_7_any,strict_herzog,True,24927,23614,545.0,0.023079529092910986,0.02124052000768993,0.02507368109014879,0.052673807517952476,,
window_false_positive,cycle_regularity:SD cycle length 2 to <4 days,population,cycle,12,H1_newmark_penry_66_7_any,strict_herzog,True,24927,24255,270.0,0.011131725417439703,0.009886599180457473,0.012531679109701736,0.02695871946082562,,
window_false_positive,cycle_regularity:SD cycle length 2 to <4 days,population,full,full_diary,H1_newmark_penry_66_7_any,strict_herzog,True,24927,24722,98.0,0.003964080576005178,0.0032541479200049665,0.004828143602955628,0.008224014121233969,,
window_false_positive,cycle_regularity:SD cycle length 2 to <4 days,healthy_ovulatory,calendar,1,H2_duncan1993_any,strict_herzog,True,40419,30862,5188.0,0.16810316894562893,0.16397239210574607,0.17231655931224263,0.23644820505207942,,
window_false_positive,cycle_regularity:SD cycle length 2 to <4 days,healthy_ovulatory,calendar,3,H2_duncan1993_any,strict_herzog,True,40419,36616,2570.0,0.07018789600174787,0.06761610834352842,0.0728498591185368,0.09408941339469057,,
window_false_positive,cycle_regularity:SD cycle length 2 to <4 days,healthy_ovulatory,calendar,4,H2_duncan1993_any,strict_herzog,True,40419,37495,2093.0,0.05582077610348046,0.053542217451446314,0.058190340030943186,0.07234221529478713,,
window_false_positive,cycle_regularity:SD cycle length 2 to <4 days,healthy_ovulatory,calendar,6,H2_duncan1993_any,strict_herzog,True,40419,38406,1483.0,0.038613758266937456,0.03673250495334284,0.04058730023264496,0.04980331032435237,,
window_false_positive,cycle_regularity:SD cycle length 2 to <4 days,healthy_ovulatory,calendar,12,H2_duncan1993_any,strict_herzog,True,40419,39433,811.0,0.020566530570841682,0.019211688751544394,0.0220147735785682,0.024394467948242182,,
window_false_positive,cycle_regularity:SD cycle length 2 to <4 days,healthy_ovulatory,cycle,3,H2_duncan1993_any,strict_herzog,True,40419,36509,2802.0,0.07674819907420088,0.07406200852413476,0.07952344894143216,0.09673668324302931,,
window_false_positive,cycle_regularity:SD cycle length 2 to <4 days,healthy_ovulatory,cycle,6,H2_duncan1993_any,strict_herzog,True,40419,38304,1482.0,0.03869047619047619,0.036804934345833894,0.040668537032369396,0.05232687597417052,,
window_false_positive,cycle_regularity:SD cycle length 2 to <4 days,healthy_ovulatory,cycle,12,H2_duncan1993_any,strict_herzog,True,40419,39358,848.0,0.021545810254586108,0.02015737159960076,0.02302763692188883,0.026250030926049606,,
window_false_positive,cycle_regularity:SD cycle length 2 to <4 days,healthy_ovulatory,full,full_diary,H2_duncan1993_any,strict_herzog,True,40419,40112,286.0,0.007130035899481452,0.006352535455163518,0.008001929959996752,0.00759543778915861,,
window_false_positive,cycle_regularity:SD cycle length 2 to <4 days,population,calendar,1,H2_duncan1993_any,strict_herzog,True,24927,19027,3138.0,0.1649235297209229,0.15971814830654932,0.17026418444574318,0.2366911381233201,,
window_false_positive,cycle_regularity:SD cycle length 2 to <4 days,population,calendar,3,H2_duncan1993_any,strict_herzog,True,24927,22528,1634.0,0.07253196022727272,0.0692174550544658,0.07599222364846345,0.0962410237894652,,
window_false_positive,cycle_regularity:SD cycle length 2 to <4 days,population,calendar,4,H2_duncan1993_any,strict_herzog,True,24927,23129,1340.0,0.0579359245968265,0.05499787574221087,0.06102079250476012,0.07213062141453042,,
window_false_positive,cycle_regularity:SD cycle length 2 to <4 days,population,calendar,6,H2_duncan1993_any,strict_herzog,True,24927,23720,874.0,0.03684654300168634,0.034523179992319984,0.03931989731290906,0.0484213904601436,,
window_false_positive,cycle_regularity:SD cycle length 2 to <4 days,population,calendar,12,H2_duncan1993_any,strict_herzog,True,24927,24282,458.0,0.018861708261263488,0.01722521150557732,0.020650414932171852,0.02587555662534602,,
window_false_positive,cycle_regularity:SD cycle length 2 to <4 days,population,cycle,3,H2_duncan1993_any,strict_herzog,True,24927,22503,1747.0,0.0776340932320135,0.0742094613953225,0.08120290356137153,0.09724395234083527,,
window_false_positive,cycle_regularity:SD cycle length 2 to <4 days,population,cycle,6,H2_duncan1993_any,strict_herzog,True,24927,23614,999.0,0.04230541204370289,0.03981169679422355,0.04494801599794845,0.052673807517952476,,
window_false_positive,cycle_regularity:SD cycle length 2 to <4 days,population,cycle,12,H2_duncan1993_any,strict_herzog,True,24927,24255,513.0,0.021150278293135438,0.01941389094501627,0.023038320161967003,0.02695871946082562,,
window_false_positive,cycle_regularity:SD cycle length 2 to <4 days,population,full,full_diary,H2_duncan1993_any,strict_herzog,True,24927,24722,161.0,0.006512418089151363,0.005583566590168064,0.007594608128915298,0.008224014121233969,,
window_false_positive,cycle_regularity:SD cycle length 2 to <4 days,healthy_ovulatory,calendar,1,H3_herzog1997_twofold_any,strict_herzog,True,40419,30862,14061.0,0.4556088393493617,0.4500583818908675,0.46117034635697435,0.23644820505207942,,
window_false_positive,cycle_regularity:SD cycle length 2 to <4 days,healthy_ovulatory,calendar,3,H3_herzog1997_twofold_any,strict_herzog,True,40419,36616,13653.0,0.3728697837011143,0.3679303414229834,0.3778358981586607,0.09408941339469057,,
window_false_positive,cycle_regularity:SD cycle length 2 to <4 days,healthy_ovulatory,calendar,4,H3_herzog1997_twofold_any,strict_herzog,True,40419,37495,12751.0,0.34007200960128015,0.335293538604156,0.3448832473061474,0.07234221529478713,,
window_false_positive,cycle_regularity:SD cycle length 2 to <4 days,healthy_ovulatory,calendar,6,H3_herzog1997_twofold_any,strict_herzog,True,40419,38406,10953.0,0.2851898140915482,0.2806959196806628,0.2897266758489308,0.04980331032435237,,
window_false_positive,cycle_regularity:SD cycle length 2 to <4 days,healthy_ovulatory,calendar,12,H3_herzog1997_twofold_any,strict_herzog,True,40419,39433,7646.0,0.19389851139908199,0.19002628728300275,0.19783036890464756,0.024394467948242182,,
window_false_positive,cycle_regularity:SD cycle length 2 to <4 days,healthy_ovulatory,cycle,3,H3_herzog1997_twofold_any,strict_herzog,True,40419,36509,13893.0,0.38053630611630007,0.37556883693551807,0.38552891247306115,0.09673668324302931,,
window_false_positive,cycle_regularity:SD cycle length 2 to <4 days,healthy_ovulatory,cycle,6,H3_herzog1997_twofold_any,strict_herzog,True,40419,38304,11298.0,0.2949561403508772,0.2904100759177892,0.29954332782892323,0.05232687597417052,,
window_false_positive,cycle_regularity:SD cycle length 2 to <4 days,healthy_ovulatory,cycle,12,H3_herzog1997_twofold_any,strict_herzog,True,40419,39358,7715.0,0.1960211392855328,0.1921289050439099,0.19997270623276692,0.026250030926049606,,
window_false_positive,cycle_regularity:SD cycle length 2 to <4 days,healthy_ovulatory,full,full_diary,H3_herzog1997_twofold_any,strict_herzog,True,40419,40112,2922.0,0.07284603111288393,0.07034347341860414,0.0754303966078681,0.00759543778915861,,
window_false_positive,cycle_regularity:SD cycle length 2 to <4 days,population,calendar,1,H3_herzog1997_twofold_any,strict_herzog,True,24927,19027,8845.0,0.46486571713880276,0.45778659194958654,0.47195902634621895,0.2366911381233201,,
window_false_positive,cycle_regularity:SD cycle length 2 to <4 days,population,calendar,3,H3_herzog1997_twofold_any,strict_herzog,True,24927,22528,9129.0,0.40522904829545453,0.39883493634021583,0.4116554752932995,0.0962410237894652,,
window_false_positive,cycle_regularity:SD cycle length 2 to <4 days,population,calendar,4,H3_herzog1997_twofold_any,strict_herzog,True,24927,23129,8933.0,0.38622508539063516,0.37996974980493037,0.39251820808952953,0.07213062141453042,,
window_false_positive,cycle_regularity:SD cycle length 2 to <4 days,population,calendar,6,H3_herzog1997_twofold_any,strict_herzog,True,24927,23720,8508.0,0.35868465430016866,0.35260443150977994,0.3648106417768693,0.0484213904601436,,
window_false_positive,cycle_regularity:SD cycle length 2 to <4 days,population,calendar,12,H3_herzog1997_twofold_any,strict_herzog,True,24927,24282,7868.0,0.3240260275100898,0.31816771280497635,0.32994001224582414,0.02587555662534602,,
window_false_positive,cycle_regularity:SD cycle length 2 to <4 days,population,cycle,3,H3_herzog1997_twofold_any,strict_herzog,True,24927,22503,9236.0,0.4104341643336444,0.4040228709182908,0.4168760318719891,0.09724395234083527,,
window_false_positive,cycle_regularity:SD cycle length 2 to <4 days,population,cycle,6,H3_herzog1997_twofold_any,strict_herzog,True,24927,23614,8663.0,0.3668586431777759,0.3607337630765379,0.3730268343530133,0.052673807517952476,,
window_false_positive,cycle_regularity:SD cycle length 2 to <4 days,population,cycle,12,H3_herzog1997_twofold_any,strict_herzog,True,24927,24255,7788.0,0.32108843537414966,0.3152413718451415,0.32699216124700653,0.02695871946082562,,
window_false_positive,cycle_regularity:SD cycle length 2 to <4 days,population,full,full_diary,H3_herzog1997_twofold_any,strict_herzog,True,24927,24722,8704.0,0.35207507483213335,0.34614478414089606,0.35805132937940626,0.008224014121233969,,
window_false_positive,cycle_regularity:SD cycle length 2 to <4 days,healthy_ovulatory,calendar,1,H4_reddy2007_any_phase2x_any,strict_herzog,True,40419,30862,29071.0,0.9419674680837276,0.9393035511344755,0.9445213734636534,0.23644820505207942,,
window_false_positive,cycle_regularity:SD cycle length 2 to <4 days,healthy_ovulatory,calendar,3,H4_reddy2007_any_phase2x_any,strict_herzog,True,40419,36616,28027.0,0.7654304129342364,0.7610625912120667,0.7697425468128533,0.09408941339469057,,
window_false_positive,cycle_regularity:SD cycle length 2 to <4 days,healthy_ovulatory,calendar,4,H4_reddy2007_any_phase2x_any,strict_herzog,True,40419,37495,25866.0,0.6898519802640352,0.6851508120705374,0.6945142507990538,0.07234221529478713,,
window_false_positive,cycle_regularity:SD cycle length 2 to <4 days,healthy_ovulatory,calendar,6,H4_reddy2007_any_phase2x_any,strict_herzog,True,40419,38406,21962.0,0.5718377336874446,0.5668821137802817,0.5767789842723061,0.04980331032435237,,
window_false_positive,cycle_regularity:SD cycle length 2 to <4 days,healthy_ovulatory,calendar,12,H4_reddy2007_any_phase2x_any,strict_herzog,True,40419,39433,14406.0,0.3653285319402531,0.3605892283422279,0.37009407166063174,0.024394467948242182,,
window_false_positive,cycle_regularity:SD cycle length 2 to <4 days,healthy_ovulatory,cycle,3,H4_reddy2007_any_phase2x_any,strict_herzog,True,40419,36509,27511.0,0.7535402229587225,0.7490931701927563,0.757933926585757,0.09673668324302931,,
window_false_positive,cycle_regularity:SD cycle length 2 to <4 days,healthy_ovulatory,cycle,6,H4_reddy2007_any_phase2x_any,strict_herzog,True,40419,38304,21965.0,0.5734388053467001,0.5684787761302138,0.578384105873924,0.05232687597417052,,
window_false_positive,cycle_regularity:SD cycle length 2 to <4 days,healthy_ovulatory,cycle,12,H4_reddy2007_any_phase2x_any,strict_herzog,True,40419,39358,14510.0,0.3686671070684486,0.3639138768535446,0.3734459717496935,0.026250030926049606,,
window_false_positive,cycle_regularity:SD cycle length 2 to <4 days,healthy_ovulatory,full,full_diary,H4_reddy2007_any_phase2x_any,strict_herzog,True,40419,40112,5321.0,0.13265357000398884,0.12936926497485463,0.13600822859582756,0.00759543778915861,,
window_false_positive,cycle_regularity:SD cycle length 2 to <4 days,population,calendar,1,H4_reddy2007_any_phase2x_any,strict_herzog,True,24927,19027,17889.0,0.9401902559520681,0.9367311375859775,0.943471665650345,0.2366911381233201,,
window_false_positive,cycle_regularity:SD cycle length 2 to <4 days,population,calendar,3,H4_reddy2007_any_phase2x_any,strict_herzog,True,24927,22528,17215.0,0.76416015625,0.7585718644167477,0.7696583746319404,0.0962410237894652,,
window_false_positive,cycle_regularity:SD cycle length 2 to <4 days,population,calendar,4,H4_reddy2007_any_phase2x_any,strict_herzog,True,24927,23129,16004.0,0.6919451770504561,0.6859636762542625,0.6978629286963534,0.07213062141453042,,
window_false_positive,cycle_regularity:SD cycle length 2 to <4 days,population,calendar,6,H4_reddy2007_any_phase2x_any,strict_herzog,True,24927,23720,13498.0,0.5690556492411467,0.5627429632221891,0.5753459717290247,0.0484213904601436,,
window_false_positive,cycle_regularity:SD cycle length 2 to <4 days,population,calendar,12,H4_reddy2007_any_phase2x_any,strict_herzog,True,24927,24282,8917.0,0.36722675232682644,0.3611850644387684,0.37331044353309695,0.02587555662534602,,
window_false_positive,cycle_regularity:SD cycle length 2 to <4 days,population,cycle,3,H4_reddy2007_any_phase2x_any,strict_herzog,True,24927,22503,16973.0,0.7542549882237923,0.7485868165978903,0.7598363675675338,0.09724395234083527,,
window_false_positive,cycle_regularity:SD cycle length 2 to <4 days,population,cycle,6,H4_reddy2007_any_phase2x_any,strict_herzog,True,24927,23614,13428.0,0.5686457186414838,0.5623181971945881,0.574950909537822,0.052673807517952476,,
window_false_positive,cycle_regularity:SD cycle length 2 to <4 days,population,cycle,12,H4_reddy2007_any_phase2x_any,strict_herzog,True,24927,24255,8904.0,0.3670995670995671,0.3610549907313656,0.37318623381582616,0.02695871946082562,,
window_false_positive,cycle_regularity:SD cycle length 2 to <4 days,population,full,full_diary,H4_reddy2007_any_phase2x_any,strict_herzog,True,24927,24722,3338.0,0.13502143839495187,0.1308180886310504,0.13933819583536675,0.008224014121233969,,
window_false_positive,cycle_regularity:SD cycle length <2 days,healthy_ovulatory,calendar,1,A_exact_any,strict_herzog,False,476,0,0.0,,,,1.0,,
window_false_positive,cycle_regularity:SD cycle length <2 days,healthy_ovulatory,calendar,3,A_exact_any,strict_herzog,False,476,0,0.0,,,,1.0,,
window_false_positive,cycle_regularity:SD cycle length <2 days,healthy_ovulatory,calendar,4,A_exact_any,strict_herzog,False,476,0,0.0,,,,1.0,,
window_false_positive,cycle_regularity:SD cycle length <2 days,healthy_ovulatory,calendar,6,A_exact_any,strict_herzog,False,476,0,0.0,,,,1.0,,
window_false_positive,cycle_regularity:SD cycle length <2 days,healthy_ovulatory,calendar,12,A_exact_any,strict_herzog,False,476,0,0.0,,,,1.0,,
window_false_positive,cycle_regularity:SD cycle length <2 days,healthy_ovulatory,cycle,3,A_exact_any,strict_herzog,False,476,297,141.0,0.47474747474747475,0.418641004590353,0.5314988462839235,0.3760504201680672,,
window_false_positive,cycle_regularity:SD cycle length <2 days,healthy_ovulatory,cycle,6,A_exact_any,strict_herzog,False,476,0,0.0,,,,1.0,,
window_false_positive,cycle_regularity:SD cycle length <2 days,healthy_ovulatory,cycle,12,A_exact_any,strict_herzog,False,476,0,0.0,,,,1.0,,
window_false_positive,cycle_regularity:SD cycle length <2 days,healthy_ovulatory,full,full_diary,A_exact_any,strict_herzog,False,476,0,0.0,,,,1.0,,
window_false_positive,cycle_regularity:SD cycle length <2 days,population,calendar,1,A_exact_any,strict_herzog,False,267,0,0.0,,,,1.0,,
window_false_positive,cycle_regularity:SD cycle length <2 days,population,calendar,3,A_exact_any,strict_herzog,False,267,0,0.0,,,,1.0,,
window_false_positive,cycle_regularity:SD cycle length <2 days,population,calendar,4,A_exact_any,strict_herzog,False,267,0,0.0,,,,1.0,,
window_false_positive,cycle_regularity:SD cycle length <2 days,population,calendar,6,A_exact_any,strict_herzog,False,267,0,0.0,,,,1.0,,
window_false_positive,cycle_regularity:SD cycle length <2 days,population,calendar,12,A_exact_any,strict_herzog,False,267,0,0.0,,,,1.0,,
window_false_positive,cycle_regularity:SD cycle length <2 days,population,cycle,3,A_exact_any,strict_herzog,False,267,154,81.0,0.525974025974026,0.4474423133206387,0.6032414554418376,0.42322097378277157,,
window_false_positive,cycle_regularity:SD cycle length <2 days,population,cycle,6,A_exact_any,strict_herzog,False,267,0,0.0,,,,1.0,,
window_false_positive,cycle_regularity:SD cycle length <2 days,population,cycle,12,A_exact_any,strict_herzog,False,267,0,0.0,,,,1.0,,
window_false_positive,cycle_regularity:SD cycle length <2 days,population,full,full_diary,A_exact_any,strict_herzog,False,267,0,0.0,,,,1.0,,
window_false_positive,cycle_regularity:SD cycle length <2 days,healthy_ovulatory,calendar,1,A_windowed_any,strict_herzog,False,476,365,183.0,0.5013698630136987,0.4503289976929209,0.5523821942733981,0.23319327731092432,,
window_false_positive,cycle_regularity:SD cycle length <2 days,healthy_ovulatory,calendar,3,A_windowed_any,strict_herzog,False,476,422,161.0,0.3815165876777251,0.3364365089194108,0.4287343124540285,0.11344537815126055,,
window_false_positive,cycle_regularity:SD cycle length <2 days,healthy_ovulatory,calendar,4,A_windowed_any,strict_herzog,False,476,444,166.0,0.3738738738738739,0.3301322290619588,0.4197792679777953,0.0672268907563025,,
window_false_positive,cycle_regularity:SD cycle length <2 days,healthy_ovulatory,calendar,6,A_windowed_any,strict_herzog,False,476,442,159.0,0.3597285067873303,0.3163728075180831,0.4055014203117035,0.0714285714285714,,
window_false_positive,cycle_regularity:SD cycle length <2 days,healthy_ovulatory,calendar,12,A_windowed_any,strict_herzog,False,476,456,123.0,0.26973684210526316,0.23104962756216274,0.3122712366796905,0.04201680672268904,,
window_false_positive,cycle_regularity:SD cycle length <2 days,healthy_ovulatory,cycle,3,A_windowed_any,strict_herzog,False,476,422,179.0,0.42417061611374407,0.3779098694419587,0.47179945623704245,0.11344537815126055,,
window_false_positive,cycle_regularity:SD cycle length <2 days,healthy_ovulatory,cycle,6,A_windowed_any,strict_herzog,False,476,450,149.0,0.33111111111111113,0.28921984139527357,0.37586143964288543,0.054621848739495826,,
window_false_positive,cycle_regularity:SD cycle length <2 days,healthy_ovulatory,cycle,12,A_windowed_any,strict_herzog,False,476,457,120.0,0.26258205689277897,0.22433686121932034,0.3047853654238534,0.03991596638655459,,
window_false_positive,cycle_regularity:SD cycle length <2 days,healthy_ovulatory,full,full_diary,A_windowed_any,strict_herzog,False,476,472,56.0,0.11864406779661017,0.0925054421981377,0.15094005140763347,0.008403361344537785,,
window_false_positive,cycle_regularity:SD cycle length <2 days,population,calendar,1,A_windowed_any,strict_herzog,False,267,203,101.0,0.4975369458128079,0.4294439450627068,0.5657214342297162,0.23970037453183524,,
window_false_positive,cycle_regularity:SD cycle length <2 days,population,calendar,3,A_windowed_any,strict_herzog,False,267,243,100.0,0.411522633744856,0.3514936737569599,0.4743054435978145,0.0898876404494382,,
window_false_positive,cycle_regularity:SD cycle length <2 days,population,calendar,4,A_windowed_any,strict_herzog,False,267,247,104.0,0.42105263157894735,0.36115040315027164,0.4833729057821728,0.07490636704119846,,
window_false_positive,cycle_regularity:SD cycle length <2 days,population,calendar,6,A_windowed_any,strict_herzog,False,267,254,95.0,0.37401574803149606,0.3168022407296888,0.43498321575694104,0.048689138576779034,,
window_false_positive,cycle_regularity:SD cycle length <2 days,population,calendar,12,A_windowed_any,strict_herzog,False,267,256,82.0,0.3203125,0.26617385334096993,0.3797640950620776,0.041198501872659166,,
window_false_positive,cycle_regularity:SD cycle length <2 days,population,cycle,3,A_windowed_any,strict_herzog,False,267,233,104.0,0.44635193133047213,0.383905731738479,0.5105384245993404,0.12734082397003743,,
window_false_positive,cycle_regularity:SD cycle length <2 days,population,cycle,6,A_windowed_any,strict_herzog,False,267,252,93.0,0.36904761904761907,0.3118519688249649,0.43017576857057616,0.0561797752808989,,
window_false_positive,cycle_regularity:SD cycle length <2 days,population,cycle,12,A_windowed_any,strict_herzog,False,267,257,90.0,0.35019455252918286,0.2944683935085068,0.4103331347909848,0.03745318352059923,,
window_false_positive,cycle_regularity:SD cycle length <2 days,population,full,full_diary,A_windowed_any,strict_herzog,False,267,262,92.0,0.3511450381679389,0.29587660582304054,0.41071543461332427,0.01872659176029967,,
window_false_positive,cycle_regularity:SD cycle length <2 days,healthy_ovulatory,calendar,1,A_windowed_excluding_C3,strict_herzog,False,476,365,183.0,0.5013698630136987,0.4503289976929209,0.5523821942733981,0.23319327731092432,,
window_false_positive,cycle_regularity:SD cycle length <2 days,healthy_ovulatory,calendar,3,A_windowed_excluding_C3,strict_herzog,False,476,422,161.0,0.3815165876777251,0.3364365089194108,0.4287343124540285,0.11344537815126055,,
window_false_positive,cycle_regularity:SD cycle length <2 days,healthy_ovulatory,calendar,4,A_windowed_excluding_C3,strict_herzog,False,476,444,166.0,0.3738738738738739,0.3301322290619588,0.4197792679777953,0.0672268907563025,,
window_false_positive,cycle_regularity:SD cycle length <2 days,healthy_ovulatory,calendar,6,A_windowed_excluding_C3,strict_herzog,False,476,442,159.0,0.3597285067873303,0.3163728075180831,0.4055014203117035,0.0714285714285714,,
window_false_positive,cycle_regularity:SD cycle length <2 days,healthy_ovulatory,calendar,12,A_windowed_excluding_C3,strict_herzog,False,476,456,123.0,0.26973684210526316,0.23104962756216274,0.3122712366796905,0.04201680672268904,,
window_false_positive,cycle_regularity:SD cycle length <2 days,healthy_ovulatory,cycle,3,A_windowed_excluding_C3,strict_herzog,False,476,422,179.0,0.42417061611374407,0.3779098694419587,0.47179945623704245,0.11344537815126055,,
window_false_positive,cycle_regularity:SD cycle length <2 days,healthy_ovulatory,cycle,6,A_windowed_excluding_C3,strict_herzog,False,476,450,149.0,0.33111111111111113,0.28921984139527357,0.37586143964288543,0.054621848739495826,,
window_false_positive,cycle_regularity:SD cycle length <2 days,healthy_ovulatory,cycle,12,A_windowed_excluding_C3,strict_herzog,False,476,457,120.0,0.26258205689277897,0.22433686121932034,0.3047853654238534,0.03991596638655459,,
window_false_positive,cycle_regularity:SD cycle length <2 days,healthy_ovulatory,full,full_diary,A_windowed_excluding_C3,strict_herzog,False,476,472,56.0,0.11864406779661017,0.0925054421981377,0.15094005140763347,0.008403361344537785,,
window_false_positive,cycle_regularity:SD cycle length <2 days,population,calendar,1,A_windowed_excluding_C3,strict_herzog,False,267,203,99.0,0.4876847290640394,0.419794180293083,0.5560327161690312,0.23970037453183524,,
window_false_positive,cycle_regularity:SD cycle length <2 days,population,calendar,3,A_windowed_excluding_C3,strict_herzog,False,267,243,94.0,0.3868312757201646,0.32781084643429775,0.44937407111250677,0.0898876404494382,,
window_false_positive,cycle_regularity:SD cycle length <2 days,population,calendar,4,A_windowed_excluding_C3,strict_herzog,False,267,247,95.0,0.38461538461538464,0.32615114372690696,0.44661369240512744,0.07490636704119846,,
window_false_positive,cycle_regularity:SD cycle length <2 days,population,calendar,6,A_windowed_excluding_C3,strict_herzog,False,267,254,84.0,0.33070866141732286,0.275750345800392,0.390711361353517,0.048689138576779034,,
window_false_positive,cycle_regularity:SD cycle length <2 days,population,calendar,12,A_windowed_excluding_C3,strict_herzog,False,267,256,65.0,0.25390625,0.20449864653192884,0.31059028280267975,0.041198501872659166,,
window_false_positive,cycle_regularity:SD cycle length <2 days,population,cycle,3,A_windowed_excluding_C3,strict_herzog,False,267,233,99.0,0.4248927038626609,0.36314367855285823,0.4890781403200888,0.12734082397003743,,
window_false_positive,cycle_regularity:SD cycle length <2 days,population,cycle,6,A_windowed_excluding_C3,strict_herzog,False,267,252,84.0,0.3333333333333333,0.2780177684358114,0.39365389734033174,0.0561797752808989,,
window_false_positive,cycle_regularity:SD cycle length <2 days,population,cycle,12,A_windowed_excluding_C3,strict_herzog,False,267,257,67.0,0.2607003891050584,0.21083102916230478,0.317618165394026,0.03745318352059923,,
window_false_positive,cycle_regularity:SD cycle length <2 days,population,full,full_diary,A_windowed_excluding_C3,strict_herzog,False,267,262,19.0,0.07251908396946564,0.04691453750037819,0.11047798888097729,0.01872659176029967,,
window_false_positive,cycle_regularity:SD cycle length <2 days,healthy_ovulatory,calendar,1,A_windowed_C1_only,strict_herzog,False,476,334,112.0,0.33532934131736525,0.2868249146489196,0.38757857513004984,0.2983193277310925,,
window_false_positive,cycle_regularity:SD cycle length <2 days,healthy_ovulatory,calendar,3,A_windowed_C1_only,strict_herzog,False,476,414,102.0,0.2463768115942029,0.20732666858679535,0.290090364675775,0.13025210084033612,,
window_false_positive,cycle_regularity:SD cycle length <2 days,healthy_ovulatory,calendar,4,A_windowed_C1_only,strict_herzog,False,476,434,104.0,0.23963133640552994,0.2018676772759466,0.2819637520073364,0.08823529411764708,,
window_false_positive,cycle_regularity:SD cycle length <2 days,healthy_ovulatory,calendar,6,A_windowed_C1_only,strict_herzog,False,476,431,95.0,0.22041763341067286,0.18384770067607017,0.2619273166058587,0.09453781512605042,,
window_false_positive,cycle_regularity:SD cycle length <2 days,healthy_ovulatory,calendar,12,A_windowed_C1_only,strict_herzog,False,476,448,81.0,0.18080357142857142,0.14792806145470547,0.21910656005510507,0.05882352941176472,,
window_false_positive,cycle_regularity:SD cycle length <2 days,healthy_ovulatory,cycle,3,A_windowed_C1_only,strict_herzog,False,476,405,112.0,0.2765432098765432,0.23523507385112102,0.32205052892973257,0.14915966386554624,,
window_false_positive,cycle_regularity:SD cycle length <2 days,healthy_ovulatory,cycle,6,A_windowed_C1_only,strict_herzog,False,476,446,104.0,0.23318385650224216,0.19631970294534395,0.2746050076761679,0.06302521008403361,,
window_false_positive,cycle_regularity:SD cycle length <2 days,healthy_ovulatory,cycle,12,A_windowed_C1_only,strict_herzog,False,476,450,78.0,0.17333333333333334,0.14116285890753177,0.21103382941627574,0.054621848739495826,,
window_false_positive,cycle_regularity:SD cycle length <2 days,healthy_ovulatory,full,full_diary,A_windowed_C1_only,strict_herzog,False,476,468,40.0,0.08547008547008547,0.06339375320517926,0.11429614083305309,0.01680672268907568,,
window_false_positive,cycle_regularity:SD cycle length <2 days,population,calendar,1,A_windowed_C1_only,strict_herzog,False,267,185,57.0,0.3081081081081081,0.24604385533033446,0.3779793838281026,0.30711610486891383,,
window_false_positive,cycle_regularity:SD cycle length <2 days,population,calendar,3,A_windowed_C1_only,strict_herzog,False,267,237,60.0,0.25316455696202533,0.2020449902502901,0.31215825128086916,0.1123595505617978,,
window_false_positive,cycle_regularity:SD cycle length <2 days,population,calendar,4,A_windowed_C1_only,strict_herzog,False,267,242,59.0,0.24380165289256198,0.1939827528362175,0.30162713902323446,0.09363295880149813,,
window_false_positive,cycle_regularity:SD cycle length <2 days,population,calendar,6,A_windowed_C1_only,strict_herzog,False,267,252,58.0,0.23015873015873015,0.18247202885865996,0.2859487633503335,0.0561797752808989,,
window_false_positive,cycle_regularity:SD cycle length <2 days,population,calendar,12,A_windowed_C1_only,strict_herzog,False,267,255,46.0,0.1803921568627451,0.13805308627474228,0.23221780949812487,0.0449438202247191,,
window_false_positive,cycle_regularity:SD cycle length <2 days,population,cycle,3,A_windowed_C1_only,strict_herzog,False,267,229,64.0,0.2794759825327511,0.22536078333014978,0.340867668803979,0.14232209737827717,,
window_false_positive,cycle_regularity:SD cycle length <2 days,population,cycle,6,A_windowed_C1_only,strict_herzog,False,267,248,50.0,0.20161290322580644,0.15640498130035327,0.2559237087690093,0.07116104868913853,,
window_false_positive,cycle_regularity:SD cycle length <2 days,population,cycle,12,A_windowed_C1_only,strict_herzog,False,267,254,46.0,0.18110236220472442,0.13860847830480413,0.23309845842697793,0.048689138576779034,,
window_false_positive,cycle_regularity:SD cycle length <2 days,population,full,full_diary,A_windowed_C1_only,strict_herzog,False,267,262,17.0,0.0648854961832061,0.040902486496509384,0.10144347785594174,0.01872659176029967,,
window_false_positive,cycle_regularity:SD cycle length <2 days,healthy_ovulatory,calendar,1,A_windowed_C2_only,strict_herzog,False,476,338,108.0,0.31952662721893493,0.272082638389523,0.3710267713910134,0.2899159663865546,,
window_false_positive,cycle_regularity:SD cycle length <2 days,healthy_ovulatory,calendar,3,A_windowed_C2_only,strict_herzog,False,476,416,101.0,0.24278846153846154,0.20406080906550955,0.2862229742437631,0.12605042016806722,,
window_false_positive,cycle_regularity:SD cycle length <2 days,healthy_ovulatory,calendar,4,A_windowed_C2_only,strict_herzog,False,476,436,106.0,0.24311926605504589,0.20521123129481086,0.285514357419381,0.08403361344537819,,
window_false_positive,cycle_regularity:SD cycle length <2 days,healthy_ovulatory,calendar,6,A_windowed_C2_only,strict_herzog,False,476,434,92.0,0.2119815668202765,0.1761421438352897,0.25287492395595257,0.08823529411764708,,
window_false_positive,cycle_regularity:SD cycle length <2 days,healthy_ovulatory,calendar,12,A_windowed_C2_only,strict_herzog,False,476,454,64.0,0.14096916299559473,0.11196403941627879,0.1759990890437142,0.04621848739495793,,
window_false_positive,cycle_regularity:SD cycle length <2 days,healthy_ovulatory,cycle,3,A_windowed_C2_only,strict_herzog,False,476,411,112.0,0.2725060827250608,0.2317149824429305,0.3175103998715537,0.13655462184873945,,
window_false_positive,cycle_regularity:SD cycle length <2 days,healthy_ovulatory,cycle,6,A_windowed_C2_only,strict_herzog,False,476,444,88.0,0.1981981981981982,0.1637756748528831,0.23779826449224276,0.0672268907563025,,
window_false_positive,cycle_regularity:SD cycle length <2 days,healthy_ovulatory,cycle,12,A_windowed_C2_only,strict_herzog,False,476,454,69.0,0.15198237885462554,0.12188861306118245,0.1879161372251911,0.04621848739495793,,
window_false_positive,cycle_regularity:SD cycle length <2 days,healthy_ovulatory,full,full_diary,A_windowed_C2_only,strict_herzog,False,476,469,32.0,0.06823027718550106,0.04874241281962027,0.09473370915558965,0.014705882352941124,,
window_false_positive,cycle_regularity:SD cycle length <2 days,population,calendar,1,A_windowed_C2_only,strict_herzog,False,267,188,63.0,0.3351063829787234,0.27153162344117554,0.405284845839593,0.29588014981273403,,
window_false_positive,cycle_regularity:SD cycle length <2 days,population,calendar,3,A_windowed_C2_only,strict_herzog,False,267,238,53.0,0.22268907563025211,0.1744732494626701,0.2797146278199123,0.10861423220973787,,
window_false_positive,cycle_regularity:SD cycle length <2 days,population,calendar,4,A_windowed_C2_only,strict_herzog,False,267,244,51.0,0.20901639344262296,0.1627045189989716,0.26434856293623143,0.08614232209737827,,
window_false_positive,cycle_regularity:SD cycle length <2 days,population,calendar,6,A_windowed_C2_only,strict_herzog,False,267,248,50.0,0.20161290322580644,0.15640498130035327,0.2559237087690093,0.07116104868913853,,
window_false_positive,cycle_regularity:SD cycle length <2 days,population,calendar,12,A_windowed_C2_only,strict_herzog,False,267,254,31.0,0.1220472440944882,0.08732833257709342,0.16802803688279638,0.048689138576779034,,
window_false_positive,cycle_regularity:SD cycle length <2 days,population,cycle,3,A_windowed_C2_only,strict_herzog,False,267,231,60.0,0.2597402597402597,0.20745095208312347,0.31988974594604935,0.1348314606741573,,
window_false_positive,cycle_regularity:SD cycle length <2 days,population,cycle,6,A_windowed_C2_only,strict_herzog,False,267,246,53.0,0.21544715447154472,0.16865521824026183,0.2709894241628431,0.0786516853932584,,
window_false_positive,cycle_regularity:SD cycle length <2 days,population,cycle,12,A_windowed_C2_only,strict_herzog,False,267,256,35.0,0.13671875,0.09997371828318014,0.1842051774012421,0.041198501872659166,,
window_false_positive,cycle_regularity:SD cycle length <2 days,population,full,full_diary,A_windowed_C2_only,strict_herzog,False,267,260,6.0,0.023076923076923078,0.01061828543411146,0.04942329746003078,0.02621722846441943,,
window_false_positive,cycle_regularity:SD cycle length <2 days,healthy_ovulatory,calendar,1,A_windowed_C3_only,strict_herzog,False,476,0,0.0,,,,1.0,,
window_false_positive,cycle_regularity:SD cycle length <2 days,healthy_ovulatory,calendar,3,A_windowed_C3_only,strict_herzog,False,476,0,0.0,,,,1.0,,
window_false_positive,cycle_regularity:SD cycle length <2 days,healthy_ovulatory,calendar,4,A_windowed_C3_only,strict_herzog,False,476,0,0.0,,,,1.0,,
window_false_positive,cycle_regularity:SD cycle length <2 days,healthy_ovulatory,calendar,6,A_windowed_C3_only,strict_herzog,False,476,0,0.0,,,,1.0,,
window_false_positive,cycle_regularity:SD cycle length <2 days,healthy_ovulatory,calendar,12,A_windowed_C3_only,strict_herzog,False,476,0,0.0,,,,1.0,,
window_false_positive,cycle_regularity:SD cycle length <2 days,healthy_ovulatory,cycle,3,A_windowed_C3_only,strict_herzog,False,476,0,0.0,,,,1.0,,
window_false_positive,cycle_regularity:SD cycle length <2 days,healthy_ovulatory,cycle,6,A_windowed_C3_only,strict_herzog,False,476,0,0.0,,,,1.0,,
window_false_positive,cycle_regularity:SD cycle length <2 days,healthy_ovulatory,cycle,12,A_windowed_C3_only,strict_herzog,False,476,0,0.0,,,,1.0,,
window_false_positive,cycle_regularity:SD cycle length <2 days,healthy_ovulatory,full,full_diary,A_windowed_C3_only,strict_herzog,False,476,0,0.0,,,,1.0,,
window_false_positive,cycle_regularity:SD cycle length <2 days,population,calendar,1,A_windowed_C3_only,strict_herzog,False,267,9,6.0,0.6666666666666666,0.3542021355803963,0.879416181613089,0.9662921348314607,,
window_false_positive,cycle_regularity:SD cycle length <2 days,population,calendar,3,A_windowed_C3_only,strict_herzog,False,267,21,13.0,0.6190476190476191,0.4087865377511576,0.7924898863143551,0.9213483146067416,,
window_false_positive,cycle_regularity:SD cycle length <2 days,population,calendar,4,A_windowed_C3_only,strict_herzog,False,267,24,11.0,0.4583333333333333,0.2789133373121098,0.6492513464108052,0.9101123595505618,,
window_false_positive,cycle_regularity:SD cycle length <2 days,population,calendar,6,A_windowed_C3_only,strict_herzog,False,267,30,16.0,0.5333333333333333,0.36142299619873297,0.6976761109230025,0.8876404494382022,,
window_false_positive,cycle_regularity:SD cycle length <2 days,population,calendar,12,A_windowed_C3_only,strict_herzog,False,267,55,29.0,0.5272727272727272,0.3979154435522611,0.6530690163868067,0.7940074906367041,,
window_false_positive,cycle_regularity:SD cycle length <2 days,population,cycle,3,A_windowed_C3_only,strict_herzog,False,267,13,9.0,0.6923076923076923,0.42369343180549035,0.8731929634428948,0.951310861423221,,
window_false_positive,cycle_regularity:SD cycle length <2 days,population,cycle,6,A_windowed_C3_only,strict_herzog,False,267,30,14.0,0.4666666666666667,0.30232388907699753,0.638577003801267,0.8876404494382022,,
window_false_positive,cycle_regularity:SD cycle length <2 days,population,cycle,12,A_windowed_C3_only,strict_herzog,False,267,56,31.0,0.5535714285714286,0.4241321478993947,0.6761327874521665,0.7902621722846441,,
window_false_positive,cycle_regularity:SD cycle length <2 days,population,full,full_diary,A_windowed_C3_only,strict_herzog,False,267,155,78.0,0.5032258064516129,0.42539296894203876,0.5809026166527071,0.41947565543071164,,
window_false_positive,cycle_regularity:SD cycle length <2 days,healthy_ovulatory,calendar,1,B_minimum_data_any,strict_herzog,False,476,0,0.0,,,,1.0,,
window_false_positive,cycle_regularity:SD cycle length <2 days,healthy_ovulatory,calendar,3,B_minimum_data_any,strict_herzog,False,476,0,0.0,,,,1.0,,
window_false_positive,cycle_regularity:SD cycle length <2 days,healthy_ovulatory,calendar,4,B_minimum_data_any,strict_herzog,False,476,357,123.0,0.3445378151260504,0.2971326299390822,0.395253050013628,0.25,,
window_false_positive,cycle_regularity:SD cycle length <2 days,healthy_ovulatory,calendar,6,B_minimum_data_any,strict_herzog,False,476,394,131.0,0.33248730964467005,0.2877840503945006,0.38042549118700675,0.17226890756302526,,
window_false_positive,cycle_regularity:SD cycle length <2 days,healthy_ovulatory,calendar,12,B_minimum_data_any,strict_herzog,False,476,422,102.0,0.24170616113744076,0.2033076777645227,0.2847647128295749,0.11344537815126055,,
window_false_positive,cycle_regularity:SD cycle length <2 days,healthy_ovulatory,cycle,3,B_minimum_data_any,strict_herzog,False,476,0,0.0,,,,1.0,,
window_false_positive,cycle_regularity:SD cycle length <2 days,healthy_ovulatory,cycle,6,B_minimum_data_any,strict_herzog,False,476,390,124.0,0.31794871794871793,0.27369897991304404,0.36574984696973223,0.18067226890756305,,
window_false_positive,cycle_regularity:SD cycle length <2 days,healthy_ovulatory,cycle,12,B_minimum_data_any,strict_herzog,False,476,425,104.0,0.2447058823529412,0.20623925582769462,0.2877462356946366,0.1071428571428571,,
window_false_positive,cycle_regularity:SD cycle length <2 days,healthy_ovulatory,full,full_diary,B_minimum_data_any,strict_herzog,False,476,451,43.0,0.09534368070953436,0.07155559139850795,0.12596698944457013,0.05252100840336138,,
window_false_positive,cycle_regularity:SD cycle length <2 days,population,calendar,1,B_minimum_data_any,strict_herzog,False,267,0,0.0,,,,1.0,,
window_false_positive,cycle_regularity:SD cycle length <2 days,population,calendar,3,B_minimum_data_any,strict_herzog,False,267,0,0.0,,,,1.0,,
window_false_positive,cycle_regularity:SD cycle length <2 days,population,calendar,4,B_minimum_data_any,strict_herzog,False,267,203,84.0,0.41379310344827586,0.3482559054849139,0.4825323697498848,0.23970037453183524,,
window_false_positive,cycle_regularity:SD cycle length <2 days,population,calendar,6,B_minimum_data_any,strict_herzog,False,267,222,79.0,0.35585585585585583,0.2958178448873723,0.4207975173486087,0.1685393258426966,,
window_false_positive,cycle_regularity:SD cycle length <2 days,population,calendar,12,B_minimum_data_any,strict_herzog,False,267,246,77.0,0.3130081300813008,0.25831119238964323,0.37345528690382573,0.0786516853932584,,
window_false_positive,cycle_regularity:SD cycle length <2 days,population,cycle,3,B_minimum_data_any,strict_herzog,False,267,0,0.0,,,,1.0,,
window_false_positive,cycle_regularity:SD cycle length <2 days,population,cycle,6,B_minimum_data_any,strict_herzog,False,267,224,75.0,0.33482142857142855,0.2762647187222824,0.3989480349924124,0.16104868913857673,,
window_false_positive,cycle_regularity:SD cycle length <2 days,population,cycle,12,B_minimum_data_any,strict_herzog,False,267,246,83.0,0.33739837398373984,0.28121604085048657,0.3985808976655735,0.0786516853932584,,
window_false_positive,cycle_regularity:SD cycle length <2 days,population,full,full_diary,B_minimum_data_any,strict_herzog,False,267,255,87.0,0.3411764705882353,0.2857284050664347,0.4013387271887938,0.0449438202247191,,
window_false_positive,cycle_regularity:SD cycle length <2 days,healthy_ovulatory,calendar,1,B_minimum_data_excluding_C3,strict_herzog,False,476,0,0.0,,,,1.0,,
window_false_positive,cycle_regularity:SD cycle length <2 days,healthy_ovulatory,calendar,3,B_minimum_data_excluding_C3,strict_herzog,False,476,0,0.0,,,,1.0,,
window_false_positive,cycle_regularity:SD cycle length <2 days,healthy_ovulatory,calendar,4,B_minimum_data_excluding_C3,strict_herzog,False,476,357,123.0,0.3445378151260504,0.2971326299390822,0.395253050013628,0.25,,
window_false_positive,cycle_regularity:SD cycle length <2 days,healthy_ovulatory,calendar,6,B_minimum_data_excluding_C3,strict_herzog,False,476,394,131.0,0.33248730964467005,0.2877840503945006,0.38042549118700675,0.17226890756302526,,
window_false_positive,cycle_regularity:SD cycle length <2 days,healthy_ovulatory,calendar,12,B_minimum_data_excluding_C3,strict_herzog,False,476,422,102.0,0.24170616113744076,0.2033076777645227,0.2847647128295749,0.11344537815126055,,
window_false_positive,cycle_regularity:SD cycle length <2 days,healthy_ovulatory,cycle,3,B_minimum_data_excluding_C3,strict_herzog,False,476,0,0.0,,,,1.0,,
window_false_positive,cycle_regularity:SD cycle length <2 days,healthy_ovulatory,cycle,6,B_minimum_data_excluding_C3,strict_herzog,False,476,390,124.0,0.31794871794871793,0.27369897991304404,0.36574984696973223,0.18067226890756305,,
window_false_positive,cycle_regularity:SD cycle length <2 days,healthy_ovulatory,cycle,12,B_minimum_data_excluding_C3,strict_herzog,False,476,425,104.0,0.2447058823529412,0.20623925582769462,0.2877462356946366,0.1071428571428571,,
window_false_positive,cycle_regularity:SD cycle length <2 days,healthy_ovulatory,full,full_diary,B_minimum_data_excluding_C3,strict_herzog,False,476,451,43.0,0.09534368070953436,0.07155559139850795,0.12596698944457013,0.05252100840336138,,
window_false_positive,cycle_regularity:SD cycle length <2 days,population,calendar,1,B_minimum_data_excluding_C3,strict_herzog,False,267,0,0.0,,,,1.0,,
window_false_positive,cycle_regularity:SD cycle length <2 days,population,calendar,3,B_minimum_data_excluding_C3,strict_herzog,False,267,0,0.0,,,,1.0,,
window_false_positive,cycle_regularity:SD cycle length <2 days,population,calendar,4,B_minimum_data_excluding_C3,strict_herzog,False,267,203,75.0,0.3694581280788177,0.3060616717414384,0.43770343075697116,0.23970037453183524,,
window_false_positive,cycle_regularity:SD cycle length <2 days,population,calendar,6,B_minimum_data_excluding_C3,strict_herzog,False,267,222,68.0,0.3063063063063063,0.24939224228038342,0.36980965072421607,0.1685393258426966,,
window_false_positive,cycle_regularity:SD cycle length <2 days,population,calendar,12,B_minimum_data_excluding_C3,strict_herzog,False,267,246,60.0,0.24390243902439024,0.194445529465107,0.30123464869768746,0.0786516853932584,,
window_false_positive,cycle_regularity:SD cycle length <2 days,population,cycle,3,B_minimum_data_excluding_C3,strict_herzog,False,267,0,0.0,,,,1.0,,
window_false_positive,cycle_regularity:SD cycle length <2 days,population,cycle,6,B_minimum_data_excluding_C3,strict_herzog,False,267,224,67.0,0.29910714285714285,0.24294522653570533,0.36204325771189644,0.16104868913857673,,
window_false_positive,cycle_regularity:SD cycle length <2 days,population,cycle,12,B_minimum_data_excluding_C3,strict_herzog,False,267,246,60.0,0.24390243902439024,0.194445529465107,0.30123464869768746,0.0786516853932584,,
window_false_positive,cycle_regularity:SD cycle length <2 days,population,full,full_diary,B_minimum_data_excluding_C3,strict_herzog,False,267,255,14.0,0.054901960784313725,0.03298222922610848,0.09003306734101328,0.0449438202247191,,
window_false_positive,cycle_regularity:SD cycle length <2 days,healthy_ovulatory,calendar,1,C_reproducibility_any,strict_herzog,False,476,0,0.0,,,,1.0,,
window_false_positive,cycle_regularity:SD cycle length <2 days,healthy_ovulatory,calendar,3,C_reproducibility_any,strict_herzog,False,476,0,0.0,,,,1.0,,
window_false_positive,cycle_regularity:SD cycle length <2 days,healthy_ovulatory,calendar,4,C_reproducibility_any,strict_herzog,False,476,0,0.0,,,,1.0,,
window_false_positive,cycle_regularity:SD cycle length <2 days,healthy_ovulatory,calendar,6,C_reproducibility_any,strict_herzog,False,476,78,11.0,0.14102564102564102,0.08061044056387122,0.23513978179360162,0.8361344537815126,,
window_false_positive,cycle_regularity:SD cycle length <2 days,healthy_ovulatory,calendar,12,C_reproducibility_any,strict_herzog,False,476,168,4.0,0.023809523809523808,0.009297119491395035,0.05961208846086025,0.6470588235294117,,
window_false_positive,cycle_regularity:SD cycle length <2 days,healthy_ovulatory,cycle,3,C_reproducibility_any,strict_herzog,False,476,0,0.0,,,,1.0,,
window_false_positive,cycle_regularity:SD cycle length <2 days,healthy_ovulatory,cycle,6,C_reproducibility_any,strict_herzog,False,476,235,30.0,0.1276595744680851,0.09090490827390271,0.17639147793943868,0.5063025210084033,,
window_false_positive,cycle_regularity:SD cycle length <2 days,healthy_ovulatory,cycle,12,C_reproducibility_any,strict_herzog,False,476,156,3.0,0.019230769230769232,0.00656140638822535,0.0550087199939044,0.6722689075630253,,
window_false_positive,cycle_regularity:SD cycle length <2 days,healthy_ovulatory,full,full_diary,C_reproducibility_any,strict_herzog,False,476,68,0.0,0.0,0.0,0.053471336520070537,0.8571428571428572,,
window_false_positive,cycle_regularity:SD cycle length <2 days,population,calendar,1,C_reproducibility_any,strict_herzog,False,267,0,0.0,,,,1.0,,
window_false_positive,cycle_regularity:SD cycle length <2 days,population,calendar,3,C_reproducibility_any,strict_herzog,False,267,0,0.0,,,,1.0,,
window_false_positive,cycle_regularity:SD cycle length <2 days,population,calendar,4,C_reproducibility_any,strict_herzog,False,267,0,0.0,,,,1.0,,
window_false_positive,cycle_regularity:SD cycle length <2 days,population,calendar,6,C_reproducibility_any,strict_herzog,False,267,35,4.0,0.11428571428571428,0.04535179333097357,0.2595146864621381,0.8689138576779026,,
window_false_positive,cycle_regularity:SD cycle length <2 days,population,calendar,12,C_reproducibility_any,strict_herzog,False,267,91,1.0,0.01098901098901099,0.0019424713318492125,0.05964935668650616,0.6591760299625469,,
window_false_positive,cycle_regularity:SD cycle length <2 days,population,cycle,3,C_reproducibility_any,strict_herzog,False,267,0,0.0,,,,1.0,,
window_false_positive,cycle_regularity:SD cycle length <2 days,population,cycle,6,C_reproducibility_any,strict_herzog,False,267,127,9.0,0.07086614173228346,0.037728059261201326,0.1292026599279342,0.5243445692883895,,
window_false_positive,cycle_regularity:SD cycle length <2 days,population,cycle,12,C_reproducibility_any,strict_herzog,False,267,92,3.0,0.03260869565217391,0.011151177410971533,0.09153359952993573,0.6554307116104869,,
window_false_positive,cycle_regularity:SD cycle length <2 days,population,full,full_diary,C_reproducibility_any,strict_herzog,False,267,42,1.0,0.023809523809523808,0.004215404134432499,0.12321201573766646,0.8426966292134832,,
window_false_positive,cycle_regularity:SD cycle length <2 days,healthy_ovulatory,calendar,1,C_reproducibility_12cycle_any,strict_herzog,False,476,0,0.0,,,,1.0,,
window_false_positive,cycle_regularity:SD cycle length <2 days,healthy_ovulatory,calendar,3,C_reproducibility_12cycle_any,strict_herzog,False,476,0,0.0,,,,1.0,,
window_false_positive,cycle_regularity:SD cycle length <2 days,healthy_ovulatory,calendar,4,C_reproducibility_12cycle_any,strict_herzog,False,476,0,0.0,,,,1.0,,
window_false_positive,cycle_regularity:SD cycle length <2 days,healthy_ovulatory,calendar,6,C_reproducibility_12cycle_any,strict_herzog,False,476,0,0.0,,,,1.0,,
window_false_positive,cycle_regularity:SD cycle length <2 days,healthy_ovulatory,calendar,12,C_reproducibility_12cycle_any,strict_herzog,False,476,82,3.0,0.036585365853658534,0.012519573081569195,0.10212734643608476,0.8277310924369747,,
window_false_positive,cycle_regularity:SD cycle length <2 days,healthy_ovulatory,cycle,3,C_reproducibility_12cycle_any,strict_herzog,False,476,0,0.0,,,,1.0,,
window_false_positive,cycle_regularity:SD cycle length <2 days,healthy_ovulatory,cycle,6,C_reproducibility_12cycle_any,strict_herzog,False,476,0,0.0,,,,1.0,,
window_false_positive,cycle_regularity:SD cycle length <2 days,healthy_ovulatory,cycle,12,C_reproducibility_12cycle_any,strict_herzog,False,476,156,3.0,0.019230769230769232,0.00656140638822535,0.0550087199939044,0.6722689075630253,,
window_false_positive,cycle_regularity:SD cycle length <2 days,healthy_ovulatory,full,full_diary,C_reproducibility_12cycle_any,strict_herzog,False,476,68,0.0,0.0,0.0,0.053471336520070537,0.8571428571428572,,
window_false_positive,cycle_regularity:SD cycle length <2 days,population,calendar,1,C_reproducibility_12cycle_any,strict_herzog,False,267,0,0.0,,,,1.0,,
window_false_positive,cycle_regularity:SD cycle length <2 days,population,calendar,3,C_reproducibility_12cycle_any,strict_herzog,False,267,0,0.0,,,,1.0,,
window_false_positive,cycle_regularity:SD cycle length <2 days,population,calendar,4,C_reproducibility_12cycle_any,strict_herzog,False,267,0,0.0,,,,1.0,,
window_false_positive,cycle_regularity:SD cycle length <2 days,population,calendar,6,C_reproducibility_12cycle_any,strict_herzog,False,267,0,0.0,,,,1.0,,
window_false_positive,cycle_regularity:SD cycle length <2 days,population,calendar,12,C_reproducibility_12cycle_any,strict_herzog,False,267,33,0.0,0.0,0.0,0.10426999754245206,0.8764044943820225,,
window_false_positive,cycle_regularity:SD cycle length <2 days,population,cycle,3,C_reproducibility_12cycle_any,strict_herzog,False,267,0,0.0,,,,1.0,,
window_false_positive,cycle_regularity:SD cycle length <2 days,population,cycle,6,C_reproducibility_12cycle_any,strict_herzog,False,267,0,0.0,,,,1.0,,
window_false_positive,cycle_regularity:SD cycle length <2 days,population,cycle,12,C_reproducibility_12cycle_any,strict_herzog,False,267,92,3.0,0.03260869565217391,0.011151177410971533,0.09153359952993573,0.6554307116104869,,
window_false_positive,cycle_regularity:SD cycle length <2 days,population,full,full_diary,C_reproducibility_12cycle_any,strict_herzog,False,267,41,0.0,0.0,0.0,0.08566757018443186,0.8464419475655431,,
window_false_positive,cycle_regularity:SD cycle length <2 days,healthy_ovulatory,calendar,1,D_nb_regression_any,strict_herzog,False,476,0,0.0,,,,1.0,,
window_false_positive,cycle_regularity:SD cycle length <2 days,healthy_ovulatory,calendar,3,D_nb_regression_any,strict_herzog,False,476,0,0.0,,,,1.0,,
window_false_positive,cycle_regularity:SD cycle length <2 days,healthy_ovulatory,calendar,4,D_nb_regression_any,strict_herzog,False,476,357,11.0,0.03081232492997199,0.017290611850741596,0.05432382764617613,0.25,,
window_false_positive,cycle_regularity:SD cycle length <2 days,healthy_ovulatory,calendar,6,D_nb_regression_any,strict_herzog,False,476,394,13.0,0.03299492385786802,0.019382051538300266,0.05562636741620487,0.17226890756302526,,
window_false_positive,cycle_regularity:SD cycle length <2 days,healthy_ovulatory,calendar,12,D_nb_regression_any,strict_herzog,False,476,422,24.0,0.05687203791469194,0.038512403807854034,0.08322646812880871,0.11344537815126055,,
window_false_positive,cycle_regularity:SD cycle length <2 days,healthy_ovulatory,cycle,3,D_nb_regression_any,strict_herzog,False,476,0,0.0,,,,1.0,,
window_false_positive,cycle_regularity:SD cycle length <2 days,healthy_ovulatory,cycle,6,D_nb_regression_any,strict_herzog,False,476,390,15.0,0.038461538461538464,0.02344448822214758,0.06248211514263752,0.18067226890756305,,
window_false_positive,cycle_regularity:SD cycle length <2 days,healthy_ovulatory,cycle,12,D_nb_regression_any,strict_herzog,False,476,425,23.0,0.05411764705882353,0.0363289395266094,0.07989456870824548,0.1071428571428571,,
window_false_positive,cycle_regularity:SD cycle length <2 days,healthy_ovulatory,full,full_diary,D_nb_regression_any,strict_herzog,False,476,451,15.0,0.03325942350332594,0.02025747468952702,0.05414528294043429,0.05252100840336138,,
window_false_positive,cycle_regularity:SD cycle length <2 days,population,calendar,1,D_nb_regression_any,strict_herzog,False,267,0,0.0,,,,1.0,,
window_false_positive,cycle_regularity:SD cycle length <2 days,population,calendar,3,D_nb_regression_any,strict_herzog,False,267,0,0.0,,,,1.0,,
window_false_positive,cycle_regularity:SD cycle length <2 days,population,calendar,4,D_nb_regression_any,strict_herzog,False,267,203,2.0,0.009852216748768473,0.0027060043547992747,0.035204474837342264,0.23970037453183524,,
window_false_positive,cycle_regularity:SD cycle length <2 days,population,calendar,6,D_nb_regression_any,strict_herzog,False,267,222,10.0,0.04504504504504504,0.024648807210229773,0.08091842984708551,0.1685393258426966,,
window_false_positive,cycle_regularity:SD cycle length <2 days,population,calendar,12,D_nb_regression_any,strict_herzog,False,267,246,11.0,0.044715447154471545,0.0251490638933498,0.07828236395161804,0.0786516853932584,,
window_false_positive,cycle_regularity:SD cycle length <2 days,population,cycle,3,D_nb_regression_any,strict_herzog,False,267,0,0.0,,,,1.0,,
window_false_positive,cycle_regularity:SD cycle length <2 days,population,cycle,6,D_nb_regression_any,strict_herzog,False,267,224,10.0,0.044642857142857144,0.024427103673717677,0.08021346062084644,0.16104868913857673,,
window_false_positive,cycle_regularity:SD cycle length <2 days,population,cycle,12,D_nb_regression_any,strict_herzog,False,267,246,14.0,0.056910569105691054,0.03419963664927239,0.09324702080699096,0.0786516853932584,,
window_false_positive,cycle_regularity:SD cycle length <2 days,population,full,full_diary,D_nb_regression_any,strict_herzog,False,267,255,11.0,0.043137254901960784,0.02425522213983432,0.07557986200174882,0.0449438202247191,,
window_false_positive,cycle_regularity:SD cycle length <2 days,healthy_ovulatory,calendar,1,D_nb_regression_window_alpha_any,strict_herzog,False,476,0,0.0,,,,1.0,,
window_false_positive,cycle_regularity:SD cycle length <2 days,healthy_ovulatory,calendar,3,D_nb_regression_window_alpha_any,strict_herzog,False,476,0,0.0,,,,1.0,,
window_false_positive,cycle_regularity:SD cycle length <2 days,healthy_ovulatory,calendar,4,D_nb_regression_window_alpha_any,strict_herzog,False,476,0,0.0,,,,1.0,,
window_false_positive,cycle_regularity:SD cycle length <2 days,healthy_ovulatory,calendar,6,D_nb_regression_window_alpha_any,strict_herzog,False,476,0,0.0,,,,1.0,,
window_false_positive,cycle_regularity:SD cycle length <2 days,healthy_ovulatory,calendar,12,D_nb_regression_window_alpha_any,strict_herzog,False,476,0,0.0,,,,1.0,,
window_false_positive,cycle_regularity:SD cycle length <2 days,healthy_ovulatory,cycle,3,D_nb_regression_window_alpha_any,strict_herzog,False,476,0,0.0,,,,1.0,,
window_false_positive,cycle_regularity:SD cycle length <2 days,healthy_ovulatory,cycle,6,D_nb_regression_window_alpha_any,strict_herzog,False,476,0,0.0,,,,1.0,,
window_false_positive,cycle_regularity:SD cycle length <2 days,healthy_ovulatory,cycle,12,D_nb_regression_window_alpha_any,strict_herzog,False,476,0,0.0,,,,1.0,,
window_false_positive,cycle_regularity:SD cycle length <2 days,healthy_ovulatory,full,full_diary,D_nb_regression_window_alpha_any,strict_herzog,False,476,451,15.0,0.03325942350332594,0.02025747468952702,0.05414528294043429,0.05252100840336138,,
window_false_positive,cycle_regularity:SD cycle length <2 days,population,calendar,1,D_nb_regression_window_alpha_any,strict_herzog,False,267,0,0.0,,,,1.0,,
window_false_positive,cycle_regularity:SD cycle length <2 days,population,calendar,3,D_nb_regression_window_alpha_any,strict_herzog,False,267,0,0.0,,,,1.0,,
window_false_positive,cycle_regularity:SD cycle length <2 days,population,calendar,4,D_nb_regression_window_alpha_any,strict_herzog,False,267,0,0.0,,,,1.0,,
window_false_positive,cycle_regularity:SD cycle length <2 days,population,calendar,6,D_nb_regression_window_alpha_any,strict_herzog,False,267,0,0.0,,,,1.0,,
window_false_positive,cycle_regularity:SD cycle length <2 days,population,calendar,12,D_nb_regression_window_alpha_any,strict_herzog,False,267,0,0.0,,,,1.0,,
window_false_positive,cycle_regularity:SD cycle length <2 days,population,cycle,3,D_nb_regression_window_alpha_any,strict_herzog,False,267,0,0.0,,,,1.0,,
window_false_positive,cycle_regularity:SD cycle length <2 days,population,cycle,6,D_nb_regression_window_alpha_any,strict_herzog,False,267,0,0.0,,,,1.0,,
window_false_positive,cycle_regularity:SD cycle length <2 days,population,cycle,12,D_nb_regression_window_alpha_any,strict_herzog,False,267,0,0.0,,,,1.0,,
window_false_positive,cycle_regularity:SD cycle length <2 days,population,full,full_diary,D_nb_regression_window_alpha_any,strict_herzog,False,267,255,11.0,0.043137254901960784,0.02425522213983432,0.07557986200174882,0.0449438202247191,,
window_false_positive,cycle_regularity:SD cycle length <2 days,healthy_ovulatory,calendar,1,H1_newmark_penry_any,strict_herzog,True,476,365,62.0,0.16986301369863013,0.13482504536683873,0.21177769075031241,0.23319327731092432,,
window_false_positive,cycle_regularity:SD cycle length <2 days,healthy_ovulatory,calendar,3,H1_newmark_penry_any,strict_herzog,True,476,422,31.0,0.07345971563981042,0.052231673896492116,0.10238328304788916,0.11344537815126055,,
window_false_positive,cycle_regularity:SD cycle length <2 days,healthy_ovulatory,calendar,4,H1_newmark_penry_any,strict_herzog,True,476,444,23.0,0.0518018018018018,0.034763217085020295,0.07652942418124878,0.0672268907563025,,
window_false_positive,cycle_regularity:SD cycle length <2 days,healthy_ovulatory,calendar,6,H1_newmark_penry_any,strict_herzog,True,476,442,19.0,0.042986425339366516,0.02768969844471169,0.06615859222652817,0.0714285714285714,,
window_false_positive,cycle_regularity:SD cycle length <2 days,healthy_ovulatory,calendar,12,H1_newmark_penry_any,strict_herzog,True,476,456,10.0,0.021929824561403508,0.011954616861483023,0.03989251080255524,0.04201680672268904,,
window_false_positive,cycle_regularity:SD cycle length <2 days,healthy_ovulatory,cycle,3,H1_newmark_penry_any,strict_herzog,True,476,422,39.0,0.0924170616113744,0.06834216397922488,0.12384546154540613,0.11344537815126055,,
window_false_positive,cycle_regularity:SD cycle length <2 days,healthy_ovulatory,cycle,6,H1_newmark_penry_any,strict_herzog,True,476,450,24.0,0.05333333333333334,0.03609864030120333,0.07812948454971715,0.054621848739495826,,
window_false_positive,cycle_regularity:SD cycle length <2 days,healthy_ovulatory,cycle,12,H1_newmark_penry_any,strict_herzog,True,476,457,8.0,0.0175054704595186,0.008896394556575836,0.03415845313761592,0.03991596638655459,,
window_false_positive,cycle_regularity:SD cycle length <2 days,healthy_ovulatory,full,full_diary,H1_newmark_penry_any,strict_herzog,True,476,472,5.0,0.01059322033898305,0.004533042142023365,0.02455534131871632,0.008403361344537785,,
window_false_positive,cycle_regularity:SD cycle length <2 days,population,calendar,1,H1_newmark_penry_any,strict_herzog,True,267,203,30.0,0.1477832512315271,0.10552083721478964,0.20312840160167392,0.23970037453183524,,
window_false_positive,cycle_regularity:SD cycle length <2 days,population,calendar,3,H1_newmark_penry_any,strict_herzog,True,267,243,27.0,0.1111111111111111,0.07749379312346821,0.15683255990100572,0.0898876404494382,,
window_false_positive,cycle_regularity:SD cycle length <2 days,population,calendar,4,H1_newmark_penry_any,strict_herzog,True,267,247,14.0,0.05668016194331984,0.034059948648460056,0.09287863227988226,0.07490636704119846,,
window_false_positive,cycle_regularity:SD cycle length <2 days,population,calendar,6,H1_newmark_penry_any,strict_herzog,True,267,254,14.0,0.05511811023622047,0.03311319911218262,0.09037919410622931,0.048689138576779034,,
window_false_positive,cycle_regularity:SD cycle length <2 days,population,calendar,12,H1_newmark_penry_any,strict_herzog,True,267,256,8.0,0.03125,0.015918258891511296,0.06044160650774316,0.041198501872659166,,
window_false_positive,cycle_regularity:SD cycle length <2 days,population,cycle,3,H1_newmark_penry_any,strict_herzog,True,267,233,14.0,0.060085836909871244,0.036125734665616194,0.09831634730450198,0.12734082397003743,,
window_false_positive,cycle_regularity:SD cycle length <2 days,population,cycle,6,H1_newmark_penry_any,strict_herzog,True,267,252,16.0,0.06349206349206349,0.0394560155353457,0.10063644244979081,0.0561797752808989,,
window_false_positive,cycle_regularity:SD cycle length <2 days,population,cycle,12,H1_newmark_penry_any,strict_herzog,True,267,257,8.0,0.0311284046692607,0.015855994046279496,0.06021112699498646,0.03745318352059923,,
window_false_positive,cycle_regularity:SD cycle length <2 days,population,full,full_diary,H1_newmark_penry_any,strict_herzog,True,267,262,4.0,0.015267175572519083,0.005952705306061321,0.0385906058585114,0.01872659176029967,,
window_false_positive,cycle_regularity:SD cycle length <2 days,healthy_ovulatory,calendar,1,H1_newmark_penry_66_7_any,strict_herzog,True,476,365,44.0,0.12054794520547946,0.09103696379196116,0.1579628615377105,0.23319327731092432,,
window_false_positive,cycle_regularity:SD cycle length <2 days,healthy_ovulatory,calendar,3,H1_newmark_penry_66_7_any,strict_herzog,True,476,422,13.0,0.030805687203791468,0.018089844254797444,0.05198660838402196,0.11344537815126055,,
window_false_positive,cycle_regularity:SD cycle length <2 days,healthy_ovulatory,calendar,4,H1_newmark_penry_66_7_any,strict_herzog,True,476,444,14.0,0.03153153153153153,0.01887395710601777,0.05222588904164034,0.0672268907563025,,
window_false_positive,cycle_regularity:SD cycle length <2 days,healthy_ovulatory,calendar,6,H1_newmark_penry_66_7_any,strict_herzog,True,476,442,9.0,0.020361990950226245,0.010748759002666709,0.038240536157248414,0.0714285714285714,,
window_false_positive,cycle_regularity:SD cycle length <2 days,healthy_ovulatory,calendar,12,H1_newmark_penry_66_7_any,strict_herzog,True,476,456,4.0,0.008771929824561403,0.003416369175775846,0.022334807873511178,0.04201680672268904,,
window_false_positive,cycle_regularity:SD cycle length <2 days,healthy_ovulatory,cycle,3,H1_newmark_penry_66_7_any,strict_herzog,True,476,422,21.0,0.04976303317535545,0.0327755045395559,0.07487361667951323,0.11344537815126055,,
window_false_positive,cycle_regularity:SD cycle length <2 days,healthy_ovulatory,cycle,6,H1_newmark_penry_66_7_any,strict_herzog,True,476,450,10.0,0.022222222222222223,0.012114589193206515,0.04041798216474323,0.054621848739495826,,
window_false_positive,cycle_regularity:SD cycle length <2 days,healthy_ovulatory,cycle,12,H1_newmark_penry_66_7_any,strict_herzog,True,476,457,4.0,0.0087527352297593,0.0034088822792374095,0.022286416166776412,0.03991596638655459,,
window_false_positive,cycle_regularity:SD cycle length <2 days,healthy_ovulatory,full,full_diary,H1_newmark_penry_66_7_any,strict_herzog,True,476,472,3.0,0.006355932203389831,0.0021638966580789266,0.018518325620502662,0.008403361344537785,,
window_false_positive,cycle_regularity:SD cycle length <2 days,population,calendar,1,H1_newmark_penry_66_7_any,strict_herzog,True,267,203,23.0,0.11330049261083744,0.07669431287292613,0.1642702360374569,0.23970037453183524,,
window_false_positive,cycle_regularity:SD cycle length <2 days,population,calendar,3,H1_newmark_penry_66_7_any,strict_herzog,True,267,243,8.0,0.03292181069958848,0.016774598155579284,0.0636067888103233,0.0898876404494382,,
window_false_positive,cycle_regularity:SD cycle length <2 days,population,calendar,4,H1_newmark_penry_66_7_any,strict_herzog,True,267,247,8.0,0.032388663967611336,0.01650145532210353,0.06259814373929865,0.07490636704119846,,
window_false_positive,cycle_regularity:SD cycle length <2 days,population,calendar,6,H1_newmark_penry_66_7_any,strict_herzog,True,267,254,9.0,0.03543307086614173,0.018751451916752846,0.06595741887769502,0.048689138576779034,,
window_false_positive,cycle_regularity:SD cycle length <2 days,population,calendar,12,H1_newmark_penry_66_7_any,strict_herzog,True,267,256,2.0,0.0078125,0.002145090367681419,0.028032768301535768,0.041198501872659166,,
window_false_positive,cycle_regularity:SD cycle length <2 days,population,cycle,3,H1_newmark_penry_66_7_any,strict_herzog,True,267,233,4.0,0.017167381974248927,0.006695797203206469,0.043301609837167125,0.12734082397003743,,
window_false_positive,cycle_regularity:SD cycle length <2 days,population,cycle,6,H1_newmark_penry_66_7_any,strict_herzog,True,267,252,6.0,0.023809523809523808,0.01095675985436672,0.05096228522032767,0.0561797752808989,,
window_false_positive,cycle_regularity:SD cycle length <2 days,population,cycle,12,H1_newmark_penry_66_7_any,strict_herzog,True,267,257,2.0,0.007782101167315175,0.00213673352769031,0.02792543088492497,0.03745318352059923,,
window_false_positive,cycle_regularity:SD cycle length <2 days,population,full,full_diary,H1_newmark_penry_66_7_any,strict_herzog,True,267,262,2.0,0.007633587786259542,0.0020959073646118157,0.02740084177105654,0.01872659176029967,,
window_false_positive,cycle_regularity:SD cycle length <2 days,healthy_ovulatory,calendar,1,H2_duncan1993_any,strict_herzog,True,476,365,62.0,0.16986301369863013,0.13482504536683873,0.21177769075031241,0.23319327731092432,,
window_false_positive,cycle_regularity:SD cycle length <2 days,healthy_ovulatory,calendar,3,H2_duncan1993_any,strict_herzog,True,476,422,23.0,0.054502369668246446,0.03658914530309519,0.08045314306103635,0.11344537815126055,,
window_false_positive,cycle_regularity:SD cycle length <2 days,healthy_ovulatory,calendar,4,H2_duncan1993_any,strict_herzog,True,476,444,26.0,0.05855855855855856,0.04027198939102658,0.08441825024811281,0.0672268907563025,,
window_false_positive,cycle_regularity:SD cycle length <2 days,healthy_ovulatory,calendar,6,H2_duncan1993_any,strict_herzog,True,476,442,15.0,0.033936651583710405,0.020672082669995737,0.05523260979671424,0.0714285714285714,,
window_false_positive,cycle_regularity:SD cycle length <2 days,healthy_ovulatory,calendar,12,H2_duncan1993_any,strict_herzog,True,476,456,10.0,0.021929824561403508,0.011954616861483023,0.03989251080255524,0.04201680672268904,,
window_false_positive,cycle_regularity:SD cycle length <2 days,healthy_ovulatory,cycle,3,H2_duncan1993_any,strict_herzog,True,476,422,30.0,0.07109004739336493,0.05024735880445884,0.09967101456739123,0.11344537815126055,,
window_false_positive,cycle_regularity:SD cycle length <2 days,healthy_ovulatory,cycle,6,H2_duncan1993_any,strict_herzog,True,476,450,18.0,0.04,0.02544935013681325,0.06233782321711977,0.054621848739495826,,
window_false_positive,cycle_regularity:SD cycle length <2 days,healthy_ovulatory,cycle,12,H2_duncan1993_any,strict_herzog,True,476,457,8.0,0.0175054704595186,0.008896394556575836,0.03415845313761592,0.03991596638655459,,
window_false_positive,cycle_regularity:SD cycle length <2 days,healthy_ovulatory,full,full_diary,H2_duncan1993_any,strict_herzog,True,476,472,6.0,0.012711864406779662,0.0058386314441301705,0.027452832607688566,0.008403361344537785,,
window_false_positive,cycle_regularity:SD cycle length <2 days,population,calendar,1,H2_duncan1993_any,strict_herzog,True,267,203,33.0,0.1625615763546798,0.11815720182414184,0.21949976123778475,0.23970037453183524,,
window_false_positive,cycle_regularity:SD cycle length <2 days,population,calendar,3,H2_duncan1993_any,strict_herzog,True,267,243,14.0,0.05761316872427984,0.03462566189514681,0.09436992487872567,0.0898876404494382,,
window_false_positive,cycle_regularity:SD cycle length <2 days,population,calendar,4,H2_duncan1993_any,strict_herzog,True,267,247,14.0,0.05668016194331984,0.034059948648460056,0.09287863227988226,0.07490636704119846,,
window_false_positive,cycle_regularity:SD cycle length <2 days,population,calendar,6,H2_duncan1993_any,strict_herzog,True,267,254,16.0,0.06299212598425197,0.03914235413824177,0.0998634480497558,0.048689138576779034,,
window_false_positive,cycle_regularity:SD cycle length <2 days,population,calendar,12,H2_duncan1993_any,strict_herzog,True,267,256,6.0,0.0234375,0.010784867555857603,0.0501809956000511,0.041198501872659166,,
window_false_positive,cycle_regularity:SD cycle length <2 days,population,cycle,3,H2_duncan1993_any,strict_herzog,True,267,233,9.0,0.03862660944206009,0.020452414193310592,0.07176733031193529,0.12734082397003743,,
window_false_positive,cycle_regularity:SD cycle length <2 days,population,cycle,6,H2_duncan1993_any,strict_herzog,True,267,252,12.0,0.047619047619047616,0.027446934423204537,0.08137615839775514,0.0561797752808989,,
window_false_positive,cycle_regularity:SD cycle length <2 days,population,cycle,12,H2_duncan1993_any,strict_herzog,True,267,257,5.0,0.019455252918287938,0.008338048936670658,0.044726593790269956,0.03745318352059923,,
window_false_positive,cycle_regularity:SD cycle length <2 days,population,full,full_diary,H2_duncan1993_any,strict_herzog,True,267,262,3.0,0.011450381679389313,0.003901661319972485,0.03311836883014806,0.01872659176029967,,
window_false_positive,cycle_regularity:SD cycle length <2 days,healthy_ovulatory,calendar,1,H3_herzog1997_twofold_any,strict_herzog,True,476,365,178.0,0.4876712328767123,0.4367882010930398,0.5388110712100903,0.23319327731092432,,
window_false_positive,cycle_regularity:SD cycle length <2 days,healthy_ovulatory,calendar,3,H3_herzog1997_twofold_any,strict_herzog,True,476,422,144.0,0.3412322274881517,0.29761029421409757,0.3877186064263112,0.11344537815126055,,
window_false_positive,cycle_regularity:SD cycle length <2 days,healthy_ovulatory,calendar,4,H3_herzog1997_twofold_any,strict_herzog,True,476,444,149.0,0.3355855855855856,0.2932403695828013,0.380751403344021,0.0672268907563025,,
window_false_positive,cycle_regularity:SD cycle length <2 days,healthy_ovulatory,calendar,6,H3_herzog1997_twofold_any,strict_herzog,True,476,442,125.0,0.2828054298642534,0.24283072501369152,0.3265229180775908,0.0714285714285714,,
window_false_positive,cycle_regularity:SD cycle length <2 days,healthy_ovulatory,calendar,12,H3_herzog1997_twofold_any,strict_herzog,True,476,456,98.0,0.2149122807017544,0.17967499367080997,0.2549127430095798,0.04201680672268904,,
window_false_positive,cycle_regularity:SD cycle length <2 days,healthy_ovulatory,cycle,3,H3_herzog1997_twofold_any,strict_herzog,True,476,422,166.0,0.3933649289099526,0.34792034784457104,0.44073339139152434,0.11344537815126055,,
window_false_positive,cycle_regularity:SD cycle length <2 days,healthy_ovulatory,cycle,6,H3_herzog1997_twofold_any,strict_herzog,True,476,450,131.0,0.2911111111111111,0.2510477776678763,0.3347106488793203,0.054621848739495826,,
window_false_positive,cycle_regularity:SD cycle length <2 days,healthy_ovulatory,cycle,12,H3_herzog1997_twofold_any,strict_herzog,True,476,457,95.0,0.20787746170678337,0.17318395007907617,0.24744109376298556,0.03991596638655459,,
window_false_positive,cycle_regularity:SD cycle length <2 days,healthy_ovulatory,full,full_diary,H3_herzog1997_twofold_any,strict_herzog,True,476,472,39.0,0.0826271186440678,0.0610309036920217,0.11096221986540562,0.008403361344537785,,
window_false_positive,cycle_regularity:SD cycle length <2 days,population,calendar,1,H3_herzog1997_twofold_any,strict_herzog,True,267,203,99.0,0.4876847290640394,0.419794180293083,0.5560327161690312,0.23970037453183524,,
window_false_positive,cycle_regularity:SD cycle length <2 days,population,calendar,3,H3_herzog1997_twofold_any,strict_herzog,True,267,243,93.0,0.38271604938271603,0.32387930056472447,0.44520325034741837,0.0898876404494382,,
window_false_positive,cycle_regularity:SD cycle length <2 days,population,calendar,4,H3_herzog1997_twofold_any,strict_herzog,True,267,247,79.0,0.31983805668016196,0.264812088064622,0.38038212975557195,0.07490636704119846,,
window_false_positive,cycle_regularity:SD cycle length <2 days,population,calendar,6,H3_herzog1997_twofold_any,strict_herzog,True,267,254,76.0,0.2992125984251969,0.24623137803127337,0.35817669324429313,0.048689138576779034,,
window_false_positive,cycle_regularity:SD cycle length <2 days,population,calendar,12,H3_herzog1997_twofold_any,strict_herzog,True,267,256,64.0,0.25,0.20091686568173925,0.3064750625311965,0.041198501872659166,,
window_false_positive,cycle_regularity:SD cycle length <2 days,population,cycle,3,H3_herzog1997_twofold_any,strict_herzog,True,267,233,96.0,0.41201716738197425,0.3507436051740888,0.47614481121993485,0.12734082397003743,,
window_false_positive,cycle_regularity:SD cycle length <2 days,population,cycle,6,H3_herzog1997_twofold_any,strict_herzog,True,267,252,82.0,0.3253968253968254,0.27054787976395683,0.38548910343009785,0.0561797752808989,,
window_false_positive,cycle_regularity:SD cycle length <2 days,population,cycle,12,H3_herzog1997_twofold_any,strict_herzog,True,267,257,74.0,0.28793774319066145,0.23602209740482666,0.3460995465515965,0.03745318352059923,,
window_false_positive,cycle_regularity:SD cycle length <2 days,population,full,full_diary,H3_herzog1997_twofold_any,strict_herzog,True,267,262,86.0,0.3282442748091603,0.27422462254686947,0.3872277318027823,0.01872659176029967,,
window_false_positive,cycle_regularity:SD cycle length <2 days,healthy_ovulatory,calendar,1,H4_reddy2007_any_phase2x_any,strict_herzog,True,476,365,344.0,0.9424657534246575,0.913650564322678,0.9620644407983185,0.23319327731092432,,
window_false_positive,cycle_regularity:SD cycle length <2 days,healthy_ovulatory,calendar,3,H4_reddy2007_any_phase2x_any,strict_herzog,True,476,422,322.0,0.7630331753554502,0.7202039308500114,0.8011168457009534,0.11344537815126055,,
window_false_positive,cycle_regularity:SD cycle length <2 days,healthy_ovulatory,calendar,4,H4_reddy2007_any_phase2x_any,strict_herzog,True,476,444,306.0,0.6891891891891891,0.6446706298789456,0.730462124561423,0.0672268907563025,,
window_false_positive,cycle_regularity:SD cycle length <2 days,healthy_ovulatory,calendar,6,H4_reddy2007_any_phase2x_any,strict_herzog,True,476,442,252.0,0.5701357466063348,0.5235745969681628,0.6154882891169439,0.0714285714285714,,
window_false_positive,cycle_regularity:SD cycle length <2 days,healthy_ovulatory,calendar,12,H4_reddy2007_any_phase2x_any,strict_herzog,True,476,456,155.0,0.3399122807017544,0.2979349264193023,0.38456434110122417,0.04201680672268904,,
window_false_positive,cycle_regularity:SD cycle length <2 days,healthy_ovulatory,cycle,3,H4_reddy2007_any_phase2x_any,strict_herzog,True,476,422,299.0,0.7085308056872038,0.6634468769052859,0.7498524774774611,0.11344537815126055,,
window_false_positive,cycle_regularity:SD cycle length <2 days,healthy_ovulatory,cycle,6,H4_reddy2007_any_phase2x_any,strict_herzog,True,476,450,250.0,0.5555555555555556,0.5093668685715443,0.6008037626659034,0.054621848739495826,,
window_false_positive,cycle_regularity:SD cycle length <2 days,healthy_ovulatory,cycle,12,H4_reddy2007_any_phase2x_any,strict_herzog,True,476,457,168.0,0.3676148796498906,0.3246836017222834,0.4127532158990256,0.03991596638655459,,
window_false_positive,cycle_regularity:SD cycle length <2 days,healthy_ovulatory,full,full_diary,H4_reddy2007_any_phase2x_any,strict_herzog,True,476,472,67.0,0.1419491525423729,0.11334935934962856,0.17633002075801216,0.008403361344537785,,
window_false_positive,cycle_regularity:SD cycle length <2 days,population,calendar,1,H4_reddy2007_any_phase2x_any,strict_herzog,True,267,203,195.0,0.9605911330049262,0.9241761225881618,0.9798979497287706,0.23970037453183524,,
window_false_positive,cycle_regularity:SD cycle length <2 days,population,calendar,3,H4_reddy2007_any_phase2x_any,strict_herzog,True,267,243,181.0,0.7448559670781894,0.6865284782890443,0.7955623364733241,0.0898876404494382,,
window_false_positive,cycle_regularity:SD cycle length <2 days,population,calendar,4,H4_reddy2007_any_phase2x_any,strict_herzog,True,267,247,171.0,0.6923076923076923,0.6321709504952483,0.7465543226180279,0.07490636704119846,,
window_false_positive,cycle_regularity:SD cycle length <2 days,population,calendar,6,H4_reddy2007_any_phase2x_any,strict_herzog,True,267,254,137.0,0.5393700787401575,0.47794041362940853,0.5996266312185197,0.048689138576779034,,
window_false_positive,cycle_regularity:SD cycle length <2 days,population,calendar,12,H4_reddy2007_any_phase2x_any,strict_herzog,True,267,256,83.0,0.32421875,0.2698445830530154,0.38379036647170506,0.041198501872659166,,
window_false_positive,cycle_regularity:SD cycle length <2 days,population,cycle,3,H4_reddy2007_any_phase2x_any,strict_herzog,True,267,233,167.0,0.7167381974248928,0.6557308720215215,0.7707147363736887,0.12734082397003743,,
window_false_positive,cycle_regularity:SD cycle length <2 days,population,cycle,6,H4_reddy2007_any_phase2x_any,strict_herzog,True,267,252,138.0,0.5476190476190477,0.4859104993666562,0.6078975961258745,0.0561797752808989,,
window_false_positive,cycle_regularity:SD cycle length <2 days,population,cycle,12,H4_reddy2007_any_phase2x_any,strict_herzog,True,267,257,81.0,0.3151750972762646,0.26145132325710196,0.37434277009941364,0.03745318352059923,,
window_false_positive,cycle_regularity:SD cycle length <2 days,population,full,full_diary,H4_reddy2007_any_phase2x_any,strict_herzog,True,267,262,36.0,0.13740458015267176,0.10092898428785657,0.18435931933918603,0.01872659176029967,,
window_false_positive,cycle_regularity:SD cycle length >=4 days,healthy_ovulatory,calendar,1,A_exact_any,strict_herzog,False,9105,0,0.0,,,,1.0,,
window_false_positive,cycle_regularity:SD cycle length >=4 days,healthy_ovulatory,calendar,3,A_exact_any,strict_herzog,False,9105,0,0.0,,,,1.0,,
window_false_positive,cycle_regularity:SD cycle length >=4 days,healthy_ovulatory,calendar,4,A_exact_any,strict_herzog,False,9105,0,0.0,,,,1.0,,
window_false_positive,cycle_regularity:SD cycle length >=4 days,healthy_ovulatory,calendar,6,A_exact_any,strict_herzog,False,9105,0,0.0,,,,1.0,,
window_false_positive,cycle_regularity:SD cycle length >=4 days,healthy_ovulatory,calendar,12,A_exact_any,strict_herzog,False,9105,0,0.0,,,,1.0,,
window_false_positive,cycle_regularity:SD cycle length >=4 days,healthy_ovulatory,cycle,3,A_exact_any,strict_herzog,False,9105,3026,1457.0,0.4814937210839392,0.4637257553599483,0.49930861408735805,0.6676551345414607,,
window_false_positive,cycle_regularity:SD cycle length >=4 days,healthy_ovulatory,cycle,6,A_exact_any,strict_herzog,False,9105,0,0.0,,,,1.0,,
window_false_positive,cycle_regularity:SD cycle length >=4 days,healthy_ovulatory,cycle,12,A_exact_any,strict_herzog,False,9105,0,0.0,,,,1.0,,
window_false_positive,cycle_regularity:SD cycle length >=4 days,healthy_ovulatory,full,full_diary,A_exact_any,strict_herzog,False,9105,0,0.0,,,,1.0,,
window_false_positive,cycle_regularity:SD cycle length >=4 days,population,calendar,1,A_exact_any,strict_herzog,False,24806,0,0.0,,,,1.0,,
window_false_positive,cycle_regularity:SD cycle length >=4 days,population,calendar,3,A_exact_any,strict_herzog,False,24806,0,0.0,,,,1.0,,
window_false_positive,cycle_regularity:SD cycle length >=4 days,population,calendar,4,A_exact_any,strict_herzog,False,24806,0,0.0,,,,1.0,,
window_false_positive,cycle_regularity:SD cycle length >=4 days,population,calendar,6,A_exact_any,strict_herzog,False,24806,0,0.0,,,,1.0,,
window_false_positive,cycle_regularity:SD cycle length >=4 days,population,calendar,12,A_exact_any,strict_herzog,False,24806,0,0.0,,,,1.0,,
window_false_positive,cycle_regularity:SD cycle length >=4 days,population,cycle,3,A_exact_any,strict_herzog,False,24806,4569,2503.0,0.5478222805865616,0.5333565986196082,0.5622076154331351,0.8158106909618641,,
window_false_positive,cycle_regularity:SD cycle length >=4 days,population,cycle,6,A_exact_any,strict_herzog,False,24806,0,0.0,,,,1.0,,
window_false_positive,cycle_regularity:SD cycle length >=4 days,population,cycle,12,A_exact_any,strict_herzog,False,24806,0,0.0,,,,1.0,,
window_false_positive,cycle_regularity:SD cycle length >=4 days,population,full,full_diary,A_exact_any,strict_herzog,False,24806,0,0.0,,,,1.0,,
window_false_positive,cycle_regularity:SD cycle length >=4 days,healthy_ovulatory,calendar,1,A_windowed_any,strict_herzog,False,9105,7007,3388.0,0.4835164835164835,0.47182790846242345,0.49522312223669923,0.23042284459088413,,
window_false_positive,cycle_regularity:SD cycle length >=4 days,healthy_ovulatory,calendar,3,A_windowed_any,strict_herzog,False,9105,8242,3383.0,0.41045862654695464,0.3998827547618619,0.4211179269307141,0.09478308621636466,,
window_false_positive,cycle_regularity:SD cycle length >=4 days,healthy_ovulatory,calendar,4,A_windowed_any,strict_herzog,False,9105,8442,3202.0,0.3792940061596778,0.3690007339233842,0.3896970808607724,0.0728171334431631,,
window_false_positive,cycle_regularity:SD cycle length >=4 days,healthy_ovulatory,calendar,6,A_windowed_any,strict_herzog,False,9105,8641,2951.0,0.3415113991436176,0.33158511601553964,0.3515785356202825,0.050961010433827614,,
window_false_positive,cycle_regularity:SD cycle length >=4 days,healthy_ovulatory,calendar,12,A_windowed_any,strict_herzog,False,9105,8886,2262.0,0.25455773126266035,0.24560790364311078,0.2637196788334103,0.024052718286655672,,
window_false_positive,cycle_regularity:SD cycle length >=4 days,healthy_ovulatory,cycle,3,A_windowed_any,strict_herzog,False,9105,8191,3335.0,0.4071541936271518,0.3965604074045821,0.41783502566839836,0.100384404173531,,
window_false_positive,cycle_regularity:SD cycle length >=4 days,healthy_ovulatory,cycle,6,A_windowed_any,strict_herzog,False,9105,8640,2886.0,0.33402777777777776,0.324158342576896,0.34404473430007276,0.05107084019769359,,
window_false_positive,cycle_regularity:SD cycle length >=4 days,healthy_ovulatory,cycle,12,A_windowed_any,strict_herzog,False,9105,8867,2205.0,0.24867486184729898,0.23978815374883117,0.25777923930065283,0.026139483800109775,,
window_false_positive,cycle_regularity:SD cycle length >=4 days,healthy_ovulatory,full,full_diary,A_windowed_any,strict_herzog,False,9105,9021,1010.0,0.11196097993570557,0.10561859889435395,0.11863370160923363,0.009225700164744666,,
window_false_positive,cycle_regularity:SD cycle length >=4 days,population,calendar,1,A_windowed_any,strict_herzog,False,24806,18853,10466.0,0.5551371134567443,0.5480329232264892,0.5622188389543666,0.2399822623558816,,
window_false_positive,cycle_regularity:SD cycle length >=4 days,population,calendar,3,A_windowed_any,strict_herzog,False,24806,22526,13025.0,0.5782207227204119,0.5717588753754111,0.5846558959597999,0.09191324679513024,,
window_false_positive,cycle_regularity:SD cycle length >=4 days,population,calendar,4,A_windowed_any,strict_herzog,False,24806,22993,12982.0,0.5646066194059062,0.558187738769444,0.5710039158897413,0.07308715633314522,,
window_false_positive,cycle_regularity:SD cycle length >=4 days,population,calendar,6,A_windowed_any,strict_herzog,False,24806,23516,12637.0,0.537378805919374,0.5310005782694948,0.5437448235257497,0.052003547528823635,,
window_false_positive,cycle_regularity:SD cycle length >=4 days,population,calendar,12,A_windowed_any,strict_herzog,False,24806,24172,11184.0,0.46268409730266424,0.4564048915573488,0.46897516178752446,0.02555833266145291,,
window_false_positive,cycle_regularity:SD cycle length >=4 days,population,cycle,3,A_windowed_any,strict_herzog,False,24806,22613,12742.0,0.5634811833900853,0.5570068094821032,0.5699339928057554,0.08840603079900022,,
window_false_positive,cycle_regularity:SD cycle length >=4 days,population,cycle,6,A_windowed_any,strict_herzog,False,24806,23622,12420.0,0.5257810515621031,0.5194096894709436,0.5321440298800876,0.047730387809400976,,
window_false_positive,cycle_regularity:SD cycle length >=4 days,population,cycle,12,A_windowed_any,strict_herzog,False,24806,24194,10902.0,0.45060758865834505,0.4443463947859188,0.45688446483157036,0.024671450455534982,,
window_false_positive,cycle_regularity:SD cycle length >=4 days,population,full,full_diary,A_windowed_any,strict_herzog,False,24806,24603,8037.0,0.3266674795756615,0.32083460771340166,0.3325544705121317,0.008183503990969898,,
window_false_positive,cycle_regularity:SD cycle length >=4 days,healthy_ovulatory,calendar,1,A_windowed_excluding_C3,strict_herzog,False,9105,7007,3388.0,0.4835164835164835,0.47182790846242345,0.49522312223669923,0.23042284459088413,,
window_false_positive,cycle_regularity:SD cycle length >=4 days,healthy_ovulatory,calendar,3,A_windowed_excluding_C3,strict_herzog,False,9105,8242,3383.0,0.41045862654695464,0.3998827547618619,0.4211179269307141,0.09478308621636466,,
window_false_positive,cycle_regularity:SD cycle length >=4 days,healthy_ovulatory,calendar,4,A_windowed_excluding_C3,strict_herzog,False,9105,8442,3202.0,0.3792940061596778,0.3690007339233842,0.3896970808607724,0.0728171334431631,,
window_false_positive,cycle_regularity:SD cycle length >=4 days,healthy_ovulatory,calendar,6,A_windowed_excluding_C3,strict_herzog,False,9105,8641,2951.0,0.3415113991436176,0.33158511601553964,0.3515785356202825,0.050961010433827614,,
window_false_positive,cycle_regularity:SD cycle length >=4 days,healthy_ovulatory,calendar,12,A_windowed_excluding_C3,strict_herzog,False,9105,8886,2262.0,0.25455773126266035,0.24560790364311078,0.2637196788334103,0.024052718286655672,,
window_false_positive,cycle_regularity:SD cycle length >=4 days,healthy_ovulatory,cycle,3,A_windowed_excluding_C3,strict_herzog,False,9105,8191,3335.0,0.4071541936271518,0.3965604074045821,0.41783502566839836,0.100384404173531,,
window_false_positive,cycle_regularity:SD cycle length >=4 days,healthy_ovulatory,cycle,6,A_windowed_excluding_C3,strict_herzog,False,9105,8640,2886.0,0.33402777777777776,0.324158342576896,0.34404473430007276,0.05107084019769359,,
window_false_positive,cycle_regularity:SD cycle length >=4 days,healthy_ovulatory,cycle,12,A_windowed_excluding_C3,strict_herzog,False,9105,8867,2205.0,0.24867486184729898,0.23978815374883117,0.25777923930065283,0.026139483800109775,,
window_false_positive,cycle_regularity:SD cycle length >=4 days,healthy_ovulatory,full,full_diary,A_windowed_excluding_C3,strict_herzog,False,9105,9021,1010.0,0.11196097993570557,0.10561859889435395,0.11863370160923363,0.009225700164744666,,
window_false_positive,cycle_regularity:SD cycle length >=4 days,population,calendar,1,A_windowed_excluding_C3,strict_herzog,False,24806,18853,9197.0,0.4878268710550045,0.48069499295525614,0.4949637089009184,0.2399822623558816,,
window_false_positive,cycle_regularity:SD cycle length >=4 days,population,calendar,3,A_windowed_excluding_C3,strict_herzog,False,24806,22526,9640.0,0.4279499245316523,0.4215014539108777,0.434422965001127,0.09191324679513024,,
window_false_positive,cycle_regularity:SD cycle length >=4 days,population,calendar,4,A_windowed_excluding_C3,strict_herzog,False,24806,22993,9207.0,0.4004262166746401,0.39411001637139986,0.4067756831626258,0.07308715633314522,,
window_false_positive,cycle_regularity:SD cycle length >=4 days,population,calendar,6,A_windowed_excluding_C3,strict_herzog,False,24806,23516,8264.0,0.3514203095764586,0.34534317778472035,0.35754597594385307,0.052003547528823635,,
window_false_positive,cycle_regularity:SD cycle length >=4 days,population,calendar,12,A_windowed_excluding_C3,strict_herzog,False,24806,24172,6177.0,0.2555436041701142,0.25008425079028884,0.2610806441264034,0.02555833266145291,,
window_false_positive,cycle_regularity:SD cycle length >=4 days,population,cycle,3,A_windowed_excluding_C3,strict_herzog,False,24806,22613,9234.0,0.40834917967540796,0.4019588196606029,0.41477067337904405,0.08840603079900022,,
window_false_positive,cycle_regularity:SD cycle length >=4 days,population,cycle,6,A_windowed_excluding_C3,strict_herzog,False,24806,23622,7926.0,0.33553467106934215,0.3295404821705103,0.3415823426591183,0.047730387809400976,,
window_false_positive,cycle_regularity:SD cycle length >=4 days,population,cycle,12,A_windowed_excluding_C3,strict_herzog,False,24806,24194,5892.0,0.24353145407952384,0.23816406476971397,0.24898027324411087,0.024671450455534982,,
window_false_positive,cycle_regularity:SD cycle length >=4 days,population,full,full_diary,A_windowed_excluding_C3,strict_herzog,False,24806,24603,2951.0,0.11994472218835102,0.11594418432424956,0.12406392353079808,0.008183503990969898,,
window_false_positive,cycle_regularity:SD cycle length >=4 days,healthy_ovulatory,calendar,1,A_windowed_C1_only,strict_herzog,False,9105,6163,1940.0,0.31478176212883335,0.3033051631951187,0.326489113949054,0.3231191652937946,,
window_false_positive,cycle_regularity:SD cycle length >=4 days,healthy_ovulatory,calendar,3,A_windowed_C1_only,strict_herzog,False,9105,7945,2219.0,0.27929515418502204,0.26953829349216385,0.2892653361728432,0.12740252608456892,,
window_false_positive,cycle_regularity:SD cycle length >=4 days,healthy_ovulatory,calendar,4,A_windowed_C1_only,strict_herzog,False,9105,8198,2070.0,0.25250060990485484,0.24321362506256414,0.2620194350527575,0.09961559582646895,,
window_false_positive,cycle_regularity:SD cycle length >=4 days,healthy_ovulatory,calendar,6,A_windowed_C1_only,strict_herzog,False,9105,8456,1935.0,0.22883159886471144,0.22000230685629993,0.23790715606650867,0.07127951674903898,,
window_false_positive,cycle_regularity:SD cycle length >=4 days,healthy_ovulatory,calendar,12,A_windowed_C1_only,strict_herzog,False,9105,8793,1525.0,0.17343341294211304,0.1656626668781782,0.18148937321668696,0.034266886326194346,,
window_false_positive,cycle_regularity:SD cycle length >=4 days,healthy_ovulatory,cycle,3,A_windowed_C1_only,strict_herzog,False,9105,7889,2100.0,0.26619343389529726,0.25655619906289856,0.2760582568023798,0.13355299286106537,,
window_false_positive,cycle_regularity:SD cycle length >=4 days,healthy_ovulatory,cycle,6,A_windowed_C1_only,strict_herzog,False,9105,8470,1931.0,0.22798110979929162,0.21917110844735685,0.23703774058611374,0.06974190005491487,,
window_false_positive,cycle_regularity:SD cycle length >=4 days,healthy_ovulatory,cycle,12,A_windowed_C1_only,strict_herzog,False,9105,8784,1491.0,0.16974043715846995,0.16203461698514265,0.1777349922883258,0.035255354200988465,,
window_false_positive,cycle_regularity:SD cycle length >=4 days,healthy_ovulatory,full,full_diary,A_windowed_C1_only,strict_herzog,False,9105,8994,702.0,0.0780520346897932,0.07268651419277124,0.08377784064875247,0.0121911037891268,,
window_false_positive,cycle_regularity:SD cycle length >=4 days,population,calendar,1,A_windowed_C1_only,strict_herzog,False,24806,15775,5016.0,0.3179714738510301,0.3107494791863332,0.32528210050930106,0.36406514552930747,,
window_false_positive,cycle_regularity:SD cycle length >=4 days,population,calendar,3,A_windowed_C1_only,strict_herzog,False,24806,21366,6113.0,0.2861087709444913,0.28008770619679746,0.2922067341895471,0.1386761267435298,,
window_false_positive,cycle_regularity:SD cycle length >=4 days,population,calendar,4,A_windowed_C1_only,strict_herzog,False,24806,22070,5968.0,0.2704123244222927,0.26459263527703414,0.27631192277620586,0.11029589615415625,,
window_false_positive,cycle_regularity:SD cycle length >=4 days,population,calendar,6,A_windowed_C1_only,strict_herzog,False,24806,22868,5523.0,0.241516529648417,0.23601295429379535,0.24710693260797575,0.07812625977586063,,
window_false_positive,cycle_regularity:SD cycle length >=4 days,population,calendar,12,A_windowed_C1_only,strict_herzog,False,24806,23813,4238.0,0.17797001637760887,0.1731640625910768,0.18287985169043425,0.040030637748931674,,
window_false_positive,cycle_regularity:SD cycle length >=4 days,population,cycle,3,A_windowed_C1_only,strict_herzog,False,24806,21626,5922.0,0.27383704799778047,0.26793436835482687,0.27982006069990484,0.12819479158268166,,
window_false_positive,cycle_regularity:SD cycle length >=4 days,population,cycle,6,A_windowed_C1_only,strict_herzog,False,24806,23092,5300.0,0.2295167157457128,0.2241381386377139,0.23498527012516138,0.0690961864065146,,
window_false_positive,cycle_regularity:SD cycle length >=4 days,population,cycle,12,A_windowed_C1_only,strict_herzog,False,24806,23883,4085.0,0.17104216388225935,0.16631962879454026,0.17587050433427243,0.03720873982101103,,
window_false_positive,cycle_regularity:SD cycle length >=4 days,population,full,full_diary,A_windowed_C1_only,strict_herzog,False,24806,24490,2157.0,0.08807676602694978,0.08459158981492484,0.09169114909640086,0.01273885350318471,,
window_false_positive,cycle_regularity:SD cycle length >=4 days,healthy_ovulatory,calendar,1,A_windowed_C2_only,strict_herzog,False,9105,6494,2142.0,0.3298429319371728,0.31851152639388824,0.3413755277908568,0.286765513454146,,
window_false_positive,cycle_regularity:SD cycle length >=4 days,healthy_ovulatory,calendar,3,A_windowed_C2_only,strict_herzog,False,9105,8045,2059.0,0.2559353635798633,0.24651764700299414,0.265586048902655,0.1164195496979682,,
window_false_positive,cycle_regularity:SD cycle length >=4 days,healthy_ovulatory,calendar,4,A_windowed_C2_only,strict_herzog,False,9105,8295,1910.0,0.23025919228450875,0.22132544707933807,0.2394426586610601,0.08896210873146626,,
window_false_positive,cycle_regularity:SD cycle length >=4 days,healthy_ovulatory,calendar,6,A_windowed_C2_only,strict_herzog,False,9105,8545,1728.0,0.20222352252779402,0.1938419398869767,0.21087271946032346,0.06150466776496433,,
window_false_positive,cycle_regularity:SD cycle length >=4 days,healthy_ovulatory,calendar,12,A_windowed_C2_only,strict_herzog,False,9105,8826,1244.0,0.1409472014502606,0.13384384786001283,0.1483629698322159,0.030642504118616132,,
window_false_positive,cycle_regularity:SD cycle length >=4 days,healthy_ovulatory,cycle,3,A_windowed_C2_only,strict_herzog,False,9105,8003,2092.0,0.2614019742596526,0.2518913148851384,0.2711415789668038,0.12103239978034053,,
window_false_positive,cycle_regularity:SD cycle length >=4 days,healthy_ovulatory,cycle,6,A_windowed_C2_only,strict_herzog,False,9105,8522,1699.0,0.19936634592818586,0.19102020304871423,0.20798339973364874,0.06403075233388245,,
window_false_positive,cycle_regularity:SD cycle length >=4 days,healthy_ovulatory,cycle,12,A_windowed_C2_only,strict_herzog,False,9105,8816,1189.0,0.13486842105263158,0.12789692068842082,0.14215798562042478,0.03174080175727623,,
window_false_positive,cycle_regularity:SD cycle length >=4 days,healthy_ovulatory,full,full_diary,A_windowed_C2_only,strict_herzog,False,9105,8998,507.0,0.056345854634363195,0.05176798891303158,0.061302371576747436,0.011751784733662785,,
window_false_positive,cycle_regularity:SD cycle length >=4 days,population,calendar,1,A_windowed_C2_only,strict_herzog,False,24806,17492,6063.0,0.34661559570089184,0.33959756966788895,0.3537009771536656,0.2948480206401677,,
window_false_positive,cycle_regularity:SD cycle length >=4 days,population,calendar,3,A_windowed_C2_only,strict_herzog,False,24806,22082,6117.0,0.2770129517253872,0.2711495111793588,0.2829539619275315,0.10981214222365554,,
window_false_positive,cycle_regularity:SD cycle length >=4 days,population,calendar,4,A_windowed_C2_only,strict_herzog,False,24806,22639,5702.0,0.25186624850920974,0.246254170110771,0.25756252089806353,0.08735789728291543,,
window_false_positive,cycle_regularity:SD cycle length >=4 days,population,calendar,6,A_windowed_C2_only,strict_herzog,False,24806,23257,4850.0,0.2085393644924109,0.2033663922413397,0.21380860445857205,0.062444569862130095,,
window_false_positive,cycle_regularity:SD cycle length >=4 days,population,calendar,12,A_windowed_C2_only,strict_herzog,False,24806,24020,3349.0,0.1394254787676936,0.13510257365414063,0.14386369701112045,0.03168588244779491,,
window_false_positive,cycle_regularity:SD cycle length >=4 days,population,cycle,3,A_windowed_C2_only,strict_herzog,False,24806,22124,5845.0,0.264192731874887,0.2584242615270442,0.2700430759031616,0.10811900346690317,,
window_false_positive,cycle_regularity:SD cycle length >=4 days,population,cycle,6,A_windowed_C2_only,strict_herzog,False,24806,23372,4614.0,0.19741571110730788,0.19236248670176015,0.2025683856299877,0.057808594694831905,,
window_false_positive,cycle_regularity:SD cycle length >=4 days,population,cycle,12,A_windowed_C2_only,strict_herzog,False,24806,24062,3150.0,0.1309118111545175,0.12670875593161388,0.13523269621362946,0.029992743691042545,,
window_false_positive,cycle_regularity:SD cycle length >=4 days,population,full,full_diary,A_windowed_C2_only,strict_herzog,False,24806,24558,1373.0,0.05590846160110758,0.053103893809705004,0.05885194074899277,0.009997581230347552,,
window_false_positive,cycle_regularity:SD cycle length >=4 days,healthy_ovulatory,calendar,1,A_windowed_C3_only,strict_herzog,False,9105,0,0.0,,,,1.0,,
window_false_positive,cycle_regularity:SD cycle length >=4 days,healthy_ovulatory,calendar,3,A_windowed_C3_only,strict_herzog,False,9105,0,0.0,,,,1.0,,
window_false_positive,cycle_regularity:SD cycle length >=4 days,healthy_ovulatory,calendar,4,A_windowed_C3_only,strict_herzog,False,9105,0,0.0,,,,1.0,,
window_false_positive,cycle_regularity:SD cycle length >=4 days,healthy_ovulatory,calendar,6,A_windowed_C3_only,strict_herzog,False,9105,0,0.0,,,,1.0,,
window_false_positive,cycle_regularity:SD cycle length >=4 days,healthy_ovulatory,calendar,12,A_windowed_C3_only,strict_herzog,False,9105,0,0.0,,,,1.0,,
window_false_positive,cycle_regularity:SD cycle length >=4 days,healthy_ovulatory,cycle,3,A_windowed_C3_only,strict_herzog,False,9105,0,0.0,,,,1.0,,
window_false_positive,cycle_regularity:SD cycle length >=4 days,healthy_ovulatory,cycle,6,A_windowed_C3_only,strict_herzog,False,9105,0,0.0,,,,1.0,,
window_false_positive,cycle_regularity:SD cycle length >=4 days,healthy_ovulatory,cycle,12,A_windowed_C3_only,strict_herzog,False,9105,0,0.0,,,,1.0,,
window_false_positive,cycle_regularity:SD cycle length >=4 days,healthy_ovulatory,full,full_diary,A_windowed_C3_only,strict_herzog,False,9105,0,0.0,,,,1.0,,
window_false_positive,cycle_regularity:SD cycle length >=4 days,population,calendar,1,A_windowed_C3_only,strict_herzog,False,24806,6778,4008.0,0.5913248745942756,0.5795732843378999,0.6029730060047939,0.7267596549221962,,
window_false_positive,cycle_regularity:SD cycle length >=4 days,population,calendar,3,A_windowed_C3_only,strict_herzog,False,24806,13651,7431.0,0.5443557248553219,0.5359899171727893,0.552696575720742,0.44968959122792873,,
window_false_positive,cycle_regularity:SD cycle length >=4 days,population,calendar,4,A_windowed_C3_only,strict_herzog,False,24806,15251,7930.0,0.5199659038751557,0.5120328000737818,0.5278889520888971,0.38518906716117074,,
window_false_positive,cycle_regularity:SD cycle length >=4 days,population,calendar,6,A_windowed_C3_only,strict_herzog,False,24806,17157,8211.0,0.4785801713586291,0.4711110192142439,0.48605891317143113,0.30835281786664515,,
window_false_positive,cycle_regularity:SD cycle length >=4 days,population,calendar,12,A_windowed_C3_only,strict_herzog,False,24806,19740,7991.0,0.40481256332320165,0.3979842822098515,0.4116778847074639,0.2042247843263727,,
window_false_positive,cycle_regularity:SD cycle length >=4 days,population,cycle,3,A_windowed_C3_only,strict_herzog,False,24806,14063,7415.0,0.5272701415060798,0.5190123310146169,0.5355130578045659,0.4330807062807386,,
window_false_positive,cycle_regularity:SD cycle length >=4 days,population,cycle,6,A_windowed_C3_only,strict_herzog,False,24806,17497,8138.0,0.46510830428073385,0.45772622858439943,0.47250569752766775,0.29464645650245913,,
window_false_positive,cycle_regularity:SD cycle length >=4 days,population,cycle,12,A_windowed_C3_only,strict_herzog,False,24806,19869,7753.0,0.390205848306407,0.38344505669495543,0.39700908676305247,0.1990244295734903,,
window_false_positive,cycle_regularity:SD cycle length >=4 days,population,full,full_diary,A_windowed_C3_only,strict_herzog,False,24806,22684,6479.0,0.2856198201375419,0.2797782664771975,0.29153397062331887,0.08554382004353789,,
window_false_positive,cycle_regularity:SD cycle length >=4 days,healthy_ovulatory,calendar,1,B_minimum_data_any,strict_herzog,False,9105,0,0.0,,,,1.0,,
window_false_positive,cycle_regularity:SD cycle length >=4 days,healthy_ovulatory,calendar,3,B_minimum_data_any,strict_herzog,False,9105,0,0.0,,,,1.0,,
window_false_positive,cycle_regularity:SD cycle length >=4 days,healthy_ovulatory,calendar,4,B_minimum_data_any,strict_herzog,False,9105,6829,2409.0,0.35276028701127543,0.3415130262150056,0.36417310566444133,0.24997254255903345,,
window_false_positive,cycle_regularity:SD cycle length >=4 days,healthy_ovulatory,calendar,6,B_minimum_data_any,strict_herzog,False,9105,7454,2353.0,0.31566943922726054,0.3052154575887814,0.3263133144864378,0.18132894014277867,,
window_false_positive,cycle_regularity:SD cycle length >=4 days,healthy_ovulatory,calendar,12,B_minimum_data_any,strict_herzog,False,9105,8258,1940.0,0.23492371034148704,0.22590446214074592,0.24418946040410514,0.09302580999450849,,
window_false_positive,cycle_regularity:SD cycle length >=4 days,healthy_ovulatory,cycle,3,B_minimum_data_any,strict_herzog,False,9105,16,11.0,0.6875,0.44404355834740666,0.8583535614521796,0.9982427237781438,,
window_false_positive,cycle_regularity:SD cycle length >=4 days,healthy_ovulatory,cycle,6,B_minimum_data_any,strict_herzog,False,9105,7419,2253.0,0.3036797412050142,0.2933197937072326,0.31424288748967877,0.18517298187808895,,
window_false_positive,cycle_regularity:SD cycle length >=4 days,healthy_ovulatory,cycle,12,B_minimum_data_any,strict_herzog,False,9105,8225,1897.0,0.23063829787234041,0.22166174282885487,0.23986634442693933,0.09665019220208682,,
window_false_positive,cycle_regularity:SD cycle length >=4 days,healthy_ovulatory,full,full_diary,B_minimum_data_any,strict_herzog,False,9105,8793,897.0,0.1020129648584101,0.09585956375644364,0.10851395681189377,0.034266886326194346,,
window_false_positive,cycle_regularity:SD cycle length >=4 days,population,calendar,1,B_minimum_data_any,strict_herzog,False,24806,0,0.0,,,,1.0,,
window_false_positive,cycle_regularity:SD cycle length >=4 days,population,calendar,3,B_minimum_data_any,strict_herzog,False,24806,0,0.0,,,,1.0,,
window_false_positive,cycle_regularity:SD cycle length >=4 days,population,calendar,4,B_minimum_data_any,strict_herzog,False,24806,18595,10093.0,0.542780317289594,0.5356120260530147,0.5499309365838033,0.2503829718616464,,
window_false_positive,cycle_regularity:SD cycle length >=4 days,population,calendar,6,B_minimum_data_any,strict_herzog,False,24806,20424,10573.0,0.5176752839796318,0.5108196757895057,0.524524244489856,0.17665081028783358,,
window_false_positive,cycle_regularity:SD cycle length >=4 days,population,calendar,12,B_minimum_data_any,strict_herzog,False,24806,22436,10006.0,0.4459796755214833,0.43948524538016354,0.45249260105657363,0.09554140127388533,,
window_false_positive,cycle_regularity:SD cycle length >=4 days,population,cycle,3,B_minimum_data_any,strict_herzog,False,24806,1927,1129.0,0.5858847950181629,0.563742682424352,0.6076851675878213,0.9223171813270983,,
window_false_positive,cycle_regularity:SD cycle length >=4 days,population,cycle,6,B_minimum_data_any,strict_herzog,False,24806,20708,10483.0,0.5062294765308093,0.4994194512451327,0.5130371910342588,0.16520196726598402,,
window_false_positive,cycle_regularity:SD cycle length >=4 days,population,cycle,12,B_minimum_data_any,strict_herzog,False,24806,22582,9813.0,0.43454964130723583,0.42809608576060043,0.44102546078928206,0.08965572845279368,,
window_false_positive,cycle_regularity:SD cycle length >=4 days,population,full,full_diary,B_minimum_data_any,strict_herzog,False,24806,23976,7622.0,0.31790123456790126,0.31203654349574655,0.32382426838680917,0.033459646859630765,,
window_false_positive,cycle_regularity:SD cycle length >=4 days,healthy_ovulatory,calendar,1,B_minimum_data_excluding_C3,strict_herzog,False,9105,0,0.0,,,,1.0,,
window_false_positive,cycle_regularity:SD cycle length >=4 days,healthy_ovulatory,calendar,3,B_minimum_data_excluding_C3,strict_herzog,False,9105,0,0.0,,,,1.0,,
window_false_positive,cycle_regularity:SD cycle length >=4 days,healthy_ovulatory,calendar,4,B_minimum_data_excluding_C3,strict_herzog,False,9105,6829,2409.0,0.35276028701127543,0.3415130262150056,0.36417310566444133,0.24997254255903345,,
window_false_positive,cycle_regularity:SD cycle length >=4 days,healthy_ovulatory,calendar,6,B_minimum_data_excluding_C3,strict_herzog,False,9105,7454,2353.0,0.31566943922726054,0.3052154575887814,0.3263133144864378,0.18132894014277867,,
window_false_positive,cycle_regularity:SD cycle length >=4 days,healthy_ovulatory,calendar,12,B_minimum_data_excluding_C3,strict_herzog,False,9105,8258,1940.0,0.23492371034148704,0.22590446214074592,0.24418946040410514,0.09302580999450849,,
window_false_positive,cycle_regularity:SD cycle length >=4 days,healthy_ovulatory,cycle,3,B_minimum_data_excluding_C3,strict_herzog,False,9105,16,11.0,0.6875,0.44404355834740666,0.8583535614521796,0.9982427237781438,,
window_false_positive,cycle_regularity:SD cycle length >=4 days,healthy_ovulatory,cycle,6,B_minimum_data_excluding_C3,strict_herzog,False,9105,7419,2253.0,0.3036797412050142,0.2933197937072326,0.31424288748967877,0.18517298187808895,,
window_false_positive,cycle_regularity:SD cycle length >=4 days,healthy_ovulatory,cycle,12,B_minimum_data_excluding_C3,strict_herzog,False,9105,8225,1897.0,0.23063829787234041,0.22166174282885487,0.23986634442693933,0.09665019220208682,,
window_false_positive,cycle_regularity:SD cycle length >=4 days,healthy_ovulatory,full,full_diary,B_minimum_data_excluding_C3,strict_herzog,False,9105,8793,897.0,0.1020129648584101,0.09585956375644364,0.10851395681189377,0.034266886326194346,,
window_false_positive,cycle_regularity:SD cycle length >=4 days,population,calendar,1,B_minimum_data_excluding_C3,strict_herzog,False,24806,0,0.0,,,,1.0,,
window_false_positive,cycle_regularity:SD cycle length >=4 days,population,calendar,3,B_minimum_data_excluding_C3,strict_herzog,False,24806,0,0.0,,,,1.0,,
window_false_positive,cycle_regularity:SD cycle length >=4 days,population,calendar,4,B_minimum_data_excluding_C3,strict_herzog,False,24806,18595,6903.0,0.37122882495294435,0.36431196891514445,0.3781988745369477,0.2503829718616464,,
window_false_positive,cycle_regularity:SD cycle length >=4 days,population,calendar,6,B_minimum_data_excluding_C3,strict_herzog,False,24806,20424,6614.0,0.32383470426948685,0.31745085090729824,0.3302848134551846,0.17665081028783358,,
window_false_positive,cycle_regularity:SD cycle length >=4 days,population,calendar,12,B_minimum_data_excluding_C3,strict_herzog,False,24806,22436,5245.0,0.2337760741665181,0.22828393139418995,0.23935936626804716,0.09554140127388533,,
window_false_positive,cycle_regularity:SD cycle length >=4 days,population,cycle,3,B_minimum_data_excluding_C3,strict_herzog,False,24806,1927,707.0,0.3668915412558381,0.34565749356021563,0.3886552343665369,0.9223171813270983,,
window_false_positive,cycle_regularity:SD cycle length >=4 days,population,cycle,6,B_minimum_data_excluding_C3,strict_herzog,False,24806,20708,6417.0,0.30988023952095806,0.3036174714936363,0.31621353118880996,0.16520196726598402,,
window_false_positive,cycle_regularity:SD cycle length >=4 days,population,cycle,12,B_minimum_data_excluding_C3,strict_herzog,False,24806,22582,5041.0,0.22323089186077408,0.21784709570772734,0.22870883523731003,0.08965572845279368,,
window_false_positive,cycle_regularity:SD cycle length >=4 days,population,full,full_diary,B_minimum_data_excluding_C3,strict_herzog,False,24806,23976,2634.0,0.10985985985985985,0.10596388457686057,0.11388083240651678,0.033459646859630765,,
window_false_positive,cycle_regularity:SD cycle length >=4 days,healthy_ovulatory,calendar,1,C_reproducibility_any,strict_herzog,False,9105,0,0.0,,,,1.0,,
window_false_positive,cycle_regularity:SD cycle length >=4 days,healthy_ovulatory,calendar,3,C_reproducibility_any,strict_herzog,False,9105,0,0.0,,,,1.0,,
window_false_positive,cycle_regularity:SD cycle length >=4 days,healthy_ovulatory,calendar,4,C_reproducibility_any,strict_herzog,False,9105,0,0.0,,,,1.0,,
window_false_positive,cycle_regularity:SD cycle length >=4 days,healthy_ovulatory,calendar,6,C_reproducibility_any,strict_herzog,False,9105,958,100.0,0.10438413361169102,0.0865766790176953,0.12535165589793879,0.8947830862163646,,
window_false_positive,cycle_regularity:SD cycle length >=4 days,healthy_ovulatory,calendar,12,C_reproducibility_any,strict_herzog,False,9105,2968,47.0,0.015835579514824796,0.011929653673048934,0.02099318564272002,0.6740252608456891,,
window_false_positive,cycle_regularity:SD cycle length >=4 days,healthy_ovulatory,cycle,3,C_reproducibility_any,strict_herzog,False,9105,0,0.0,,,,1.0,,
window_false_positive,cycle_regularity:SD cycle length >=4 days,healthy_ovulatory,cycle,6,C_reproducibility_any,strict_herzog,False,9105,4191,497.0,0.11858744929611072,0.10914688436143294,0.12872657727380604,0.5397034596375618,,
window_false_positive,cycle_regularity:SD cycle length >=4 days,healthy_ovulatory,cycle,12,C_reproducibility_any,strict_herzog,False,9105,2857,58.0,0.020301015050752536,0.015737345279754178,0.026152937892419778,0.6862163646348161,,
window_false_positive,cycle_regularity:SD cycle length >=4 days,healthy_ovulatory,full,full_diary,C_reproducibility_any,strict_herzog,False,9105,1043,1.0,0.0009587727708533077,0.0001692669904208989,0.005410812754677032,0.885447556287754,,
window_false_positive,cycle_regularity:SD cycle length >=4 days,population,calendar,1,C_reproducibility_any,strict_herzog,False,24806,0,0.0,,,,1.0,,
window_false_positive,cycle_regularity:SD cycle length >=4 days,population,calendar,3,C_reproducibility_any,strict_herzog,False,24806,0,0.0,,,,1.0,,
window_false_positive,cycle_regularity:SD cycle length >=4 days,population,calendar,4,C_reproducibility_any,strict_herzog,False,24806,0,0.0,,,,1.0,,
window_false_positive,cycle_regularity:SD cycle length >=4 days,population,calendar,6,C_reproducibility_any,strict_herzog,False,24806,1609,76.0,0.04723430702299565,0.03790350315094097,0.0587219016390903,0.9351366604853665,,
window_false_positive,cycle_regularity:SD cycle length >=4 days,population,calendar,12,C_reproducibility_any,strict_herzog,False,24806,11992,1146.0,0.09556370913942629,0.09043062985334573,0.10095581574964553,0.5165685721196485,,
window_false_positive,cycle_regularity:SD cycle length >=4 days,population,cycle,3,C_reproducibility_any,strict_herzog,False,24806,0,0.0,,,,1.0,,
window_false_positive,cycle_regularity:SD cycle length >=4 days,population,cycle,6,C_reproducibility_any,strict_herzog,False,24806,14112,774.0,0.0548469387755102,0.05121015998049964,0.05872600382155135,0.43110537773119406,,
window_false_positive,cycle_regularity:SD cycle length >=4 days,population,cycle,12,C_reproducibility_any,strict_herzog,False,24806,11850,1667.0,0.14067510548523207,0.13453145529030844,0.14705164757268255,0.5222929936305732,,
window_false_positive,cycle_regularity:SD cycle length >=4 days,population,full,full_diary,C_reproducibility_any,strict_herzog,False,24806,9578,1493.0,0.15587805387346002,0.14875166157437325,0.16328037022973835,0.6138837378053696,,
window_false_positive,cycle_regularity:SD cycle length >=4 days,healthy_ovulatory,calendar,1,C_reproducibility_12cycle_any,strict_herzog,False,9105,0,0.0,,,,1.0,,
window_false_positive,cycle_regularity:SD cycle length >=4 days,healthy_ovulatory,calendar,3,C_reproducibility_12cycle_any,strict_herzog,False,9105,0,0.0,,,,1.0,,
window_false_positive,cycle_regularity:SD cycle length >=4 days,healthy_ovulatory,calendar,4,C_reproducibility_12cycle_any,strict_herzog,False,9105,0,0.0,,,,1.0,,
window_false_positive,cycle_regularity:SD cycle length >=4 days,healthy_ovulatory,calendar,6,C_reproducibility_12cycle_any,strict_herzog,False,9105,0,0.0,,,,1.0,,
window_false_positive,cycle_regularity:SD cycle length >=4 days,healthy_ovulatory,calendar,12,C_reproducibility_12cycle_any,strict_herzog,False,9105,885,13.0,0.014689265536723164,0.008604303938600667,0.024969128673653345,0.9028006589785832,,
window_false_positive,cycle_regularity:SD cycle length >=4 days,healthy_ovulatory,cycle,3,C_reproducibility_12cycle_any,strict_herzog,False,9105,0,0.0,,,,1.0,,
window_false_positive,cycle_regularity:SD cycle length >=4 days,healthy_ovulatory,cycle,6,C_reproducibility_12cycle_any,strict_herzog,False,9105,0,0.0,,,,1.0,,
window_false_positive,cycle_regularity:SD cycle length >=4 days,healthy_ovulatory,cycle,12,C_reproducibility_12cycle_any,strict_herzog,False,9105,2857,58.0,0.020301015050752536,0.015737345279754178,0.026152937892419778,0.6862163646348161,,
window_false_positive,cycle_regularity:SD cycle length >=4 days,healthy_ovulatory,full,full_diary,C_reproducibility_12cycle_any,strict_herzog,False,9105,1043,1.0,0.0009587727708533077,0.0001692669904208989,0.005410812754677032,0.885447556287754,,
window_false_positive,cycle_regularity:SD cycle length >=4 days,population,calendar,1,C_reproducibility_12cycle_any,strict_herzog,False,24806,0,0.0,,,,1.0,,
window_false_positive,cycle_regularity:SD cycle length >=4 days,population,calendar,3,C_reproducibility_12cycle_any,strict_herzog,False,24806,0,0.0,,,,1.0,,
window_false_positive,cycle_regularity:SD cycle length >=4 days,population,calendar,4,C_reproducibility_12cycle_any,strict_herzog,False,24806,0,0.0,,,,1.0,,
window_false_positive,cycle_regularity:SD cycle length >=4 days,population,calendar,6,C_reproducibility_12cycle_any,strict_herzog,False,24806,0,0.0,,,,1.0,,
window_false_positive,cycle_regularity:SD cycle length >=4 days,population,calendar,12,C_reproducibility_12cycle_any,strict_herzog,False,24806,1390,14.0,0.010071942446043165,0.006009053576986624,0.01683533709541786,0.943965169717004,,
window_false_positive,cycle_regularity:SD cycle length >=4 days,population,cycle,3,C_reproducibility_12cycle_any,strict_herzog,False,24806,0,0.0,,,,1.0,,
window_false_positive,cycle_regularity:SD cycle length >=4 days,population,cycle,6,C_reproducibility_12cycle_any,strict_herzog,False,24806,0,0.0,,,,1.0,,
window_false_positive,cycle_regularity:SD cycle length >=4 days,population,cycle,12,C_reproducibility_12cycle_any,strict_herzog,False,24806,10504,125.0,0.011900228484386901,0.00999766909581163,0.014159667100730397,0.5765540595017334,,
window_false_positive,cycle_regularity:SD cycle length >=4 days,population,full,full_diary,C_reproducibility_12cycle_any,strict_herzog,False,24806,8417,1047.0,0.12439111322323869,0.11751149819002066,0.13161342229203396,0.660686930581311,,
window_false_positive,cycle_regularity:SD cycle length >=4 days,healthy_ovulatory,calendar,1,D_nb_regression_any,strict_herzog,False,9105,0,0.0,,,,1.0,,
window_false_positive,cycle_regularity:SD cycle length >=4 days,healthy_ovulatory,calendar,3,D_nb_regression_any,strict_herzog,False,9105,0,0.0,,,,1.0,,
window_false_positive,cycle_regularity:SD cycle length >=4 days,healthy_ovulatory,calendar,4,D_nb_regression_any,strict_herzog,False,9105,6829,228.0,0.033387025918875386,0.02938174869235999,0.037916967601879896,0.24997254255903345,,
window_false_positive,cycle_regularity:SD cycle length >=4 days,healthy_ovulatory,calendar,6,D_nb_regression_any,strict_herzog,False,9105,7454,334.0,0.044808156694392275,0.04034144920097781,0.04974379363105904,0.18132894014277867,,
window_false_positive,cycle_regularity:SD cycle length >=4 days,healthy_ovulatory,calendar,12,D_nb_regression_any,strict_herzog,False,9105,8258,381.0,0.04613707919593122,0.04181965706043848,0.0508765611661954,0.09302580999450849,,
window_false_positive,cycle_regularity:SD cycle length >=4 days,healthy_ovulatory,cycle,3,D_nb_regression_any,strict_herzog,False,9105,16,1.0,0.0625,0.01111934476464252,0.28328737570298945,0.9982427237781438,,
window_false_positive,cycle_regularity:SD cycle length >=4 days,healthy_ovulatory,cycle,6,D_nb_regression_any,strict_herzog,False,9105,7419,324.0,0.043671653861706426,0.039252745447802495,0.04856287912627477,0.18517298187808895,,
window_false_positive,cycle_regularity:SD cycle length >=4 days,healthy_ovulatory,cycle,12,D_nb_regression_any,strict_herzog,False,9105,8225,403.0,0.04899696048632219,0.044538797814138414,0.053876205424574566,0.09665019220208682,,
window_false_positive,cycle_regularity:SD cycle length >=4 days,healthy_ovulatory,full,full_diary,D_nb_regression_any,strict_herzog,False,9105,8793,359.0,0.04082793130899579,0.03688824284437695,0.0451686479384955,0.034266886326194346,,
window_false_positive,cycle_regularity:SD cycle length >=4 days,population,calendar,1,D_nb_regression_any,strict_herzog,False,24806,0,0.0,,,,1.0,,
window_false_positive,cycle_regularity:SD cycle length >=4 days,population,calendar,3,D_nb_regression_any,strict_herzog,False,24806,0,0.0,,,,1.0,,
window_false_positive,cycle_regularity:SD cycle length >=4 days,population,calendar,4,D_nb_regression_any,strict_herzog,False,24806,18595,543.0,0.02920139822532939,0.02687692948555597,0.031720347190719235,0.2503829718616464,,
window_false_positive,cycle_regularity:SD cycle length >=4 days,population,calendar,6,D_nb_regression_any,strict_herzog,False,24806,20424,899.0,0.04401684292988641,0.041288273121154406,0.04691690814838513,0.17665081028783358,,
window_false_positive,cycle_regularity:SD cycle length >=4 days,population,calendar,12,D_nb_regression_any,strict_herzog,False,24806,22436,1009.0,0.0449723658406133,0.042337584169225936,0.047762939158043166,0.09554140127388533,,
window_false_positive,cycle_regularity:SD cycle length >=4 days,population,cycle,3,D_nb_regression_any,strict_herzog,False,24806,1927,50.0,0.02594706798131811,0.019736718073669,0.034043698928624744,0.9223171813270983,,
window_false_positive,cycle_regularity:SD cycle length >=4 days,population,cycle,6,D_nb_regression_any,strict_herzog,False,24806,20708,909.0,0.04389607881012169,0.04118939132273103,0.04677195496523093,0.16520196726598402,,
window_false_positive,cycle_regularity:SD cycle length >=4 days,population,cycle,12,D_nb_regression_any,strict_herzog,False,24806,22582,1091.0,0.04831281551678328,0.045592127003886,0.05118715229841486,0.08965572845279368,,
window_false_positive,cycle_regularity:SD cycle length >=4 days,population,full,full_diary,D_nb_regression_any,strict_herzog,False,24806,23976,1013.0,0.04225058391725058,0.03977680562774274,0.04487102085211255,0.033459646859630765,,
window_false_positive,cycle_regularity:SD cycle length >=4 days,healthy_ovulatory,calendar,1,D_nb_regression_window_alpha_any,strict_herzog,False,9105,0,0.0,,,,1.0,,
window_false_positive,cycle_regularity:SD cycle length >=4 days,healthy_ovulatory,calendar,3,D_nb_regression_window_alpha_any,strict_herzog,False,9105,0,0.0,,,,1.0,,
window_false_positive,cycle_regularity:SD cycle length >=4 days,healthy_ovulatory,calendar,4,D_nb_regression_window_alpha_any,strict_herzog,False,9105,0,0.0,,,,1.0,,
window_false_positive,cycle_regularity:SD cycle length >=4 days,healthy_ovulatory,calendar,6,D_nb_regression_window_alpha_any,strict_herzog,False,9105,0,0.0,,,,1.0,,
window_false_positive,cycle_regularity:SD cycle length >=4 days,healthy_ovulatory,calendar,12,D_nb_regression_window_alpha_any,strict_herzog,False,9105,0,0.0,,,,1.0,,
window_false_positive,cycle_regularity:SD cycle length >=4 days,healthy_ovulatory,cycle,3,D_nb_regression_window_alpha_any,strict_herzog,False,9105,0,0.0,,,,1.0,,
window_false_positive,cycle_regularity:SD cycle length >=4 days,healthy_ovulatory,cycle,6,D_nb_regression_window_alpha_any,strict_herzog,False,9105,0,0.0,,,,1.0,,
window_false_positive,cycle_regularity:SD cycle length >=4 days,healthy_ovulatory,cycle,12,D_nb_regression_window_alpha_any,strict_herzog,False,9105,0,0.0,,,,1.0,,
window_false_positive,cycle_regularity:SD cycle length >=4 days,healthy_ovulatory,full,full_diary,D_nb_regression_window_alpha_any,strict_herzog,False,9105,8793,359.0,0.04082793130899579,0.03688824284437695,0.0451686479384955,0.034266886326194346,,
window_false_positive,cycle_regularity:SD cycle length >=4 days,population,calendar,1,D_nb_regression_window_alpha_any,strict_herzog,False,24806,0,0.0,,,,1.0,,
window_false_positive,cycle_regularity:SD cycle length >=4 days,population,calendar,3,D_nb_regression_window_alpha_any,strict_herzog,False,24806,0,0.0,,,,1.0,,
window_false_positive,cycle_regularity:SD cycle length >=4 days,population,calendar,4,D_nb_regression_window_alpha_any,strict_herzog,False,24806,0,0.0,,,,1.0,,
window_false_positive,cycle_regularity:SD cycle length >=4 days,population,calendar,6,D_nb_regression_window_alpha_any,strict_herzog,False,24806,0,0.0,,,,1.0,,
window_false_positive,cycle_regularity:SD cycle length >=4 days,population,calendar,12,D_nb_regression_window_alpha_any,strict_herzog,False,24806,0,0.0,,,,1.0,,
window_false_positive,cycle_regularity:SD cycle length >=4 days,population,cycle,3,D_nb_regression_window_alpha_any,strict_herzog,False,24806,0,0.0,,,,1.0,,
window_false_positive,cycle_regularity:SD cycle length >=4 days,population,cycle,6,D_nb_regression_window_alpha_any,strict_herzog,False,24806,0,0.0,,,,1.0,,
window_false_positive,cycle_regularity:SD cycle length >=4 days,population,cycle,12,D_nb_regression_window_alpha_any,strict_herzog,False,24806,0,0.0,,,,1.0,,
window_false_positive,cycle_regularity:SD cycle length >=4 days,population,full,full_diary,D_nb_regression_window_alpha_any,strict_herzog,False,24806,23976,1013.0,0.04225058391725058,0.03977680562774274,0.04487102085211255,0.033459646859630765,,
window_false_positive,cycle_regularity:SD cycle length >=4 days,healthy_ovulatory,calendar,1,H1_newmark_penry_any,strict_herzog,True,9105,7007,1021.0,0.14571143142571713,0.13764456766985847,0.1541665467073918,0.23042284459088413,,
window_false_positive,cycle_regularity:SD cycle length >=4 days,healthy_ovulatory,calendar,3,H1_newmark_penry_any,strict_herzog,True,9105,8242,690.0,0.08371754428536762,0.0779303641705189,0.08989258825119897,0.09478308621636466,,
window_false_positive,cycle_regularity:SD cycle length >=4 days,healthy_ovulatory,calendar,4,H1_newmark_penry_any,strict_herzog,True,9105,8442,595.0,0.07048092868988391,0.06521406430928035,0.07613851312678631,0.0728171334431631,,
window_false_positive,cycle_regularity:SD cycle length >=4 days,healthy_ovulatory,calendar,6,H1_newmark_penry_any,strict_herzog,True,9105,8641,392.0,0.0453651197778035,0.04117567956636799,0.04995860699904109,0.050961010433827614,,
window_false_positive,cycle_regularity:SD cycle length >=4 days,healthy_ovulatory,calendar,12,H1_newmark_penry_any,strict_herzog,True,9105,8886,214.0,0.024082826918748593,0.021095002965345985,0.02748195544511156,0.024052718286655672,,
window_false_positive,cycle_regularity:SD cycle length >=4 days,healthy_ovulatory,cycle,3,H1_newmark_penry_any,strict_herzog,True,9105,8191,688.0,0.08399462825051886,0.0781809248011206,0.09019834961857814,0.100384404173531,,
window_false_positive,cycle_regularity:SD cycle length >=4 days,healthy_ovulatory,cycle,6,H1_newmark_penry_any,strict_herzog,True,9105,8640,436.0,0.050462962962962966,0.046043790273147964,0.05528169828343969,0.05107084019769359,,
window_false_positive,cycle_regularity:SD cycle length >=4 days,healthy_ovulatory,cycle,12,H1_newmark_penry_any,strict_herzog,True,9105,8867,210.0,0.023683320175933234,0.02071853630599771,0.027060635578451724,0.026139483800109775,,
window_false_positive,cycle_regularity:SD cycle length >=4 days,healthy_ovulatory,full,full_diary,H1_newmark_penry_any,strict_herzog,True,9105,9021,68.0,0.007537966965968296,0.005950833071585729,0.009544337614655628,0.009225700164744666,,
window_false_positive,cycle_regularity:SD cycle length >=4 days,population,calendar,1,H1_newmark_penry_any,strict_herzog,True,24806,18929,2594.0,0.13703840667758466,0.13221306582088757,0.14201103678479113,0.2369184874627106,,
window_false_positive,cycle_regularity:SD cycle length >=4 days,population,calendar,3,H1_newmark_penry_any,strict_herzog,True,24806,22526,1651.0,0.0732930835479002,0.06996198513669154,0.07676969359540263,0.09191324679513024,,
window_false_positive,cycle_regularity:SD cycle length >=4 days,population,calendar,4,H1_newmark_penry_any,strict_herzog,True,24806,22993,1343.0,0.05840908102465968,0.05545095253607644,0.06151473875841112,0.07308715633314522,,
window_false_positive,cycle_regularity:SD cycle length >=4 days,population,calendar,6,H1_newmark_penry_any,strict_herzog,True,24806,23516,977.0,0.04154618132335431,0.03906971499546794,0.04417240473771763,0.052003547528823635,,
window_false_positive,cycle_regularity:SD cycle length >=4 days,population,calendar,12,H1_newmark_penry_any,strict_herzog,True,24806,24172,517.0,0.021388383253350983,0.019639156186941977,0.02328970982950981,0.02555833266145291,,
window_false_positive,cycle_regularity:SD cycle length >=4 days,population,cycle,3,H1_newmark_penry_any,strict_herzog,True,24806,22613,1637.0,0.0723919869101844,0.06908661304792917,0.07584261877203029,0.08840603079900022,,
window_false_positive,cycle_regularity:SD cycle length >=4 days,population,cycle,6,H1_newmark_penry_any,strict_herzog,True,24806,23622,904.0,0.038269409872153076,0.03589704854498558,0.0407919219612583,0.047730387809400976,,
window_false_positive,cycle_regularity:SD cycle length >=4 days,population,cycle,12,H1_newmark_penry_any,strict_herzog,True,24806,24194,470.0,0.01942630404232454,0.017761941806941735,0.021243250471340635,0.024671450455534982,,
window_false_positive,cycle_regularity:SD cycle length >=4 days,population,full,full_diary,H1_newmark_penry_any,strict_herzog,True,24806,24603,158.0,0.0064219810592204205,0.00549800748623558,0.007500062963234568,0.008183503990969898,,
window_false_positive,cycle_regularity:SD cycle length >=4 days,healthy_ovulatory,calendar,1,H1_newmark_penry_66_7_any,strict_herzog,True,9105,7007,694.0,0.09904381332952762,0.09226762276408744,0.10625939670938077,0.23042284459088413,,
window_false_positive,cycle_regularity:SD cycle length >=4 days,healthy_ovulatory,calendar,3,H1_newmark_penry_66_7_any,strict_herzog,True,9105,8242,335.0,0.04064547439941762,0.036591977410428154,0.04512696688237975,0.09478308621636466,,
window_false_positive,cycle_regularity:SD cycle length >=4 days,healthy_ovulatory,calendar,4,H1_newmark_penry_66_7_any,strict_herzog,True,9105,8442,254.0,0.030087656953328594,0.026651891339977783,0.03395088711806864,0.0728171334431631,,
window_false_positive,cycle_regularity:SD cycle length >=4 days,healthy_ovulatory,calendar,6,H1_newmark_penry_66_7_any,strict_herzog,True,9105,8641,167.0,0.019326466844115264,0.016630140274827378,0.0224499817181538,0.050961010433827614,,
window_false_positive,cycle_regularity:SD cycle length >=4 days,healthy_ovulatory,calendar,12,H1_newmark_penry_66_7_any,strict_herzog,True,9105,8886,90.0,0.01012829169480081,0.00824782270401313,0.012432125264944477,0.024052718286655672,,
window_false_positive,cycle_regularity:SD cycle length >=4 days,healthy_ovulatory,cycle,3,H1_newmark_penry_66_7_any,strict_herzog,True,9105,8191,351.0,0.042851910633622266,0.03867614534854705,0.04745626640921141,0.100384404173531,,
window_false_positive,cycle_regularity:SD cycle length >=4 days,healthy_ovulatory,cycle,6,H1_newmark_penry_66_7_any,strict_herzog,True,9105,8640,190.0,0.02199074074074074,0.01910426563187465,0.02530208548519718,0.05107084019769359,,
window_false_positive,cycle_regularity:SD cycle length >=4 days,healthy_ovulatory,cycle,12,H1_newmark_penry_66_7_any,strict_herzog,True,9105,8867,84.0,0.009473328070373294,0.00765877412305054,0.011712720635186186,0.026139483800109775,,
window_false_positive,cycle_regularity:SD cycle length >=4 days,healthy_ovulatory,full,full_diary,H1_newmark_penry_66_7_any,strict_herzog,True,9105,9021,34.0,0.003768983482984148,0.0026984686668868815,0.005261943618303764,0.009225700164744666,,
window_false_positive,cycle_regularity:SD cycle length >=4 days,population,calendar,1,H1_newmark_penry_66_7_any,strict_herzog,True,24806,18929,1776.0,0.093824290770775,0.08975248321966665,0.09806092379347077,0.2369184874627106,,
window_false_positive,cycle_regularity:SD cycle length >=4 days,population,calendar,3,H1_newmark_penry_66_7_any,strict_herzog,True,24806,22526,805.0,0.035736482287134864,0.033390404318780056,0.038240879095726904,0.09191324679513024,,
window_false_positive,cycle_regularity:SD cycle length >=4 days,population,calendar,4,H1_newmark_penry_66_7_any,strict_herzog,True,24806,22993,615.0,0.02674727090853738,0.02473953606409189,0.028913112758576776,0.07308715633314522,,
window_false_positive,cycle_regularity:SD cycle length >=4 days,population,calendar,6,H1_newmark_penry_66_7_any,strict_herzog,True,24806,23516,411.0,0.017477462153427454,0.015879701831783954,0.019232841773860847,0.052003547528823635,,
window_false_positive,cycle_regularity:SD cycle length >=4 days,population,calendar,12,H1_newmark_penry_66_7_any,strict_herzog,True,24806,24172,239.0,0.009887473109382757,0.008715703740156072,0.01121499689921677,0.02555833266145291,,
window_false_positive,cycle_regularity:SD cycle length >=4 days,population,cycle,3,H1_newmark_penry_66_7_any,strict_herzog,True,24806,22613,829.0,0.03666032812983682,0.034288585990827555,0.03918946627595202,0.08840603079900022,,
window_false_positive,cycle_regularity:SD cycle length >=4 days,population,cycle,6,H1_newmark_penry_66_7_any,strict_herzog,True,24806,23622,414.0,0.017526035052070104,0.015929410733410823,0.0192795556972907,0.047730387809400976,,
window_false_positive,cycle_regularity:SD cycle length >=4 days,population,cycle,12,H1_newmark_penry_66_7_any,strict_herzog,True,24806,24194,201.0,0.008307844920228156,0.007239593296469502,0.009532210895707945,0.024671450455534982,,
window_false_positive,cycle_regularity:SD cycle length >=4 days,population,full,full_diary,H1_newmark_penry_66_7_any,strict_herzog,True,24806,24603,75.0,0.0030484087306426044,0.002432833263151897,0.0038191458491671827,0.008183503990969898,,
window_false_positive,cycle_regularity:SD cycle length >=4 days,healthy_ovulatory,calendar,1,H2_duncan1993_any,strict_herzog,True,9105,7007,1090.0,0.15555872698729842,0.14726147000525472,0.164233444214078,0.23042284459088413,,
window_false_positive,cycle_regularity:SD cycle length >=4 days,healthy_ovulatory,calendar,3,H2_duncan1993_any,strict_herzog,True,9105,8242,570.0,0.06915797136617326,0.06387867778582323,0.07483869442330535,0.09478308621636466,,
window_false_positive,cycle_regularity:SD cycle length >=4 days,healthy_ovulatory,calendar,4,H2_duncan1993_any,strict_herzog,True,9105,8442,455.0,0.0538971807628524,0.049279896127043865,0.05892027117141917,0.0728171334431631,,
window_false_positive,cycle_regularity:SD cycle length >=4 days,healthy_ovulatory,calendar,6,H2_duncan1993_any,strict_herzog,True,9105,8641,304.0,0.035181113297072096,0.03149845941708858,0.03927686500443758,0.050961010433827614,,
window_false_positive,cycle_regularity:SD cycle length >=4 days,healthy_ovulatory,calendar,12,H2_duncan1993_any,strict_herzog,True,9105,8886,164.0,0.01845599819941481,0.015858502725549287,0.021469661152045374,0.024052718286655672,,
window_false_positive,cycle_regularity:SD cycle length >=4 days,healthy_ovulatory,cycle,3,H2_duncan1993_any,strict_herzog,True,9105,8191,595.0,0.07264070321084116,0.06721804015246183,0.07846402884420889,0.100384404173531,,
window_false_positive,cycle_regularity:SD cycle length >=4 days,healthy_ovulatory,cycle,6,H2_duncan1993_any,strict_herzog,True,9105,8640,332.0,0.038425925925925926,0.03457359929991893,0.04268851407898723,0.05107084019769359,,
window_false_positive,cycle_regularity:SD cycle length >=4 days,healthy_ovulatory,cycle,12,H2_duncan1993_any,strict_herzog,True,9105,8867,161.0,0.018157212134882146,0.015579541695779712,0.021152200195142558,0.026139483800109775,,
window_false_positive,cycle_regularity:SD cycle length >=4 days,healthy_ovulatory,full,full_diary,H2_duncan1993_any,strict_herzog,True,9105,9021,69.0,0.007648819421350183,0.006048758844841084,0.009668022382607649,0.009225700164744666,,
window_false_positive,cycle_regularity:SD cycle length >=4 days,population,calendar,1,H2_duncan1993_any,strict_herzog,True,24806,18929,2767.0,0.14617782238892704,0.14121682227478463,0.15128240299288634,0.2369184874627106,,
window_false_positive,cycle_regularity:SD cycle length >=4 days,population,calendar,3,H2_duncan1993_any,strict_herzog,True,24806,22526,1370.0,0.06081860960667673,0.057771822362825256,0.06401516241626419,0.09191324679513024,,
window_false_positive,cycle_regularity:SD cycle length >=4 days,population,calendar,4,H2_duncan1993_any,strict_herzog,True,24806,22993,1095.0,0.047623189666420214,0.044945216915003736,0.05045229507589717,0.07308715633314522,,
window_false_positive,cycle_regularity:SD cycle length >=4 days,population,calendar,6,H2_duncan1993_any,strict_herzog,True,24806,23516,747.0,0.03176560639564552,0.029599479413543014,0.03408468535615426,0.052003547528823635,,
window_false_positive,cycle_regularity:SD cycle length >=4 days,population,calendar,12,H2_duncan1993_any,strict_herzog,True,24806,24172,441.0,0.018244249544928016,0.01663203611062792,0.02000956167324114,0.02555833266145291,,
window_false_positive,cycle_regularity:SD cycle length >=4 days,population,cycle,3,H2_duncan1993_any,strict_herzog,True,24806,22613,1324.0,0.058550391367797286,0.055564635094255355,0.061686107616613375,0.08840603079900022,,
window_false_positive,cycle_regularity:SD cycle length >=4 days,population,cycle,6,H2_duncan1993_any,strict_herzog,True,24806,23622,741.0,0.031369062738125474,0.029221236293749252,0.03366928387716115,0.047730387809400976,,
window_false_positive,cycle_regularity:SD cycle length >=4 days,population,cycle,12,H2_duncan1993_any,strict_herzog,True,24806,24194,370.0,0.015293047863106556,0.013821901680588647,0.01691809056568446,0.024671450455534982,,
window_false_positive,cycle_regularity:SD cycle length >=4 days,population,full,full_diary,H2_duncan1993_any,strict_herzog,True,24806,24603,147.0,0.005974881112059505,0.00508601632795311,0.007017993823822318,0.008183503990969898,,
window_false_positive,cycle_regularity:SD cycle length >=4 days,healthy_ovulatory,calendar,1,H3_herzog1997_twofold_any,strict_herzog,True,9105,7007,3256.0,0.46467817896389324,0.4530227926261151,0.47637227315771935,0.23042284459088413,,
window_false_positive,cycle_regularity:SD cycle length >=4 days,healthy_ovulatory,calendar,3,H3_herzog1997_twofold_any,strict_herzog,True,9105,8242,3065.0,0.37187575831108954,0.3615036429877533,0.3823672511414611,0.09478308621636466,,
window_false_positive,cycle_regularity:SD cycle length >=4 days,healthy_ovulatory,calendar,4,H3_herzog1997_twofold_any,strict_herzog,True,9105,8442,2805.0,0.3322672352523099,0.32229773218305846,0.34238931956803664,0.0728171334431631,,
window_false_positive,cycle_regularity:SD cycle length >=4 days,healthy_ovulatory,calendar,6,H3_herzog1997_twofold_any,strict_herzog,True,9105,8641,2477.0,0.28665663696331445,0.277218619753514,0.29628425851639356,0.050961010433827614,,
window_false_positive,cycle_regularity:SD cycle length >=4 days,healthy_ovulatory,calendar,12,H3_herzog1997_twofold_any,strict_herzog,True,9105,8886,1701.0,0.1914247130317353,0.18337871818984575,0.19973738962795384,0.024052718286655672,,
window_false_positive,cycle_regularity:SD cycle length >=4 days,healthy_ovulatory,cycle,3,H3_herzog1997_twofold_any,strict_herzog,True,9105,8191,3048.0,0.3721157367842754,0.3617100935798509,0.3826412754457203,0.100384404173531,,
window_false_positive,cycle_regularity:SD cycle length >=4 days,healthy_ovulatory,cycle,6,H3_herzog1997_twofold_any,strict_herzog,True,9105,8640,2486.0,0.2877314814814815,0.278281793964766,0.29736983992112015,0.05107084019769359,,
window_false_positive,cycle_regularity:SD cycle length >=4 days,healthy_ovulatory,cycle,12,H3_herzog1997_twofold_any,strict_herzog,True,9105,8867,1692.0,0.19081989398894778,0.18277557132901254,0.19913199342089113,0.026139483800109775,,
window_false_positive,cycle_regularity:SD cycle length >=4 days,healthy_ovulatory,full,full_diary,H3_herzog1997_twofold_any,strict_herzog,True,9105,9021,642.0,0.07116727635517127,0.06604225920215587,0.0766573621371181,0.009225700164744666,,
window_false_positive,cycle_regularity:SD cycle length >=4 days,population,calendar,1,H3_herzog1997_twofold_any,strict_herzog,True,24806,18853,10181.0,0.5400201559433512,0.5328984220573174,0.5471255842586573,0.2399822623558816,,
window_false_positive,cycle_regularity:SD cycle length >=4 days,population,calendar,3,H3_herzog1997_twofold_any,strict_herzog,True,24806,22526,12195.0,0.5413744117908195,0.5348608595137975,0.5478738549495491,0.09191324679513024,,
window_false_positive,cycle_regularity:SD cycle length >=4 days,population,calendar,4,H3_herzog1997_twofold_any,strict_herzog,True,24806,22993,11968.0,0.5205062410298786,0.5140459981798284,0.5269596330364663,0.07308715633314522,,
window_false_positive,cycle_regularity:SD cycle length >=4 days,population,calendar,6,H3_herzog1997_twofold_any,strict_herzog,True,24806,23516,11394.0,0.48452117707093045,0.47813676682627243,0.4909106435793374,0.052003547528823635,,
window_false_positive,cycle_regularity:SD cycle length >=4 days,population,calendar,12,H3_herzog1997_twofold_any,strict_herzog,True,24806,24172,9508.0,0.393347674995863,0.387206941016499,0.39952230235720765,0.02555833266145291,,
window_false_positive,cycle_regularity:SD cycle length >=4 days,population,cycle,3,H3_herzog1997_twofold_any,strict_herzog,True,24806,22613,11926.0,0.5273957458099323,0.5208845639579263,0.5338976213554338,0.08840603079900022,,
window_false_positive,cycle_regularity:SD cycle length >=4 days,population,cycle,6,H3_herzog1997_twofold_any,strict_herzog,True,24806,23622,11177.0,0.47316061298789264,0.46679851774126785,0.479531436169153,0.047730387809400976,,
window_false_positive,cycle_regularity:SD cycle length >=4 days,population,cycle,12,H3_herzog1997_twofold_any,strict_herzog,True,24806,24194,9158.0,0.3785236008927833,0.3724317665146272,0.38465400454462023,0.024671450455534982,,
window_false_positive,cycle_regularity:SD cycle length >=4 days,population,full,full_diary,H3_herzog1997_twofold_any,strict_herzog,True,24806,24603,6124.0,0.24891273421940413,0.24354936304899108,0.2543545015865425,0.008183503990969898,,
window_false_positive,cycle_regularity:SD cycle length >=4 days,healthy_ovulatory,calendar,1,H4_reddy2007_any_phase2x_any,strict_herzog,True,9105,7006,6574.0,0.9383385669426206,0.9324622960168365,0.9437344105821888,0.2305326743547501,,
window_false_positive,cycle_regularity:SD cycle length >=4 days,healthy_ovulatory,calendar,3,H4_reddy2007_any_phase2x_any,strict_herzog,True,9105,8242,6332.0,0.7682601310361563,0.7590270949668074,0.7772432204501503,0.09478308621636466,,
window_false_positive,cycle_regularity:SD cycle length >=4 days,healthy_ovulatory,calendar,4,H4_reddy2007_any_phase2x_any,strict_herzog,True,9105,8442,5834.0,0.6910684671878702,0.6811270494984014,0.700836075872703,0.0728171334431631,,
window_false_positive,cycle_regularity:SD cycle length >=4 days,healthy_ovulatory,calendar,6,H4_reddy2007_any_phase2x_any,strict_herzog,True,9105,8641,4908.0,0.5679898159935193,0.5575174842426949,0.578401723251978,0.050961010433827614,,
window_false_positive,cycle_regularity:SD cycle length >=4 days,healthy_ovulatory,calendar,12,H4_reddy2007_any_phase2x_any,strict_herzog,True,9105,8886,3277.0,0.36878235426513617,0.3588094778607333,0.3788686336329043,0.024052718286655672,,
window_false_positive,cycle_regularity:SD cycle length >=4 days,healthy_ovulatory,cycle,3,H4_reddy2007_any_phase2x_any,strict_herzog,True,9105,8191,6116.0,0.7466731778781589,0.737140462570297,0.7559746294429087,0.100384404173531,,
window_false_positive,cycle_regularity:SD cycle length >=4 days,healthy_ovulatory,cycle,6,H4_reddy2007_any_phase2x_any,strict_herzog,True,9105,8640,4836.0,0.5597222222222222,0.5492305237028944,0.5701608377556023,0.05107084019769359,,
window_false_positive,cycle_regularity:SD cycle length >=4 days,healthy_ovulatory,cycle,12,H4_reddy2007_any_phase2x_any,strict_herzog,True,9105,8867,3229.0,0.3641592421337544,0.35420440281842097,0.3742317313202838,0.026139483800109775,,
window_false_positive,cycle_regularity:SD cycle length >=4 days,healthy_ovulatory,full,full_diary,H4_reddy2007_any_phase2x_any,strict_herzog,True,9105,9021,1211.0,0.1342423234674648,0.12736279142768792,0.14143322785858187,0.009225700164744666,,
window_false_positive,cycle_regularity:SD cycle length >=4 days,population,calendar,1,H4_reddy2007_any_phase2x_any,strict_herzog,True,24806,18807,17585.0,0.9350241931195832,0.9314118946955593,0.9384588144814158,0.24183665242280095,,
window_false_positive,cycle_regularity:SD cycle length >=4 days,population,calendar,3,H4_reddy2007_any_phase2x_any,strict_herzog,True,24806,22526,17354.0,0.7703986504483707,0.764860561541681,0.7758445305143753,0.09191324679513024,,
window_false_positive,cycle_regularity:SD cycle length >=4 days,population,calendar,4,H4_reddy2007_any_phase2x_any,strict_herzog,True,24806,22993,16079.0,0.6992997868916627,0.6933397070063071,0.7051932835529101,0.07308715633314522,,
window_false_positive,cycle_regularity:SD cycle length >=4 days,population,calendar,6,H4_reddy2007_any_phase2x_any,strict_herzog,True,24806,23516,13771.0,0.58560129273686,0.5792916384115508,0.5918829848123707,0.052003547528823635,,
window_false_positive,cycle_regularity:SD cycle length >=4 days,population,calendar,12,H4_reddy2007_any_phase2x_any,strict_herzog,True,24806,24172,9090.0,0.3760549395995367,0.36996861190491026,0.3821806561895913,0.02555833266145291,,
window_false_positive,cycle_regularity:SD cycle length >=4 days,population,cycle,3,H4_reddy2007_any_phase2x_any,strict_herzog,True,24806,22613,16626.0,0.7352407906956175,0.7294506353955534,0.7409510349424915,0.08840603079900022,,
window_false_positive,cycle_regularity:SD cycle length >=4 days,population,cycle,6,H4_reddy2007_any_phase2x_any,strict_herzog,True,24806,23622,12916.0,0.5467784268901871,0.540423130577683,0.5531185112661421,0.047730387809400976,,
window_false_positive,cycle_regularity:SD cycle length >=4 days,population,cycle,12,H4_reddy2007_any_phase2x_any,strict_herzog,True,24806,24194,8475.0,0.35029346118872445,0.3443063509017093,0.35632810393891484,0.024671450455534982,,
window_false_positive,cycle_regularity:SD cycle length >=4 days,population,full,full_diary,H4_reddy2007_any_phase2x_any,strict_herzog,True,24806,24603,3480.0,0.14144616510181685,0.13714766925264055,0.14585661110063491,0.008183503990969898,,
study_level_3month_n30,apparent_prevalence_all,healthy_ovulatory,study_mc_calendar,3,A_exact_any,strict_herzog,False,10000,10000,,0.0,0.0,0.0,,0.0,0.0
study_level_3month_n30,apparent_prevalence_classifiable,healthy_ovulatory,study_mc_calendar,3,A_exact_any,strict_herzog,False,0,0,,,,,,,
study_level_3month_n30,apparent_prevalence_all,healthy_ovulatory,study_mc_calendar,3,A_windowed_C1_only,strict_herzog,False,10000,10000,,0.2437133333333333,0.1,0.4,,0.0394,0.0058
study_level_3month_n30,apparent_prevalence_classifiable,healthy_ovulatory,study_mc_calendar,3,A_windowed_C1_only,strict_herzog,False,10000,10000,,0.27888572643672427,0.11538461538461539,0.4583333333333333,,0.1065,0.0332
study_level_3month_n30,apparent_prevalence_all,healthy_ovulatory,study_mc_calendar,3,A_windowed_C2_only,strict_herzog,False,10000,10000,,0.22565333333333337,0.1,0.36666666666666664,,0.0237,0.0025
study_level_3month_n30,apparent_prevalence_classifiable,healthy_ovulatory,study_mc_calendar,3,A_windowed_C2_only,strict_herzog,False,10000,10000,,0.25515256002423625,0.10344827586206896,0.42857142857142855,,0.0616,0.0186
study_level_3month_n30,apparent_prevalence_all,healthy_ovulatory,study_mc_calendar,3,A_windowed_C3_only,strict_herzog,False,10000,10000,,0.0,0.0,0.0,,0.0,0.0
study_level_3month_n30,apparent_prevalence_classifiable,healthy_ovulatory,study_mc_calendar,3,A_windowed_C3_only,strict_herzog,False,0,0,,,,,,,
study_level_3month_n30,apparent_prevalence_all,healthy_ovulatory,study_mc_calendar,3,A_windowed_any,strict_herzog,False,10000,10000,,0.37493,0.2,0.5333333333333333,,0.4588,0.1965
study_level_3month_n30,apparent_prevalence_classifiable,healthy_ovulatory,study_mc_calendar,3,A_windowed_any,strict_herzog,False,10000,10000,,0.41439797193219474,0.23076923076923078,0.6,,0.6083,0.3945
study_level_3month_n30,apparent_prevalence_all,healthy_ovulatory,study_mc_calendar,3,A_windowed_excluding_C3,strict_herzog,False,10000,10000,,0.37493,0.2,0.5333333333333333,,0.4588,0.1965
study_level_3month_n30,apparent_prevalence_classifiable,healthy_ovulatory,study_mc_calendar,3,A_windowed_excluding_C3,strict_herzog,False,10000,10000,,0.41439797193219474,0.23076923076923078,0.6,,0.6083,0.3945
study_level_3month_n30,apparent_prevalence_all,healthy_ovulatory,study_mc_calendar,3,B_minimum_data_any,strict_herzog,False,10000,10000,,0.0,0.0,0.0,,0.0,0.0
study_level_3month_n30,apparent_prevalence_classifiable,healthy_ovulatory,study_mc_calendar,3,B_minimum_data_any,strict_herzog,False,0,0,,,,,,,
study_level_3month_n30,apparent_prevalence_all,healthy_ovulatory,study_mc_calendar,3,B_minimum_data_excluding_C3,strict_herzog,False,10000,10000,,0.0,0.0,0.0,,0.0,0.0
study_level_3month_n30,apparent_prevalence_classifiable,healthy_ovulatory,study_mc_calendar,3,B_minimum_data_excluding_C3,strict_herzog,False,0,0,,,,,,,
study_level_3month_n30,apparent_prevalence_all,healthy_ovulatory,study_mc_calendar,3,C_reproducibility_12cycle_any,strict_herzog,False,10000,10000,,0.0,0.0,0.0,,0.0,0.0
study_level_3month_n30,apparent_prevalence_classifiable,healthy_ovulatory,study_mc_calendar,3,C_reproducibility_12cycle_any,strict_herzog,False,0,0,,,,,,,
study_level_3month_n30,apparent_prevalence_all,healthy_ovulatory,study_mc_calendar,3,C_reproducibility_any,strict_herzog,False,10000,10000,,0.0,0.0,0.0,,0.0,0.0
study_level_3month_n30,apparent_prevalence_classifiable,healthy_ovulatory,study_mc_calendar,3,C_reproducibility_any,strict_herzog,False,0,0,,,,,,,
study_level_3month_n30,apparent_prevalence_all,healthy_ovulatory,study_mc_calendar,3,D_nb_regression_any,strict_herzog,False,10000,10000,,0.0,0.0,0.0,,0.0,0.0
study_level_3month_n30,apparent_prevalence_classifiable,healthy_ovulatory,study_mc_calendar,3,D_nb_regression_any,strict_herzog,False,0,0,,,,,,,
study_level_3month_n30,apparent_prevalence_all,healthy_ovulatory,study_mc_calendar,3,D_nb_regression_window_alpha_any,strict_herzog,False,10000,10000,,0.0,0.0,0.0,,0.0,0.0
study_level_3month_n30,apparent_prevalence_classifiable,healthy_ovulatory,study_mc_calendar,3,D_nb_regression_window_alpha_any,strict_herzog,False,0,0,,,,,,,
study_level_3month_n30,apparent_prevalence_all,healthy_ovulatory,study_mc_calendar,3,H1_newmark_penry_66_7_any,strict_herzog,True,10000,10000,,0.03726,0.0,0.1,,0.0,0.0
study_level_3month_n30,apparent_prevalence_classifiable,healthy_ovulatory,study_mc_calendar,3,H1_newmark_penry_66_7_any,strict_herzog,True,10000,10000,,0.041181748410510026,0.0,0.125,,0.0,0.0
study_level_3month_n30,apparent_prevalence_all,healthy_ovulatory,study_mc_calendar,3,H1_newmark_penry_any,strict_herzog,True,10000,10000,,0.08055333333333332,0.0,0.2,,0.0,0.0
study_level_3month_n30,apparent_prevalence_classifiable,healthy_ovulatory,study_mc_calendar,3,H1_newmark_penry_any,strict_herzog,True,10000,10000,,0.08905105946313667,0.0,0.20833333333333334,,0.0,0.0
study_level_3month_n30,apparent_prevalence_all,healthy_ovulatory,study_mc_calendar,3,H2_duncan1993_any,strict_herzog,True,10000,10000,,0.06522,0.0,0.16666666666666666,,0.0,0.0
study_level_3month_n30,apparent_prevalence_classifiable,healthy_ovulatory,study_mc_calendar,3,H2_duncan1993_any,strict_herzog,True,10000,10000,,0.07212907017933479,0.0,0.18518518518518517,,0.0001,0.0
study_level_3month_n30,apparent_prevalence_all,healthy_ovulatory,study_mc_calendar,3,H3_herzog1997_twofold_any,strict_herzog,True,10000,10000,,0.33645,0.16666666666666666,0.5,,0.2885,0.0954
study_level_3month_n30,apparent_prevalence_classifiable,healthy_ovulatory,study_mc_calendar,3,H3_herzog1997_twofold_any,strict_herzog,True,10000,10000,,0.371884945378026,0.19230769230769232,0.5555555555555556,,0.4251,0.232
study_level_3month_n30,apparent_prevalence_all,healthy_ovulatory,study_mc_calendar,3,H4_reddy2007_any_phase2x_any,strict_herzog,True,10000,10000,,0.6885166666666666,0.5333333333333333,0.8333333333333334,,0.9995,0.9962
study_level_3month_n30,apparent_prevalence_classifiable,healthy_ovulatory,study_mc_calendar,3,H4_reddy2007_any_phase2x_any,strict_herzog,True,10000,10000,,0.7612284153681319,0.5862068965517241,0.92,,0.9999,0.9997
study_level_3month_n30,apparent_prevalence_all,population,study_mc_calendar,3,A_exact_any,strict_herzog,False,10000,10000,,0.0,0.0,0.0,,0.0,0.0
study_level_3month_n30,apparent_prevalence_classifiable,population,study_mc_calendar,3,A_exact_any,strict_herzog,False,0,0,,,,,,,
study_level_3month_n30,apparent_prevalence_all,population,study_mc_calendar,3,A_windowed_C1_only,strict_herzog,False,10000,10000,,0.2439,0.1,0.4,,0.0443,0.0057
study_level_3month_n30,apparent_prevalence_classifiable,population,study_mc_calendar,3,A_windowed_C1_only,strict_herzog,False,10000,10000,,0.28150068476126133,0.11538461538461539,0.46153846153846156,,0.1174,0.0389
study_level_3month_n30,apparent_prevalence_all,population,study_mc_calendar,3,A_windowed_C2_only,strict_herzog,False,10000,10000,,0.23468666666666668,0.1,0.4,,0.0355,0.0047
study_level_3month_n30,apparent_prevalence_classifiable,population,study_mc_calendar,3,A_windowed_C2_only,strict_herzog,False,10000,10000,,0.2650300021571755,0.1111111111111111,0.4444444444444444,,0.0804,0.0275
study_level_3month_n30,apparent_prevalence_all,population,study_mc_calendar,3,A_windowed_C3_only,strict_herzog,False,10000,10000,,0.17561333333333332,0.06666666666666667,0.3333333333333333,,0.0024,0.0002
study_level_3month_n30,apparent_prevalence_classifiable,population,study_mc_calendar,3,A_windowed_C3_only,strict_herzog,False,9999,9999,,0.5392453264949802,0.2,0.875,,0.8157815781578158,0.7333733373337333
study_level_3month_n30,apparent_prevalence_all,population,study_mc_calendar,3,A_windowed_any,strict_herzog,False,10000,10000,,0.45988999999999997,0.3,0.6333333333333333,,0.7991,0.5451
study_level_3month_n30,apparent_prevalence_classifiable,population,study_mc_calendar,3,A_windowed_any,strict_herzog,False,10000,10000,,0.5080661148851982,0.32,0.6923076923076923,,0.894,0.7586
study_level_3month_n30,apparent_prevalence_all,population,study_mc_calendar,3,A_windowed_excluding_C3,strict_herzog,False,10000,10000,,0.38039333333333336,0.2,0.5666666666666667,,0.4851,0.2133
study_level_3month_n30,apparent_prevalence_classifiable,population,study_mc_calendar,3,A_windowed_excluding_C3,strict_herzog,False,10000,10000,,0.4202314791073494,0.23333333333333334,0.6071428571428571,,0.6323,0.4193
study_level_3month_n30,apparent_prevalence_all,population,study_mc_calendar,3,B_minimum_data_any,strict_herzog,False,10000,10000,,0.0,0.0,0.0,,0.0,0.0
study_level_3month_n30,apparent_prevalence_classifiable,population,study_mc_calendar,3,B_minimum_data_any,strict_herzog,False,0,0,,,,,,,
study_level_3month_n30,apparent_prevalence_all,population,study_mc_calendar,3,B_minimum_data_excluding_C3,strict_herzog,False,10000,10000,,0.0,0.0,0.0,,0.0,0.0
study_level_3month_n30,apparent_prevalence_classifiable,population,study_mc_calendar,3,B_minimum_data_excluding_C3,strict_herzog,False,0,0,,,,,,,
study_level_3month_n30,apparent_prevalence_all,population,study_mc_calendar,3,C_reproducibility_12cycle_any,strict_herzog,False,10000,10000,,0.0,0.0,0.0,,0.0,0.0
study_level_3month_n30,apparent_prevalence_classifiable,population,study_mc_calendar,3,C_reproducibility_12cycle_any,strict_herzog,False,0,0,,,,,,,
study_level_3month_n30,apparent_prevalence_all,population,study_mc_calendar,3,C_reproducibility_any,strict_herzog,False,10000,10000,,0.0,0.0,0.0,,0.0,0.0
study_level_3month_n30,apparent_prevalence_classifiable,population,study_mc_calendar,3,C_reproducibility_any,strict_herzog,False,0,0,,,,,,,
study_level_3month_n30,apparent_prevalence_all,population,study_mc_calendar,3,D_nb_regression_any,strict_herzog,False,10000,10000,,0.0,0.0,0.0,,0.0,0.0
study_level_3month_n30,apparent_prevalence_classifiable,population,study_mc_calendar,3,D_nb_regression_any,strict_herzog,False,0,0,,,,,,,
study_level_3month_n30,apparent_prevalence_all,population,study_mc_calendar,3,D_nb_regression_window_alpha_any,strict_herzog,False,10000,10000,,0.0,0.0,0.0,,0.0,0.0
study_level_3month_n30,apparent_prevalence_classifiable,population,study_mc_calendar,3,D_nb_regression_window_alpha_any,strict_herzog,False,0,0,,,,,,,
study_level_3month_n30,apparent_prevalence_all,population,study_mc_calendar,3,H1_newmark_penry_66_7_any,strict_herzog,True,10000,10000,,0.03479666666666666,0.0,0.1,,0.0,0.0
study_level_3month_n30,apparent_prevalence_classifiable,population,study_mc_calendar,3,H1_newmark_penry_66_7_any,strict_herzog,True,10000,10000,,0.038466451810724674,0.0,0.12,,0.0,0.0
study_level_3month_n30,apparent_prevalence_all,population,study_mc_calendar,3,H1_newmark_penry_any,strict_herzog,True,10000,10000,,0.07343,0.0,0.16666666666666666,,0.0,0.0
study_level_3month_n30,apparent_prevalence_classifiable,population,study_mc_calendar,3,H1_newmark_penry_any,strict_herzog,True,10000,10000,,0.08111846834108753,0.0,0.19230769230769232,,0.0,0.0
study_level_3month_n30,apparent_prevalence_all,population,study_mc_calendar,3,H2_duncan1993_any,strict_herzog,True,10000,10000,,0.05965,0.0,0.16666666666666666,,0.0,0.0
study_level_3month_n30,apparent_prevalence_classifiable,population,study_mc_calendar,3,H2_duncan1993_any,strict_herzog,True,10000,10000,,0.06592328410775188,0.0,0.1724137931034483,,0.0,0.0
study_level_3month_n30,apparent_prevalence_all,population,study_mc_calendar,3,H3_herzog1997_twofold_any,strict_herzog,True,10000,10000,,0.4243033333333333,0.26666666666666666,0.6,,0.6753,0.3899
study_level_3month_n30,apparent_prevalence_classifiable,population,study_mc_calendar,3,H3_herzog1997_twofold_any,strict_herzog,True,10000,10000,,0.46874017405053153,0.28,0.6538461538461539,,0.8001,0.6194
study_level_3month_n30,apparent_prevalence_all,population,study_mc_calendar,3,H4_reddy2007_any_phase2x_any,strict_herzog,True,10000,10000,,0.6911133333333334,0.5333333333333333,0.8333333333333334,,0.9998,0.9961
study_level_3month_n30,apparent_prevalence_classifiable,population,study_mc_calendar,3,H4_reddy2007_any_phase2x_any,strict_herzog,True,10000,10000,,0.7635275622955533,0.5925925925925926,0.92,,1.0,0.9998
