participant_id,cohort,daily_count_overdispersion,next_day_cluster_propensity,spectral_dominant_period_days,spectral_amplitude_seizures_per_day,audit_mean_cycle_length,audit_sd_cycle_length,audit_ovulatory_fraction,audit_ilp_fraction,n_audit_cycles
healthy_ovulatory-000029,healthy_ovulatory,,,,,27.825,3.455857161103265,1.0,0.0,40
healthy_ovulatory-000034,healthy_ovulatory,1.4112388397354345,-0.049677002583979335,2.640586797066015,0.07492490777238231,29.31578947368421,2.6519270215173285,1.0,0.0,38
healthy_ovulatory-000083,healthy_ovulatory,0.998146431881372,-0.002777777777777778,6.70807453416149,0.005536705354827743,28.125,3.3373373387808,1.0,0.025,40
healthy_ovulatory-000190,healthy_ovulatory,1.4445304463840147,-0.023670700403373657,2.9508196721311473,0.09200559558742925,29.486486486486488,2.4223682353985465,1.0,0.0,37
healthy_ovulatory-000260,healthy_ovulatory,0.9953660797034289,-0.005555555555555556,2.0454545454545454,0.010210102197802974,29.55263157894737,3.5082710642989716,1.0,0.0,38
healthy_ovulatory-000284,healthy_ovulatory,1.5258430170385686,0.05370370370370371,2.208588957055215,0.04064907534736433,27.121951219512194,3.543974618639498,1.0,0.024390243902439025,41
healthy_ovulatory-000405,healthy_ovulatory,7.910215512783333,0.048860398860398876,7.397260273972603,0.2836772377431541,31.13888888888889,3.0156996608489455,1.0,0.0,36
healthy_ovulatory-000534,healthy_ovulatory,1.5963434156205238,0.02751444104655114,11.020408163265305,0.07015050046182694,30.027027027027028,2.8036334211805154,1.0,0.0,37
healthy_ovulatory-000688,healthy_ovulatory,,,,,34.6875,3.4867259807039797,1.0,0.03125,32
healthy_ovulatory-000748,healthy_ovulatory,0.9972196478220577,-0.003703703703703704,2.302771855010661,0.007291477057250601,28.0,3.8044295512634103,1.0,0.02564102564102564,39
healthy_ovulatory-000846,healthy_ovulatory,0.9833178869323447,-0.017592592592592594,13.670886075949365,0.0188283626189674,29.657894736842106,4.425212261144968,1.0,0.0,38
healthy_ovulatory-000915,healthy_ovulatory,1.77941621780343,0.03756038647342996,6.101694915254237,0.05668221904080007,28.256410256410255,2.9622000067335157,1.0,0.0,39
healthy_ovulatory-000950,healthy_ovulatory,11.29878893274047,-0.02279902853673345,2.983425414364641,0.38406770506107596,26.853658536585368,3.752072597976724,1.0,0.0,41
healthy_ovulatory-000957,healthy_ovulatory,1.6126368338924633,0.02553272450532723,10.799999999999999,0.12741969744693313,28.86842105263158,3.4732261864507916,1.0,0.0,38
healthy_ovulatory-001204,healthy_ovulatory,1.630742751224679,0.04010503040353787,14.210526315789473,0.08650191671167996,28.763157894736842,2.695684344003124,1.0,0.02631578947368421,38
healthy_ovulatory-001211,healthy_ovulatory,1.6167326649254363,0.04118809821057012,5.775401069518716,0.07115141327570675,31.0,3.3123146848433,1.0,0.0,36
healthy_ovulatory-001254,healthy_ovulatory,1.937573224683932,0.04722222222222222,27.0,0.09774712724113659,27.325,2.379264053420182,1.0,0.0,40
healthy_ovulatory-001422,healthy_ovulatory,1.8775932130890425,0.08481057393271135,3.0508474576271185,0.08626044825734544,31.714285714285715,3.451951098517275,1.0,0.02857142857142857,35
healthy_ovulatory-001617,healthy_ovulatory,0.9768303985171454,-0.024074074074074074,3.3436532507739933,0.025263727958649368,32.088235294117645,2.9579645648995574,1.0,0.029411764705882353,34
healthy_ovulatory-001827,healthy_ovulatory,1.567324242023037,-0.012568951930654063,6.4670658682634725,0.06837347410536272,29.394736842105264,3.935558435488732,1.0,0.0,38
healthy_ovulatory-001963,healthy_ovulatory,0.9870250231696018,-0.013888888888888888,2.1951219512195124,0.015714770465869648,27.4,4.068641807021866,1.0,0.025,40
healthy_ovulatory-002028,healthy_ovulatory,1.1179663709784193,0.015925925925925927,21.599999999999998,0.02743990916508817,26.357142857142858,3.082772181098936,1.0,0.0,42
healthy_ovulatory-002132,healthy_ovulatory,1.1659242428772163,0.0455026455026455,11.48936170212766,0.02905705393652594,28.76923076923077,2.3559726839353194,1.0,0.0,39
healthy_ovulatory-002355,healthy_ovulatory,25.600722801441396,-0.01865079365079364,6.585365853658537,0.9512009040245291,29.236842105263158,2.364537672955938,1.0,0.02631578947368421,38
healthy_ovulatory-002432,healthy_ovulatory,86.66187171486777,0.005555555555555564,7.248322147651006,3.0908004918402177,32.35294117647059,3.003859668081358,1.0,0.0,34
healthy_ovulatory-002523,healthy_ovulatory,1.2437442075996292,-0.006481481481481481,6.967741935483871,0.013163037973870546,29.13157894736842,3.1293817076184935,1.0,0.0,38
healthy_ovulatory-002738,healthy_ovulatory,0.994439295644115,-0.006481481481481481,2.0,0.012962962962962959,33.90909090909091,3.5032452487268535,1.0,0.0,33
healthy_ovulatory-003057,healthy_ovulatory,1.2539388322520857,-0.012037037037037037,14.794520547945206,0.020413801068137203,29.105263157894736,3.108745064302023,1.0,0.02631578947368421,38
healthy_ovulatory-003163,healthy_ovulatory,10.35966987848256,-0.028220611916264085,2.4489795918367347,0.3334430032338784,29.236842105263158,3.2083860599264833,1.0,0.0,38
healthy_ovulatory-003283,healthy_ovulatory,1.2371565263131528,-0.0002525252525252507,3.13953488372093,0.027565768618119404,30.75,3.782478401411283,1.0,0.027777777777777776,36
healthy_ovulatory-003343,healthy_ovulatory,14.562346423362598,0.0061529271206690606,6.242774566473988,0.39539925392697084,26.61904761904762,4.29947461879671,1.0,0.0,42
healthy_ovulatory-003420,healthy_ovulatory,1.3873957367933276,0.06488603988603989,49.090909090909086,0.018094712124961155,25.88372093023256,3.267511812384969,1.0,0.0,43
healthy_ovulatory-003586,healthy_ovulatory,1.3775437885997772,0.018294668294668304,2.911051212938005,0.07943328746204763,26.78048780487805,2.797429133346824,1.0,0.0,41
healthy_ovulatory-003755,healthy_ovulatory,,,,,28.897435897435898,3.7048678632227383,1.0,0.0,39
healthy_ovulatory-003829,healthy_ovulatory,1.1851445712385655,0.008479532163742684,4.408163265306122,0.058181889724901875,25.386363636363637,3.7305521075953547,1.0,0.0,44
healthy_ovulatory-003855,healthy_ovulatory,1.3832942243606177,0.04376218323586744,3.5643564356435644,0.03785496070068795,27.121951219512194,3.925526219191635,1.0,0.0,41
healthy_ovulatory-003924,healthy_ovulatory,1.2825006318982224,-0.010648148148148129,3.472668810289389,0.07183711694188297,33.1764705882353,3.214272981894823,1.0,0.0,34
healthy_ovulatory-004219,healthy_ovulatory,1.140065277833743,-0.02658730158730159,2.3326133909287257,0.03892589759646823,25.232558139534884,3.577956382006258,1.0,0.0,43
healthy_ovulatory-004320,healthy_ovulatory,0.986350998399191,-0.05,18.30508474576271,0.04135522624743707,32.142857142857146,3.956698394479158,1.0,0.0,35
healthy_ovulatory-004332,healthy_ovulatory,1.4266224109317411,-0.005555555555555557,3.829787234042553,0.038604372693595165,27.0,3.9937451095431715,1.0,0.0,41
healthy_ovulatory-004338,healthy_ovulatory,7.251881057476319,0.028643751665334394,10.18867924528302,0.315226840696523,29.342105263157894,2.97989947036558,1.0,0.02631578947368421,38
healthy_ovulatory-004419,healthy_ovulatory,1.6811862835959221,0.03438003220611917,2.849604221635884,0.06737192340071589,29.105263157894736,3.600221267105605,1.0,0.0,38
healthy_ovulatory-004424,healthy_ovulatory,1.1721170395869192,-0.017592592592592594,3.724137931034482,0.02739048701654755,28.153846153846153,4.202370643855689,1.0,0.0,39
healthy_ovulatory-004470,healthy_ovulatory,1.8299536607970341,-0.0037557220141489767,4.5,0.06847087958173381,30.63888888888889,2.7687313007717123,1.0,0.027777777777777776,36
healthy_ovulatory-004573,healthy_ovulatory,25.54306305372107,0.03512176560121766,3.4394904458598727,0.7270799871684354,29.0,3.8661826678330438,1.0,0.0,39
healthy_ovulatory-004643,healthy_ovulatory,1.323447636700649,-0.003782172002510985,2.2929936305732483,0.04662969432923536,31.61111111111111,4.344308445888237,1.0,0.027777777777777776,36
healthy_ovulatory-004864,healthy_ovulatory,1.2982164135348297,0.048456790123456786,4.106463878326996,0.05401470281805608,28.68421052631579,3.9871771709216324,1.0,0.02631578947368421,38
healthy_ovulatory-005026,healthy_ovulatory,0.978683966635774,0.01944444444444444,3.385579937304075,0.022994298430605277,29.72972972972973,3.517011425822977,1.0,0.0,37
healthy_ovulatory-005177,healthy_ovulatory,1.2658937246145139,-0.027031063321385898,2.0377358490566038,0.06133591014305695,30.62162162162162,2.7522854276173967,1.0,0.02702702702702703,37
healthy_ovulatory-005333,healthy_ovulatory,1.0479055985589159,-0.017260917634051964,3.068181818181818,0.03997533558380421,27.975,4.022293643413687,1.0,0.0,40
healthy_ovulatory-005439,healthy_ovulatory,1.4976830398517145,-0.002777777777777778,5.0,0.007407407407407408,30.08108108108108,3.112505050226857,1.0,0.0,37
healthy_ovulatory-005516,healthy_ovulatory,1.1222809791201005,-0.012568951930654063,13.670886075949365,0.04629894787693838,25.511627906976745,3.5748599241505805,1.0,0.023255813953488372,43
healthy_ovulatory-005740,healthy_ovulatory,1.1059948295205113,0.03300653594771241,23.47826086956522,0.056426196468221,33.0,3.265986323710904,1.0,0.0,34
healthy_ovulatory-005759,healthy_ovulatory,11.650926850543106,-0.04039351851851852,3.6363636363636362,0.44695169240014526,25.15909090909091,3.747515032895252,1.0,0.0,44
healthy_ovulatory-005781,healthy_ovulatory,1.0056449574521862,-0.016559000861326445,3.385579937304075,0.029602265892096472,31.6,3.201102751167074,1.0,0.0,35
healthy_ovulatory-005954,healthy_ovulatory,0.9847742618826957,-0.03274410774410774,4.716157205240174,0.040129464560340986,30.18918918918919,3.107677212591047,1.0,0.0,37
healthy_ovulatory-006005,healthy_ovulatory,1.448563484708063,0.01744639376218323,3.204747774480712,0.035449797874684406,28.923076923076923,4.074210387719418,1.0,0.0,39
healthy_ovulatory-006184,healthy_ovulatory,46.37025618789177,0.006368102796674213,6.390532544378697,1.5656003173270574,26.804878048780488,3.218846937919866,1.0,0.0,41
healthy_ovulatory-006406,healthy_ovulatory,1.1013483213250024,-0.026851851851851852,2.769230769230769,0.03236939550502417,25.431818181818183,3.143081936443372,1.0,0.0,44
healthy_ovulatory-006474,healthy_ovulatory,28.1168513851975,0.029992967651195496,3.094555873925501,0.8423430182722927,31.685714285714287,3.9015187734388515,1.0,0.05714285714285714,35
healthy_ovulatory-006486,healthy_ovulatory,1.2109912645672707,-0.01027077497665732,4.285714285714286,0.06187984354268272,26.853658536585368,4.5031154527157975,1.0,0.0,41
healthy_ovulatory-006504,healthy_ovulatory,1.7851999714835673,0.057897603485838806,19.285714285714285,0.09516605626206116,32.088235294117645,3.01880617642766,1.0,0.0,34
healthy_ovulatory-006639,healthy_ovulatory,67.15985190835151,0.026432819680994868,2.5058004640371228,2.058309511383823,27.414634146341463,2.408065715009638,1.0,0.0,41
healthy_ovulatory-006653,healthy_ovulatory,1.1460502644060406,0.003554360812425328,3.724137931034482,0.030363854645800617,27.097560975609756,3.5833286065387617,1.0,0.0,41
healthy_ovulatory-006659,healthy_ovulatory,1.2845227062094526,0.022624798711755233,5.268292682926829,0.03602628883682588,30.333333333333332,3.794733192202055,1.0,0.0,36
healthy_ovulatory-006677,healthy_ovulatory,1.2150139017608896,-0.007407407407407408,3.364485981308411,0.013344795550338509,28.23076923076923,3.0647532609669064,1.0,0.0,39
healthy_ovulatory-006683,healthy_ovulatory,1.1074422915274693,-0.008119658119658119,4.0,0.04743054990690999,29.31578947368421,2.978347656888229,1.0,0.0,38
healthy_ovulatory-006686,healthy_ovulatory,1.2465652975384207,-0.03376068376068375,2.42152466367713,0.04536035872303036,29.89189189189189,3.710224489942053,1.0,0.0,37
healthy_ovulatory-006769,healthy_ovulatory,1.1277384497071758,0.0299526270456503,7.105263157894736,0.032297753994596425,28.641025641025642,2.906319606860191,1.0,0.02564102564102564,39
healthy_ovulatory-006814,healthy_ovulatory,1.5288229842446712,0.012562562562562565,2.2832980972515853,0.05584369033560382,29.13157894736842,2.6525974280354876,1.0,0.0,38
healthy_ovulatory-006959,healthy_ovulatory,1.4038347589601787,0.011601307189542484,2.0377358490566038,0.04402059081251458,27.048780487804876,3.270712609754907,1.0,0.0,41
healthy_ovulatory-007031,healthy_ovulatory,1.144309246913211,-0.038215488215488216,5.118483412322274,0.05423426736688477,28.435897435897434,3.676345953273596,1.0,0.0,39
healthy_ovulatory-007345,healthy_ovulatory,1.0888503848168594,-0.03981481481481482,2.3684210526315788,0.037046557629211864,30.75,3.849860850917676,1.0,0.0,36
healthy_ovulatory-007598,healthy_ovulatory,1.3102587866257935,0.03494152046783625,2.460136674259681,0.04489785899152559,27.7,3.1476486950884954,1.0,0.025,40
healthy_ovulatory-007618,healthy_ovulatory,1.0748440748440748,-0.032407407407407406,2.6341463414634143,0.0318904695637227,30.243243243243242,3.861529672475846,1.0,0.0,37
healthy_ovulatory-007786,healthy_ovulatory,1.1770157553290084,-0.036243386243386244,38.57142857142857,0.04707926953540694,26.25581395348837,2.5363361582053185,1.0,0.023255813953488372,43
healthy_ovulatory-007856,healthy_ovulatory,,,,,30.56756756756757,4.226507229777723,1.0,0.02702702702702703,37
healthy_ovulatory-007981,healthy_ovulatory,22.827768454274477,-0.024983611930514585,15.428571428571429,0.6134773735166024,29.42105263157895,3.293167200943685,1.0,0.0,38
healthy_ovulatory-008130,healthy_ovulatory,12.182004614201485,0.000841108283856376,18.620689655172413,0.39519744883523683,28.23076923076923,2.3671161497477815,1.0,0.0,39
healthy_ovulatory-008132,healthy_ovulatory,1.0231696014828542,-0.032407407407407406,4.354838709677419,0.030662997666482422,25.767441860465116,2.0798032107266393,1.0,0.0,43
healthy_ovulatory-008183,healthy_ovulatory,1.1983317886932345,0.0611111111111111,2.805194805194805,0.024804803775332,26.285714285714285,2.707583877364037,1.0,0.0,42
healthy_ovulatory-008185,healthy_ovulatory,8.843889677502611,0.003671775223499346,4.060150375939849,0.35806782324684366,31.5,2.8132340311971404,1.0,0.0,36
healthy_ovulatory-008207,healthy_ovulatory,1.1980900189386308,0.011111111111111113,4.695652173913043,0.04362995680878987,26.976190476190474,3.2195143948185216,1.0,0.023809523809523808,42
healthy_ovulatory-008216,healthy_ovulatory,1.18375457501453,-0.011338225017470303,2.437923250564334,0.0394409623815182,29.64864864864865,3.3682852232768745,1.0,0.0,37
healthy_ovulatory-008264,healthy_ovulatory,4.460214817806393,-5.6689342403604126e-05,2.967032967032967,0.1999360705372632,26.853658536585368,3.029529465195512,1.0,0.0,41
healthy_ovulatory-008349,healthy_ovulatory,1.053824766521708,-0.023148148148148147,3.5643564356435644,0.024950022497049935,29.342105263157894,3.207055699374501,1.0,0.0,38
healthy_ovulatory-008383,healthy_ovulatory,1.6932045801070288,0.05737547892720306,10.093457943925234,0.06941700850234644,37.36666666666667,5.041095483936098,1.0,0.0,30
healthy_ovulatory-008399,healthy_ovulatory,5.901357466063348,-0.007671957671957663,2.827225130890052,0.2413264883396014,29.210526315789473,2.987884497359132,1.0,0.0,38
healthy_ovulatory-008968,healthy_ovulatory,1.6498211536546699,0.009427609427609424,2.432432432432432,0.07624997979872006,28.743589743589745,3.552004243106972,1.0,0.0,39
healthy_ovulatory-009013,healthy_ovulatory,2.056764562238741,0.03922558922558922,21.176470588235293,0.1029910582810743,29.2972972972973,2.644332144888855,1.0,0.0,37
healthy_ovulatory-009030,healthy_ovulatory,6.0846249720366865,-0.06672576832151302,3.8162544169611303,0.23247660331259618,28.82051282051282,4.346031431522174,1.0,0.02564102564102564,39
healthy_ovulatory-009080,healthy_ovulatory,1.2250291488534781,-0.012433862433862436,2.2881355932203387,0.05378296391868309,30.914285714285715,3.760252092389462,1.0,0.0,35
healthy_ovulatory-009300,healthy_ovulatory,1.0247142415817116,0.0325998075998076,10.093457943925234,0.042357324536849705,30.885714285714286,4.337059376307113,1.0,0.0,35
healthy_ovulatory-009571,healthy_ovulatory,22.17587861346653,-0.02719767960731817,2.706766917293233,0.904904013443472,28.564102564102566,2.4256835368165253,1.0,0.0,39
healthy_ovulatory-009701,healthy_ovulatory,1.1379054680259504,0.10913848631239935,2.2736842105263158,0.023834988232518083,26.804878048780488,2.5418449224443447,1.0,0.024390243902439025,41
healthy_ovulatory-010084,healthy_ovulatory,2.291264255119677,0.004868578255675021,4.53781512605042,0.10968124568460595,27.94871794871795,3.017045591727792,1.0,0.0,39
healthy_ovulatory-010118,healthy_ovulatory,1.1670834280518299,-0.021594982078853048,3.4394904458598727,0.04934150439964788,28.487179487179485,2.751763022154064,1.0,0.0,39
healthy_ovulatory-010179,healthy_ovulatory,1.1204819277108438,-0.012962962962962963,4.0754716981132075,0.019186699836799326,29.657894736842106,3.6337480894813536,1.0,0.02631578947368421,38
healthy_ovulatory-010243,healthy_ovulatory,1.1187709417551865,0.07777777777777778,2.416107382550335,0.03382370180627469,26.666666666666668,3.1751064254616934,1.0,0.0,42
healthy_ovulatory-010291,healthy_ovulatory,1.1112140871177012,-0.013888888888888888,5.74468085106383,0.018251338707643217,33.333333333333336,3.870292839911041,1.0,0.0,33
healthy_ovulatory-010342,healthy_ovulatory,1.3123262279888785,-0.019444444444444445,2.887700534759358,0.024808076162928287,28.05128205128205,3.244012443586345,1.0,0.0,39
healthy_ovulatory-010440,healthy_ovulatory,1.1065801668211308,0.009788359788359787,6.033519553072626,0.026689954184598335,28.763157894736842,4.474759305176125,1.0,0.0,38
healthy_ovulatory-010621,healthy_ovulatory,1.395736793327155,0.031481481481481485,3.4615384615384612,0.023556764159832464,30.86111111111111,2.850090502600904,1.0,0.0,36
healthy_ovulatory-010634,healthy_ovulatory,1.3165066156606786,0.03395691609977325,2.0,0.07407407407407407,29.18421052631579,3.5401577545998943,1.0,0.02631578947368421,38
healthy_ovulatory-010683,healthy_ovulatory,1.1562700506166679,-0.001979565772669223,6.315789473684211,0.038453108214589776,30.97142857142857,3.5270860684783094,1.0,0.0,35
healthy_ovulatory-010687,healthy_ovulatory,7.634698253992952,-0.027777777777777776,4.481327800829876,0.2946549808958053,26.285714285714285,2.4223120812181347,1.0,0.0,42
healthy_ovulatory-010891,healthy_ovulatory,1.2056724094544249,-0.01866925064599484,8.503937007874015,0.06209326979203835,31.771428571428572,2.734159880493612,1.0,0.0,35
healthy_ovulatory-010958,healthy_ovulatory,0.9999999999999999,-0.000925925925925926,56.84210526315789,0.0018518518518518526,30.52777777777778,4.239178566731404,1.0,0.0,36
healthy_ovulatory-011294,healthy_ovulatory,1.1112140871177012,-0.013888888888888888,2.7411167512690358,0.02120148609497123,25.952380952380953,3.0995859751246315,1.0,0.0,42
healthy_ovulatory-011347,healthy_ovulatory,13.994733154004388,-0.002592592592592591,360.0,0.5807205293569727,30.216216216216218,2.529109803151377,1.0,0.02702702702702703,37
healthy_ovulatory-011447,healthy_ovulatory,1.2952103011062253,0.05004873294346979,3.624161073825503,0.07531204020184984,28.92105263157895,2.8887627478509317,1.0,0.0,38
healthy_ovulatory-011476,healthy_ovulatory,4.473996870204652,0.061111111111111116,3.624161073825503,0.19679390533863642,29.68421052631579,3.799752930502084,1.0,0.0,38
healthy_ovulatory-011601,healthy_ovulatory,1.053824766521708,0.016851851851851854,2.477064220183486,0.027118145098704395,28.205128205128204,3.577557879038122,1.0,0.0,39
healthy_ovulatory-011661,healthy_ovulatory,70.0503574132336,0.014351851851851866,9.557522123893806,2.2435502062953216,34.333333333333336,3.3788558221188825,1.0,0.030303030303030304,33
healthy_ovulatory-011774,healthy_ovulatory,2.209684893419833,0.003665442301805946,3.1304347826086953,0.09529109828961423,26.571428571428573,3.3795861858305147,1.0,0.023809523809523808,42
healthy_ovulatory-011784,healthy_ovulatory,1.1192582128364095,0.008707643814026791,5.118483412322274,0.04825956319076022,28.487179487179485,4.191920768585025,1.0,0.0,39
healthy_ovulatory-011816,healthy_ovulatory,0.9898053753475441,0.07222222222222222,4.886877828054298,0.01494573353520852,30.18918918918919,2.366876021700778,1.0,0.0,37
healthy_ovulatory-011888,healthy_ovulatory,18.424804111551097,-0.012687687687687688,2.3946784922394677,0.6617792152486153,29.105263157894736,2.1659461908942284,1.0,0.02631578947368421,38
healthy_ovulatory-011960,healthy_ovulatory,1.2703177916554786,-0.033877995642701525,2.061068702290076,0.09419500375708831,29.394736842105264,2.2365450392648096,1.0,0.0,38
healthy_ovulatory-011967,healthy_ovulatory,1.0954587581093607,-0.01574074074074074,2.317596566523605,0.01930446895353926,27.325,2.813771080295569,1.0,0.0,40
healthy_ovulatory-012074,healthy_ovulatory,1.0888500082284565,0.0039351851851851805,16.363636363636363,0.052470895443709746,27.0,2.479919353527449,1.0,0.0,41
healthy_ovulatory-012086,healthy_ovulatory,18.477451294098923,-0.009161793372319704,9.0,0.7453156093261118,30.333333333333332,2.6832815729997477,1.0,0.0,36
healthy_ovulatory-012141,healthy_ovulatory,1.1932701219077493,0.0017713365539452491,2.0889748549323017,0.05884289520367337,26.4390243902439,3.7016805675787645,1.0,0.0,41
healthy_ovulatory-012407,healthy_ovulatory,1.1582314247609573,-0.03425925925925926,2.1774193548387095,0.03764588405450534,25.86046511627907,3.447437939970005,1.0,0.0,43
healthy_ovulatory-012486,healthy_ovulatory,1.9925027319380852,0.021033311417926803,63.52941176470588,0.10495122929883934,28.435897435897434,2.1496005968658185,1.0,0.0,39
healthy_ovulatory-012493,healthy_ovulatory,1.1526545743413215,0.04376218323586744,2.3946784922394677,0.032373571677762614,31.13888888888889,2.7271416514918303,1.0,0.027777777777777776,36
healthy_ovulatory-012508,healthy_ovulatory,0.9759036144578311,0.012037037037037034,14.399999999999999,0.023825105699668787,29.842105263157894,2.899453031265051,1.0,0.02631578947368421,38
healthy_ovulatory-012986,healthy_ovulatory,42.24032223568831,-0.028703703703703703,2.511627906976744,1.302027484306864,31.0,3.6645015252516173,1.0,0.0,36
healthy_ovulatory-013137,healthy_ovulatory,1.549199450321179,-0.0037557220141489767,108.0,0.05949023126752181,32.411764705882355,2.8827348868405305,1.0,0.0,34
healthy_ovulatory-013240,healthy_ovulatory,1.2567191844300278,0.04693531559728743,3.3962264150943393,0.042469221127269204,27.625,5.021428441165281,1.0,0.025,40
healthy_ovulatory-013264,healthy_ovulatory,1.8187780708633354,0.023953301127214166,13.670886075949365,0.08216325244389429,29.972972972972972,2.5548046944976104,1.0,0.0,37
healthy_ovulatory-013337,healthy_ovulatory,1.1703310788160828,0.05634920634920634,2.827225130890052,0.033074294960663164,27.875,3.2438304359870442,1.0,0.025,40
healthy_ovulatory-013411,healthy_ovulatory,1.3471162757539032,0.02191358024691356,9.557522123893806,0.07819917202435284,26.523809523809526,1.9906867945644855,1.0,0.0,42
healthy_ovulatory-013445,healthy_ovulatory,47.61679835378016,-0.01865079365079364,2.5837320574162677,1.2998257902813801,27.73170731707317,4.0436641196067615,1.0,0.0,41
healthy_ovulatory-013466,healthy_ovulatory,1.551689274580841,0.07625925925925926,5.346534653465346,0.08932185520102096,29.83783783783784,4.330213707284058,1.0,0.02702702702702703,37
healthy_ovulatory-013600,healthy_ovulatory,1.292955733680465,0.005307136404697377,2.0377358490566038,0.10391473276085712,29.91891891891892,3.522770203960217,1.0,0.0,37
healthy_ovulatory-013671,healthy_ovulatory,1.097027161902046,0.03835282651072125,9.07563025210084,0.05386146019625788,29.7027027027027,2.425155949909486,1.0,0.02702702702702703,37
healthy_ovulatory-013731,healthy_ovulatory,1.3178869323447637,0.047685185185185185,3.112391930835735,0.02260063098745929,29.864864864864863,3.544652954037188,1.0,0.0,37
healthy_ovulatory-013865,healthy_ovulatory,1.33812589234276,0.025485731633272612,2.2832980972515853,0.05130400079090581,27.575,3.3580175775719296,1.0,0.0,40
healthy_ovulatory-013902,healthy_ovulatory,18.809581521351678,-0.0009414877061935945,2.217659137577002,0.4799498997739364,31.2,3.4877938417218615,1.0,0.02857142857142857,35
healthy_ovulatory-013914,healthy_ovulatory,1.2906674114794265,-0.0009414877061935945,9.23076923076923,0.06340052224019498,28.128205128205128,3.396433789010306,1.0,0.0,39
healthy_ovulatory-013927,healthy_ovulatory,26.17432029940077,0.04551282051282052,2.8198433420365534,0.62106728817969,24.727272727272727,2.7054091928272603,1.0,0.0,44
healthy_ovulatory-014077,healthy_ovulatory,20.489400069877263,-0.012428111341154818,3.13953488372093,0.6559635567595338,27.70731707317073,3.756620172701949,1.0,0.04878048780487805,41
healthy_ovulatory-014118,healthy_ovulatory,1.3155360654626007,-0.032186290768380324,24.545454545454543,0.04417214307724368,27.425,3.6083059452978477,1.0,0.025,40
healthy_ovulatory-014281,healthy_ovulatory,1.1472940060779793,-0.03611111111111111,5.118483412322274,0.03028712055289621,30.305555555555557,3.4460697650217162,1.0,0.0,36
healthy_ovulatory-014371,healthy_ovulatory,1.22708545883599,0.04509534286762011,2.8954423592493295,0.059237889676088694,31.714285714285715,3.6987392810128648,1.0,0.0,35
healthy_ovulatory-014403,healthy_ovulatory,1.505964578143201,-0.005510388437217711,2.2131147540983607,0.07953970046529629,34.0625,3.6538755386045794,1.0,0.0,32
healthy_ovulatory-014467,healthy_ovulatory,1.1523295981127308,0.07222222222222223,2.872340425531915,0.027052099940501367,27.325,2.545861397721851,1.0,0.0,40
healthy_ovulatory-014537,healthy_ovulatory,1.4383688600556073,0.0036195286195286197,2.0650095602294454,0.04608030280392857,29.83783783783784,3.961716193166188,1.0,0.05405405405405406,37
healthy_ovulatory-014660,healthy_ovulatory,8.026753598579361,0.00270655270655272,2.16,0.3161696241852611,29.513513513513512,2.911868640405844,1.0,0.0,37
healthy_ovulatory-014712,healthy_ovulatory,1.1640407784986098,0.02222222222222222,16.615384615384613,0.03444834685198011,26.214285714285715,2.7367036811331125,1.0,0.0,42
healthy_ovulatory-014849,healthy_ovulatory,,,,,31.36111111111111,3.6107203695802292,1.0,0.0,36
healthy_ovulatory-014999,healthy_ovulatory,2.071586079064268,0.00865043125317097,2.443438914027149,0.10477460094211995,29.594594594594593,2.1403460190074597,1.0,0.02702702702702703,37
healthy_ovulatory-015033,healthy_ovulatory,1.3651779675876061,0.007108721624850656,2.9347826086956523,0.05029259583096716,29.62162162162162,3.6919683951288955,1.0,0.0,37
healthy_ovulatory-015113,healthy_ovulatory,1.461633031340432,0.04558682058682058,3.112391930835735,0.05431656245256542,34.65625,3.650977553583998,1.0,0.0,32
healthy_ovulatory-015127,healthy_ovulatory,1.0885810448270814,0.02639762403913347,16.875,0.03868945786551233,28.842105263157894,3.4837562501188026,1.0,0.0,38
healthy_ovulatory-015167,healthy_ovulatory,0.9935125115848006,-0.007407407407407408,2.0889748549323017,0.012266278496768016,27.48780487804878,2.52113021499795,1.0,0.024390243902439025,41
healthy_ovulatory-015318,healthy_ovulatory,7.805375347544023,0.0046615581098339715,15.0,0.26638330842121277,30.08108108108108,1.9632509657082444,1.0,0.0,37
healthy_ovulatory-015366,healthy_ovulatory,1.4303842589292082,0.011053752867912159,3.6986301369863015,0.09741694165111868,27.65,4.509534059733603,1.0,0.0,40
healthy_ovulatory-015411,healthy_ovulatory,1.0954587581093607,0.046759259259259264,14.594594594594595,0.02312054642184085,30.27027027027027,3.1767265528514717,1.0,0.0,37
healthy_ovulatory-015447,healthy_ovulatory,4.968464561660876,0.01233850129198967,60.0,0.194179037068085,27.625,3.978709364244667,1.0,0.0,40
healthy_ovulatory-015475,healthy_ovulatory,1.456286685202348,0.043346253229974166,2.7135678391959797,0.07924556465677857,32.205882352941174,2.727851988394575,1.0,0.0,34
healthy_ovulatory-015534,healthy_ovulatory,1.458268684070769,0.08309233891425671,17.704918032786885,0.05575550363334967,27.725,2.7361539542829934,1.0,0.0,40
healthy_ovulatory-015616,healthy_ovulatory,11.207217778343482,-0.012133775566611382,2.967032967032967,0.3983030581637474,30.08108108108108,4.609039297211865,1.0,0.02702702702702703,37
healthy_ovulatory-015639,healthy_ovulatory,0.9999999999999999,-0.000925925925925926,63.52941176470588,0.0018518518518518526,26.166666666666668,2.5654046099997814,1.0,0.0,42
healthy_ovulatory-015686,healthy_ovulatory,1.3734939759036147,0.10277777777777777,26.34146341463415,0.033926019621022874,28.68421052631579,4.172660458967653,1.0,0.0,38
healthy_ovulatory-015712,healthy_ovulatory,1.1868201551143847,0.00555555555555555,135.0,0.04457857033680955,30.513513513513512,2.824708653822369,1.0,0.0,37
healthy_ovulatory-015743,healthy_ovulatory,1.3039851714550508,-9.578544061303318e-05,2.0300751879699246,0.05085870637637219,28.384615384615383,3.2655730907967793,1.0,0.0,39
healthy_ovulatory-016299,healthy_ovulatory,25.812467591084108,-0.03611111111111111,3.6734693877551017,0.8755899567768115,30.583333333333332,4.177319714841085,1.0,0.0,36
healthy_ovulatory-016383,healthy_ovulatory,1.0338276181649675,-0.028703703703703703,2.2832980972515853,0.02565171007634809,29.513513513513512,3.033348183311834,1.0,0.0,37
healthy_ovulatory-016509,healthy_ovulatory,21.966012065749,-0.009143518518518523,2.8198433420365534,0.7256860832918697,27.974358974358974,3.983433981980738,1.0,0.0,39
healthy_ovulatory-016524,healthy_ovulatory,12.081811948968307,0.017251461988304087,3.312883435582822,0.34236942073530346,29.62162162162162,2.9377934969344985,1.0,0.0,37
healthy_ovulatory-016983,healthy_ovulatory,1.0583458979430929,-0.010714285714285718,6.033519553072626,0.03797837068298209,27.425,2.489851195224119,1.0,0.0,40
healthy_ovulatory-017041,healthy_ovulatory,1.2539738052354554,0.06944444444444445,135.0,0.04332216762315189,33.93939393939394,3.181385251932265,1.0,0.030303030303030304,33
healthy_ovulatory-017125,healthy_ovulatory,1.2571297849626355,-0.004139433551198252,4.53781512605042,0.0539827783081266,28.05128205128205,4.019352644582392,1.0,0.02564102564102564,39
healthy_ovulatory-017181,healthy_ovulatory,19.83708796818864,-0.01027077497665732,3.9416058394160585,0.5818687649378234,30.27777777777778,4.011491429887829,1.0,0.0,36
healthy_ovulatory-017187,healthy_ovulatory,1.7557192332081364,0.00555555555555555,2.217659137577002,0.07193108868216633,28.641025641025642,2.7576418175793025,1.0,0.0,39
healthy_ovulatory-017283,healthy_ovulatory,1.0926784059314183,0.05634920634920634,2.0571428571428574,0.029915521400316246,28.615384615384617,3.536392635793419,1.0,0.0,39
healthy_ovulatory-017335,healthy_ovulatory,1.1950880444856349,-0.023346560846560838,3.354037267080745,0.06524162005836144,28.102564102564102,4.216476901737751,1.0,0.0,39
healthy_ovulatory-017372,healthy_ovulatory,0.9675625579240036,-0.03333333333333333,2.3076923076923075,0.026137924563648506,32.93939393939394,3.831933209388196,1.0,0.0,33
healthy_ovulatory-017479,healthy_ovulatory,0.9916589434661722,-0.009259259259259259,90.0,0.014513635021358882,27.575,4.296017834084169,1.0,0.0,40
healthy_ovulatory-017517,healthy_ovulatory,1.270264489912312,-0.011590038314176251,38.57142857142857,0.04842883330986657,26.975609756097562,3.843746901644597,1.0,0.07317073170731707,41
healthy_ovulatory-017520,healthy_ovulatory,33.405428037805265,0.014045069165551094,6.70807453416149,0.9799516269089767,32.88235294117647,3.2451801638584223,1.0,0.029411764705882353,34
healthy_ovulatory-017722,healthy_ovulatory,1.1217092903839891,0.039978213507625274,4.029850746268656,0.04335857002425178,28.025641025641026,4.2888299194853365,1.0,0.0,39
healthy_ovulatory-017769,healthy_ovulatory,1.142867327297355,-0.011111111111111112,3.4285714285714284,0.019268925368022834,27.974358974358974,2.8143165898218148,1.0,0.0,39
healthy_ovulatory-017795,healthy_ovulatory,2.015148125659135,0.0009259259259259273,2.1951219512195124,0.06833828847598021,25.27906976744186,2.5757623133776555,1.0,0.0,43
healthy_ovulatory-017842,healthy_ovulatory,11.368646182362587,0.03696581196581197,2.975206611570248,0.3447485271751417,30.914285714285715,4.705262564227349,1.0,0.0,35
healthy_ovulatory-018163,healthy_ovulatory,1.141296586092162,0.0218013468013468,13.333333333333334,0.03789924399412281,30.52777777777778,3.047116774086716,1.0,0.0,36
healthy_ovulatory-018524,healthy_ovulatory,1.1139944392956442,-0.03425925925925926,2.5837320574162677,0.03254293087021423,28.923076923076923,3.6301704714547305,1.0,0.0,39
healthy_ovulatory-018605,healthy_ovulatory,1.6010332265849385,0.0362962962962963,2.529274004683841,0.05487699989407525,28.102564102564102,2.036442612871664,1.0,0.0,39
healthy_ovulatory-018632,healthy_ovulatory,0.9972196478220576,-0.003703703703703704,2.278481012658228,0.007378112591259843,31.114285714285714,4.31666693704508,1.0,0.02857142857142857,35
healthy_ovulatory-018727,healthy_ovulatory,1.0812693745805502,-0.02014189514189514,360.0,0.06257224805006291,27.6,3.4552078864319493,1.0,0.0,40
healthy_ovulatory-018840,healthy_ovulatory,6.948648597529837,-0.014426067288662706,26.34146341463415,0.23266575265802572,28.256410256410255,4.886705642637663,1.0,0.02564102564102564,39
healthy_ovulatory-019006,healthy_ovulatory,1.614457831325301,0.03581242532855436,3.4394904458598727,0.043061151794288176,29.157894736842106,4.0102996840869345,1.0,0.02631578947368421,38
healthy_ovulatory-019067,healthy_ovulatory,1.0920164173176223,0.04800569800569801,2.1818181818181817,0.03800034151159777,29.657894736842106,3.743652760155541,1.0,0.0,38
healthy_ovulatory-019427,healthy_ovulatory,1.1277384497071758,0.0299526270456503,3.3436532507739933,0.029472180028550635,35.0,2.9512162610277883,1.0,0.0,32
healthy_ovulatory-019512,healthy_ovulatory,2.109065234488061,-0.018216175359032527,2.7341772151898733,0.11774295860109073,28.225,3.246200935373612,1.0,0.025,40
healthy_ovulatory-019720,healthy_ovulatory,1.59404353380257,8.051529790659151e-05,3.016759776536313,0.12036872568130998,31.428571428571427,3.440978950016082,1.0,0.0,35
healthy_ovulatory-019765,healthy_ovulatory,1.0666478623524203,-0.020370370370370372,3.8709677419354835,0.022695380302172965,29.783783783783782,3.888266788508553,1.0,0.0,37
healthy_ovulatory-019792,healthy_ovulatory,1.6431635865929333,-8.494733265376753e-06,2.011173184357542,0.0769523498528134,28.23076923076923,4.003035285627108,1.0,0.0,39
healthy_ovulatory-019935,healthy_ovulatory,1.7305298964242433,0.01886574074074074,77.14285714285714,0.05864675851488346,26.5,3.4938971182865033,1.0,0.0,42
healthy_ovulatory-020023,healthy_ovulatory,5.135418798069401,0.03653368133233906,3.6610169491525424,0.21209912828876318,29.675675675675677,3.8228411050047733,1.0,0.0,37
healthy_ovulatory-020220,healthy_ovulatory,1.0544104362923947,0.039589589589589594,6.390532544378697,0.04494241723309396,33.93939393939394,3.0510182105671086,1.0,0.06060606060606061,33
healthy_ovulatory-020239,healthy_ovulatory,1.7442881895474878,0.04776173811606883,2.4489795918367347,0.08712536964571833,31.485714285714284,3.7209378053469937,1.0,0.02857142857142857,35
healthy_ovulatory-020269,healthy_ovulatory,1.099165894346617,-0.026296296296296293,3.898916967509025,0.03314733960869749,28.53846153846154,3.462932692676555,1.0,0.0,39
healthy_ovulatory-020277,healthy_ovulatory,1.2783267903072972,0.04712475633528264,32.72727272727273,0.04474175009992004,29.783783783783782,4.289102050126157,1.0,0.0,37
healthy_ovulatory-020289,healthy_ovulatory,1.3465052776931163,0.01926844199571473,7.714285714285714,0.07190826028258535,26.5,2.2766042320237156,1.0,0.0,42
healthy_ovulatory-020322,healthy_ovulatory,1.1094057279775762,-0.03518518518518519,2.0809248554913293,0.033569573263506874,28.15,3.293739204721277,1.0,0.025,40
healthy_ovulatory-020368,healthy_ovulatory,13.043390344595165,0.023741871642635,10.485436893203884,0.46245699677774893,28.3,4.026833075182608,1.0,0.075,40
healthy_ovulatory-020389,healthy_ovulatory,0.9888785912882299,0.06488603988603989,2.9999999999999996,0.01582222915799543,30.666666666666668,2.9952343099378003,1.0,0.027777777777777776,36
healthy_ovulatory-020494,healthy_ovulatory,1.1899907321594068,0.03287037037037037,4.8,0.028365232436512545,30.5,2.524168887263404,1.0,0.0,36
healthy_ovulatory-020559,healthy_ovulatory,21.228431766548834,0.023741871642635,23.47826086956522,0.6237099755985102,30.5,2.7202941017470885,1.0,0.0,36
healthy_ovulatory-020681,healthy_ovulatory,1.4301889833581818,0.019576719576719574,18.30508474576271,0.04604981392288168,32.44117647058823,4.639691581119853,1.0,0.0,34
healthy_ovulatory-020701,healthy_ovulatory,1.1029275472932458,0.047685185185185185,8.571428571428571,0.018993332094485428,30.833333333333332,3.565709706956767,1.0,0.0,36
healthy_ovulatory-020751,healthy_ovulatory,1.744075201906527,0.047685185185185185,4.84304932735426,0.02565379343622255,31.714285714285715,3.6020535692805,1.0,0.02857142857142857,35
healthy_ovulatory-020785,healthy_ovulatory,6.737554120039284,-0.0007266760431317298,7.199999999999999,0.2358651418176133,25.651162790697676,2.97516482880907,1.0,0.0,43
healthy_ovulatory-020813,healthy_ovulatory,1.1241890639480998,-0.023148148148148147,7.552447552447552,0.025615055443562056,29.62162162162162,2.7218391591731517,1.0,0.02702702702702703,37
healthy_ovulatory-020903,healthy_ovulatory,1.0815569972196475,0.002777777777777782,8.503937007874015,0.02908747166728764,28.46153846153846,2.972205931150463,1.0,0.0,39
healthy_ovulatory-021239,healthy_ovulatory,1.2910101946246524,-0.0018518518518518406,4.7368421052631575,0.06880376652277526,32.55882352941177,3.4217767533450547,1.0,0.0,34
healthy_ovulatory-021332,healthy_ovulatory,1.261551195975918,0.03451178451178451,3.253012048192771,0.0626236225951072,28.76923076923077,2.145515990711037,1.0,0.0,39
healthy_ovulatory-021379,healthy_ovulatory,1.4642475226349188,0.05370370370370371,2.8954423592493295,0.042267490775832806,23.333333333333332,2.426216153333218,1.0,0.020833333333333332,48
healthy_ovulatory-021414,healthy_ovulatory,1.5123495596155465,0.007539682539682541,2.8198433420365534,0.07709736278215086,28.641025641025642,2.580158904604413,1.0,0.0,39
healthy_ovulatory-021447,healthy_ovulatory,1.2318155998684566,-0.0010101010101010027,2.454545454545454,0.058536640626485066,32.3235294117647,5.57440355953561,1.0,0.0,34
healthy_ovulatory-021493,healthy_ovulatory,0.9714835674057175,-0.012384259259259262,7.012987012987012,0.038050613415278385,28.41025641025641,3.4160453337151857,1.0,0.0,39
healthy_ovulatory-021633,healthy_ovulatory,1.5286596189189612,0.03224867724867725,6.206896551724138,0.11518133900609814,27.825,4.211629199350355,1.0,0.0,40
healthy_ovulatory-021710,healthy_ovulatory,10.800199935437517,-0.010683760683760687,24.545454545454543,0.323913984321692,25.72093023255814,3.6340033112870413,1.0,0.0,43
healthy_ovulatory-021734,healthy_ovulatory,1.2912606768028456,-0.02962962962962963,2.8421052631578947,0.028187380541372868,33.60606060606061,4.683344117317467,1.0,0.0,33
healthy_ovulatory-021795,healthy_ovulatory,0.9879518072289155,0.058465608465608464,3.6363636363636362,0.016579401597033503,27.375,3.035579613474763,1.0,0.025,40
healthy_ovulatory-021861,healthy_ovulatory,1.0884151992585729,0.025630850630850632,2.254697286012526,0.054018428105524985,28.25,3.7740680629249046,1.0,0.0,40
healthy_ovulatory-022258,healthy_ovulatory,1.7684146459546568,0.0037245110278818216,7.248322147651006,0.10613810561831433,28.128205128205128,4.268486032476468,1.0,0.02564102564102564,39
healthy_ovulatory-022351,healthy_ovulatory,53.66420731616092,0.0017170082704063283,360.0,1.2143125814011904,30.22222222222222,2.3677730478973715,1.0,0.0,36
healthy_ovulatory-022538,healthy_ovulatory,1.1515142455678793,-0.04070727353859884,2.2131147540983607,0.053309289042605186,30.833333333333332,3.872983346207417,1.0,0.0,36
healthy_ovulatory-022611,healthy_ovulatory,1.0354494902687674,0.009092289010321802,4.408163265306122,0.03646390923793177,32.8235294117647,4.217356548441748,1.0,0.0,34
healthy_ovulatory-022629,healthy_ovulatory,1.0100274996581535,-0.02073132454488387,7.346938775510203,0.036621595094014206,31.485714285714284,4.334345927801418,1.0,0.02857142857142857,35
healthy_ovulatory-022805,healthy_ovulatory,1.469879518072289,0.11835016835016834,3.517915309446254,0.03686543061716214,30.513513513513512,3.371626887404338,1.0,0.02702702702702703,37
healthy_ovulatory-022840,healthy_ovulatory,0.9990732159406857,-0.001851851851851852,7.552447552447552,0.003703688034094394,31.057142857142857,3.5723024141042603,1.0,0.0,35
healthy_ovulatory-023286,healthy_ovulatory,1.6774791473586657,0.04706528562460766,20.37735849056604,0.053292573246776276,27.8,4.915699600677666,1.0,0.0,40
healthy_ovulatory-023360,healthy_ovulatory,1.4494902687673774,0.05016835016835017,10.799999999999999,0.048895906716308585,25.558139534883722,2.62136211031589,1.0,0.0,43
healthy_ovulatory-023370,healthy_ovulatory,1.1087379465012133,-0.02451349654739486,360.0,0.06752620412026175,26.452380952380953,2.411379333568248,1.0,0.023809523809523808,42
healthy_ovulatory-023408,healthy_ovulatory,1.678605956754522,-0.014310597726439306,3.085714285714286,0.063650526775631,29.236842105263158,2.6654365346677067,1.0,0.02631578947368421,38
healthy_ovulatory-023422,healthy_ovulatory,1.1371939370384767,-0.016137566137566138,16.875,0.03677933588615117,30.10810810810811,2.8846700541520027,1.0,0.0,37
healthy_ovulatory-023674,healthy_ovulatory,1.4397317777898926,0.025347222222222215,7.714285714285714,0.08088575141361502,29.72972972972973,3.159189845590239,1.0,0.0,37
healthy_ovulatory-023687,healthy_ovulatory,1.078776645041705,-0.002069716775599126,15.0,0.028888639433167256,27.25,3.9075863098888513,1.0,0.0,40
healthy_ovulatory-023823,healthy_ovulatory,1.0354494902687672,-0.05648148148148148,2.5,0.04154713073707535,27.675,3.791944903851604,1.0,0.0,40
healthy_ovulatory-024206,healthy_ovulatory,1.5269716493406433,0.0369047619047619,3.2238805970149254,0.0526236301164406,29.83783783783784,3.3707361008927803,1.0,0.0,37
healthy_ovulatory-024236,healthy_ovulatory,1.8256396372004877,0.011929905111723302,6.067415730337078,0.09811493120340618,29.81081081081081,3.016969025711418,1.0,0.0,37
healthy_ovulatory-024253,healthy_ovulatory,8.032470960486819,0.027227791701475906,2.142857142857143,0.3384859563998293,28.487179487179485,2.393761572700291,1.0,0.0,39
healthy_ovulatory-024264,healthy_ovulatory,1.112825885481726,0.0004597254597254463,2.1386138613861383,0.0649782044737782,31.37142857142857,2.9514275138901684,1.0,0.0,35
healthy_ovulatory-024330,healthy_ovulatory,1.3868110542324177,0.02841880341880343,13.5,0.06477031393025753,29.45945945945946,3.7386464766647136,1.0,0.0,37
healthy_ovulatory-024425,healthy_ovulatory,1.7060686045561722,0.013249460222554382,2.8954423592493295,0.11543634901001153,30.054054054054053,3.439524724483069,1.0,0.02702702702702703,37
healthy_ovulatory-024534,healthy_ovulatory,17.841351419664672,0.014444444444444426,2.2881355932203387,0.5576473103186873,26.390243902439025,2.818492937550916,1.0,0.0,41
healthy_ovulatory-024536,healthy_ovulatory,1.4077397771197362,0.023587247040855283,3.450479233226837,0.05850884733198336,27.7,3.065105511213569,1.0,0.0,40
healthy_ovulatory-024565,healthy_ovulatory,1.3067655236329936,0.09685185185185186,15.428571428571429,0.032642254127280376,28.28205128205128,4.077852362707334,1.0,0.0,39
healthy_ovulatory-024588,healthy_ovulatory,2.1285039274373663,0.011005625879043607,5.070422535211267,0.10856342463886441,33.44117647058823,5.309746193047376,1.0,0.029411764705882353,34
healthy_ovulatory-024624,healthy_ovulatory,0.9962928637627432,0.1953703703703704,16.875,0.009153630304296001,29.18421052631579,3.4940510304128996,1.0,0.0,38
healthy_ovulatory-024646,healthy_ovulatory,1.5510903670288194,0.01886574074074074,2.6666666666666665,0.04723662645170751,30.61111111111111,3.1101472429799637,1.0,0.0,36
healthy_ovulatory-024667,healthy_ovulatory,1.303732412166147,-0.0001461988304093595,3.0083565459610027,0.04396537979951905,28.710526315789473,2.3470268108055587,1.0,0.0,38
healthy_ovulatory-024834,healthy_ovulatory,1.4202367068568718,0.022589098532494745,3.4615384615384612,0.07986084301742175,34.06060606060606,4.47869535927731,1.0,0.030303030303030304,33
healthy_ovulatory-024945,healthy_ovulatory,0.9870250231696018,-0.013888888888888888,11.612903225806452,0.01777811220152664,29.342105263157894,3.857434491146293,1.0,0.0,38
healthy_ovulatory-025110,healthy_ovulatory,1.1596207314464961,-0.03490338164251207,5.538461538461538,0.04405688591703739,25.72093023255814,2.872907780292335,1.0,0.0,43
healthy_ovulatory-025164,healthy_ovulatory,3.7542406541793922,0.04135802469135802,7.941176470588235,0.19124313295239265,30.666666666666668,3.480558247506528,1.0,0.0,36
healthy_ovulatory-025248,healthy_ovulatory,0.9684893419833178,-0.003835978835978835,14.594594594594595,0.025718622865377138,33.27272727272727,4.957776261041381,1.0,0.0,33
healthy_ovulatory-025278,healthy_ovulatory,1.1899907321594068,0.06412037037037037,34.83870967741935,0.030157963513115872,26.0,3.2082211468085036,1.0,0.023809523809523808,42
healthy_ovulatory-025334,healthy_ovulatory,1.0004212654815066,0.0032407407407407385,14.794520547945206,0.036731140714138036,32.628571428571426,5.739879657919229,1.0,0.02857142857142857,35
healthy_ovulatory-025589,healthy_ovulatory,1.259117645689057,0.031050149528410398,4.122137404580152,0.06941877505350498,32.23529411764706,3.559526896801773,1.0,0.0,34
healthy_ovulatory-025769,healthy_ovulatory,1.0430794797226037,0.0455026455026455,3.829787234042553,0.021653454547107483,27.375,2.0341633446752776,1.0,0.025,40
healthy_ovulatory-025918,healthy_ovulatory,1.0715308787597944,-0.019444444444444445,2.3126338329764455,0.02278374764764879,26.5,2.2223915924615767,1.0,0.0,42
healthy_ovulatory-025920,healthy_ovulatory,1.509657089898054,0.008707643814026791,2.0769230769230766,0.06024935142033344,33.029411764705884,3.9656501940634628,1.0,0.0,34
healthy_ovulatory-026001,healthy_ovulatory,2.2211041970078114,0.027777777777777762,8.120300751879698,0.10012803731978083,29.756756756756758,4.827038460619545,1.0,0.0,37
healthy_ovulatory-026359,healthy_ovulatory,1.4131874590293634,0.012589828634604748,3.5999999999999996,0.04701351551339299,30.13888888888889,3.2614876340868726,1.0,0.0,36
healthy_ovulatory-026566,healthy_ovulatory,1.953386386111701,0.020194367921640657,20.0,0.08970439301739604,25.558139534883722,3.231558120292493,1.0,0.0,43
healthy_ovulatory-026802,healthy_ovulatory,1.6889147201583388,-0.013299663299663311,83.07692307692308,0.07106142224845338,30.16216216216216,3.7750166556918328,1.0,0.0,37
healthy_ovulatory-027005,healthy_ovulatory,1.3069290737611075,-0.018013468013468016,5.3731343283582085,0.04237720534089694,27.21951219512195,5.3315672889027255,1.0,0.0,41
healthy_ovulatory-027049,healthy_ovulatory,1.6972786249894687,0.01626567512394285,20.76923076923077,0.07906826964243287,29.81081081081081,2.807112373931596,1.0,0.0,37
healthy_ovulatory-027082,healthy_ovulatory,1.0507174586941932,-0.03274410774410774,4.337349397590361,0.034573046582921714,24.08888888888889,3.4233305302281165,1.0,0.044444444444444446,45
healthy_ovulatory-027188,healthy_ovulatory,1.5450465830935074,-0.011111111111111113,2.559241706161137,0.06361821035233432,27.923076923076923,3.855171614615574,1.0,0.0,39
healthy_ovulatory-027231,healthy_ovulatory,1.1412126237744498,-0.004139433551198252,2.693266832917706,0.04628476941616952,27.825,3.586924259170472,1.0,0.05,40
healthy_ovulatory-027254,healthy_ovulatory,0.9981464318813719,-0.002777777777777778,2.0,0.0055555555555555575,29.594594594594593,3.8185181787024507,1.0,0.0,37
healthy_ovulatory-027284,healthy_ovulatory,1.0585299778997646,-0.01764986636120658,2.488479262672811,0.053671704458839974,31.416666666666668,5.112310073314634,1.0,0.0,36
healthy_ovulatory-027361,healthy_ovulatory,0.9925857275254867,-0.008333333333333333,4.202334630350195,0.015062847659426802,28.63157894736842,3.372552587144983,1.0,0.0,38
healthy_ovulatory-027391,healthy_ovulatory,5.496412643947955,0.00270655270655272,8.925619834710742,0.20911899016223476,28.615384615384617,3.5363926357934194,1.0,0.0,39
healthy_ovulatory-027392,healthy_ovulatory,1.9962928637627422,-0.003703703703703704,7.826086956521738,0.010986020172587423,32.14705882352941,3.955298348637934,1.0,0.0,34
healthy_ovulatory-027414,healthy_ovulatory,1.0603872981805766,0.032154882154882145,4.060150375939849,0.049721641377089995,29.7027027027027,4.7659956687679355,1.0,0.0,37
healthy_ovulatory-027667,healthy_ovulatory,1.3456904541241892,0.031209150326797386,3.898916967509025,0.044846619198200224,29.63157894736842,2.6037504408955416,1.0,0.0,38
healthy_ovulatory-027695,healthy_ovulatory,1.588507877664504,0.030060408001584493,180.0,0.15796994613682389,29.263157894736842,3.3986023401226775,1.0,0.0,38
healthy_ovulatory-027763,healthy_ovulatory,1.261551195975918,-0.02003367003367003,3.167155425219941,0.0639077228488474,32.61764705882353,4.242745722477032,1.0,0.0,34
healthy_ovulatory-027840,healthy_ovulatory,1.043079479722604,-0.025925925925925925,3.4615384615384612,0.03176642691309359,29.17948717948718,3.5531438626998817,1.0,0.0,39
healthy_ovulatory-028108,healthy_ovulatory,1.7303686715571545,0.06628540305010894,10.909090909090908,0.07834028662454148,29.263157894736842,2.489808529774125,1.0,0.0,38
healthy_ovulatory-028290,healthy_ovulatory,1.1451655823599043,-0.0374635871826883,2.872340425531915,0.05502345519365817,27.365853658536587,3.9035631003032063,1.0,0.0,41
healthy_ovulatory-028346,healthy_ovulatory,0.9833178869323445,0.03503898635477583,2.6999999999999997,0.019963231242053,29.605263157894736,3.341301524080428,1.0,0.0,38
healthy_ovulatory-028590,healthy_ovulatory,1.9059954224035962,-0.041644083107497745,2.6341463414634143,0.09516762110113174,27.375,3.4691867073215317,1.0,0.025,40
healthy_ovulatory-028759,healthy_ovulatory,6.431351780749372,-0.050373134328358216,23.47826086956522,0.22980013517705278,29.105263157894736,2.758666674458539,1.0,0.0,38
healthy_ovulatory-028873,healthy_ovulatory,1.94787638618133,0.049367660343270114,2.3126338329764455,0.11004234602521663,31.428571428571427,3.920427004697277,1.0,0.0,35
healthy_ovulatory-028908,healthy_ovulatory,8.250636929530641,0.023567435359888186,2.0769230769230766,0.2843380065471465,32.3235294117647,3.2260360162119412,1.0,0.0,34
healthy_ovulatory-029139,healthy_ovulatory,6.075296833196354,-0.039778361038203564,7.448275862068964,0.25674640872169235,29.5,3.1257431548785757,1.0,0.0,38
healthy_ovulatory-029550,healthy_ovulatory,1.0803872697661447,-0.02320724980299449,2.061068702290076,0.050068496622920976,29.13157894736842,3.877663357644715,1.0,0.02631578947368421,38
healthy_ovulatory-029559,healthy_ovulatory,6.160565338276181,-0.016327913279132786,2.5961538461538463,0.1966188744581307,27.5,4.332347027793453,1.0,0.0,40
healthy_ovulatory-029570,healthy_ovulatory,1.142867327297355,0.07222222222222222,108.0,0.017269189178453798,31.82857142857143,2.369980321160721,1.0,0.0,35
healthy_ovulatory-029628,healthy_ovulatory,1.1439786294499266,0.025485731633272612,5.869565217391305,0.04382883871659631,26.047619047619047,2.59410571039453,1.0,0.0,42
healthy_ovulatory-029827,healthy_ovulatory,14.74601580069606,-0.014197530864197533,3.068181818181818,0.4688820366547368,26.071428571428573,3.323184317333097,1.0,0.0,42
healthy_ovulatory-029946,healthy_ovulatory,1.7490866198423702,0.0017657192075796746,3.5643564356435644,0.07102142127878514,32.85294117647059,3.349648131146844,1.0,0.0,34
healthy_ovulatory-030056,healthy_ovulatory,1.2921808692258914,-0.025617283950617284,5.837837837837838,0.04977622067395307,26.547619047619047,3.3437410110378813,1.0,0.0,42
healthy_ovulatory-030150,healthy_ovulatory,1.8057633036618748,0.03250319284802044,3.956043956043956,0.054532873354209546,30.52777777777778,2.709624234476709,1.0,0.0,36
healthy_ovulatory-030299,healthy_ovulatory,4.921685197181832,-0.01937321937321937,2.2929936305732483,0.16028264999626746,27.195121951219512,4.35442023807488,1.0,0.04878048780487805,41
healthy_ovulatory-030311,healthy_ovulatory,1.0885322667186965,0.020899470899470904,38.57142857142857,0.04207010774036101,27.775,3.100765000728625,1.0,0.05,40
healthy_ovulatory-030346,healthy_ovulatory,0.9935125115848007,-0.007407407407407408,2.4827586206896552,0.012351230022774115,29.783783783783782,3.8161581548807777,1.0,0.0,37
healthy_ovulatory-030382,healthy_ovulatory,1.3720339736183933,0.009092289010321802,8.120300751879698,0.04465280067742239,29.05263157894737,3.4244539388808195,1.0,0.0,38
healthy_ovulatory-030422,healthy_ovulatory,1.5953149467898118,-0.021296296296296296,154.28571428571428,0.030565241375303958,30.5,2.2232537288526344,1.0,0.0,36
healthy_ovulatory-030449,healthy_ovulatory,1.7822057460611676,-0.0286590807675145,56.84210526315789,0.06870218714395794,26.357142857142858,4.218550372744974,1.0,0.0,42
healthy_ovulatory-030527,healthy_ovulatory,1.0430794797226037,0.0455026455026455,2.358078602620087,0.02351742478831991,28.666666666666668,2.2749590318269974,1.0,0.0,39
healthy_ovulatory-030700,healthy_ovulatory,0.9999999999999998,-0.000925925925925926,23.47826086956522,0.0018518518518518526,29.81081081081081,3.9849566973657167,1.0,0.0,37
healthy_ovulatory-030769,healthy_ovulatory,1.3638623509133585,-0.04017179830432842,11.368421052631579,0.07865001713847508,28.435897435897434,2.980594004688113,1.0,0.0,39
healthy_ovulatory-031064,healthy_ovulatory,0.998146431881372,0.33055555555555555,360.0,0.0055474729736571665,29.105263157894736,2.7390023206744507,1.0,0.0,38
healthy_ovulatory-031102,healthy_ovulatory,1.1733086190917519,-0.00014245014245013732,2.7411167512690358,0.05328789954675947,30.0,3.0276503540974917,1.0,0.02702702702702703,37
healthy_ovulatory-031122,healthy_ovulatory,14.281003674376484,0.018783068783068776,3.9705882352941173,0.5838549986021363,27.775,2.9568477671244286,1.0,0.0,40
healthy_ovulatory-031351,healthy_ovulatory,1.6172381835032437,0.013277968690339814,3.0508474576271185,0.08211078834975931,29.36842105263158,2.2229886460856902,1.0,0.02631578947368421,38
healthy_ovulatory-031440,healthy_ovulatory,1.4039454521382233,0.025084175084175084,43.199999999999996,0.031245424607302844,27.925,2.786298896109593,1.0,0.0,40
healthy_ovulatory-031464,healthy_ovulatory,47.18898907326586,-0.012722462722462746,5.934065934065934,1.5242009135855552,27.825,2.8723929093424925,1.0,0.0,40
healthy_ovulatory-031500,healthy_ovulatory,,,,,26.951219512195124,3.93669416841209,1.0,0.0,41
healthy_ovulatory-031617,healthy_ovulatory,,,,,27.85,3.8733143562799164,1.0,0.05,40
healthy_ovulatory-031736,healthy_ovulatory,2.438656482694704,-0.01582064297800337,4.556962025316456,0.14001342666949362,27.325,3.3541975233490686,1.0,0.025,40
healthy_ovulatory-031749,healthy_ovulatory,2.1795553415413638,0.039067380633645704,67.5,0.10647536573387821,30.805555555555557,4.458183130536119,1.0,0.027777777777777776,36
healthy_ovulatory-031761,healthy_ovulatory,1.0946745562130178,-0.02222222222222222,2.571428571428571,0.04056948730867938,26.365853658536587,3.5267272191153065,1.0,0.0,41
healthy_ovulatory-031920,healthy_ovulatory,8.54457870512788,-0.019082125603864727,11.999999999999998,0.288951872595174,25.80952380952381,3.66418456797686,1.0,0.0,42
healthy_ovulatory-032250,healthy_ovulatory,1.793708771738538,0.012037037037037034,5.654450261780104,0.03529266786162688,28.564102564102566,3.0932428205846554,1.0,0.0,39
healthy_ovulatory-032337,healthy_ovulatory,1.1950880444856349,-0.02003367003367003,2.6999999999999997,0.053252464834442376,27.0,3.420526275297414,1.0,0.0,41
healthy_ovulatory-032368,healthy_ovulatory,1.7361193023843626,-0.06157407407407407,10.799999999999999,0.06359039433276761,30.405405405405407,2.5869271717990423,1.0,0.0,37
healthy_ovulatory-032392,healthy_ovulatory,0.9935125115848007,0.1175925925925926,2.872340425531915,0.011525103037327568,27.375,3.3564900775997595,1.0,0.05,40
healthy_ovulatory-032746,healthy_ovulatory,12.098309588162536,-0.01774821039526922,2.0,0.35185185185185186,28.175,4.187205787597776,1.0,0.025,40
healthy_ovulatory-032921,healthy_ovulatory,1.1112140871177012,-0.013888888888888888,3.253012048192771,0.017093104540642955,30.97222222222222,4.8431755291698035,1.0,0.0,36
healthy_ovulatory-032976,healthy_ovulatory,1.1169534486416473,-0.002777777777777782,11.868131868131869,0.047673244385921354,28.871794871794872,2.783215550208136,1.0,0.02564102564102564,39
healthy_ovulatory-033135,healthy_ovulatory,1.4076221202802843,0.014412238325281795,8.059701492537313,0.08453220257958251,33.39393939393939,4.32246597687155,1.0,0.0,33
healthy_ovulatory-033239,healthy_ovulatory,1.3277591973244147,-0.018518518518518517,26.34146341463415,0.027507727599163232,25.58139534883721,2.913291038209397,1.0,0.0,43
healthy_ovulatory-033502,healthy_ovulatory,1.2054002462202424,0.043567251461988296,3.2926829268292686,0.06346597167264725,26.547619047619047,4.037642278410611,1.0,0.0,42
healthy_ovulatory-033545,healthy_ovulatory,1.8762593799515686,-0.021296296296296296,5.217391304347826,0.03263510751116638,28.794871794871796,2.3076473229983456,1.0,0.02564102564102564,39
healthy_ovulatory-033564,healthy_ovulatory,1.0481927710843377,0.09972006890611541,14.025974025974024,0.03260830465882277,26.285714285714285,3.2027862434534025,1.0,0.023809523809523808,42
healthy_ovulatory-033711,healthy_ovulatory,0.9898053753475443,-0.011111111111111112,5.070422535211267,0.014776337103415766,30.61111111111111,5.09497106554396,1.0,0.0,36
healthy_ovulatory-033760,healthy_ovulatory,5.566637064051315,0.013779956427015266,2.511627906976744,0.23130500343900437,31.942857142857143,4.122697982567021,1.0,0.02857142857142857,35
healthy_ovulatory-033785,healthy_ovulatory,1.415115005476451,-0.005555555555555557,2.559241706161137,0.035649105790258026,32.5,2.9361900689860185,1.0,0.029411764705882353,34
healthy_ovulatory-034211,healthy_ovulatory,22.930345245305876,0.016299790356394117,4.408163265306122,0.7267715147653898,30.405405405405407,3.0682917746548184,1.0,0.02702702702702703,37
healthy_ovulatory-034249,healthy_ovulatory,10.830232081444871,-0.041498316498316506,2.3529411764705883,0.3248517198202923,29.81578947368421,2.985145776311795,1.0,0.0,38
healthy_ovulatory-034336,healthy_ovulatory,1.3087573413074312,0.031881881881881874,4.556962025316456,0.070880451349806,28.256410256410255,2.788302150035401,1.0,0.0,39
healthy_ovulatory-034368,healthy_ovulatory,1.9925179140577316,0.012854030501089325,3.312883435582822,0.09237857568471013,28.871794871794872,2.607473945769688,1.0,0.02564102564102564,39
healthy_ovulatory-034430,healthy_ovulatory,1.3571300125876642,0.0026936026936026924,4.137931034482759,0.04124243732778258,34.8125,5.133303658621113,1.0,0.0,32
healthy_ovulatory-034476,healthy_ovulatory,1.6001379723637175,0.007407407407407418,7.552447552447552,0.06120941733224294,31.771428571428572,3.971114188632665,1.0,0.0,35
healthy_ovulatory-034512,healthy_ovulatory,1.852051562894936,0.041879174256223436,7.199999999999999,0.07613807419764902,31.17142857142857,2.4191115807949277,1.0,0.0,35
healthy_ovulatory-034587,healthy_ovulatory,0.9962928637627432,-0.004629629629629629,98.18181818181817,0.008924148952232603,30.942857142857143,3.795840270789135,1.0,0.0,35
healthy_ovulatory-034648,healthy_ovulatory,1.243744207599629,-0.006481481481481481,2.1301775147928996,0.013253891401178402,25.976744186046513,3.528714672869559,1.0,0.0,43
healthy_ovulatory-034712,healthy_ovulatory,0.9816880253107922,-0.0001461988304093595,3.2142857142857144,0.03623559439737186,24.977777777777778,3.810803356540747,1.0,0.022222222222222223,45
healthy_ovulatory-034827,healthy_ovulatory,1.4728407061642443,-0.0019306540583136356,9.310344827586206,0.07177409383466184,28.692307692307693,3.1468768657348454,1.0,0.0,39
healthy_ovulatory-034881,healthy_ovulatory,21.501407662580654,0.011003979185797375,2.25,0.6020950338131266,28.23076923076923,3.6379689132488724,1.0,0.0,39
healthy_ovulatory-034965,healthy_ovulatory,1.2442672441479552,0.015413943355119822,3.1486880466472305,0.0534597701268437,28.657894736842106,3.512728328940985,1.0,0.0,38
healthy_ovulatory-035074,healthy_ovulatory,0.9990732159406857,-0.001851851851851852,5.0,0.0037037037037037034,25.59090909090909,2.5455678017691468,1.0,0.11363636363636363,44
healthy_ovulatory-035088,healthy_ovulatory,1.281596019706356,0.01842001576044129,5.5102040816326525,0.0632524897031106,28.53846153846154,3.676713018918091,1.0,0.02564102564102564,39
healthy_ovulatory-035276,healthy_ovulatory,1.0205216470276715,-0.012962962962962968,8.852459016393443,0.032494085979442276,28.94871794871795,3.2843225525030104,1.0,0.02564102564102564,39
healthy_ovulatory-035464,healthy_ovulatory,1.0183893468611285,-0.007232232232232232,20.0,0.026485654915724438,28.25,4.174095940808851,1.0,0.025,40
healthy_ovulatory-035483,healthy_ovulatory,1.4067156198759536,0.004059829059829073,5.595854922279793,0.0965762684508012,26.071428571428573,3.0314840376263366,1.0,0.047619047619047616,42
healthy_ovulatory-035504,healthy_ovulatory,1.9447546282691746,0.03712664277180405,5.1923076923076925,0.11408974754194368,30.2972972972973,2.8564241910401122,1.0,0.0,37
healthy_ovulatory-035977,healthy_ovulatory,1.4618241618875736,-0.0059027777777777846,6.136363636363636,0.08412711524609834,29.05263157894737,2.7306802283032137,1.0,0.02631578947368421,38
healthy_ovulatory-036085,healthy_ovulatory,1.1811383464894056,-0.024074074074074074,2.1011673151750974,0.025071838812679163,32.44117647058823,6.439420153034617,1.0,0.0,34
healthy_ovulatory-036209,healthy_ovulatory,37.76114776352713,0.04740470397404706,4.408163265306122,0.94246720786968,28.102564102564102,4.357660356048583,1.0,0.0,39
healthy_ovulatory-036260,healthy_ovulatory,1.1167418878975164,-0.01715759383544617,3.4838709677419355,0.06508601783702228,30.37837837837838,3.260464787515827,1.0,0.0,37
healthy_ovulatory-036458,healthy_ovulatory,1.4490356199835626,-0.028667628667628675,5.934065934065934,0.08868789763204832,29.36842105263158,3.5368412585516835,1.0,0.02631578947368421,38
healthy_ovulatory-036738,healthy_ovulatory,1.5069508804448564,-0.016559000861326445,3.354037267080745,0.04618719220871274,31.61111111111111,4.403101360098536,1.0,0.0,36
healthy_ovulatory-036796,healthy_ovulatory,1.2455977757182575,-0.02962962962962963,3.624161073825503,0.030232235507905457,31.17142857142857,3.5931774754036154,1.0,0.0,35
healthy_ovulatory-037004,healthy_ovulatory,1.281303351056046,0.033333333333333354,2.8421052631578947,0.08274150768118739,26.61904761904762,2.6221605404925428,1.0,0.047619047619047616,42
healthy_ovulatory-037427,healthy_ovulatory,1.0207399243543822,-0.03333333333333333,2.0300751879699246,0.027342726681777115,25.15909090909091,3.678619444139221,1.0,0.0,44
healthy_ovulatory-037552,healthy_ovulatory,10.256270740530356,0.000841108283856376,2.0,0.4000000000000001,34.09090909090909,4.791683135676573,1.0,0.030303030303030304,33
healthy_ovulatory-037632,healthy_ovulatory,1.1320310829115277,-0.0386039886039886,2.2131147540983607,0.06033138417174944,32.6764705882353,3.2540938154446,1.0,0.0,34
healthy_ovulatory-037760,healthy_ovulatory,1.1770157553290084,0.0328508085550339,8.181818181818182,0.04723202934014687,30.027027027027028,3.752676722365328,1.0,0.0,37
healthy_ovulatory-037824,healthy_ovulatory,0.9582947173308617,-0.04259259259259259,4.675324675324675,0.0305006378294792,26.11904761904762,2.706833096500644,1.0,0.023809523809523808,42
healthy_ovulatory-037845,healthy_ovulatory,1.755914345641676,0.007630906768837802,56.84210526315789,0.0343608017582244,32.73529411764706,3.2873386447731385,1.0,0.0,34
healthy_ovulatory-037853,healthy_ovulatory,17.782565111308656,0.006565656565656566,2.1951219512195124,0.5844102352391646,30.555555555555557,3.3674445117451515,1.0,0.0,36
healthy_ovulatory-038090,healthy_ovulatory,1.590361445783133,0.03449074074074074,2.903225806451613,0.04912529829461298,29.7027027027027,4.806620809217595,1.0,0.0,37
healthy_ovulatory-038103,healthy_ovulatory,1.9541336460441454,0.02529336266960029,3.6986301369863015,0.07757167245648125,27.121951219512194,4.786413698956764,1.0,0.024390243902439025,41
healthy_ovulatory-038807,healthy_ovulatory,1.2944211986772762,0.008333333333333331,2.5174825174825175,0.07758338626760382,28.025,2.433605534476756,1.0,0.0,40
healthy_ovulatory-038809,healthy_ovulatory,1.2824279203219624,0.0395009416195857,3.323076923076923,0.09119658355589855,31.542857142857144,3.736488262769619,1.0,0.0,35
healthy_ovulatory-038837,healthy_ovulatory,1.144309246913211,0.014339339339339341,2.6666666666666665,0.05423414683112491,29.263157894736842,3.461636939183509,1.0,0.0,38
healthy_ovulatory-038845,healthy_ovulatory,0.9814643188137165,-0.019444444444444445,2.3126338329764455,0.022842110753873445,30.43243243243243,2.8919480222444114,1.0,0.02702702702702703,37
healthy_ovulatory-038948,healthy_ovulatory,1.6550576727670645,-0.006695156695156704,31.76470588235294,0.08286162612120306,26.761904761904763,3.89376940583677,1.0,0.0,42
healthy_ovulatory-039039,healthy_ovulatory,1.3295379319475704,-0.013129421556387827,5.684210526315789,0.07935836215445075,26.414634146341463,3.987327486902083,1.0,0.0,41
healthy_ovulatory-039046,healthy_ovulatory,1.0886786010438512,0.03888888888888889,43.199999999999996,0.019791499570569315,27.94871794871795,2.57466112178628,1.0,0.0,39
healthy_ovulatory-039098,healthy_ovulatory,1.3448415510782625,-0.014278752436647182,3.094555873925501,0.05463365284073115,29.81081081081081,4.215301741129426,1.0,0.02702702702702703,37
healthy_ovulatory-039126,healthy_ovulatory,1.3754188351037289,0.03287037037037037,2.16,0.0326326481003672,29.157894736842106,3.6132362957825963,1.0,0.0,38
healthy_ovulatory-039148,healthy_ovulatory,11.841840467712379,-0.036916264090177134,10.384615384615385,0.4402257425410763,31.571428571428573,4.354076617754597,1.0,0.0,35
healthy_ovulatory-039174,healthy_ovulatory,0.9851714550509735,-0.01574074074074074,8.852459016393443,0.019463261083693627,28.435897435897434,2.2218398231488456,1.0,0.0,39
healthy_ovulatory-039204,healthy_ovulatory,1.3642261353104725,-0.0019360269360269439,16.875,0.05650972210198903,31.34285714285714,3.7725233959657882,1.0,0.0,35
healthy_ovulatory-039214,healthy_ovulatory,1.113729643850126,-0.004580896686159852,8.78048780487805,0.05021499748353812,34.121212121212125,3.7144782251143273,1.0,0.0,33
healthy_ovulatory-039286,healthy_ovulatory,1.1289482253337677,-0.032407407407407406,3.016759776536313,0.028759232428735255,28.15,3.793043565157074,1.0,0.0,40
healthy_ovulatory-039299,healthy_ovulatory,1.3859549380456537,-0.0037287287287287307,2.547169811320755,0.09261359807869834,25.930232558139537,4.415316139450909,1.0,0.0,43
healthy_ovulatory-039366,healthy_ovulatory,30.939861067417166,-0.027984279243272056,14.794520547945206,0.8742147751572812,24.90909090909091,4.119258128161801,1.0,0.0,44
healthy_ovulatory-039405,healthy_ovulatory,1.1204819277108438,-0.012962962962962963,2.0650095602294454,0.017876719990826746,29.289473684210527,2.95834042900464,1.0,0.0,38
healthy_ovulatory-039426,healthy_ovulatory,1.17727439274091,0.04558682058682058,34.83870967741935,0.048904836707704735,27.75,2.569545505058064,1.0,0.0,40
healthy_ovulatory-039457,healthy_ovulatory,1.0256851582152786,-0.002069716775599126,2.559241706161137,0.02876788446056572,32.3235294117647,3.216629030101319,1.0,0.0,34
healthy_ovulatory-039612,healthy_ovulatory,7.565084630018048,-0.04192506459948321,13.5,0.27580871699581616,30.88888888888889,4.602966607232947,1.0,0.0,36
healthy_ovulatory-039769,healthy_ovulatory,1.0392813858986238,0.05451508209240166,5.346534653465346,0.04836088501857063,27.170731707317074,3.0323459484728175,1.0,0.0,41
healthy_ovulatory-039813,healthy_ovulatory,19.92423197907203,0.020194367921640657,2.6535626535626533,0.6317263498473594,26.547619047619047,3.0936786923233734,1.0,0.0,42
healthy_ovulatory-039871,healthy_ovulatory,1.1084793144836598,-0.05185185185185185,4.481327800829876,0.03430911601699994,25.022727272727273,3.6883766919289145,1.0,0.045454545454545456,44
healthy_ovulatory-039885,healthy_ovulatory,1.2674433999735204,-0.016666666666666666,2.0849420849420848,0.021130408720172238,32.85294117647059,3.534525410182082,1.0,0.0,34
healthy_ovulatory-039985,healthy_ovulatory,31.98987878398591,-0.04244244244244244,2.0454545454545454,0.974115671754136,31.742857142857144,5.590658475070173,1.0,0.0,35
healthy_ovulatory-040070,healthy_ovulatory,1.0861909175162188,0.021504157218442926,6.70807453416149,0.048855029804750656,24.59090909090909,2.499471402890804,1.0,0.0,44
healthy_ovulatory-040081,healthy_ovulatory,1.9723552091920589,0.04014939309056956,10.588235294117647,0.08453078584458884,30.63888888888889,3.681248063033419,1.0,0.0,36
healthy_ovulatory-040146,healthy_ovulatory,1.2826691380908246,0.10190631808278867,15.428571428571429,0.02121101203329593,25.627906976744185,3.7162657640749917,1.0,0.0,43
healthy_ovulatory-040199,healthy_ovulatory,0.9907321594068581,0.08072390572390573,4.408163265306122,0.014298596349782982,26.547619047619047,4.097604183722191,1.0,0.0,42
healthy_ovulatory-040241,healthy_ovulatory,1.2366150994510587,0.012589828634604748,2.6865671641791042,0.04928444017672788,25.511627906976745,3.7248975251053538,1.0,0.0,43
healthy_ovulatory-040271,healthy_ovulatory,1.629749768303985,0.03888888888888888,2.0,0.04444444444444444,31.34285714285714,4.721308748908612,1.0,0.05714285714285714,35
healthy_ovulatory-040288,healthy_ovulatory,0.9990732159406857,-0.001851851851851852,2.0,0.003703703703703704,29.31578947368421,2.7812622368551425,1.0,0.05263157894736842,38
healthy_ovulatory-040350,healthy_ovulatory,1.1455050973123262,-0.020370370370370372,5.070422535211267,0.02610399921208416,25.363636363636363,1.9058161785843646,1.0,0.0,44
healthy_ovulatory-040648,healthy_ovulatory,0.9833178869323447,-0.017592592592592594,2.0809248554913293,0.0202178257959543,30.216216216216218,3.7203280555403766,1.0,0.02702702702702703,37
healthy_ovulatory-040960,healthy_ovulatory,1.395864625611198,0.04158786446020488,98.18181818181817,0.06299560984954261,28.025641025641026,2.8972507793203897,1.0,0.0,39
healthy_ovulatory-041073,healthy_ovulatory,1.4142724745134383,-0.030555555555555555,2.061068702290076,0.03435788048514204,31.22222222222222,3.0994111063795984,1.0,0.05555555555555555,36
healthy_ovulatory-041133,healthy_ovulatory,1.355921070390599,0.018889704682656216,2.6865671641791042,0.10450690179751264,26.951219512195124,3.1539754240655964,1.0,0.0,41
healthy_ovulatory-041274,healthy_ovulatory,1.4942848316342294,0.09947089947089946,3.2335329341317363,0.04942898519879491,32.542857142857144,3.354916121883519,1.0,0.0,35
healthy_ovulatory-041275,healthy_ovulatory,1.0500463392029658,-0.024074074074074074,51.42857142857143,0.02274113824979093,31.25,4.197788533433833,1.0,0.0,36
healthy_ovulatory-041419,healthy_ovulatory,1.1683376864099757,0.05667044595616024,3.4394904458598727,0.03857493593527541,28.564102564102566,3.85797104975954,1.0,0.02564102564102564,39
healthy_ovulatory-041438,healthy_ovulatory,1.8758109360519004,0.046527777777777765,2.8954423592493295,0.06883278661649243,28.71794871794872,3.103043649715193,1.0,0.02564102564102564,39
healthy_ovulatory-041545,healthy_ovulatory,15.568827345581418,0.0863834422657952,270.0,0.6556077602430587,29.783783783783782,2.8395533210459463,1.0,0.0,37
healthy_ovulatory-041623,healthy_ovulatory,0.9925857275254867,-0.008333333333333333,2.488479262672811,0.013426107575834147,27.9,3.726550615137206,1.0,0.0,40
healthy_ovulatory-041638,healthy_ovulatory,1.2344763670064873,0.07693236714975846,29.18918918918919,0.06481677747589373,29.289473684210527,4.0862848701270575,1.0,0.0,38
healthy_ovulatory-041737,healthy_ovulatory,2.0248907718787237,0.03479532163742689,2.5352112676056335,0.07655422653802027,28.615384615384617,2.456092152987671,1.0,0.0,39
healthy_ovulatory-041880,healthy_ovulatory,1.532768436382894,-0.016610887996430165,2.443438914027149,0.06407027459214054,31.055555555555557,3.422150071389493,1.0,0.0,36
healthy_ovulatory-041924,healthy_ovulatory,1.2535175667705787,-0.017592592592592594,2.0689655172413794,0.022731603753408398,29.36842105263158,4.063157157703041,1.0,0.07894736842105263,38
healthy_ovulatory-042004,healthy_ovulatory,1.7180048866795856,0.01784037558685446,2.88,0.058142104508460926,28.23076923076923,4.562210558729862,1.0,0.02564102564102564,39
healthy_ovulatory-042061,healthy_ovulatory,1.8693234476367007,-0.0037524366471734932,6.067415730337078,0.07513006083397913,25.0,3.4908518318066593,1.0,0.0,44
healthy_ovulatory-042070,healthy_ovulatory,1.3425408652692288,0.022600151171579735,12.857142857142858,0.09040582168358664,32.0,6.073084302162821,1.0,0.0,35
healthy_ovulatory-042470,healthy_ovulatory,0.9879518072289155,0.058465608465608464,3.1486880466472305,0.01626874755511377,25.88372093023256,2.4123620347975234,1.0,0.023255813953488372,43
healthy_ovulatory-042538,healthy_ovulatory,1.4169204289686217,-0.011111111111111112,3.8162544169611303,0.02127766612675625,30.7027027027027,5.087374704243966,1.0,0.0,37
healthy_ovulatory-042582,healthy_ovulatory,1.0084139496620887,0.003649237472766881,11.25,0.045851852222840064,27.9,2.638958613563798,1.0,0.0,40
healthy_ovulatory-042728,healthy_ovulatory,59.48157125543595,-0.025555555555555567,3.776223776223776,1.773375604636929,32.17142857142857,3.51873735948593,1.0,0.02857142857142857,35
healthy_ovulatory-042942,healthy_ovulatory,0.978683966635774,-0.022222222222222223,2.827225130890052,0.025184449988826994,27.325,3.80544481715479,1.0,0.05,40
healthy_ovulatory-042966,healthy_ovulatory,1.6967622350443963,0.0593843843843844,3.9852398523985237,0.07574572118443308,30.27027027027027,3.8126153800293094,1.0,0.02702702702702703,37
healthy_ovulatory-043106,healthy_ovulatory,1.1906611716916766,-0.0027551942186088557,2.8198433420365534,0.05737389091468993,28.666666666666668,2.922988137013698,1.0,0.0,39
healthy_ovulatory-043167,healthy_ovulatory,3.4277926184375516,0.04551282051282052,11.48936170212766,0.14924094268281615,29.0,2.23606797749979,1.0,0.0,39
healthy_ovulatory-043540,healthy_ovulatory,1.4509466437177279,0.05081699346405229,16.615384615384613,0.04110623204061836,28.46153846153846,3.7123276415503286,1.0,0.02564102564102564,39
healthy_ovulatory-043630,healthy_ovulatory,0.9777571825764599,0.09685185185185186,15.652173913043477,0.02363088919238343,25.697674418604652,2.790586930250049,1.0,0.0,43
healthy_ovulatory-043638,healthy_ovulatory,1.5684382090697004,0.004713804713804712,13.333333333333334,0.04373210356398156,27.48780487804878,3.399426063466539,1.0,0.0,41
healthy_ovulatory-043794,healthy_ovulatory,7.044148622461875,-0.05254137115839244,4.1698841698841695,0.2654959696103454,27.0,2.932575659723036,1.0,0.0,41
healthy_ovulatory-043860,healthy_ovulatory,,,,,26.285714285714285,2.625259237240728,1.0,0.0,42
healthy_ovulatory-044064,healthy_ovulatory,1.4990275294025506,0.019576719576719574,19.285714285714285,0.05566558992824914,29.36842105263158,4.772789159230033,1.0,0.0,38
healthy_ovulatory-044126,healthy_ovulatory,1.0732159406858204,0.007485497545738504,3.121387283236994,0.0487634578719462,26.78048780487805,3.350464110552083,1.0,0.0,41
healthy_ovulatory-044510,healthy_ovulatory,1.305910030655165,-0.002025153495741727,2.007434944237918,0.08124115054680758,33.63636363636363,4.3288146603471445,1.0,0.0,33
healthy_ovulatory-044713,healthy_ovulatory,1.021845624255263,-0.01658249158249158,2.42152466367713,0.0449261073126248,29.81578947368421,2.739651419510654,1.0,0.02631578947368421,38
healthy_ovulatory-044740,healthy_ovulatory,2.136497624147219,0.006565656565656552,3.3027522935779814,0.12369211463513181,25.431818181818183,2.0046194010129574,1.0,0.022727272727272728,44
healthy_ovulatory-044772,healthy_ovulatory,1.1974050046339204,0.02577757315326376,9.557522123893806,0.07228763339025328,29.0,3.3007176253210853,1.0,0.0,39
healthy_ovulatory-044967,healthy_ovulatory,1.1937954246134337,0.039646464646464666,4.716157205240174,0.05059176428078438,27.45,4.296390852677903,1.0,0.0,40
healthy_ovulatory-045058,healthy_ovulatory,1.1067227489841023,-0.004554043839758132,2.317596566523605,0.038213189635684874,28.94871794871795,3.4331872405797927,1.0,0.02564102564102564,39
healthy_ovulatory-045178,healthy_ovulatory,1.2150139017608899,0.1175925925925926,6.666666666666667,0.014070502609731736,31.457142857142856,2.5934630169269943,1.0,0.0,35
healthy_ovulatory-045216,healthy_ovulatory,13.667624287461166,-0.010942760942760935,2.1818181818181817,0.38446395263729377,31.457142857142856,3.867989728245814,1.0,0.0,35
healthy_ovulatory-045238,healthy_ovulatory,0.9814643188137165,0.07579365079365079,28.421052631578945,0.0217331847131655,29.864864864864863,4.5592528759421524,1.0,0.0,37
healthy_ovulatory-045367,healthy_ovulatory,1.6344513750767984,0.012259259259259261,2.6799007444168734,0.077495942067549,32.1764705882353,2.811993666048452,1.0,0.0,34
healthy_ovulatory-045488,healthy_ovulatory,1.3466172381835033,0.02218196457326892,2.373626373626373,0.028235875565535785,27.475,2.581864760405866,1.0,0.0,40
healthy_ovulatory-045551,healthy_ovulatory,1.32159406858202,0.0008856682769726246,3.884892086330935,0.04092706752819319,28.894736842105264,3.585175736837928,1.0,0.0,38
healthy_ovulatory-045637,healthy_ovulatory,0.9777571825764599,-0.023148148148148147,25.11627906976744,0.021107367129236356,28.615384615384617,2.8526569758494182,1.0,0.05128205128205128,39
healthy_ovulatory-045657,healthy_ovulatory,1.078526345697219,-0.0019115890083632042,3.059490084985836,0.05671511072414783,29.263157894736842,3.9296806178338755,1.0,0.0,38
healthy_ovulatory-045662,healthy_ovulatory,9.068410013375471,-0.02553832902670114,2.9999999999999996,0.43558689103707793,31.8,2.097617696340303,1.0,0.0,35
healthy_ovulatory-045726,healthy_ovulatory,19.353752891507867,0.0045865633074935325,4.675324675324675,0.6479101708232997,32.25714285714286,4.217211632059723,1.0,0.0,35
healthy_ovulatory-045892,healthy_ovulatory,10.905539317031442,0.01741420319401972,3.0083565459610027,0.3161312118279898,30.583333333333332,3.2015621187164243,1.0,0.0,36
healthy_ovulatory-045896,healthy_ovulatory,1.118102720872007,0.02323775388291517,12.857142857142858,0.03907817660221471,30.47222222222222,3.484546382538693,1.0,0.0,36
healthy_ovulatory-045973,healthy_ovulatory,1.2600069379365335,-0.023098098098098083,5.74468085106383,0.06931259707212803,29.736842105263158,3.133810481914567,1.0,0.0,38
healthy_ovulatory-046056,healthy_ovulatory,41.902977293790556,-0.023914431673052378,7.941176470588235,1.300186075667561,31.91176470588235,3.4497926776426113,1.0,0.0,34
healthy_ovulatory-046133,healthy_ovulatory,1.0207399243543822,-0.005555555555555557,8.78048780487805,0.0316773385728584,33.121212121212125,3.935079222181999,1.0,0.0,33
healthy_ovulatory-046140,healthy_ovulatory,6.0702186816003785,-0.04291044776119403,72.0,0.2610511000572902,30.88888888888889,3.724649765147842,1.0,0.0,36
healthy_ovulatory-046266,healthy_ovulatory,0.9907321594068581,-0.010185185185185186,2.297872340425532,0.014658489417447417,31.62857142857143,3.5070157775330224,1.0,0.0,35
healthy_ovulatory-046270,healthy_ovulatory,6.4636107090418715,-0.021445221445221443,2.2314049586776856,0.2778379109040863,28.175,4.562317787018304,1.0,0.0,40
healthy_ovulatory-046410,healthy_ovulatory,12.704812220377017,-0.026151571739807034,4.137931034482759,0.5226069030369366,27.6,2.648657134357827,1.0,0.0,40
healthy_ovulatory-046619,healthy_ovulatory,1.271904184786483,0.00810185185185186,7.883211678832117,0.0842957138100943,25.441860465116278,2.9463643907235215,1.0,0.0,43
healthy_ovulatory-046677,healthy_ovulatory,1.1625242227651866,0.031481481481481485,2.007434944237918,0.02290882246705805,27.75,2.4573281299943517,1.0,0.025,40
healthy_ovulatory-046970,healthy_ovulatory,1.446390335879326,0.003439153439153436,2.42152466367713,0.06458269552079948,29.894736842105264,2.787903151641086,1.0,0.02631578947368421,38
healthy_ovulatory-047346,healthy_ovulatory,1.1726833190035395,-0.02051929551929553,2.9916897506925206,0.06287728102317815,29.342105263157894,2.3968032289593424,1.0,0.0,38
healthy_ovulatory-047649,healthy_ovulatory,3.0964579943426926,-0.055955955955955955,2.0338983050847457,0.16046134668066764,26.166666666666668,3.7864757194499132,1.0,0.0,42
healthy_ovulatory-047718,healthy_ovulatory,1.260594826859887,0.012562562562562565,4.302788844621514,0.05434389333643432,33.878787878787875,3.5422236638654656,1.0,0.030303030303030304,33
healthy_ovulatory-047724,healthy_ovulatory,1.1128258854817261,-0.011763171622326554,2.7906976744186047,0.06443508719909409,31.305555555555557,4.451769756878041,1.0,0.0,36
healthy_ovulatory-047787,healthy_ovulatory,20.967743810895012,-0.007459207459207445,4.615384615384615,0.5240954685636035,27.95,3.4115189488644995,1.0,0.025,40
healthy_ovulatory-047962,healthy_ovulatory,,,,,28.894736842105264,3.2365269480776773,1.0,0.0,38
healthy_ovulatory-048094,healthy_ovulatory,1.053824766521708,-0.023148148148148147,2.706766917293233,0.026874911169049494,27.825,3.734025805742204,1.0,0.0,40
healthy_ovulatory-048097,healthy_ovulatory,0.9935125115848006,-0.007407407407407408,6.666666666666667,0.012117835242179941,29.864864864864863,3.7797866059854206,1.0,0.0,37
healthy_ovulatory-048406,healthy_ovulatory,1.3964318813716403,-0.037291822023365645,8.852459016393443,0.0866334899315164,33.63636363636363,2.4977262387292094,1.0,0.0,33
healthy_ovulatory-048414,healthy_ovulatory,1.2739308883887197,-0.011111111111111112,4.0754716981132075,0.021389257868749255,28.025,3.504484306771862,1.0,0.0,40
healthy_ovulatory-048507,healthy_ovulatory,1.482324904011651,0.008977455716586147,2.2832980972515853,0.11651289810593285,28.86842105263158,3.5653819978925347,1.0,0.05263157894736842,38
healthy_ovulatory-048781,healthy_ovulatory,7.577918681580856,0.020578443612151498,23.47826086956522,0.33503975941338277,30.135135135135137,2.583732895574865,1.0,0.0,37
healthy_ovulatory-048808,healthy_ovulatory,2.529133905348441,0.07002923976608186,360.0,0.086803511556381,29.945945945945947,3.22271405586749,1.0,0.0,37
healthy_ovulatory-048818,healthy_ovulatory,1.2155434926519262,0.044949494949494954,18.0,0.04552535101374655,31.34285714285714,4.1793811612194816,1.0,0.0,35
healthy_ovulatory-048877,healthy_ovulatory,1.1607000452615468,-0.014417989417989413,83.07692307692308,0.05908782217187028,30.86111111111111,3.381907980312532,1.0,0.0,36
healthy_ovulatory-048901,healthy_ovulatory,1.217979610750695,0.11599326599326598,25.714285714285715,0.024712786053279055,31.27777777777778,2.96273147243853,1.0,0.027777777777777776,36
healthy_ovulatory-048919,healthy_ovulatory,1.4805987374753,-0.01944444444444444,2.164328657314629,0.03665392324636267,32.911764705882355,3.887568742908322,1.0,0.0,34
healthy_ovulatory-049040,healthy_ovulatory,1.33770585299779,0.027441077441077433,3.323076923076923,0.03405178696341744,29.594594594594593,2.9857016619907646,1.0,0.0,37
healthy_ovulatory-049044,healthy_ovulatory,0.9879518072289155,-0.012962962962962963,2.093023255813953,0.016337078701917765,28.94871794871795,3.926621139892199,1.0,0.0,39
healthy_ovulatory-049178,healthy_ovulatory,12.993088716564605,-0.0031012940651494736,3.406940063091483,0.4959628026691205,27.425,2.590787426088734,1.0,0.0,40
healthy_ovulatory-049183,healthy_ovulatory,1.3710174873516767,0.09370370370370372,108.0,0.04703780356563582,29.37837837837838,3.319566164353336,1.0,0.0,37
healthy_ovulatory-049271,healthy_ovulatory,1.0914146094868986,0.025485731633272612,2.297872340425532,0.039698485542764964,31.885714285714286,4.509933014837286,1.0,0.02857142857142857,35
healthy_ovulatory-049326,healthy_ovulatory,1.3499617197888545,0.01744639376218323,12.857142857142858,0.03290279892113661,27.1,4.453750940038906,1.0,0.0,40
healthy_ovulatory-049446,healthy_ovulatory,2.123975190703643,-0.03919247115968427,2.186234817813765,0.09983950391224702,28.384615384615383,2.4880280144744584,1.0,0.0,39
healthy_ovulatory-049452,healthy_ovulatory,1.4385542168674696,0.06698595146871009,22.5,0.048744505031371656,30.833333333333332,2.23606797749979,1.0,0.0,36
healthy_ovulatory-049530,healthy_ovulatory,1.044569887943382,0.0017170082704063283,63.52941176470588,0.048935316962766845,25.09090909090909,2.8515045544591855,1.0,0.0,44
healthy_ovulatory-049572,healthy_ovulatory,1.6433205348867996,0.03084322186263934,2.4107142857142856,0.07101031037008212,30.62162162162162,3.4266224976997015,1.0,0.02702702702702703,37
healthy_ovulatory-049580,healthy_ovulatory,1.7345195401769522,-0.06422867821950391,2.0809248554913293,0.0763212955317236,32.088235294117645,3.654533482301405,1.0,0.029411764705882353,34
healthy_ovulatory-049708,healthy_ovulatory,1.3144445915530252,-0.03141025641025641,7.397260273972603,0.058918543538332285,28.81578947368421,4.209739435718435,1.0,0.0,38
healthy_ovulatory-049825,healthy_ovulatory,14.156344157142842,0.02619047619047618,11.612903225806452,0.4646992536479938,29.945945945945947,4.068482831787858,1.0,0.02702702702702703,37
healthy_ovulatory-049898,healthy_ovulatory,1.450249112091111,-0.04186046511627908,4.186046511627906,0.09710906980340198,30.0,5.873670062235365,1.0,0.0,37
healthy_ovulatory-049918,healthy_ovulatory,1.2724745134383686,0.01944444444444444,2.911051212938005,0.026691919732719793,27.825,5.001986784755813,1.0,0.0,40
population-000020,population,1.3957367933271543,0.05320844099913867,14.399999999999999,0.038144101161431604,30.88888888888889,3.4040125715545746,0.9722222222222222,0.027777777777777776,36
population-000094,population,1.0906924400900302,0.015257648953301131,8.64,0.04942944281297737,31.428571428571427,8.434124363649886,0.5428571428571428,0.45714285714285713,35
population-000147,population,1.0886786010438514,0.03888888888888889,13.012048192771084,0.021387975896781323,30.916666666666668,3.064776850417848,0.9166666666666666,0.08333333333333333,36
population-000164,population,1.067441363085478,-0.03425925925925926,6.792452830188679,0.02813667670245624,35.0,7.947407773770052,0.5,0.5,32
population-000278,population,2.0493350863202364,0.0046714007240322986,2.3529411764705883,0.09702788216287501,34.84375,6.1335112030075685,0.3125,0.6875,32
population-000429,population,16.737020463856258,0.011611611611611616,2.2453222453222454,0.6906956242765537,29.68421052631579,3.0500798674336447,1.0,0.0,38
population-000607,population,5.559115583211969,0.013227513227513227,2.014925373134328,0.2228756740211164,29.405405405405407,3.353766203501334,1.0,0.0,37
population-000632,population,4.481806825966071,-0.012133775566611382,3.3333333333333335,0.19011365528092394,31.2,2.988212135158058,0.9714285714285714,0.05714285714285714,35
population-000643,population,11.746579592565947,-0.012863483318028765,2.3841059602649004,0.3510789024414279,26.571428571428573,2.359649179617826,1.0,0.0,42
population-000856,population,10.885006559705353,0.057936507936507925,7.76978417266187,0.38825999203995465,35.54838709677419,9.650004178504863,0.22580645161290322,0.7741935483870968,31
population-000892,population,1.812591406086775,0.04581284824647658,10.909090909090908,0.09213039789451306,24.130434782608695,2.6298178699266432,0.9347826086956522,0.08695652173913043,46
population-000965,population,0.9935125115848007,-0.007407407407407408,4.695652173913043,0.011709680966233683,35.74193548387097,7.86963676389825,0.5483870967741935,0.45161290322580644,31
population-001108,population,1.7490953525026118,0.030435938330675177,2.3529411764705883,0.11314504834217166,27.35,2.3154996138065886,0.975,0.025,40
population-001180,population,1.2289156626506024,-0.024074074074074067,3.121387283236994,0.04960424272182916,34.5625,7.762347084359506,0.59375,0.40625,32
population-001191,population,1.0573282139547202,0.012962962962962968,3.323076923076923,0.035321444722844104,26.804878048780488,3.675727902029215,0.975609756097561,0.024390243902439025,41
population-001223,population,1.0886786010438512,-0.016666666666666666,3.0252100840336134,0.02184274089917693,26.214285714285715,3.4748975369046584,0.9285714285714286,0.07142857142857142,42
population-001290,population,0.9743148417847212,0.0554958183990442,3.3027522935779814,0.03326422643201853,31.714285714285715,3.618347271170902,0.9714285714285714,0.08571428571428572,35
population-001509,population,0.9925857275254867,-0.008333333333333333,2.2929936305732483,0.012275683494432178,35.354838709677416,8.187585672210394,0.6129032258064516,0.41935483870967744,31
population-001553,population,1.060580031194195,0.015170940170940173,9.07563025210084,0.032494959137838474,28.205128205128204,3.6862438961737563,1.0,0.0,39
population-001581,population,19.899339292654485,-0.006401545430322411,5.046728971962617,0.5369400593216143,32.76470588235294,7.954639673493443,0.5882352941176471,0.4117647058823529,34
population-001964,population,17.760072977501483,0.01933333333333334,16.119402985074625,0.5868820638443388,44.8,10.939226054281294,0.36,1.0,25
population-002027,population,3.3788034957948256,-0.04205653021442496,2.827225130890052,0.14142677216709978,28.641025641025642,4.183219482189207,0.8974358974358975,0.10256410256410256,39
population-002066,population,1.2003177545346222,0.019794794794794797,19.285714285714285,0.04171277734479967,35.53125,10.939671443435701,0.28125,0.78125,32
population-002182,population,1.117701575532901,0.011419753086419751,5.5102040816326525,0.04055554598703683,33.8125,5.7498246817592396,0.5,0.65625,32
population-002190,population,10.912761066774713,0.06178451178451179,3.6860068259385663,0.3734881891879476,30.2972972972973,3.733220719022241,0.972972972972973,0.02702702702702703,37
population-002213,population,1.6643443801732123,-0.020370370370370372,15.652173913043477,0.03239101147505689,31.714285714285715,5.300229898295915,0.37142857142857144,0.7142857142857143,35
population-002236,population,25.303055195257755,-0.004985754985754973,2.6865671641791042,0.6273016678236105,28.128205128205128,2.5150022201464215,0.9487179487179487,0.05128205128205128,39
population-002333,population,14.92900952167317,-0.015415415415415412,3.927272727272727,0.5073595494278694,28.564102564102566,2.8171922546624493,1.0,0.0,39
population-002443,population,1.32047330646378,-0.0043718976708667645,60.0,0.07761323069086377,29.56756756756757,3.5865531312617365,0.918918918918919,0.08108108108108109,37
population-002725,population,1.4398322033071556,0.06807048984468339,49.090909090909086,0.03172807941453542,32.38235294117647,4.599174536491554,0.29411764705882354,0.7352941176470589,34
population-002837,population,1.2150139017608899,-0.007407407407407408,4.0,0.01493010694129361,28.605263157894736,4.265128708708475,0.9473684210526315,0.05263157894736842,38
population-002982,population,1.028359592215014,-0.012568951930654063,2.541176470588235,0.04820615593528597,29.605263157894736,2.686698704521265,0.9473684210526315,0.05263157894736842,38
population-003156,population,1.6509996028068314,-0.04814814814814815,2.577565632458234,0.06108764328941092,27.8,7.201139510967015,0.4,0.6,40
population-003285,population,1.1964143044325843,-0.008119658119658119,4.202334630350195,0.049153114579860886,31.194444444444443,5.175875050625018,0.8611111111111112,0.19444444444444445,36
population-003404,population,1.206449947795075,0.10121614151464899,3.094555873925501,0.03857399843990752,27.923076923076923,3.459423555454346,1.0,0.0,39
population-003462,population,1.6404077849860985,-0.021296296296296296,4.285714285714286,0.03110397078292075,29.07894736842105,3.8300488949484173,1.0,0.0,38
population-003770,population,1.0183893468611285,-0.006481481481481484,6.4670658682634725,0.028584440227201174,34.375,4.069952841131241,0.5625,0.4375,32
population-003930,population,1.7870642175615372,-0.024019607843137253,2.443438914027149,0.10191019582971116,32.64705882352941,3.053883299760511,0.9411764705882353,0.058823529411764705,34
population-004075,population,8.177344614188765,-0.0009259259259259134,3.323076923076923,0.2972540948658241,28.05,4.390841283795986,1.0,0.0,40
population-004174,population,1.7657948868645315,0.027178649237472763,5.999999999999999,0.07143445008142929,28.307692307692307,2.586949495507729,0.9487179487179487,0.05128205128205128,39
population-004429,population,1.0971172137944492,0.0009259259259259134,2.3841059602649004,0.06870322148989107,30.63888888888889,3.081305639569766,0.9722222222222222,0.027777777777777776,36
population-004587,population,52.149018653884696,0.027777777777777762,2.1730382293762576,1.576379253280377,27.4,3.8617121219506396,0.975,0.025,40
population-004703,population,1.0256851582152786,-0.002069716775599126,15.428571428571429,0.027724754307350923,26.73170731707317,4.560835396305716,0.43902439024390244,0.9024390243902439,41
population-004723,population,0.9740500463392029,-0.026851851851851852,2.151394422310757,0.02754653449458004,27.76923076923077,2.42206456584741,0.9743589743589743,0.02564102564102564,39
population-004938,population,0.9916589434661722,-0.009259259259259259,7.826086956521738,0.01323036702189984,28.94736842105263,3.004027642484946,0.9473684210526315,0.05263157894736842,38
population-004941,population,0.9990732159406857,-0.001851851851851852,5.0,0.0037037037037037047,27.024390243902438,4.327168848554727,0.8780487804878049,0.17073170731707318,41
population-005028,population,7.3331504983828575,-0.014316239316239321,2.5961538461538463,0.2678449896623538,34.65625,8.086665148613886,0.5625,0.5,32
population-005236,population,1.5384212435024376,-0.014991677070328752,4.886877828054298,0.058466515850036836,29.864864864864863,4.379003959312628,0.972972972972973,0.05405405405405406,37
population-005286,population,1.1241890639480998,0.016851851851851854,15.652173913043477,0.022785964798104224,32.38235294117647,3.601470287992685,0.9705882352941176,0.029411764705882353,34
population-005384,population,1.9121049956650427,-0.013572719060523937,2.42152466367713,0.044274471080671465,37.8,3.8363056941946567,0.6,0.4,30
population-005492,population,1.085145820598269,-0.040740740740740744,4.821428571428571,0.03367001146374435,31.91176470588235,9.333444740868067,0.29411764705882354,0.7058823529411765,34
population-005589,population,0.9990732159406857,-0.001851851851851852,2.9999999999999996,0.003703703703703704,28.384615384615383,4.766193364760121,0.9487179487179487,0.07692307692307693,39
population-005603,population,1.4754695775793742,-0.039245872378402505,2.0970873786407767,0.08646975442184995,36.53333333333333,5.64912769179109,0.3,0.7333333333333333,30
population-005739,population,50.32822239016623,-4.708097928438071e-05,2.4,1.6195977725569106,30.02777777777778,2.9615257757843207,0.9444444444444444,0.05555555555555555,36
population-005757,population,1.2060189791729448,-0.03357487922705313,2.373626373626373,0.06283903126040702,31.166666666666668,2.699206232527312,1.0,0.0,36
population-005808,population,14.57882223404587,-0.040821256038647336,7.012987012987012,0.5675792524650285,31.0,4.44007721940573,0.8611111111111112,0.1388888888888889,36
population-005904,population,1.380118202950516,0.011300075585789868,6.4670658682634725,0.058782044451726044,34.09375,6.522216993946846,0.59375,0.40625,32
population-006070,population,1.1084636311997367,0.017460317460317454,4.886877828054298,0.04489056756282644,28.15,2.6559077833852127,0.975,0.025,40
population-006072,population,1.2817911321398952,0.060353535353535354,17.704918032786885,0.031185490234668045,32.0,7.836565874532183,0.5142857142857142,0.5142857142857142,35
population-006092,population,1.0676051398942963,0.02306763285024155,3.167155425219941,0.03932133066115091,34.71875,4.473826211168907,0.5625,0.4375,32
population-006251,population,0.98887859128823,-0.012037037037037037,3.624161073825503,0.020101791184465412,29.07894736842105,3.5288891058631147,0.9736842105263158,0.02631578947368421,38
population-006330,population,0.9990732159406857,-0.001851851851851852,2.0,0.0037037037037037034,29.405405405405407,6.08942370681176,0.5135135135135135,0.4864864864864865,37
population-006567,population,1.3128317465666866,-0.0007266760431317298,25.714285714285715,0.07151730347267596,37.56666666666667,11.684600337943582,0.4,0.6,30
population-006603,population,1.2206836395355176,0.05277777777777778,21.599999999999998,0.019412439945887986,32.794117647058826,7.421424398789755,0.5,0.5,34
population-006613,population,1.3656330605089495,0.01025428413488115,3.588039867109634,0.06433481381757639,28.102564102564102,2.603589342213551,0.9487179487179487,0.07692307692307693,39
population-006647,population,1.3141797961075068,0.07777777777777778,2.88,0.03563433873691364,26.595238095238095,2.68745526392283,1.0,0.023809523809523808,42
population-006785,population,1.0231696014828544,-0.003835978835978835,2.9427792915531334,0.027651071135761925,28.44736842105263,4.137484340926048,0.9736842105263158,0.02631578947368421,38
population-006805,population,1.2501677798728068,-0.024074074074074074,4.0,0.025991979347441106,34.03125,2.934603067075737,0.9375,0.0625,32
population-006933,population,1.2414934463127232,0.0299526270456503,83.07692307692308,0.04206749137573656,29.36842105263158,3.6199227454170964,0.9736842105263158,0.05263157894736842,38
population-007005,population,1.979513194478318,0.10740740740740742,13.670886075949365,0.08109093777383192,37.93103448275862,11.439065379163129,0.20689655172413793,0.8620689655172413,29
population-007066,population,1.2363299351251156,0.058465608465608464,3.0422535211267605,0.02137848501460339,26.166666666666668,2.649589629216576,1.0,0.0,42
population-007188,population,19.375678231568894,0.014444444444444426,8.709677419354838,0.7425693023282925,35.78125,5.700788711703309,0.875,0.125,32
population-007364,population,0.9898053753475443,-0.011111111111111112,12.705882352941176,0.01561664821993379,43.30769230769231,6.485486755945035,0.23076923076923078,0.8846153846153846,26
population-007382,population,1.215477293790547,-0.03196134090294675,135.0,0.0691412284193617,28.641025641025642,5.621795833544836,0.5384615384615384,0.46153846153846156,39
population-007383,population,9.695159335567121,-0.006481481481481477,4.695652173913043,0.34784648340530033,31.4,3.336077301967969,0.9142857142857143,0.08571428571428572,35
population-007410,population,1.1049913941480207,0.015170940170940173,12.857142857142858,0.03580181961175218,25.204545454545453,2.9379596262249237,0.9772727272727273,0.022727272727272728,44
population-007447,population,1.108433734939759,-0.016666666666666663,2.3275862068965516,0.05358941923021112,28.605263157894736,4.606338017218911,0.868421052631579,0.13157894736842105,38
population-007684,population,9.878616096980952,-0.009143518518518523,4.426229508196721,0.31575100765681446,27.29268292682927,4.817903602392977,0.8292682926829268,0.1951219512195122,41
population-007693,population,1.5236329935125115,0.007630906768837802,49.090909090909086,0.03411479912470991,26.285714285714285,3.2929023026674953,1.0,0.0,42
population-007702,population,14.402039520933101,-0.035480859010270774,2.748091603053435,0.41306117968368716,35.28125,10.680806949700672,0.5,0.5,32
population-007760,population,1.2352786576846997,0.0006391347099311689,3.2238805970149254,0.06255092953336187,26.19047619047619,2.91537635304725,0.9761904761904762,0.023809523809523808,42
population-007799,population,1.093945641277827,0.05611916264090176,8.372093023255813,0.053112203393993064,26.785714285714285,2.7633111481956134,0.9285714285714286,0.11904761904761904,42
population-007862,population,1.053460806789913,0.024074074074074067,2.2832980972515853,0.03826648309697608,31.416666666666668,3.9014649263358203,0.3888888888888889,0.6111111111111112,36
population-007897,population,1.1566265060240966,-0.010185185185185186,7.346938775510203,0.018179117205297444,30.77777777777778,4.721447181962697,0.8333333333333334,0.16666666666666666,36
population-007939,population,1.1087864049800291,-0.03562091503267974,2.571428571428571,0.054499345802763485,35.0,5.896964774219623,0.5625,0.4375,32
population-007942,population,1.0777785699009053,-0.0037524366471734932,3.913043478260869,0.053742726840118195,29.594594594594593,3.8185181787024507,0.918918918918919,0.10810810810810811,37
population-007945,population,1.18946114126837,0.016851851851851854,2.0224719101123596,0.02657185712044861,31.685714285714287,5.4706243786643745,0.5428571428571428,0.45714285714285713,35
population-008184,population,1.3893298948301567,-0.04246031746031746,2.093023255813953,0.08132189046257857,29.2972972972973,3.7480725777455337,0.972972972972973,0.02702702702702703,37
population-008281,population,1.2576459684893422,-0.012678062678062665,216.0,0.07338662729858243,27.475,2.978448227878713,1.0,0.025,40
population-008366,population,1.2414934463127234,0.032539682539682535,11.868131868131869,0.040084965205027925,34.0,8.219641111386798,0.6060606060606061,0.3939393939393939,33
population-008489,population,8.214981153207559,-0.017017879948914447,3.323076923076923,0.3011365537095913,36.38709677419355,6.746245471148323,0.6451612903225806,0.3870967741935484,31
population-008506,population,1.4033108561567222,0.011720640238228164,2.9427792915531334,0.08627243594454807,30.54054054054054,3.0331006741781086,1.0,0.0,37
population-008572,population,1.067441363085478,0.019794794794794797,10.18867924528302,0.030818476520148713,30.88888888888889,2.9352807388515694,1.0,0.0,36
population-008614,population,11.832285954449024,-0.01044618443947301,4.886877828054298,0.348116171353539,28.641025641025642,3.6453804904807763,1.0,0.0,39
population-008653,population,1.2086588110684497,0.025630850630850632,22.97872340425532,0.053471212865208104,25.697674418604652,2.6415623418270067,0.9302325581395349,0.09302325581395349,43
population-008654,population,2.610964568332502,0.019063180827886717,7.297297297297297,0.14357921115660935,26.11904761904762,2.2328192935562696,0.9523809523809523,0.047619047619047616,42
population-008848,population,1.1738789477436373,0.01317340067340067,6.352941176470588,0.09082179009163611,27.29268292682927,3.944894817603027,0.975609756097561,0.024390243902439025,41
population-008919,population,1.2269662203189415,0.013035041029053007,3.8162544169611303,0.07896737270569047,30.216216216216218,6.0191136996845085,0.5135135135135135,0.4864864864864865,37
population-008948,population,16.215919331348793,0.043346253229974166,2.011173184357542,0.5316428688645272,27.825,2.916684981627478,1.0,0.0,40
population-008959,population,0.9999999999999999,-0.000925925925925926,18.30508474576271,0.0018518518518518526,31.22222222222222,6.361092049600608,0.5,0.5277777777777778,36
population-009237,population,1.839666357738647,-0.03327359617682198,3.068181818181818,0.07879470003117227,30.75,6.253570408745939,0.8055555555555556,0.19444444444444445,36
population-009251,population,0.978683966635774,0.01944444444444444,3.2238805970149254,0.02674253747777842,31.34285714285714,4.838223161589855,0.9714285714285714,0.02857142857142857,35
population-009296,population,1.078400921774416,0.016481481481481486,13.012048192771084,0.050659540793905666,26.951219512195124,3.232268704116314,0.9512195121951219,0.04878048780487805,41
population-009298,population,1.9359473753893537,0.04847494553376905,3.6363636363636362,0.10463731244591187,26.476190476190474,4.702039491270576,0.5238095238095238,0.47619047619047616,42
population-009469,population,1.3595922150139017,0.12270955165692007,3.6610169491525424,0.0334543145351494,24.954545454545453,3.277510012434251,0.9318181818181818,0.06818181818181818,44
population-009584,population,1.1047265987025021,-0.03972033257747544,3.7630662020905916,0.04879762612639122,34.06060606060606,5.061740029003081,0.5757575757575758,0.45454545454545453,33
population-009831,population,1.3640559096669251,0.010817524841915088,2.342733188720173,0.036476157209448024,32.6,5.03633853929151,0.5714285714285714,0.42857142857142855,35
population-009864,population,1.0454124189063951,-0.018845315904139424,41.53846153846154,0.04279823144274278,31.057142857142857,3.7175486637335213,0.9428571428571428,0.05714285714285714,35
population-009899,population,1.1386604994430791,-0.010858585858585845,4.122137404580152,0.05507485814011903,30.43243243243243,3.9548882589955863,0.9459459459459459,0.08108108108108109,37
population-010012,population,1.194039315155358,-0.01574074074074074,2.720403022670025,0.024986453024182627,38.793103448275865,11.406073915571811,0.27586206896551724,0.7241379310344828,29
population-010251,population,1.618001417434444,0.048148148148148134,30.0,0.0760843454856964,30.27027027027027,3.716693935988517,0.972972972972973,0.08108108108108109,37
population-010706,population,1.1993768856111844,-0.011612408586930884,6.033519553072626,0.07781748403813678,31.0,2.7877282097486784,0.9722222222222222,0.027777777777777776,36
population-010735,population,0.9981464318813716,-0.002777777777777778,2.9999999999999996,0.005555555555555557,37.03333333333333,5.448715972330218,0.6666666666666666,0.4,30
population-010746,population,1.0183405687527438,0.023148148148148147,77.14285714285714,0.03412281223980278,29.972972972972972,3.5314970581145144,0.972972972972973,0.02702702702702703,37
population-010841,population,1.7738646895273402,-0.022222222222222223,21.599999999999998,0.03308570648353273,29.64864864864865,7.024624213817088,0.8108108108108109,0.1891891891891892,37
population-010906,population,1.3459993821439606,0.05736594803758983,20.76923076923077,0.05691786980057634,40.464285714285715,5.371268853867687,0.4642857142857143,0.7142857142857143,28
population-011073,population,1.1261516654854713,-0.013242487770789665,3.2142857142857144,0.0528186620410351,28.435897435897434,3.439666995776678,0.9487179487179487,0.05128205128205128,39
population-011223,population,1.3596520075338576,-0.025,3.282674772036474,0.02598674583159423,31.714285714285715,3.4689499052851933,1.0,0.0,35
population-011490,population,1.4207599629286374,-0.020370370370370372,2.565320665083135,0.026195260470638915,29.57894736842105,2.9190111149235007,0.9736842105263158,0.02631578947368421,38
population-011654,population,66.2274115377019,0.0005871725383920501,2.7411167512690358,1.994435716284971,33.696969696969695,7.723684550154999,0.36363636363636365,0.6363636363636364,33
population-011682,population,0.9620018535681187,-0.015079365079365081,5.242718446601942,0.029396859899690656,28.28205128205128,3.3868842842937052,0.9487179487179487,0.05128205128205128,39
population-011702,population,1.4167257264351523,0.010566448801742928,3.185840707964602,0.05442014705744397,32.794117647058826,3.072649747463618,0.9411764705882353,0.058823529411764705,34
population-011852,population,1.5236329935125115,-0.025925925925925925,2.0377358490566038,0.03208692233796484,27.048780487804876,3.1221084182984034,1.0,0.024390243902439025,41
population-012188,population,1.1938487402202727,0.01744639376218323,5.625,0.03101002102855433,26.166666666666668,5.888876105728315,0.5,0.5,42
population-012205,population,1.2264485895913013,0.014179894179894154,2.2641509433962264,0.06953142922145511,36.225806451612904,5.97611734277563,0.6774193548387096,0.3548387096774194,31
population-012375,population,1.5162187210379985,0.026238576238576228,7.297297297297297,0.09136134892010316,30.35135135135135,3.8745337799549526,0.9459459459459459,0.05405405405405406,37
population-012388,population,0.9842446709916592,0.03888888888888889,8.181818181818182,0.020777935739489578,33.93939393939394,3.5261469228057023,1.0,0.0,33
population-012397,population,2.0417406561065166,0.03698713683743626,2.26890756302521,0.10721258845478433,31.97142857142857,7.126940248867277,0.6571428571428571,0.37142857142857144,35
population-012464,population,70.50262095608066,0.06209981167608286,2.26890756302521,2.6420711336892038,29.263157894736842,3.929680617833876,0.5789473684210527,0.47368421052631576,38
population-012641,population,1.1074422915274695,0.0028012189404594545,13.670886075949365,0.04413206290216895,30.88888888888889,3.22293369266288,1.0,0.0,36
population-012646,population,1.273081716787575,-0.061363636363636356,7.152317880794702,0.0537024399270841,28.128205128205128,4.0728852257433275,1.0,0.0,39
population-012781,population,2.8687673772011117,0.04142623286269695,2.762148337595908,0.15281014648967395,29.81578947368421,3.074351288706723,0.9736842105263158,0.07894736842105263,38
population-012850,population,19.435432037841682,-0.030337690631808273,7.0588235294117645,0.6764751442945045,29.594594594594593,4.781093897724542,0.8918918918918919,0.13513513513513514,37
population-013149,population,15.788403983400528,0.018253968253968245,7.105263157894736,0.533663635935648,28.28205128205128,6.9583297978931915,0.5641025641025641,0.4358974358974359,39
population-013362,population,5.068147669276982,-0.015631808278867093,6.967741935483871,0.2418847426781621,35.806451612903224,5.576255343500151,0.3225806451612903,0.6774193548387096,31
population-013412,population,1.3616011720766068,0.0045865633074935325,5.5102040816326525,0.06717714401481198,27.5609756097561,4.324631663435656,0.8048780487804879,0.21951219512195122,41
population-013549,population,1.1254723034148428,0.04444444444444445,13.012048192771084,0.03995939095512138,32.970588235294116,5.401937329904989,0.5294117647058824,0.47058823529411764,34
population-013982,population,1.2544684231431216,0.005555555555555557,2.1135029354207435,0.03133948841341791,27.048780487804876,3.19336201762496,0.9512195121951219,0.04878048780487805,41
population-014104,population,1.1010194624652456,-0.04595959595959596,10.485436893203884,0.0476002585653039,27.85,3.3015148038438356,0.925,0.075,40
population-014319,population,1.1503946821769837,-0.03376068376068375,2.748091603053435,0.04995009818744158,31.65714285714286,2.1135815316084456,1.0,0.0,35
population-014378,population,1.6581041145714934,0.01961279461279461,3.450479233226837,0.07088245534033763,27.65,4.774666050881035,0.85,0.15,40
population-014556,population,1.274884151992586,0.0299526270456503,16.119402985074625,0.039753645884402514,27.585365853658537,3.361365866400871,0.926829268292683,0.0975609756097561,41
population-014628,population,1.3225761830329354,-0.0025681341719077655,98.18181818181817,0.07098786467765367,31.914285714285715,3.3110459389872613,1.0,0.0,35
population-014683,population,1.2219237221524855,0.0009259259259259134,26.34146341463415,0.07631435652850853,26.404761904761905,4.030732692636534,0.9285714285714286,0.07142857142857142,42
population-014803,population,1.2808155699721964,0.007239057239057239,9.642857142857142,0.05730202677832184,30.45945945945946,6.723072192063662,0.5135135135135135,0.4864864864864865,37
population-014852,population,1.4194054323804093,0.0054913824715805,2.053231939163498,0.06319462815585057,30.694444444444443,6.484352349836133,0.5,0.5,36
population-014884,population,8.897120373088303,-0.00193602693602693,8.244274809160304,0.3146695001457226,27.9,1.8646509262923925,1.0,0.0,40
population-014922,population,0.9712696941612604,0.0016203703703703692,32.72727272727273,0.026024930599160098,27.26829268292683,4.0436641196067615,0.9512195121951219,0.04878048780487805,41
population-015030,population,15.408720331673113,0.05416666666666667,2.1774193548387095,0.5144707916302801,34.06060606060606,9.276783500826788,0.30303030303030304,0.7575757575757576,33
population-015071,population,0.9925857275254867,-0.008333333333333333,2.9916897506925206,0.013104844068148052,32.8235294117647,4.901889482547391,0.5294117647058824,0.5,34
population-015093,population,1.2419695147200915,0.04145299145299147,3.552631578947368,0.06732422322708581,31.571428571428573,3.5086926867065316,0.8,0.2,35
population-015117,population,1.2160901671200932,-0.010782934833567737,33.75,0.04787330450575816,36.6,9.178685955084692,0.36666666666666664,0.6333333333333333,30
population-015137,population,1.3401675776890922,-0.03564814814814814,9.557522123893806,0.07559521438392681,31.914285714285715,3.728833823150647,0.9428571428571428,0.05714285714285714,35
population-015275,population,0.9990732159406855,-0.001851851851851852,5.999999999999999,0.003703703703703704,38.724137931034484,6.058621670951582,0.3103448275862069,0.7586206896551724,29
population-015309,population,0.9999999999999997,-0.000925925925925926,5.775401069518716,0.001851851851851853,26.38095238095238,2.668263169018479,0.9285714285714286,0.07142857142857142,42
population-015445,population,1.2289644407589873,-0.0286590807675145,3.4394904458598727,0.04742458426340739,32.73529411764706,3.816303332152026,0.9705882352941176,0.029411764705882353,34
population-015573,population,4.295714366774115,0.013779956427015266,11.25,0.18068387480826548,27.125,3.465489198456025,1.0,0.0,40
population-015599,population,1.056533827618165,0.007239057239057239,2.6535626535626533,0.05132601719992021,31.37142857142857,6.682222746985927,0.5428571428571428,0.5714285714285714,35
population-015667,population,1.0297283809795397,-0.026296296296296293,4.106463878326996,0.036167013211234104,31.428571428571427,6.045346845913389,0.5428571428571428,0.45714285714285713,35
population-015688,population,1.1192582128364092,0.01264090177133656,2.488479262672811,0.06090685077498087,33.81818181818182,5.88671462625029,0.5454545454545454,0.8787878787878788,33
population-015711,population,1.8396356356151335,0.026381299332118996,2.0338983050847457,0.09416063793189174,26.166666666666668,2.428656827083612,0.9761904761904762,0.023809523809523808,42
population-015837,population,21.55506560655577,-0.004985754985754973,7.105263157894736,0.6130941280966955,25.558139534883722,2.5289026942943655,0.9767441860465116,0.046511627906976744,43
population-015882,population,1.1007392719356854,-0.037037037037037035,2.769230769230769,0.038627596698315475,32.411764705882355,4.729774464857024,0.9411764705882353,0.058823529411764705,34
population-016049,population,0.9990732159406857,-0.001851851851851852,2.9999999999999996,0.003703703703703704,29.0,2.799613872989959,1.0,0.0,38
population-016175,population,1.4386336555011257,-0.03148148148148148,56.84210526315789,0.03803641727050615,33.303030303030305,12.80743155477721,0.21212121212121213,0.7878787878787878,33
population-016232,population,1.3770030208915525,0.04601898853167888,2.0186915887850465,0.09151671979792171,31.057142857142857,5.54629106140447,0.42857142857142855,0.5714285714285714,35
population-016292,population,2.299235039991168,-0.018196457326892096,3.3333333333333335,0.1409824183370555,33.303030303030305,4.857242327731141,0.5454545454545454,0.45454545454545453,33
population-016330,population,1.6895572363897278,0.01610828385637547,2.2929936305732483,0.09128518896575125,40.629629629629626,13.000438300741864,0.18518518518518517,0.8148148148148148,27
population-016448,population,1.4169204289686217,-0.011111111111111112,3.016759776536313,0.018816895235141136,31.25,2.760693494654662,0.9444444444444444,0.05555555555555555,36
population-016459,population,1.3618022385399586,-0.020370370370370372,14.399999999999999,0.024248862309338617,38.37931034482759,13.342771700446884,0.41379310344827586,0.6206896551724138,29
population-016513,population,1.4572560800230094,-0.022222222222222223,3.9705882352941173,0.02896879675577866,28.17948717948718,3.62645103351962,0.8717948717948718,0.1282051282051282,39
population-016546,population,1.3521079965726477,-0.023455239158756747,6.315789473684211,0.0913485136239824,29.36842105263158,3.2417967376431016,0.9736842105263158,0.02631578947368421,38
population-016575,population,2.1238449884290733,-0.01645299145299145,2.437923250564334,0.1265096212212947,32.2,3.802475973548257,0.9714285714285714,0.02857142857142857,35
population-016660,population,1.6415993644909308,0.08055555555555555,16.119402985074625,0.05126599219089536,29.210526315789473,3.3219816191043474,0.9736842105263158,0.05263157894736842,38
population-016787,population,1.7058795809051068,-0.03164488017429194,2.32258064516129,0.07460540747094359,34.333333333333336,5.6605358992472325,0.6060606060606061,0.42424242424242425,33
population-016996,population,1.193892980830203,-0.0023355444997236047,6.545454545454545,0.04020049365309608,30.216216216216218,4.042380590795582,1.0,0.0,37
population-017064,population,0.9925857275254867,0.10277777777777777,3.1304347826086953,0.012832862480708487,26.209302325581394,5.00741421501245,0.4418604651162791,0.6046511627906976,43
population-017222,population,1.4047607433783715,-0.013888888888888888,6.70807453416149,0.021577153080255398,32.35294117647059,4.457763761574933,0.4411764705882353,0.5588235294117647,34
population-017286,population,0.995366079703429,-0.005555555555555556,2.6999999999999997,0.01027003567682953,34.53125,3.99180107300597,0.84375,0.15625,32
population-017432,population,1.2407220856670833,-0.019444444444444445,37.241379310344826,0.02340131636379341,31.742857142857144,2.682655150305791,1.0,0.0,35
population-017490,population,7.273617623015213,-0.04295829442888267,4.060150375939849,0.2347674520190936,34.09090909090909,6.81617394677742,0.6363636363636364,0.36363636363636365,33
population-017512,population,1.1638090824837817,0.009488692232055063,2.254697286012526,0.056223831117032046,37.733333333333334,5.085024214727774,0.43333333333333335,1.0,30
population-017806,population,12.11230778015452,-0.0302910052910053,3.176470588235294,0.4638558858164069,27.975,4.486375385828086,0.55,0.8,40
population-017913,population,1.1690776483861869,-0.05740740740740741,4.595744680851064,0.04298232481643978,30.75,7.688116990339237,0.7777777777777778,0.2222222222222222,36
population-017948,population,1.719268683124105,0.005418943533697623,77.14285714285714,0.09113959431238532,26.142857142857142,3.725792949298887,0.9523809523809523,0.047619047619047616,42
population-018322,population,1.1029275472932456,-0.014814814814814815,2.049335863377609,0.02351130789348013,29.157894736842106,3.0802449515571277,0.9736842105263158,0.02631578947368421,38
population-018328,population,1.2622798887859128,0.029797979797979803,135.0,0.05038618310816359,32.96969696969697,8.210073265830399,0.7575757575757576,0.24242424242424243,33
population-018343,population,1.1112140871177012,-0.013888888888888888,2.3841059602649004,0.01825459347083115,29.026315789473685,4.7504585389217135,0.8947368421052632,0.13157894736842105,38
population-018420,population,1.3290083410565339,-0.004629629629629629,3.0769230769230766,0.010632206768530775,38.10344827586207,7.3840795324720006,0.5172413793103449,0.5862068965517241,29
population-018589,population,0.995366079703429,-0.005555555555555556,2.317596566523605,0.009986771655616462,28.435897435897434,4.266114168006634,0.9487179487179487,0.05128205128205128,39
population-018709,population,0.9999999999999999,-0.000925925925925926,77.14285714285714,0.0018518518518518526,27.975,2.5062741782195848,0.975,0.025,40
population-018870,population,1.4735866543095457,0.04722222222222222,19.636363636363633,0.07546084522103806,28.256410256410255,4.598157232253331,0.38461538461538464,0.6153846153846154,39
population-018976,population,1.5301917730091967,0.006696813092161927,2.477064220183486,0.03909120011771194,30.36111111111111,2.9583081823209874,1.0,0.0,36
population-019062,population,1.2728452270620945,0.018294668294668304,2.975206611570248,0.07835637262513155,37.333333333333336,8.635665153517602,0.36666666666666664,0.6666666666666666,30
population-019073,population,1.135427232856319,0.017251461988304087,2.776349614395887,0.05325213969295308,32.44117647058823,5.332525562714665,0.4117647058823529,0.6470588235294118,34
population-019122,population,6.96475024767505,-0.005242981835338528,3.0508474576271185,0.2629781479373268,28.736842105263158,2.344449575536502,0.9473684210526315,0.05263157894736842,38
population-019380,population,1.9826558983185487,0.06870684243565599,40.0,0.08335481829088694,26.804878048780488,3.4512281306451036,1.0,0.0,41
population-019417,population,1.8023998829325398,0.024268596327419845,7.199999999999999,0.08122657458090098,25.5,3.6567872543061366,0.9545454545454546,0.045454545454545456,44
population-019432,population,2.073314917624194,0.000841108283856376,216.0,0.10502241881619505,27.775,3.6967588021164755,0.9,0.1,40
population-019588,population,2.2404732050373437,-0.008857442348008393,5.142857142857142,0.1047482618357278,34.06060606060606,3.5876471567326855,0.9393939393939394,0.06060606060606061,33
population-019781,population,0.9864489141597574,-0.03888888888888889,8.059701492537313,0.039270419405513166,28.307692307692307,2.7448885142143,0.9743589743589743,0.02564102564102564,39
population-020038,population,1.1764304180283887,-0.002069716775599126,2.3478260869565215,0.030879199322256357,29.83783783783784,3.2361973013048777,0.8378378378378378,0.16216216216216217,37
population-020174,population,0.9925857275254867,-0.008333333333333333,2.0186915887850465,0.013650445862464056,27.8,3.3832164941300826,1.0,0.0,40
population-020322,population,0.9981464318813719,-0.002777777777777778,2.9999999999999996,0.005555555555555556,43.65384615384615,7.359034217571258,0.34615384615384615,0.6923076923076923,26
population-020368,population,1.9302084478723234,0.05228251507321274,25.714285714285715,0.045085628670977936,27.675,3.9638591659113582,0.925,0.075,40
population-020519,population,1.7427247451343837,-0.014417989417989413,4.757709251101321,0.0663386128279782,31.166666666666668,7.19325080494606,0.3888888888888889,0.6111111111111112,36
population-020527,population,1.1816496756255794,0.03796296296296296,2.6600985221674875,0.03369772159379694,26.926829268292682,2.8756759544708705,1.0,0.0,41
population-020537,population,1.574756988598401,0.009987856709168186,7.941176470588235,0.07899819664566589,26.926829268292682,3.028120241192868,0.926829268292683,0.07317073170731707,41
population-020805,population,1.0726180154862628,0.015261813537675605,2.1730382293762576,0.03486190097446646,37.2,10.713832502729904,0.5666666666666667,0.43333333333333335,30
population-020824,population,1.1309413478088175,-0.012037037037037037,2.4053452115812917,0.020016728811987437,36.38709677419355,5.2515230765613055,0.4838709677419355,0.5483870967741935,31
population-020920,population,1.2323700395989552,-0.02112794612794612,2.061068702290076,0.06085869156063225,33.666666666666664,7.3682879060651985,0.45454545454545453,0.6060606060606061,33
population-020925,population,53.24494308121604,-0.0034188034188034067,2.8954423592493295,1.94087646078375,32.5,2.4771684715343114,0.9705882352941176,0.029411764705882353,34
population-020990,population,1.0761007192366432,0.01464646464646465,10.799999999999999,0.04454800486096121,31.6,3.679833755835749,0.9714285714285714,0.02857142857142857,35
population-021003,population,1.3802462597643324,0.027178649237472763,4.285714285714286,0.06321533336043512,33.9375,4.420899777048748,0.71875,0.28125,32
population-021267,population,1.2968560633064807,-0.010185185185185186,38.57142857142857,0.015942411360206014,30.833333333333332,2.922816645439317,0.8611111111111112,0.1388888888888889,36
population-021339,population,1.0732159406858204,-8.494733265376753e-06,2.109375,0.05315054736862982,32.22857142857143,8.275000317347477,0.6857142857142857,0.34285714285714286,35
population-021379,population,1.561041368270284,0.014351851851851852,2.7411167512690358,0.06845743665248503,35.806451612903224,6.35829827778214,0.45161290322580644,0.6774193548387096,31
population-021516,population,37.6446881015185,0.01057504873294346,2.1906693711967544,1.1422875708757076,30.37837837837838,2.851426069641405,0.9459459459459459,0.05405405405405406,37
population-021564,population,1.2539388322520857,-0.012037037037037037,180.0,0.01782104102090231,30.77777777777778,3.3218851026067466,1.0,0.027777777777777776,36
population-021600,population,1.392029657089898,0.24259259259259258,5.7142857142857135,0.01626614815868024,33.3235294117647,10.984067216669827,0.23529411764705882,0.7647058823529411,34
population-021627,population,1.067441363085478,-0.007232232232232232,2.1686746987951806,0.025952679059600744,30.5,2.6457513110645907,0.9722222222222222,0.027777777777777776,36
population-021631,population,1.198477738938796,-0.038215488215488216,17.142857142857142,0.06895308103514368,27.575,3.3656446785963756,0.95,0.05,40
population-021722,population,1.8865616311399445,0.012854030501089325,135.0,0.09655152180955046,31.055555555555557,7.645519488822735,0.8611111111111112,0.1388888888888889,36
population-021727,population,1.1605653382761816,-0.01922094508301405,2.6999999999999997,0.04030231870655571,34.1875,8.719416597826463,0.3125,0.6875,32
population-021739,population,1.5339588442264633,0.04351851851851851,3.167155425219941,0.07448094910075673,39.67857142857143,4.277880848067714,0.32142857142857145,0.6785714285714286,28
population-021880,population,1.340701595251711,0.03796296296296296,21.599999999999998,0.04333778502447169,26.878048780487806,3.3926031447195495,0.9512195121951219,0.07317073170731707,41
population-022655,population,0.9990732159406857,-0.001851851851851852,98.18181818181817,0.003703688034094394,35.03225806451613,4.110830175424764,0.5806451612903226,0.41935483870967744,31
population-022670,population,1.060580031194195,-0.010470085470085468,4.285714285714286,0.03638304568438607,33.05882352941177,2.696138388573309,0.9411764705882353,0.08823529411764706,34
population-022788,population,18.480074142724746,0.03935185185185186,4.976958525345622,0.6451553412622654,27.675,2.9472934128685697,0.95,0.05,40
population-022945,population,1.1811590252412365,-0.016666666666666663,2.460136674259681,0.05205965398052457,28.333333333333332,4.538335733291465,0.9743589743589743,0.02564102564102564,39
population-022949,population,19.166957560817263,-0.04329869437783106,9.07563025210084,0.6495221671604795,28.692307692307693,3.0706920714345243,0.9487179487179487,0.05128205128205128,39
population-023119,population,1.5204961859271402,0.004700854700854712,2.3946784922394677,0.06059172704981362,29.263157894736842,3.2020619246026523,0.9736842105263158,0.02631578947368421,38
population-023180,population,1.364941083013372,-0.0028959810874704672,3.3027522935779814,0.06604741474053552,29.263157894736842,2.637404646938491,0.9736842105263158,0.05263157894736842,38
population-023714,population,0.9999999999999998,-0.000925925925925926,180.0,0.0018518518518518526,30.18918918918919,4.943221159874949,0.5405405405405406,0.4594594594594595,37
population-023862,population,1.456195824020062,-0.012962962962962963,8.307692307692307,0.024270098604143864,28.94736842105263,3.2042823408771115,0.9736842105263158,0.02631578947368421,38
population-024102,population,14.391252354330476,0.014141414141414135,3.8162544169611303,0.5362057210234834,25.022727272727273,3.2384940252835173,1.0,0.0,44
population-024154,population,0.995366079703429,-0.005555555555555556,2.0,0.011111111111111112,28.92105263157895,3.182567202299906,0.9736842105263158,0.02631578947368421,38
population-024495,population,1.134383688600556,0.03194444444444444,2.849604221635884,0.029692735048155748,28.63157894736842,5.454584249183132,0.9210526315789473,0.07894736842105263,38
population-024607,population,0.9879518072289155,-0.012962962962962963,2.1995926680244398,0.01581771811482238,27.05,3.573047252229764,0.9,0.1,40
population-024694,population,1.2019136838413946,0.0023809523809523725,2.602409638554217,0.0645609580521217,32.970588235294116,6.191319897060415,0.35294117647058826,0.7647058823529411,34
population-024730,population,1.212991827449659,-0.027777777777777776,3.737024221453287,0.029555882273622814,26.78048780487805,4.0404962264674325,0.9024390243902439,0.12195121951219512,41
population-024765,population,1.1049913941480207,-0.03611111111111111,2.7979274611398965,0.030345343021328883,30.47222222222222,4.436769166287631,0.9166666666666666,0.08333333333333333,36
population-024785,population,15.38425371278736,-0.012678062678062665,3.6986301369863015,0.5466050742643378,26.595238095238095,4.0907958782537355,0.9761904761904762,0.023809523809523808,42
population-024803,population,1.2773099085304427,0.023587247040855283,6.625766871165644,0.055194505879122745,34.125,7.223393894481922,0.375,0.6875,32
population-024864,population,1.2488491165165074,-0.03562091503267974,2.488479262672811,0.06280254295327817,29.0,7.392472431375625,0.8157894736842105,0.18421052631578946,38
population-024899,population,0.9972196478220577,-0.003703703703703704,2.1052631578947367,0.007271176086871877,29.81081081081081,3.777402383751137,0.8918918918918919,0.10810810810810811,37
population-025003,population,1.1536849740097515,0.02817460317460317,5.1923076923076925,0.02155117364272977,31.6,2.767457954407215,1.0,0.05714285714285714,35
population-025015,population,8.980037840123344,0.02234906139015727,7.552447552447552,0.36369277627184726,26.547619047619047,3.94599136483288,0.9523809523809523,0.07142857142857142,42
population-025206,population,0.9898053753475441,-0.011111111111111112,3.737024221453287,0.014955724597892931,28.657894736842106,4.307606821561218,0.8421052631578947,0.15789473684210525,38
population-025229,population,1.0926784059314183,0.032539682539682535,63.52941176470588,0.037500423198761415,27.35,3.853403424080841,1.0,0.0,40
population-025277,population,7.4895091083121885,0.04777777777777778,8.307692307692307,0.25643824639089946,30.08108108108108,2.36147762567774,1.0,0.0,37
population-025524,population,1.1625242227651866,0.08148148148148149,270.0,0.02073587248128323,30.08108108108108,2.5317799884488204,0.9459459459459459,0.05405405405405406,37
population-025670,population,1.2343615442026783,0.005418943533697623,2.3275862068965516,0.09081640937052846,31.8,7.319594974329884,0.8,0.2,35
population-025818,population,0.9777571825764599,-0.023148148148148147,9.152542372881355,0.02005625963645842,30.54054054054054,5.708641571213644,0.40540540540540543,0.5945945945945946,37
population-025900,population,1.1429739643772243,0.005625436757512231,3.450479233226837,0.05342309270879985,33.06060606060606,8.104548853650776,0.30303030303030304,0.696969696969697,33
population-025936,population,10.473617342523433,-0.011740740740740746,5.966850828729282,0.3641991168404638,31.97142857142857,9.069942973702673,0.6857142857142857,0.3142857142857143,35
population-025969,population,8.668227945617575,0.004535009462016765,21.176470588235293,0.31554124622352536,30.027027027027028,7.28577947666429,0.6756756756756757,0.35135135135135137,37
population-026323,population,1.7051502714153313,0.0587962962962963,6.352941176470588,0.049583260805713895,30.444444444444443,4.8192734748504185,0.3611111111111111,1.0,36
population-026354,population,1.1844300278035218,-0.015631808278867093,6.625766871165644,0.06630494032379433,30.5,4.339190181194116,0.9722222222222222,0.05555555555555555,36
population-026455,population,1.0541845377933918,-0.013572719060523937,2.42152466367713,0.03565373832933138,26.11627906976744,3.626682219366039,0.9767441860465116,0.023255813953488372,43
population-026460,population,0.9814643188137165,-0.019444444444444445,3.4394904458598727,0.02215063832363921,30.444444444444443,4.211850251336405,1.0,0.0,36
population-026553,population,1.1262678319316086,0.025694444444444436,7.0588235294117645,0.05644948908005812,33.60606060606061,2.8933047059050176,0.8787878787878788,0.15151515151515152,33
population-026603,population,0.9962928637627432,-0.004629629629629629,2.3529411764705883,0.009195425547655577,43.53846153846154,8.198686573986198,0.2692307692307692,0.8846153846153846,26
population-026605,population,1.5101214574898787,0.05277777777777778,11.020408163265305,0.02147162831388738,28.743589743589745,3.1599296187860757,1.0,0.0,39
population-026716,population,1.8241628139949753,0.04328311362209668,3.9705882352941173,0.08430162947341018,25.09090909090909,3.168288965401913,0.9772727272727273,0.022727272727272728,44
population-026751,population,1.2674433999735204,0.09444444444444444,8.64,0.02788727089132891,29.57894736842105,3.82475280209781,0.9736842105263158,0.02631578947368421,38
population-026803,population,1.2308331469112523,-0.03703703703703705,14.399999999999999,0.06830037848488153,36.483870967741936,6.500620317794989,0.45161290322580644,0.5483870967741935,31
population-027132,population,1.3871518462514023,0.03581242532855436,14.594594594594595,0.037316309317709226,26.261904761904763,3.2614490555469344,0.9523809523809523,0.047619047619047616,42
population-027295,population,0.9777571825764599,-0.023148148148148147,2.061068702290076,0.021774245559905623,33.57575757575758,4.146009399337384,0.9090909090909091,0.09090909090909091,33
population-027303,population,0.9805375347544023,0.025084175084175084,60.0,0.02098200707962256,35.1875,7.266527324302766,0.375,0.625,32
population-027527,population,0.9925857275254867,-0.008333333333333333,10.693069306930692,0.013509739120968114,31.142857142857142,3.388066055530597,0.9428571428571428,0.05714285714285714,35
population-027912,population,1.0256851582152786,0.027342047930283227,2.547169811320755,0.030856421662587154,27.575,5.750752459126879,0.5,0.55,40
population-028057,population,1.5365983497471387,-0.027124183006535935,2.8647214854111405,0.11508131477065271,27.26829268292683,3.975074780704776,0.9512195121951219,0.04878048780487805,41
population-028424,population,1.1640407784986098,-0.005555555555555557,4.090909090909091,0.02890683675408901,33.878787878787875,9.889254192549027,0.45454545454545453,0.5454545454545454,33
population-028496,population,1.1566265060240963,-0.010185185185185186,2.4942263279445727,0.016969160814407382,27.925,3.7783967567318886,0.975,0.025,40
population-028625,population,1.2739308883887197,-0.011111111111111112,4.5,0.017447323249613976,30.333333333333332,8.925085033608523,0.3611111111111111,0.6388888888888888,36
population-028707,population,45.84939542834576,0.03899313220505274,2.3376623376623376,1.2459415433665872,28.894736842105264,4.996157840993366,0.5789473684210527,0.42105263157894735,38
population-028713,population,32.80532337834444,0.00018518518518520488,5.023255813953488,0.9361532896130967,28.894736842105264,3.516674363304753,0.9736842105263158,0.02631578947368421,38
population-028799,population,1.9648991784914116,-0.005555555555555564,2.529274004683841,0.13730147519850583,30.38888888888889,2.417528581929166,0.9444444444444444,0.08333333333333333,36
population-028854,population,1.082483781278962,0.03503898635477583,34.83870967741935,0.021309190011053802,29.42105263157895,3.3258331932896876,0.9473684210526315,0.05263157894736842,38
population-029132,population,7.033245013248012,-0.00040828229804608374,2.547169811320755,0.2591737366809963,32.371428571428574,4.073484664378199,0.9714285714285714,0.02857142857142857,35
population-029178,population,1.2499575767860172,0.01785938480853734,14.399999999999999,0.06965570737713604,34.303030303030305,9.183833787166611,0.3333333333333333,0.6666666666666666,33
population-029265,population,1.060580031194195,-0.010470085470085468,3.5409836065573765,0.030285954842267572,28.205128205128204,4.589343991531316,0.9743589743589743,0.02564102564102564,39
population-029597,population,16.642694473293247,0.04554398148148148,8.307692307692307,0.5866451801071252,31.542857142857144,6.818413034021993,0.6285714285714286,0.6,35
population-029614,population,0.9860982391102869,-0.014814814814814815,4.302788844621514,0.01902220255372514,25.044444444444444,2.9920770799772614,0.9777777777777777,0.022222222222222223,45
population-029660,population,1.2839079088631755,0.013393626184323854,2.1774193548387095,0.05214206757710067,28.666666666666668,4.188539082916955,0.8461538461538461,0.15384615384615385,39
population-029779,population,1.1324909605920974,-0.044800569800569796,3.385579937304075,0.043497383537086695,30.86111111111111,3.7121636184520117,0.9722222222222222,0.027777777777777776,36
population-029892,population,13.29715100571093,0.048860398860398876,5.09433962264151,0.4853748664567646,28.53846153846154,2.511511956509924,0.9743589743589743,0.05128205128205128,39
population-029910,population,1.2629246081315226,0.03796296296296296,3.059490084985836,0.03262187253430099,32.22857142857143,4.5573838876223345,0.6571428571428571,0.34285714285714286,35
population-029986,population,39.454291536873015,0.04265119549929677,4.821428571428571,1.3567155378186715,23.73913043478261,3.122924431495408,0.8913043478260869,0.10869565217391304,46
population-030045,population,1.601447881511532,0.03842592592592593,2.147117296222664,0.0650259410258011,32.794117647058826,4.4229389088930855,1.0,0.0,34
population-030081,population,12.55102591475933,-0.0010582010582010637,5.346534653465346,0.42989384154557664,29.83783783783784,3.122619213216807,0.972972972972973,0.02702702702702703,37
population-030172,population,1.448563484708063,0.02222222222222222,2.0809248554913293,0.03940914199367623,34.333333333333336,6.5653763537718595,0.6060606060606061,0.5151515151515151,33
population-030238,population,5.906258183366618,-0.013888888888888895,9.818181818181817,0.21748970712235047,24.822222222222223,4.667532387231886,0.6,0.4444444444444444,45
population-030240,population,8.920947011638377,0.0018518518518518406,5.046728971962617,0.30723075745525774,27.825,2.916684981627478,0.9,0.1,40
population-030304,population,1.1204819277108438,-0.012962962962962963,6.206896551724138,0.017092009213133065,30.08108108108108,3.6695320499302717,0.918918918918919,0.08108108108108109,37
population-030320,population,1.7750640571335112,0.013633461047254158,12.55813953488372,0.10509082229695803,29.756756756756758,2.431339427437356,0.972972972972973,0.02702702702702703,37
population-030334,population,3.169842300759671,0.009342488555971723,6.206896551724138,0.16049642262456512,29.210526315789473,4.362976263706592,0.8947368421052632,0.10526315789473684,38
population-030394,population,1.0161117844157697,0.01744639376218323,49.090909090909086,0.02919797225862562,31.514285714285716,4.104312141060973,0.6857142857142857,0.3142857142857143,35
population-030442,population,1.893772352268915,0.05037537537537537,5.294117647058823,0.07179353880394232,25.022727272727273,4.385433798190171,0.8636363636363636,0.13636363636363635,44
population-030531,population,1.299400029266865,-0.01574074074074074,21.599999999999998,0.023773491229639513,33.27272727272727,6.6533484392857,0.5757575757575758,0.42424242424242425,33
population-030599,population,1.4142724745134383,0.030050505050505053,16.615384615384613,0.03479183196892611,26.365853658536587,3.3072352317379514,0.926829268292683,0.07317073170731707,41
population-030609,population,1.7648958115339768,0.03559431524547803,19.636363636363633,0.096569924401295,30.22222222222222,4.022160834399561,1.0,0.0,36
population-030733,population,1.4733862685669914,0.034015594541910325,3.112391930835735,0.048772621850941514,29.289473684210527,3.6680350048201635,1.0,0.0,38
population-031002,population,1.1589434661723819,0.007630906768837802,6.27906976744186,0.0273632757632155,26.19047619047619,4.681244858608504,0.9285714285714286,0.07142857142857142,42
population-031052,population,1.891402714932126,0.008479532163742684,2.6470588235294117,0.08590352911814698,29.263157894736842,3.6663864714701355,0.9736842105263158,0.02631578947368421,38
population-031356,population,0.9842446709916592,0.03888888888888889,36.0,0.021298132043030004,30.47222222222222,3.246854399578689,0.9722222222222222,0.027777777777777776,36
population-031522,population,19.467778238085277,-0.008278867102396503,11.368421052631579,0.6234242329820227,31.17142857142857,9.141005589828579,0.4,0.6,35
population-031537,population,1.1684893419833178,-0.0473905723905724,7.105263157894736,0.0569680097133672,27.0,3.840572873934304,0.926829268292683,0.0975609756097561,41
population-031687,population,1.020208813470355,0.0447089947089947,2.6470588235294117,0.05119891786261093,30.62162162162162,3.336259976475249,0.972972972972973,0.05405405405405406,37
population-031768,population,7.551705714209389,0.004196217494089827,2.0,0.29444444444444445,27.21951219512195,2.7704890824721833,0.9512195121951219,0.04878048780487805,41
population-031927,population,1.2129237079249897,0.12777777777777777,83.07692307692308,0.03526495178522038,28.46153846153846,4.4238953652215995,0.6666666666666666,0.3333333333333333,39
population-031981,population,3.8591288229842444,-0.035447761194029856,5.427135678391959,0.15798548240328147,35.375,7.183089460221722,0.40625,0.625,32
population-032013,population,1.4048887859128822,-0.008012093726379454,83.07692307692308,0.10274995869834921,31.8,7.545158166977409,0.6571428571428571,0.34285714285714286,35
population-032083,population,1.1179663709784193,0.01438746438746439,7.883211678832117,0.02284650649494982,25.0,2.9805571509757294,0.9545454545454546,0.045454545454545456,44
population-032226,population,1.5865487265517768,-0.00555555555555555,30.857142857142858,0.055587391550744894,27.9,3.5575848909632857,0.975,0.025,40
population-032368,population,1.409082483781279,-0.002777777777777768,26.34146341463415,0.06787794004453718,29.864864864864863,4.435727186795382,0.9459459459459459,0.05405405405405406,37
population-032568,population,1.3723454731698237,-0.002188552188552184,2.240663900414938,0.08204087447563108,31.13888888888889,6.293546707440102,0.3611111111111111,0.6666666666666666,36
population-032733,population,1.1309413478088173,-0.012037037037037037,10.693069306930692,0.017390880049505293,25.25,4.544994691326497,0.5681818181818182,0.45454545454545453,44
population-032849,population,4.343242084295852,-0.01514675052410902,4.976958525345622,0.1722709564177179,34.90625,11.168386763683724,0.09375,0.9375,32
population-032855,population,0.9944392956441149,-0.006481481481481481,3.312883435582822,0.01158353023711184,28.23076923076923,2.8327180406767822,1.0,0.0,39
population-032920,population,1.0914146094868986,-0.02369459623557984,7.346938775510203,0.037578741825753534,29.657894736842106,3.520413948245089,0.9736842105263158,0.02631578947368421,38
population-033063,population,5.864557709038477,-0.002582846003898631,83.07692307692308,0.24084408204682328,29.263157894736842,2.7965636299854886,0.9736842105263158,0.02631578947368421,38
population-033154,population,0.995366079703429,-0.005555555555555556,2.3478260869565215,0.010826602713947722,32.31428571428572,3.2609221771422496,0.9714285714285714,0.05714285714285714,35
population-033586,population,1.257805758844396,-0.046296296296296294,2.748091603053435,0.042068193098962724,37.4,9.669004869810221,0.5333333333333333,0.5333333333333333,30
population-033785,population,10.281978297020135,0.016192411924119257,7.659574468085106,0.33442889568229067,35.09375,6.967016184574931,0.6875,0.3125,32
population-033846,population,1.0573282139547202,-0.012037037037037034,3.262839879154079,0.03122986411074641,30.444444444444443,4.066900851961177,0.9722222222222222,0.027777777777777776,36
population-033857,population,12.903144717965644,0.026238576238576228,9.818181818181817,0.4273489373560102,29.89189189189189,4.280341262250163,0.918918918918919,0.08108108108108109,37
population-034072,population,1.2404034743625665,-0.007232232232232232,9.310344827586206,0.03352405928421355,41.03703703703704,6.441938799660821,0.5925925925925926,0.4444444444444444,27
population-034433,population,26.77457155872512,0.01001048218029349,8.503937007874015,0.8271599916434399,30.25,3.556683848755748,1.0,0.0,36
population-034467,population,7.981801331198922,0.013291517323775384,3.3436532507739933,0.27994850826316314,27.51219512195122,3.3994260634665387,0.975609756097561,0.12195121951219512,41
population-034514,population,0.9935125115848007,-0.007407407407407408,3.3333333333333335,0.01348606478024726,27.725,3.8229234349831795,0.95,0.05,40
population-034560,population,,,,,38.0,11.021191708098842,0.5806451612903226,0.45161290322580644,31
population-034591,population,1.9515862519335485,-0.013910422049956933,2.602409638554217,0.11904430687651052,30.75,3.2370621601340046,0.9444444444444444,0.05555555555555555,36
population-034629,population,22.968516667311846,0.011611611611611616,2.0970873786407767,0.7599747033325162,29.42105263157895,3.66599847353567,1.0,0.0,38
population-034632,population,1.317886932344764,-0.013888888888888888,6.033519553072626,0.020959497481790837,27.725,4.771644343786504,0.925,0.075,40
population-034642,population,0.9833178869323445,-0.017592592592592594,2.8346456692913384,0.01904719265498309,34.34375,4.526690559266763,0.625,0.375,32
population-034645,population,6.091173270694424,-0.024768518518518523,3.0769230769230766,0.2388396178449403,32.2,4.005878034030668,0.8571428571428571,0.14285714285714285,35
population-034646,population,1.032164858529139,-0.024962207105064253,3.085714285714286,0.03976158099486542,41.42857142857143,12.582847147130188,0.32142857142857145,0.7142857142857143,28
population-034651,population,1.568427556379364,0.013166980539861893,5.070422535211267,0.05023927542155562,37.06666666666667,7.080489625254269,0.8,0.2,30
population-034984,population,1.1582314247609573,-0.008158158158158159,40.0,0.03005675206790077,40.22222222222222,7.677806844973241,0.37037037037037035,0.6296296296296297,27
population-035004,population,1.088131163280682,-0.01804062126642772,2.673267326732673,0.05791472699226998,29.18918918918919,3.053575662125359,1.0,0.0,37
population-035116,population,1.1237500609726354,0.024735449735449735,54.0,0.02914856779617484,28.23076923076923,2.986474232281432,0.9487179487179487,0.07692307692307693,39
population-035436,population,1.757844565073481,-0.008585858585858586,23.999999999999996,0.08219924112615123,29.864864864864863,2.323337663340802,0.8918918918918919,0.10810810810810811,37
population-035467,population,1.2442028223918673,-0.015956600772551705,2.8571428571428568,0.09610543596208179,31.194444444444443,7.2380717418164995,0.7777777777777778,0.25,36
population-035562,population,0.9953660797034289,-0.005555555555555556,2.2453222453222454,0.010089488157445661,27.8,4.261936480533533,0.9,0.1,40
population-035621,population,1.129988938383808,0.08888888888888888,4.444444444444445,0.04374526213623316,27.775,2.2925464511693607,0.975,0.05,40
population-035687,population,1.6618562160730839,0.041879174256223436,8.925619834710742,0.05542569120173933,29.972972972972972,3.3206967683043604,0.9459459459459459,0.05405405405405406,37
population-035698,population,1.482324904011651,0.017415287628053583,7.0588235294117645,0.09669970435630017,27.475,4.082404394597091,0.925,0.075,40
population-035755,population,1.2407220856670833,-0.019444444444444445,2.32258064516129,0.02713297944066676,29.675675675675677,3.815567920842002,1.0,0.0,37
population-036007,population,0.9863509983991912,-0.031481481481481485,6.4670658682634725,0.038329411098778285,26.30952380952381,5.528145700835243,0.6428571428571429,0.38095238095238093,42
population-036108,population,1.3395941710405597,0.0018518518518518545,2.621359223300971,0.07806831216497015,39.10344827586207,5.918161077722701,0.5172413793103449,0.5517241379310345,29
population-036237,population,1.4657454363695057,0.02063827787178041,3.1304347826086953,0.09232889244069394,29.05263157894737,4.073297146585457,1.0,0.0,38
population-036354,population,1.1625242227651866,0.031481481481481485,4.675324675324675,0.022408321360369795,28.973684210526315,2.745874961280502,0.9473684210526315,0.05263157894736842,38
population-036358,population,7.750705272484696,-0.010063530683968647,5.5102040816326525,0.3047437577651532,38.275862068965516,8.417229573593753,0.3103448275862069,0.6896551724137931,29
population-036429,population,0.9990732159406857,-0.001851851851851852,5.0,0.0037037037037037034,32.05882352941177,5.415696471456348,0.6470588235294118,0.35294117647058826,34
population-036450,population,,,,,28.71794871794872,3.486430220370325,0.9743589743589743,0.02564102564102564,39
population-036473,population,1.1969337585020656,0.04793447293447292,14.210526315789473,0.05003235025816983,31.485714285714284,4.90120890592268,0.5714285714285714,0.42857142857142855,35
population-036514,population,1.5621393763640168,-0.033333333333333326,2.3376623376623376,0.07813898853291203,29.36842105263158,3.2082752176172855,0.9473684210526315,0.05263157894736842,38
population-036593,population,1.401691873878493,0.029822271936365913,2.0338983050847457,0.07170778003406991,32.8,7.078550865321318,0.8285714285714286,0.17142857142857143,35
population-037003,population,0.9944392956441149,-0.006481481481481481,2.565320665083135,0.011183446971001477,29.18421052631579,2.8555802473534846,1.0,0.0,38
population-037286,population,1.667625969464904,0.00020051899032791365,6.101694915254237,0.08908200360271157,32.17142857142857,8.201455087130482,0.6,0.4,35
population-037487,population,1.459843124844594,0.007939322301024426,12.134831460674157,0.1110326690116431,31.194444444444443,3.560252354173342,0.9722222222222222,0.05555555555555555,36
population-037508,population,1.1049913941480207,0.015170940170940173,4.63519313304721,0.03509550558327636,26.357142857142858,2.3145502494313788,0.9761904761904762,0.023809523809523808,42
population-037545,population,1.6249813148375138,0.053350296861747235,10.093457943925234,0.08938564525859881,38.275862068965516,6.551425971955254,0.5862068965517241,0.4482758620689655,29
population-037560,population,1.1067227489841023,-0.023611111111111114,2.5174825174825175,0.03496047272745684,37.9,5.155178180137474,0.4,0.6,30
population-037703,population,0.9694161260426322,-0.03148148148148148,2.454545454545454,0.025776918270861218,40.07142857142857,6.588028263609409,0.5,0.5357142857142857,28
population-037880,population,1.0666478623524203,0.025084175084175084,5.242718446601942,0.023142177956995094,27.05,2.960855732160327,0.975,0.025,40
population-037891,population,1.0885322667186963,0.035185185185185194,5.1923076923076925,0.039469319175367334,26.975609756097562,3.086161085216136,0.975609756097561,0.0975609756097561,41
population-037892,population,1.3949785154604433,0.009788359788359787,2.88,0.03293519688395275,30.0,4.636809247747852,1.0,0.02702702702702703,37
population-038058,population,0.9972196478220577,-0.003703703703703704,2.0889748549323017,0.007277000471060569,39.107142857142854,8.089038242123701,0.5357142857142857,0.5,28
population-038123,population,1.0797503548761747,0.01459918822932521,2.0,0.04629629629629629,27.725,3.558936026542995,0.95,0.05,40
population-038180,population,1.3757101986541487,0.0026434465553636655,4.251968503937007,0.09373356138068263,36.833333333333336,6.893691935802406,0.4666666666666667,0.5333333333333333,30
population-038346,population,6.258283132530122,-0.03220298220298222,3.033707865168539,0.2907949380039275,36.67741935483871,6.528844189564713,0.6129032258064516,0.3870967741935484,31
population-038559,population,0.9879518072289153,0.007529699510831586,3.576158940397351,0.03842245461201153,31.083333333333332,3.6518097274795527,0.9444444444444444,0.1111111111111111,36
population-038625,population,1.416390838077585,-0.020370370370370372,2.1730382293762576,0.0813315333152447,33.11764705882353,7.53080423844083,0.6764705882352942,0.3235294117647059,34
population-038642,population,1.0056449574521862,0.0299526270456503,22.04081632653061,0.03519698494098831,34.4375,6.691050836028865,0.28125,0.71875,32
population-038875,population,1.149539333805811,0.03604769152714357,9.0,0.06468942095321636,28.641025641025642,2.9063196068601904,0.9743589743589743,0.05128205128205128,39
population-039030,population,0.9777571825764597,0.016851851851851854,6.835443037974683,0.023246604523882615,31.62857142857143,2.340006464115183,0.9714285714285714,0.02857142857142857,35
population-039102,population,1.128822984244671,0.016737891737891746,4.285714285714286,0.03838514480876833,42.46153846153846,9.654970820176596,0.15384615384615385,0.8461538461538461,26
population-039133,population,,,,,29.05263157894737,3.448049730163201,0.9473684210526315,0.05263157894736842,38
population-039136,population,6.858965272856132,-0.029365079365079372,2.2736842105263158,0.2303033490010063,34.484848484848484,6.84251969361987,0.3333333333333333,0.6666666666666666,33
population-039157,population,1.351641383347154,0.003996101364522414,2.26890756302521,0.08523622747852058,27.75,2.817072493901681,1.0,0.0,40
population-039177,population,0.9981464318813716,-0.002777777777777778,2.5899280575539567,0.005547472973657168,32.55882352941177,4.9371269799752255,0.5294117647058824,0.5,34
population-039255,population,9.240479959319922,0.003439153439153436,2.6341463414634143,0.30021788979238295,27.825,3.1613653330848632,1.0,0.0,40
population-039280,population,21.16231563311337,0.02343550446998724,3.9705882352941173,0.6119011251325362,29.945945945945947,6.599435775318414,0.3783783783783784,0.6486486486486487,37
population-039324,population,6.163616467724467,0.019708994708994704,6.835443037974683,0.24179486682724788,30.97222222222222,3.9168946235587567,0.8888888888888888,0.1111111111111111,36
population-039396,population,1.2551582849617093,0.01626567512394285,2.416107382550335,0.0694875047675282,29.783783783783782,3.1192514694602185,1.0,0.0,37
population-039426,population,9.747580329247205,0.04328311362209668,2.0809248554913293,0.3050877155269224,32.705882352941174,5.854443594733967,0.6764705882352942,0.3235294117647059,34
population-039523,population,12.678396694367553,-0.003224776500638571,5.625,0.5451758531887776,28.657894736842106,2.773195208472688,1.0,0.0,38
population-039584,population,1.314179796107507,0.027342047930283227,4.029850746268656,0.03177344000063231,30.61111111111111,4.016236886708593,1.0,0.0,36
population-039658,population,2.0789369159692557,0.0558948700253048,3.2238805970149254,0.11113303918481941,36.61290322580645,5.011170318098284,0.3870967741935484,0.6451612903225806,31
population-040081,population,8.697206408049784,-0.01091410559495666,20.0,0.3093433704561479,30.88888888888889,2.9643383051368453,1.0,0.05555555555555555,36
population-040309,population,0.9925857275254867,-0.008333333333333333,2.454545454545454,0.011868673314385503,28.68421052631579,4.411932610533189,0.8421052631578947,0.15789473684210525,38
population-040320,population,1.1814563587052316,0.024396135265700503,2.25,0.0670316093495462,28.763157894736842,3.612547282221693,0.9736842105263158,0.05263157894736842,38
population-040651,population,6.127285237063091,-0.01514675052410902,7.012987012987012,0.26032416335921654,30.833333333333332,3.5173041624841845,0.9722222222222222,0.027777777777777776,36
population-040704,population,1.4492484990127736,0.03260120585701981,3.085714285714286,0.08537309123583772,27.3,2.690915390908016,0.975,0.025,40
population-040845,population,1.4561958240200623,0.06488603988603989,5.538461538461538,0.02430149441785434,30.444444444444443,3.835506630304674,0.9722222222222222,0.027777777777777776,36
population-040850,population,1.1273848710491834,-0.008119658119658119,10.384615384615385,0.03906966373759001,25.904761904761905,2.7833084700566277,1.0,0.0,42
population-040974,population,1.410658460119462,0.016299790356394117,3.624161073825503,0.07832476826686882,31.771428571428572,4.8633425583991245,0.5428571428571428,0.4857142857142857,35
population-041019,population,1.6776806221541687,0.013425925925925924,2.1176470588235294,0.060479654987239236,26.5609756097561,4.438742955431215,0.5853658536585366,0.5365853658536586,41
population-041051,population,13.917431965624735,-0.022676450034940607,2.0338983050847457,0.4219274359080169,33.63636363636363,5.53860418911086,0.5757575757575758,0.42424242424242425,33
population-041155,population,1.0297283809795397,-0.006296296296296293,11.999999999999998,0.03214039837910552,28.17948717948718,3.127734970531221,1.0,0.0,39
population-041207,population,1.3042694610437975,0.006565656565656566,15.652173913043477,0.07302060130290991,28.25,4.295197079147585,0.9,0.1,40
population-041341,population,1.0963855421686746,0.07222222222222223,5.7142857142857135,0.024173887636189568,29.43243243243243,2.682665968154943,0.972972972972973,0.02702702702702703,37
population-041405,population,1.1883558434255608,-0.008119658119658119,2.602409638554217,0.05077794036090003,26.926829268292682,3.44521584158699,0.975609756097561,0.024390243902439025,41
population-041455,population,1.4783841247342313,0.042810457516339884,2.9508196721311473,0.06844560792661417,32.75757575757576,3.8489471208882486,0.8787878787878788,0.12121212121212122,33
population-041569,population,1.4134780881768834,-0.01705101327742839,8.709677419354838,0.0843434599091496,30.35135135135135,3.713460621817578,0.972972972972973,0.08108108108108109,37
population-041572,population,1.3865665089507828,-0.015983459187342675,12.413793103448276,0.0884734915239926,33.484848484848484,8.51880717926963,0.7272727272727273,0.2727272727272727,33
population-041681,population,2.214587042712824,0.001198257080609999,6.967741935483871,0.1048969741879691,34.06060606060606,6.772828959985047,0.5757575757575758,0.5454545454545454,33
population-041709,population,1.7621981137218556,0.12492877492877492,2.3893805309734515,0.04698947430901034,30.944444444444443,3.4471059865544724,0.9444444444444444,0.05555555555555555,36
population-041734,population,1.3191972132562078,0.01944444444444444,2.443438914027149,0.026897717457948587,38.89655172413793,6.449500687130787,0.3793103448275862,0.8620689655172413,29
population-041761,population,1.3957935352083373,0.023953301127214166,14.594594594594595,0.0664042244977349,31.0,2.7255405754769875,0.9444444444444444,0.05555555555555555,36
population-041827,population,1.526497598786755,-0.014814814814814815,4.21875,0.02699283256452605,26.78048780487805,3.8891656889489243,0.975609756097561,0.024390243902439025,41
population-042035,population,16.718492029872117,0.01001048218029349,3.13953488372093,0.6550087969700291,29.864864864864863,5.986847446055591,0.32432432432432434,0.8378378378378378,37
population-042102,population,1.2372351660667718,-0.03611111111111111,17.142857142857142,0.06588974904240243,27.146341463414632,2.962777207366056,0.9512195121951219,0.07317073170731707,41
population-042156,population,27.124727743927657,-0.03271604938271605,2.147117296222664,0.7972486183313681,26.69047619047619,3.4955588215661653,0.9761904761904762,0.023809523809523808,42
population-042160,population,1.2739308883887197,0.07222222222222222,7.346938775510203,0.01707657086262601,29.236842105263158,2.78445696123859,0.9736842105263158,0.02631578947368421,38
population-042345,population,1.77386468952734,0.013013327134666047,3.857142857142857,0.1132051366208451,42.57692307692308,7.195404516345564,0.4230769230769231,1.0,26
population-042384,population,1.2781526974637443,-0.00756434400502197,2.460136674259681,0.06166784435881779,28.82051282051282,4.077355921310014,0.9487179487179487,0.07692307692307693,39
population-042400,population,1.4083263748061554,0.02685185185185185,3.059490084985836,0.08524034611389955,26.333333333333332,3.489822601310543,1.0,0.0,42
population-042476,population,1.2285184694823248,0.024074074074074067,3.1486880466472305,0.04325980978563884,37.0,8.690991504617488,0.7419354838709677,0.25806451612903225,31
population-042512,population,1.1204819277108438,-0.012962962962962963,63.52941176470588,0.017707688990174077,43.11538461538461,16.01331177009159,0.07692307692307693,0.9230769230769231,26
population-042539,population,1.175391757573696,0.021504157218442926,2.3946784922394677,0.050384372093837185,46.291666666666664,15.727237980419627,0.16666666666666666,0.9583333333333334,24
population-042713,population,0.9962928637627432,-0.004629629629629629,3.8709677419354835,0.009054481780779217,30.10810810810811,2.78671235791672,0.972972972972973,0.02702702702702703,37
population-042840,population,1.7131759535983173,-0.0134920634920635,4.63519313304721,0.07782918261134632,27.775,2.9998931604907155,0.975,0.025,40
population-042903,population,1.996292863762743,-0.003703703703703704,7.397260273972603,0.010844780849349525,29.54054054054054,4.017977618671381,0.972972972972973,0.02702702702702703,37
population-042912,population,1.043079479722604,0.0455026455026455,17.142857142857142,0.026000940163168937,27.55,4.568285320470993,0.9,0.1,40
population-042951,population,1.788190123129882,0.02025925925925927,2.3946784922394677,0.08104447224582302,35.58064516129032,11.87932151134451,0.41935483870967744,0.5806451612903226,31
population-042953,population,1.2609559115583213,0.016851851851851854,3.121387283236994,0.028921543696213064,28.794871794871796,6.74411824512171,0.46153846153846156,0.5897435897435898,39
population-042958,population,1.0310051394388744,0.0016203703703703692,45.0,0.028334713783780448,32.142857142857146,4.250556068416967,0.9428571428571428,0.05714285714285714,35
population-043046,population,1.0372226740557207,-0.0009653270291568178,2.155688622754491,0.031931086573030856,28.41025641025641,4.643716460347527,1.0,0.0,39
population-043175,population,17.890485950872602,-0.03732683064744133,2.8647214854111405,0.5856485908025877,37.1,4.113476589841301,0.4,0.6,30
population-043186,population,1.2049283105271766,0.03581242532855436,2.026266416510319,0.03030749828509941,26.69047619047619,2.8412303693319907,0.9761904761904762,0.047619047619047616,42
population-043292,population,4.2680492408619575,0.027154195011337867,5.294117647058823,0.18289135190621572,28.81578947368421,3.978695040431105,0.8947368421052632,0.10526315789473684,38
population-043299,population,1.1542616087692943,-0.011338225017470303,2.6865671641791042,0.03596650709842347,26.476190476190474,2.8901691674523917,0.9761904761904762,0.047619047619047616,42
population-043365,population,1.3738367590488403,-0.04298018949181741,4.014869888475836,0.09144817666953596,29.972972972972972,3.3951475707289993,0.972972972972973,0.02702702702702703,37
population-043550,population,1.2766506247417844,-0.011616161616161608,2.5837320574162677,0.08577107096546123,29.54054054054054,3.83401874013413,0.9459459459459459,0.05405405405405406,37
population-043584,population,1.4852376539123533,-0.0009653270291568178,3.789473684210526,0.04369786619100804,38.310344827586206,7.987058497862393,0.5862068965517241,0.5172413793103449,29
population-043716,population,14.740450266462037,0.023015873015873017,2.0809248554913293,0.559907353203845,28.94736842105263,2.8846974493195914,0.9736842105263158,0.02631578947368421,38
population-043780,population,1.1693648571372233,-0.006349206349206354,2.254697286012526,0.0462930833550825,36.645161290322584,9.624788784164823,0.45161290322580644,0.5483870967741935,31
population-043874,population,0.9833178869323447,0.08767056530214425,2.3788546255506606,0.02007162108996838,34.6875,8.429738066569314,0.46875,0.53125,32
population-043925,population,1.2176842965080663,-0.028917378917378916,8.059701492537313,0.03338987777160432,32.35294117647059,3.8129154751551155,0.9705882352941176,0.029411764705882353,34
population-043936,population,1.076790679200318,-0.018518518518518517,25.11627906976744,0.020516850733915272,28.894736842105264,3.13471817504929,0.9736842105263158,0.02631578947368421,38
population-044009,population,1.5451929174186625,0.005555555555555557,4.1698841698841695,0.035971614597708014,31.02777777777778,2.2864334186190023,0.9722222222222222,0.027777777777777776,36
population-044127,population,13.646126239820168,0.01626567512394285,4.153846153846153,0.47454755599056536,32.35294117647059,3.780991956914629,0.9117647058823529,0.08823529411764706,34
population-044250,population,1.0820405367288555,-0.012384259259259262,2.720403022670025,0.044145791342068266,32.64705882352941,6.830778619007461,0.7058823529411765,0.3235294117647059,34
population-044404,population,22.93373005259477,0.01233850129198967,4.655172413793103,0.6906366840200622,30.38888888888889,3.5236164683281035,0.9722222222222222,0.027777777777777776,36
population-044503,population,1.928174235403151,0.01626567512394285,2.693266832917706,0.08700855287946138,32.22857142857143,3.2366078310633863,0.9428571428571428,0.08571428571428572,35
population-044523,population,1.2917446272754294,0.04722222222222223,3.1952662721893486,0.03706584443965335,36.1,4.908472618674352,0.36666666666666664,0.6333333333333333,30
population-044794,population,0.986098239110287,-0.014814814814814815,2.7411167512690358,0.017598698919996436,29.44736842105263,3.469538238775755,0.9210526315789473,0.07894736842105263,38
population-044848,population,1.0963855421686748,0.005555555555555557,5.454545454545454,0.025802597064248815,33.44117647058823,9.426562008561115,0.38235294117647056,0.6176470588235294,34
population-044864,population,1.2488491165165074,-0.00975783475783476,2.602409638554217,0.06392275216656615,29.105263157894736,2.3799781248621152,0.9736842105263158,0.02631578947368421,38
population-044899,population,7.912812352457725,0.06902985074626866,8.0,0.27950145548498306,32.0,4.3790947224552355,0.4,0.6,35
population-044905,population,1.9331085455078918,0.02314814814814814,2.61501210653753,0.08932127095647037,48.56521739130435,9.656962099752045,0.391304347826087,0.9565217391304348,23
population-045086,population,0.9999999999999996,-0.000925925925925926,49.090909090909086,0.0018518518518518526,27.4390243902439,3.899030523654598,1.0,0.0,41
population-045099,population,1.1316033364226135,-0.024663299663299672,11.48936170212766,0.04755264095836935,27.425,3.4484295942742786,0.9,0.125,40
population-045102,population,1.1816496756255794,0.012962962962962968,4.518828451882845,0.03440124815263759,30.37837837837838,2.851426069641405,0.9459459459459459,0.08108108108108109,37
population-045400,population,1.2244469117903451,-0.0019360269360269439,4.821428571428571,0.05230527890762657,33.38235294117647,5.280121129707634,0.38235294117647056,0.6764705882352942,34
population-045405,population,1.317886932344764,-0.013888888888888888,7.714285714285714,0.020291895361997884,27.024390243902438,3.482009512322222,0.9512195121951219,0.04878048780487805,41
population-045480,population,1.225496149052443,0.012259259259259261,2.278481012658228,0.056691325152536616,29.0,4.532167311622612,0.9210526315789473,0.07894736842105263,38
population-045519,population,8.663487697689018,0.0027915975677169774,2.577565632458234,0.2787351495189076,31.571428571428573,2.0620622784814557,1.0,0.0,35
population-045527,population,1.3795180722891565,-0.028917378917378916,30.857142857142858,0.04669000214780111,34.15151515151515,6.33502768404178,0.3939393939393939,0.6060606060606061,33
population-045563,population,0.9999999999999998,-0.000925925925925926,21.176470588235293,0.0018518518518518526,28.41025641025641,5.4372881626875875,0.8461538461538461,0.1794871794871795,39
population-045724,population,1.7517892648193587,0.0411111111111111,8.64,0.08483803186921561,24.5,3.5449494589721118,0.9130434782608695,0.08695652173913043,46
population-045823,population,4.814552770180158,-0.008585858585858586,3.75,0.18996959032398136,26.69047619047619,3.008022567686613,0.9761904761904762,0.07142857142857142,42
population-045966,population,5.753725739566914,0.02311086254039274,10.285714285714285,0.24187349817776133,32.529411764705884,4.819375629858662,0.9705882352941176,0.029411764705882353,34
population-046379,population,47.804096033870294,0.02547281323877068,2.627737226277372,1.5008450354872218,31.82857142857143,3.974075654906984,1.0,0.02857142857142857,35
population-046445,population,8.532315721588947,0.014293981481481477,8.571428571428571,0.28777806473805995,44.12,7.412377036641709,0.4,0.64,25
population-046493,population,1.3191972132562078,0.056851851851851855,49.090909090909086,0.028952395658526565,37.13333333333333,6.213074830595131,0.6,0.4,30
population-046508,population,1.3077356153586306,-0.0044662309368191655,5.320197044334975,0.08193805838359518,28.743589743589745,3.857446310421802,1.0,0.02564102564102564,39
population-046511,population,1.3151065801668216,0.04376218323586744,15.652173913043477,0.0408818604592384,34.63636363636363,5.633705384880928,0.6363636363636364,0.36363636363636365,33
population-046587,population,1.1316033364226137,-0.05993549729504785,2.7906976744186047,0.05373378922789626,29.864864864864863,3.8741462296884213,0.9459459459459459,0.05405405405405406,37
population-046815,population,4.331328988674551,0.011834279535009457,3.5409836065573765,0.2016509053731433,35.96774193548387,6.954537468289999,0.2903225806451613,0.967741935483871,31
population-046821,population,1.8572752548656164,0.04554398148148148,32.72727272727273,0.07889013604105989,27.0,3.361547262794322,1.0,0.0,41
population-046827,population,1.284807870535396,-0.021296296296296296,4.444444444444445,0.028071157328115385,33.878787878787875,6.840858753464253,0.6060606060606061,0.45454545454545453,33
population-046947,population,1.1498248535209938,-0.03020614954577219,3.0769230769230766,0.03663593383259385,32.029411764705884,2.0668420372950913,0.9705882352941176,0.029411764705882353,34
population-047268,population,1.7092572665468275,0.019088319088319095,2.748091603053435,0.09224974618608267,36.935483870967744,9.835091878475998,0.16129032258064516,0.8709677419354839,31
population-047289,population,48.426499499909426,0.004259259259259254,3.204747774480712,1.1800131673745555,34.0,8.853648783083365,0.21875,0.78125,32
population-047336,population,9.893016054189047,-0.014912926171204322,4.909090909090908,0.3377216508619414,39.75,5.595136777198173,0.5357142857142857,0.5714285714285714,28
population-047557,population,28.996775900841037,-0.007323232323232343,3.4615384615384612,1.0344138294668594,28.256410256410255,3.101085961893016,0.8974358974358975,0.10256410256410256,39
population-047591,population,16.109871848135246,0.005625436757512231,3.3962264150943393,0.5426346089972599,31.942857142857143,5.975158659684557,0.4,0.6571428571428571,35
population-047865,population,9.21590793726687,-0.01189751395230848,3.0252100840336134,0.3229373952136665,31.685714285714287,6.34670562330628,0.6571428571428571,0.4,35
population-048205,population,1.2066728452270623,-0.014814814814814815,2.769230769230769,0.022676929543316442,27.725,5.048419402301919,0.925,0.075,40
population-048259,population,1.8269052541527058,0.08300139762403913,270.0,0.0809995296347182,30.666666666666668,3.3551665915633544,0.9722222222222222,0.027777777777777776,36
population-048341,population,32.687388607685186,-0.03258807588075881,3.450479233226837,0.9091573717407204,30.486486486486488,3.2112789215999773,0.9459459459459459,0.05405405405405406,37
population-048475,population,1.1065801668211304,0.08121693121693122,3.829787234042553,0.026910072930992505,29.026315789473685,2.7946555374960735,0.9736842105263158,0.02631578947368421,38
population-048752,population,1.9712696941612606,0.0011111111111111183,2.0,0.11481481481481479,27.975,3.141839245753011,0.975,0.025,40
population-048831,population,1.0346617238183504,0.018055555555555554,3.185840707964602,0.032965030287913026,26.523809523809526,2.787061528354535,1.0,0.047619047619047616,42
population-048941,population,1.4265124157105875,-0.03490338164251207,5.654450261780104,0.050853126184707706,25.227272727272727,2.916382247282094,0.9545454545454546,0.045454545454545456,44
population-048999,population,1.1651908840179999,-0.04149149149149149,2.1218074656188604,0.0503311796157004,32.35294117647059,3.6171506695369917,1.0,0.0,34
population-049070,population,1.437442075996293,-0.006481481481481481,3.927272727272727,0.015596602044063799,28.94871794871795,2.9553583623534596,0.9743589743589743,0.05128205128205128,39
population-049138,population,1.1379054680259502,-0.021296296296296296,2.208588957055215,0.027465872154530994,33.38235294117647,9.138711220995477,0.35294117647058826,0.6470588235294118,34
population-049298,population,2.0111214087117704,-0.007323232323232343,3.3027522935779814,0.11673194490366165,27.75,3.953252474634668,1.0,0.0,40
population-049625,population,1.0639481000926785,-0.008869395711500978,12.413793103448276,0.03065276189964115,39.32142857142857,6.254204934688292,0.5,0.5,28
population-049626,population,1.4210605415424695,0.097367873491469,15.211267605633804,0.05575889138479177,26.166666666666668,2.151762370898099,0.9761904761904762,0.023809523809523808,42
population-049775,population,1.3413213292731367,-0.002777777777777768,3.364485981308411,0.07023395006301611,31.771428571428572,2.9011733355125604,1.0,0.0,35
population-049819,population,1.8481997656810114,0.005330330330330341,3.4285714285714284,0.07644166084411323,26.071428571428573,4.880987790585702,0.6428571428571429,0.38095238095238093,42
population-049901,population,1.0610834948184347,0.007108721624850656,19.285714285714285,0.036246324841805476,34.75,7.313266778105523,0.625,0.40625,32
population-049951,population,1.206672845227062,0.047685185185185185,3.103448275862069,0.02590776612035932,37.36666666666667,6.677204315524902,0.6333333333333333,0.36666666666666664,30
